{
    "effect_changes": [],
    "effect_entries": [],
    "flavor_text_entries": [
        {
            "flavor_text": "\u3058\u3076\u3093\u3082\u3000\u307f\u304b\u305f\u3082\n\u3069\u304f\u306e\u3000\u3058\u3087\u3046\u305f\u3044\u3044\u3058\u3087\u3046\u3092\n\u3046\u3051\u306a\u304f\u306a\u308b\u3002",
            "language": {
                "name": "ja-Hrkt",
                "url": "/api/v2/language/1/"
            },
            "version_group": {
                "name": "sword-shield",
                "url": "/api/v2/version-group/20/"
            }
        },
        {
            "flavor_text": "\uc790\uc2e0\uacfc \uac19\uc740 \ud3b8\uc774\n\ub3c5\uc758 \uc0c1\ud0dc \uc774\uc0c1 \ud6a8\uacfc\ub97c\n\ubc1b\uc9c0 \uc54a\uac8c \ub41c\ub2e4.",
            "language": {
                "name": "ko",
                "url": "/api/v2/language/3/"
            },
            "version_group": {
                "name": "sword-shield",
                "url": "/api/v2/version-group/20/"
            }
        },
        {
            "flavor_text": "\u81ea\u5df1\u548c\u6211\u65b9\u540c\u4f34\u90fd\u4e0d\u6703\n\u9677\u5165\u4e2d\u6bd2\u7684\u7570\u5e38\u72c0\u614b\u3002",
            "language": {
                "name": "zh-Hant",
                "url": "/api/v2/language/4/"
            },
            "version_group": {
                "name": "sword-shield",
                "url": "/api/v2/version-group/20/"
            }
        },
        {
            "flavor_text": "Prot\u00e8ge le Pok\u00e9mon et ses alli\u00e9s contre toutes\nles alt\u00e9rations de statut li\u00e9es \u00e0 l\u2019empoisonnement.",
            "language": {
                "name": "fr",
                "url": "/api/v2/language/5/"
            },
            "version_group": {
                "name": "sword-shield",
                "url": "/api/v2/version-group/20/"
            }
        },
        {
            "flavor_text": "Sch\u00fctzt das Pok\u00e9mon und seine Mitstreiter vor\nVergiftung.",
            "language": {
                "name": "de",
                "url": "/api/v2/language/6/"
            },
            "version_group": {
                "name": "sword-shield",
                "url": "/api/v2/version-group/20/"
            }
        },
        {
            "flavor_text": "Se protege a s\u00ed mismo y a sus aliados del\nenvenenamiento.",
            "language": {
                "name": "es",
                "url": "/api/v2/language/7/"
            },
            "version_group": {
                "name": "sword-shield",
                "url": "/api/v2/version-group/20/"
            }
        },
        {
            "flavor_text": "Protegge il Pok\u00e9mon e gli alleati dai problemi di stato\ncausati dal veleno.",
            "language": {
                "name": "it",
                "url": "/api/v2/language/8/"
            },
            "version_group": {
                "name": "sword-shield",
                "url": "/api/v2/version-group/20/"
            }
        },
        {
            "flavor_text": "Protects the Pok\u00e9mon and its ally Pok\u00e9mon from\nbeing poisoned.",
            "language": {
                "name": "en",
                "url": "/api/v2/language/9/"
            },
            "version_group": {
                "name": "sword-shield",
                "url": "/api/v2/version-group/20/"
            }
        },
        {
            "flavor_text": "\u81ea\u5206\u3082\u3000\u5473\u65b9\u3082\n\u3069\u304f\u306e\u3000\u72b6\u614b\u7570\u5e38\u3092\n\u53d7\u3051\u306a\u304f\u306a\u308b\u3002",
            "language": {
                "name": "ja",
                "url": "/api/v2/language/11/"
            },
            "version_group": {
                "name": "sword-shield",
                "url": "/api/v2/version-group/20/"
            }
        },
        {
            "flavor_text": "\u81ea\u5df1\u548c\u540c\u4f34\u90fd\u4e0d\u4f1a\n\u9677\u5165\u4e2d\u6bd2\u7684\u5f02\u5e38\u72b6\u6001\u3002",
            "language": {
                "name": "zh-Hans",
                "url": "/api/v2/language/12/"
            },
            "version_group": {
                "name": "sword-shield",
                "url": "/api/v2/version-group/20/"
            }
        }
    ],
    "generation": {
        "name": "generation-viii",
        "url": "/api/v2/generation/8/"
    },
    "id": 257,
    "is_main_series": true,
    "name": "pastel-veil",
    "names": [
        {
            "language": {
                "name": "ja-Hrkt",
                "url": "/api/v2/language/1/"
            },
            "name": "\u30d1\u30b9\u30c6\u30eb\u30d9\u30fc\u30eb"
        },
        {
            "language": {
                "name": "ko",
                "url": "/api/v2/language/3/"
            },
            "name": "\ud30c\uc2a4\ud154\ubca0\uc77c"
        },
        {
            "language": {
                "name": "zh-Hant",
                "url": "/api/v2/language/4/"
            },
            "name": "\u7c89\u5f69\u8b77\u5e55"
        },
        {
            "language": {
                "name": "fr",
                "url": "/api/v2/language/5/"
            },
            "name": "Voile Pastel"
        },
        {
            "language": {
                "name": "de",
                "url": "/api/v2/language/6/"
            },
            "name": "Pastellh\u00fclle"
        },
        {
            "language": {
                "name": "es",
                "url": "/api/v2/language/7/"
            },
            "name": "Velo Pastel"
        },
        {
            "language": {
                "name": "it",
                "url": "/api/v2/language/8/"
            },
            "name": "Pastelvelo"
        },
        {
            "language": {
                "name": "en",
                "url": "/api/v2/language/9/"
            },
            "name": "Pastel Veil"
        },
        {
            "language": {
                "name": "ja",
                "url": "/api/v2/language/11/"
            },
            "name": "\u30d1\u30b9\u30c6\u30eb\u30d9\u30fc\u30eb"
        },
        {
            "language": {
                "name": "zh-Hans",
                "url": "/api/v2/language/12/"
            },
            "name": "\u7c89\u5f69\u62a4\u5e55"
        }
    ],
    "pokemon": [
        {
            "is_hidden": false,
            "pokemon": {
                "name": "ponyta-galar",
                "url": "/api/v2/pokemon/10162/"
            },
            "slot": 2
        },
        {
            "is_hidden": false,
            "pokemon": {
                "name": "rapidash-galar",
                "url": "/api/v2/pokemon/10163/"
            },
            "slot": 2
        }
    ]
}