{
    "effect_changes": [
        {
            "effect_entries": [
                {
                    "effect": "L\u00f6st bei Attacken die mehrmals Treffen bei jedem Treffer aus.",
                    "language": {
                        "name": "de",
                        "url": "/api/v2/language/6/"
                    }
                },
                {
                    "effect": "Triggers on every hit of multiple-hit moves.",
                    "language": {
                        "name": "en",
                        "url": "/api/v2/language/9/"
                    }
                }
            ],
            "version_group": {
                "name": "black-white",
                "url": "/api/v2/version-group/11/"
            }
        }
    ],
    "effect_entries": [
        {
            "effect": "Wenn ein Pok\u00e9mon mit dieser F\u00e4higkeit von einer Attacke getroffen wird die Schaden verursacht, \u00e4ndert sich der Typ des Pok\u00e9mons in den der Attacke.\n\nWenn das Pok\u00e9mon 2 Typen hat, werden beide \u00fcberschrieben. Das Pok\u00e9mon muss direkten Schaden erleiden, Attacken die vom substitute geblockt werden, l\u00f6sen den Effekt nicht aus, ebenso wie Attacken mit indirektem Schaden wie spikes.\n\nBei Attacken mit mehreren Treffern l\u00f6st nur der Letzte den Effekt aus.\n\nDiese F\u00e4higkeit hat keinen Einfluss auf shadow Attacken in Pok\u00e9mon Colosseum und XD: Der dunkle Sturm.",
            "language": {
                "name": "de",
                "url": "/api/v2/language/6/"
            },
            "short_effect": "\u00c4ndert den Typ des Pok\u00e9mons in den der Attacke von der es getroffen wird."
        },
        {
            "effect": "Whenever this Pok\u00e9mon takes damage from a move, the Pok\u00e9mon's type changes to match the move.\n\nIf the Pok\u00e9mon has two types, both are overridden.  The Pok\u00e9mon must directly take damage; for example, moves blocked by a substitute will not trigger this ability, nor will moves that deal damage indirectly, such as spikes.\n\nThis ability takes effect on only the last hit of a multiple-hit attack.\n\nIn Pok\u00e9mon Colosseum and XD: Gale of Darkness, this ability does not take effect on Shadow-type moves.",
            "language": {
                "name": "en",
                "url": "/api/v2/language/9/"
            },
            "short_effect": "Changes type to match when hit by a damaging move."
        }
    ],
    "flavor_text_entries": [
        {
            "flavor_text": "Changes type to foe\u2019s move.",
            "language": {
                "name": "en",
                "url": "/api/v2/language/9/"
            },
            "version_group": {
                "name": "ruby-sapphire",
                "url": "/api/v2/version-group/5/"
            }
        },
        {
            "flavor_text": "Changes type to foe\u2019s move.",
            "language": {
                "name": "en",
                "url": "/api/v2/language/9/"
            },
            "version_group": {
                "name": "emerald",
                "url": "/api/v2/version-group/6/"
            }
        },
        {
            "flavor_text": "Changes type to foe\u2019s move.",
            "language": {
                "name": "en",
                "url": "/api/v2/language/9/"
            },
            "version_group": {
                "name": "firered-leafgreen",
                "url": "/api/v2/version-group/7/"
            }
        },
        {
            "flavor_text": "Changes the Pok\u00e9mon\u2019s\ntype to the foe\u2019s move.",
            "language": {
                "name": "en",
                "url": "/api/v2/language/9/"
            },
            "version_group": {
                "name": "diamond-pearl",
                "url": "/api/v2/version-group/8/"
            }
        },
        {
            "flavor_text": "Changes the Pok\u00e9mon\u2019s\ntype to the foe\u2019s move.",
            "language": {
                "name": "en",
                "url": "/api/v2/language/9/"
            },
            "version_group": {
                "name": "platinum",
                "url": "/api/v2/version-group/9/"
            }
        },
        {
            "flavor_text": "Changes the Pok\u00e9mon\u2019s\ntype to the foe\u2019s move.",
            "language": {
                "name": "en",
                "url": "/api/v2/language/9/"
            },
            "version_group": {
                "name": "heartgold-soulsilver",
                "url": "/api/v2/version-group/10/"
            }
        },
        {
            "flavor_text": "Le Pok\u00e9mon adopte le type\nde la capacit\u00e9 ennemie.",
            "language": {
                "name": "fr",
                "url": "/api/v2/language/5/"
            },
            "version_group": {
                "name": "black-white",
                "url": "/api/v2/version-group/11/"
            }
        },
        {
            "flavor_text": "Changes the Pok\u00e9mon\u2019s\ntype to the foe\u2019s move.",
            "language": {
                "name": "en",
                "url": "/api/v2/language/9/"
            },
            "version_group": {
                "name": "black-white",
                "url": "/api/v2/version-group/11/"
            }
        },
        {
            "flavor_text": "Changes the Pok\u00e9mon\u2019s\ntype to the foe\u2019s move.",
            "language": {
                "name": "en",
                "url": "/api/v2/language/9/"
            },
            "version_group": {
                "name": "black-2-white-2",
                "url": "/api/v2/version-group/14/"
            }
        },
        {
            "flavor_text": "\u3046\u3051\u305f\u3000\u308f\u3056\u306e\u3000\u30bf\u30a4\u30d7\u306b\n\u3078\u3093\u304b\u3059\u308b\u3002",
            "language": {
                "name": "ja-Hrkt",
                "url": "/api/v2/language/1/"
            },
            "version_group": {
                "name": "x-y",
                "url": "/api/v2/version-group/15/"
            }
        },
        {
            "flavor_text": "\ubc1b\uc740 \uae30\uc220\uc758 \ud0c0\uc785\uc73c\ub85c\n\ubcc0\ud654\ud55c\ub2e4.",
            "language": {
                "name": "ko",
                "url": "/api/v2/language/3/"
            },
            "version_group": {
                "name": "x-y",
                "url": "/api/v2/version-group/15/"
            }
        },
        {
            "flavor_text": "Le Pok\u00e9mon adopte le type de\nla capacit\u00e9 ennemie.",
            "language": {
                "name": "fr",
                "url": "/api/v2/language/5/"
            },
            "version_group": {
                "name": "x-y",
                "url": "/api/v2/version-group/15/"
            }
        },
        {
            "flavor_text": "\u00c4ndert seinen Typ zu dem\nder Attacke des Angreifers.",
            "language": {
                "name": "de",
                "url": "/api/v2/language/6/"
            },
            "version_group": {
                "name": "x-y",
                "url": "/api/v2/version-group/15/"
            }
        },
        {
            "flavor_text": "Adopta el tipo del \u00faltimo\nmovimiento del que sea blanco.",
            "language": {
                "name": "es",
                "url": "/api/v2/language/7/"
            },
            "version_group": {
                "name": "x-y",
                "url": "/api/v2/version-group/15/"
            }
        },
        {
            "flavor_text": "Il Pok\u00e9mon acquisisce il tipo\ndella mossa subita.",
            "language": {
                "name": "it",
                "url": "/api/v2/language/8/"
            },
            "version_group": {
                "name": "x-y",
                "url": "/api/v2/version-group/15/"
            }
        },
        {
            "flavor_text": "The Pok\u00e9mon\u2019s type becomes\nthe type of the move used on it.",
            "language": {
                "name": "en",
                "url": "/api/v2/language/9/"
            },
            "version_group": {
                "name": "x-y",
                "url": "/api/v2/version-group/15/"
            }
        },
        {
            "flavor_text": "\u53d7\u3051\u305f\u3000\u6280\u306e\u3000\u30bf\u30a4\u30d7\u306b\n\u5909\u5316\u3059\u308b\u3002",
            "language": {
                "name": "ja",
                "url": "/api/v2/language/11/"
            },
            "version_group": {
                "name": "x-y",
                "url": "/api/v2/version-group/15/"
            }
        },
        {
            "flavor_text": "\u3046\u3051\u305f\u3000\u308f\u3056\u306e\u3000\u30bf\u30a4\u30d7\u306b\n\u3078\u3093\u304b\u3059\u308b\u3002",
            "language": {
                "name": "ja-Hrkt",
                "url": "/api/v2/language/1/"
            },
            "version_group": {
                "name": "omega-ruby-alpha-sapphire",
                "url": "/api/v2/version-group/16/"
            }
        },
        {
            "flavor_text": "\ubc1b\uc740 \uae30\uc220\uc758 \ud0c0\uc785\uc73c\ub85c\n\ubcc0\ud654\ud55c\ub2e4.",
            "language": {
                "name": "ko",
                "url": "/api/v2/language/3/"
            },
            "version_group": {
                "name": "omega-ruby-alpha-sapphire",
                "url": "/api/v2/version-group/16/"
            }
        },
        {
            "flavor_text": "Le Pok\u00e9mon adopte le type de\nla capacit\u00e9 ennemie.",
            "language": {
                "name": "fr",
                "url": "/api/v2/language/5/"
            },
            "version_group": {
                "name": "omega-ruby-alpha-sapphire",
                "url": "/api/v2/version-group/16/"
            }
        },
        {
            "flavor_text": "\u00c4ndert seinen Typ zu dem\nder Attacke des Angreifers.",
            "language": {
                "name": "de",
                "url": "/api/v2/language/6/"
            },
            "version_group": {
                "name": "omega-ruby-alpha-sapphire",
                "url": "/api/v2/version-group/16/"
            }
        },
        {
            "flavor_text": "Adopta el tipo del \u00faltimo\nmovimiento del que se es blanco.",
            "language": {
                "name": "es",
                "url": "/api/v2/language/7/"
            },
            "version_group": {
                "name": "omega-ruby-alpha-sapphire",
                "url": "/api/v2/version-group/16/"
            }
        },
        {
            "flavor_text": "Il Pok\u00e9mon acquisisce il tipo\ndella mossa subita.",
            "language": {
                "name": "it",
                "url": "/api/v2/language/8/"
            },
            "version_group": {
                "name": "omega-ruby-alpha-sapphire",
                "url": "/api/v2/version-group/16/"
            }
        },
        {
            "flavor_text": "The Pok\u00e9mon\u2019s type becomes\nthe type of the move used on it.",
            "language": {
                "name": "en",
                "url": "/api/v2/language/9/"
            },
            "version_group": {
                "name": "omega-ruby-alpha-sapphire",
                "url": "/api/v2/version-group/16/"
            }
        },
        {
            "flavor_text": "\u53d7\u3051\u305f\u3000\u6280\u306e\u3000\u30bf\u30a4\u30d7\u306b\n\u5909\u5316\u3059\u308b\u3002",
            "language": {
                "name": "ja",
                "url": "/api/v2/language/11/"
            },
            "version_group": {
                "name": "omega-ruby-alpha-sapphire",
                "url": "/api/v2/version-group/16/"
            }
        },
        {
            "flavor_text": "\u3042\u3044\u3066\u304b\u3089\u3000\u3046\u3051\u305f\u3000\u308f\u3056\u306e\u3000\u30bf\u30a4\u30d7\u306b\n\u3058\u3076\u3093\u306e\u3000\u30bf\u30a4\u30d7\u304c\u3000\u3078\u3093\u304b\u3000\u3059\u308b\u3002",
            "language": {
                "name": "ja-Hrkt",
                "url": "/api/v2/language/1/"
            },
            "version_group": {
                "name": "sun-moon",
                "url": "/api/v2/version-group/17/"
            }
        },
        {
            "flavor_text": "\uc0c1\ub300\uc5d0\uac8c \ubc1b\uc740 \uae30\uc220\uc758 \ud0c0\uc785\uc73c\ub85c\n\uc790\uc2e0\uc758 \ud0c0\uc785\uc774 \ubcc0\ud654\ud55c\ub2e4.",
            "language": {
                "name": "ko",
                "url": "/api/v2/language/3/"
            },
            "version_group": {
                "name": "sun-moon",
                "url": "/api/v2/version-group/17/"
            }
        },
        {
            "flavor_text": "\u81ea\u5df1\u7684\u5c6c\u6027\u6703\u8b8a\u70ba\n\u5f9e\u5c0d\u624b\u6240\u53d7\u62db\u5f0f\u7684\u5c6c\u6027\u3002",
            "language": {
                "name": "zh-Hant",
                "url": "/api/v2/language/4/"
            },
            "version_group": {
                "name": "sun-moon",
                "url": "/api/v2/version-group/17/"
            }
        },
        {
            "flavor_text": "Lorsque le Pok\u00e9mon est touch\u00e9 par une capacit\u00e9,\nil prend le type de celle-ci.",
            "language": {
                "name": "fr",
                "url": "/api/v2/language/5/"
            },
            "version_group": {
                "name": "sun-moon",
                "url": "/api/v2/version-group/17/"
            }
        },
        {
            "flavor_text": "\u00c4ndert seinen Typ zu dem der Attacke des\nAngreifers.",
            "language": {
                "name": "de",
                "url": "/api/v2/language/6/"
            },
            "version_group": {
                "name": "sun-moon",
                "url": "/api/v2/version-group/17/"
            }
        },
        {
            "flavor_text": "Adopta el tipo del \u00faltimo movimiento del que se es\nblanco.",
            "language": {
                "name": "es",
                "url": "/api/v2/language/7/"
            },
            "version_group": {
                "name": "sun-moon",
                "url": "/api/v2/version-group/17/"
            }
        },
        {
            "flavor_text": "Il Pok\u00e9mon acquisisce il tipo della mossa subita.",
            "language": {
                "name": "it",
                "url": "/api/v2/language/8/"
            },
            "version_group": {
                "name": "sun-moon",
                "url": "/api/v2/version-group/17/"
            }
        },
        {
            "flavor_text": "The Pok\u00e9mon\u2019s type becomes the type of the move\nused on it.",
            "language": {
                "name": "en",
                "url": "/api/v2/language/9/"
            },
            "version_group": {
                "name": "sun-moon",
                "url": "/api/v2/version-group/17/"
            }
        },
        {
            "flavor_text": "\u76f8\u624b\u304b\u3089\u3000\u53d7\u3051\u305f\u3000\u6280\u306e\u3000\u30bf\u30a4\u30d7\u306b\n\u81ea\u5206\u306e\u3000\u30bf\u30a4\u30d7\u304c\u3000\u5909\u5316\u3000\u3059\u308b\u3002",
            "language": {
                "name": "ja",
                "url": "/api/v2/language/11/"
            },
            "version_group": {
                "name": "sun-moon",
                "url": "/api/v2/version-group/17/"
            }
        },
        {
            "flavor_text": "\u81ea\u5df1\u7684\u5c5e\u6027\u4f1a\u53d8\u4e3a\n\u4ece\u5bf9\u624b\u5904\u6240\u53d7\u62db\u5f0f\u7684\u5c5e\u6027\u3002",
            "language": {
                "name": "zh-Hans",
                "url": "/api/v2/language/12/"
            },
            "version_group": {
                "name": "sun-moon",
                "url": "/api/v2/version-group/17/"
            }
        },
        {
            "flavor_text": "\u3042\u3044\u3066\u304b\u3089\u3000\u3046\u3051\u305f\u3000\u308f\u3056\u306e\u3000\u30bf\u30a4\u30d7\u306b\n\u3058\u3076\u3093\u306e\u3000\u30bf\u30a4\u30d7\u304c\u3000\u3078\u3093\u304b\u3000\u3059\u308b\u3002",
            "language": {
                "name": "ja-Hrkt",
                "url": "/api/v2/language/1/"
            },
            "version_group": {
                "name": "ultra-sun-ultra-moon",
                "url": "/api/v2/version-group/18/"
            }
        },
        {
            "flavor_text": "\uc0c1\ub300\uc5d0\uac8c \ubc1b\uc740 \uae30\uc220\uc758 \ud0c0\uc785\uc73c\ub85c\n\uc790\uc2e0\uc758 \ud0c0\uc785\uc774 \ubcc0\ud654\ud55c\ub2e4.",
            "language": {
                "name": "ko",
                "url": "/api/v2/language/3/"
            },
            "version_group": {
                "name": "ultra-sun-ultra-moon",
                "url": "/api/v2/version-group/18/"
            }
        },
        {
            "flavor_text": "\u81ea\u5df1\u7684\u5c6c\u6027\u6703\u8b8a\u70ba\n\u5f9e\u5c0d\u624b\u6240\u53d7\u62db\u5f0f\u7684\u5c6c\u6027\u3002",
            "language": {
                "name": "zh-Hant",
                "url": "/api/v2/language/4/"
            },
            "version_group": {
                "name": "ultra-sun-ultra-moon",
                "url": "/api/v2/version-group/18/"
            }
        },
        {
            "flavor_text": "Lorsque le Pok\u00e9mon est touch\u00e9 par une capacit\u00e9,\nil prend le type de celle-ci.",
            "language": {
                "name": "fr",
                "url": "/api/v2/language/5/"
            },
            "version_group": {
                "name": "ultra-sun-ultra-moon",
                "url": "/api/v2/version-group/18/"
            }
        },
        {
            "flavor_text": "\u00c4ndert seinen Typ zu dem der Attacke des\nAngreifers.",
            "language": {
                "name": "de",
                "url": "/api/v2/language/6/"
            },
            "version_group": {
                "name": "ultra-sun-ultra-moon",
                "url": "/api/v2/version-group/18/"
            }
        },
        {
            "flavor_text": "Adopta el tipo del \u00faltimo movimiento del que se es\nblanco.",
            "language": {
                "name": "es",
                "url": "/api/v2/language/7/"
            },
            "version_group": {
                "name": "ultra-sun-ultra-moon",
                "url": "/api/v2/version-group/18/"
            }
        },
        {
            "flavor_text": "Il Pok\u00e9mon acquisisce il tipo della mossa subita.",
            "language": {
                "name": "it",
                "url": "/api/v2/language/8/"
            },
            "version_group": {
                "name": "ultra-sun-ultra-moon",
                "url": "/api/v2/version-group/18/"
            }
        },
        {
            "flavor_text": "The Pok\u00e9mon\u2019s type becomes the type of the move\nused on it.",
            "language": {
                "name": "en",
                "url": "/api/v2/language/9/"
            },
            "version_group": {
                "name": "ultra-sun-ultra-moon",
                "url": "/api/v2/version-group/18/"
            }
        },
        {
            "flavor_text": "\u76f8\u624b\u304b\u3089\u3000\u53d7\u3051\u305f\u3000\u6280\u306e\u3000\u30bf\u30a4\u30d7\u306b\n\u81ea\u5206\u306e\u3000\u30bf\u30a4\u30d7\u304c\u3000\u5909\u5316\u3000\u3059\u308b\u3002",
            "language": {
                "name": "ja",
                "url": "/api/v2/language/11/"
            },
            "version_group": {
                "name": "ultra-sun-ultra-moon",
                "url": "/api/v2/version-group/18/"
            }
        },
        {
            "flavor_text": "\u81ea\u5df1\u7684\u5c5e\u6027\u4f1a\u53d8\u4e3a\n\u4ece\u5bf9\u624b\u5904\u6240\u53d7\u62db\u5f0f\u7684\u5c5e\u6027\u3002",
            "language": {
                "name": "zh-Hans",
                "url": "/api/v2/language/12/"
            },
            "version_group": {
                "name": "ultra-sun-ultra-moon",
                "url": "/api/v2/version-group/18/"
            }
        },
        {
            "flavor_text": "\u3042\u3044\u3066\u304b\u3089\u3000\u3046\u3051\u305f\u3000\u308f\u3056\u306e\u3000\u30bf\u30a4\u30d7\u306b\n\u3058\u3076\u3093\u306e\u3000\u30bf\u30a4\u30d7\u304c\u3000\u3078\u3093\u304b\u3000\u3059\u308b\u3002",
            "language": {
                "name": "ja-Hrkt",
                "url": "/api/v2/language/1/"
            },
            "version_group": {
                "name": "lets-go-pikachu-lets-go-eevee",
                "url": "/api/v2/version-group/19/"
            }
        },
        {
            "flavor_text": "\uc0c1\ub300\uc5d0\uac8c \ubc1b\uc740 \uae30\uc220\uc758 \ud0c0\uc785\uc73c\ub85c\n\uc790\uc2e0\uc758 \ud0c0\uc785\uc774 \ubcc0\ud654\ud55c\ub2e4.",
            "language": {
                "name": "ko",
                "url": "/api/v2/language/3/"
            },
            "version_group": {
                "name": "lets-go-pikachu-lets-go-eevee",
                "url": "/api/v2/version-group/19/"
            }
        },
        {
            "flavor_text": "\u81ea\u5df1\u7684\u5c6c\u6027\u6703\u8b8a\u70ba\n\u5f9e\u5c0d\u624b\u6240\u53d7\u62db\u5f0f\u7684\u5c6c\u6027\u3002",
            "language": {
                "name": "zh-Hant",
                "url": "/api/v2/language/4/"
            },
            "version_group": {
                "name": "lets-go-pikachu-lets-go-eevee",
                "url": "/api/v2/version-group/19/"
            }
        },
        {
            "flavor_text": "Lorsque le Pok\u00e9mon est touch\u00e9 par une capacit\u00e9,\nil prend le type de celle-ci.",
            "language": {
                "name": "fr",
                "url": "/api/v2/language/5/"
            },
            "version_group": {
                "name": "lets-go-pikachu-lets-go-eevee",
                "url": "/api/v2/version-group/19/"
            }
        },
        {
            "flavor_text": "\u00c4ndert seinen Typ zu dem der Attacke des\nAngreifers.",
            "language": {
                "name": "de",
                "url": "/api/v2/language/6/"
            },
            "version_group": {
                "name": "lets-go-pikachu-lets-go-eevee",
                "url": "/api/v2/version-group/19/"
            }
        },
        {
            "flavor_text": "Adopta el tipo del \u00faltimo movimiento del que se es\nblanco.",
            "language": {
                "name": "es",
                "url": "/api/v2/language/7/"
            },
            "version_group": {
                "name": "lets-go-pikachu-lets-go-eevee",
                "url": "/api/v2/version-group/19/"
            }
        },
        {
            "flavor_text": "Il Pok\u00e9mon acquisisce il tipo della mossa subita.",
            "language": {
                "name": "it",
                "url": "/api/v2/language/8/"
            },
            "version_group": {
                "name": "lets-go-pikachu-lets-go-eevee",
                "url": "/api/v2/version-group/19/"
            }
        },
        {
            "flavor_text": "The Pok\u00e9mon\u2019s type becomes the type of the move\nused on it.",
            "language": {
                "name": "en",
                "url": "/api/v2/language/9/"
            },
            "version_group": {
                "name": "lets-go-pikachu-lets-go-eevee",
                "url": "/api/v2/version-group/19/"
            }
        },
        {
            "flavor_text": "\u76f8\u624b\u304b\u3089\u3000\u53d7\u3051\u305f\u3000\u6280\u306e\u3000\u30bf\u30a4\u30d7\u306b\n\u81ea\u5206\u306e\u3000\u30bf\u30a4\u30d7\u304c\u3000\u5909\u5316\u3000\u3059\u308b\u3002",
            "language": {
                "name": "ja",
                "url": "/api/v2/language/11/"
            },
            "version_group": {
                "name": "lets-go-pikachu-lets-go-eevee",
                "url": "/api/v2/version-group/19/"
            }
        },
        {
            "flavor_text": "\u81ea\u5df1\u7684\u5c5e\u6027\u4f1a\u53d8\u4e3a\n\u4ece\u5bf9\u624b\u5904\u6240\u53d7\u62db\u5f0f\u7684\u5c5e\u6027\u3002",
            "language": {
                "name": "zh-Hans",
                "url": "/api/v2/language/12/"
            },
            "version_group": {
                "name": "lets-go-pikachu-lets-go-eevee",
                "url": "/api/v2/version-group/19/"
            }
        },
        {
            "flavor_text": "\u3042\u3044\u3066\u304b\u3089\u3000\u3046\u3051\u305f\u3000\u308f\u3056\u306e\u3000\u30bf\u30a4\u30d7\u306b\n\u3058\u3076\u3093\u306e\u3000\u30bf\u30a4\u30d7\u304c\u3000\u3078\u3093\u304b\u3000\u3059\u308b\u3002",
            "language": {
                "name": "ja-Hrkt",
                "url": "/api/v2/language/1/"
            },
            "version_group": {
                "name": "sword-shield",
                "url": "/api/v2/version-group/20/"
            }
        },
        {
            "flavor_text": "\uc0c1\ub300\uc5d0\uac8c \ubc1b\uc740 \uae30\uc220\uc758 \ud0c0\uc785\uc73c\ub85c\n\uc790\uc2e0\uc758 \ud0c0\uc785\uc774 \ubcc0\ud654\ud55c\ub2e4.",
            "language": {
                "name": "ko",
                "url": "/api/v2/language/3/"
            },
            "version_group": {
                "name": "sword-shield",
                "url": "/api/v2/version-group/20/"
            }
        },
        {
            "flavor_text": "\u81ea\u5df1\u7684\u5c6c\u6027\u6703\u8b8a\u70ba\n\u64ca\u4e2d\u81ea\u5df1\u7684\u5c0d\u624b\u62db\u5f0f\u7684\u5c6c\u6027\u3002",
            "language": {
                "name": "zh-Hant",
                "url": "/api/v2/language/4/"
            },
            "version_group": {
                "name": "sword-shield",
                "url": "/api/v2/version-group/20/"
            }
        },
        {
            "flavor_text": "Lorsque le Pok\u00e9mon est touch\u00e9 par une capacit\u00e9,\nil prend le type de celle-ci.",
            "language": {
                "name": "fr",
                "url": "/api/v2/language/5/"
            },
            "version_group": {
                "name": "sword-shield",
                "url": "/api/v2/version-group/20/"
            }
        },
        {
            "flavor_text": "\u00c4ndert seinen Typ zu dem der Attacke des Angreifers.",
            "language": {
                "name": "de",
                "url": "/api/v2/language/6/"
            },
            "version_group": {
                "name": "sword-shield",
                "url": "/api/v2/version-group/20/"
            }
        },
        {
            "flavor_text": "Adopta el tipo del \u00faltimo movimiento del que es\nblanco.",
            "language": {
                "name": "es",
                "url": "/api/v2/language/7/"
            },
            "version_group": {
                "name": "sword-shield",
                "url": "/api/v2/version-group/20/"
            }
        },
        {
            "flavor_text": "Il Pok\u00e9mon acquisisce il tipo della mossa subita.",
            "language": {
                "name": "it",
                "url": "/api/v2/language/8/"
            },
            "version_group": {
                "name": "sword-shield",
                "url": "/api/v2/version-group/20/"
            }
        },
        {
            "flavor_text": "The Pok\u00e9mon\u2019s type becomes the type of the move\nused on it.",
            "language": {
                "name": "en",
                "url": "/api/v2/language/9/"
            },
            "version_group": {
                "name": "sword-shield",
                "url": "/api/v2/version-group/20/"
            }
        },
        {
            "flavor_text": "\u76f8\u624b\u304b\u3089\u3000\u53d7\u3051\u305f\u3000\u6280\u306e\u3000\u30bf\u30a4\u30d7\u306b\n\u81ea\u5206\u306e\u3000\u30bf\u30a4\u30d7\u304c\u3000\u5909\u5316\u3000\u3059\u308b\u3002",
            "language": {
                "name": "ja",
                "url": "/api/v2/language/11/"
            },
            "version_group": {
                "name": "sword-shield",
                "url": "/api/v2/version-group/20/"
            }
        },
        {
            "flavor_text": "\u81ea\u5df1\u7684\u5c5e\u6027\u4f1a\u53d8\u4e3a\n\u4ece\u5bf9\u624b\u5904\u6240\u53d7\u62db\u5f0f\u7684\u5c5e\u6027\u3002",
            "language": {
                "name": "zh-Hans",
                "url": "/api/v2/language/12/"
            },
            "version_group": {
                "name": "sword-shield",
                "url": "/api/v2/version-group/20/"
            }
        }
    ],
    "generation": {
        "name": "generation-iii",
        "url": "/api/v2/generation/3/"
    },
    "id": 16,
    "is_main_series": true,
    "name": "color-change",
    "names": [
        {
            "language": {
                "name": "ja-Hrkt",
                "url": "/api/v2/language/1/"
            },
            "name": "\u3078\u3093\u3057\u3087\u304f"
        },
        {
            "language": {
                "name": "ko",
                "url": "/api/v2/language/3/"
            },
            "name": "\ubcc0\uc0c9"
        },
        {
            "language": {
                "name": "zh-Hant",
                "url": "/api/v2/language/4/"
            },
            "name": "\u8b8a\u8272"
        },
        {
            "language": {
                "name": "fr",
                "url": "/api/v2/language/5/"
            },
            "name": "Homochromie"
        },
        {
            "language": {
                "name": "de",
                "url": "/api/v2/language/6/"
            },
            "name": "Farbwechsel"
        },
        {
            "language": {
                "name": "es",
                "url": "/api/v2/language/7/"
            },
            "name": "Cambio Color"
        },
        {
            "language": {
                "name": "it",
                "url": "/api/v2/language/8/"
            },
            "name": "Cambiacolore"
        },
        {
            "language": {
                "name": "en",
                "url": "/api/v2/language/9/"
            },
            "name": "Color Change"
        },
        {
            "language": {
                "name": "ja",
                "url": "/api/v2/language/11/"
            },
            "name": "\u3078\u3093\u3057\u3087\u304f"
        },
        {
            "language": {
                "name": "zh-Hans",
                "url": "/api/v2/language/12/"
            },
            "name": "\u53d8\u8272"
        }
    ],
    "pokemon": [
        {
            "is_hidden": false,
            "pokemon": {
                "name": "kecleon",
                "url": "/api/v2/pokemon/352/"
            },
            "slot": 1
        }
    ]
}