{
    "effect_changes": [],
    "effect_entries": [
        {
            "effect": "When this Pok\u00e9mon takes regular damage from a contact move, the attacking Pok\u00e9mon's Speed lowers by one stage.",
            "language": {
                "name": "en",
                "url": "/api/v2/language/9/"
            },
            "short_effect": "When this Pok\u00e9mon takes regular damage from a contact move, the attacking Pok\u00e9mon's Speed lowers by one stage."
        }
    ],
    "flavor_text_entries": [
        {
            "flavor_text": "\u3053\u3046\u3052\u304d\u3067\u3000\u3058\u3076\u3093\u306b\u3000\u3075\u308c\u305f\u3000\u3042\u3044\u3066\u306e\n\u3059\u3070\u3084\u3055\u3092\u3000\u3055\u3052\u308b\u3002",
            "language": {
                "name": "ja-Hrkt",
                "url": "/api/v2/language/1/"
            },
            "version_group": {
                "name": "sun-moon",
                "url": "/api/v2/version-group/17/"
            }
        },
        {
            "flavor_text": "\uacf5\uaca9\uc73c\ub85c \uc790\uc2e0\uacfc \uc811\ucd09\ud55c \uc0c1\ub300\uc758\n\uc2a4\ud53c\ub4dc\ub97c \ub5a8\uc5b4\ub728\ub9b0\ub2e4.",
            "language": {
                "name": "ko",
                "url": "/api/v2/language/3/"
            },
            "version_group": {
                "name": "sun-moon",
                "url": "/api/v2/version-group/17/"
            }
        },
        {
            "flavor_text": "\u5c0d\u624b\u7528\u653b\u64ca\u63a5\u89f8\u5230\u81ea\u5df1\u6642\uff0c\n\u964d\u4f4e\u6b64\u5c0d\u624b\u7684\u901f\u5ea6\u3002",
            "language": {
                "name": "zh-Hant",
                "url": "/api/v2/language/4/"
            },
            "version_group": {
                "name": "sun-moon",
                "url": "/api/v2/version-group/17/"
            }
        },
        {
            "flavor_text": "Baisse la Vitesse de l\u2019attaquant lorsque le Pok\u00e9mon\nsubit une attaque directe.",
            "language": {
                "name": "fr",
                "url": "/api/v2/language/5/"
            },
            "version_group": {
                "name": "sun-moon",
                "url": "/api/v2/version-group/17/"
            }
        },
        {
            "flavor_text": "Senkt bei Ber\u00fchrung im Zuge eines Angriffs die\nInitiative des Angreifers.",
            "language": {
                "name": "de",
                "url": "/api/v2/language/6/"
            },
            "version_group": {
                "name": "sun-moon",
                "url": "/api/v2/version-group/17/"
            }
        },
        {
            "flavor_text": "Baja la Velocidad del rival cuando este ataca\nal Pok\u00e9mon con un movimiento de contacto.",
            "language": {
                "name": "es",
                "url": "/api/v2/language/7/"
            },
            "version_group": {
                "name": "sun-moon",
                "url": "/api/v2/version-group/17/"
            }
        },
        {
            "flavor_text": "Se il Pok\u00e9mon viene colpito da un attacco diretto,\nla Velocit\u00e0 di chi l\u2019ha colpito diminuisce.",
            "language": {
                "name": "it",
                "url": "/api/v2/language/8/"
            },
            "version_group": {
                "name": "sun-moon",
                "url": "/api/v2/version-group/17/"
            }
        },
        {
            "flavor_text": "Contact with the Pok\u00e9mon lowers the attacker\u2019s\nSpeed stat.",
            "language": {
                "name": "en",
                "url": "/api/v2/language/9/"
            },
            "version_group": {
                "name": "sun-moon",
                "url": "/api/v2/version-group/17/"
            }
        },
        {
            "flavor_text": "\u653b\u6483\u3067\u3000\u81ea\u5206\u306b\u3000\u89e6\u308c\u305f\u3000\u76f8\u624b\u306e\n\u7d20\u65e9\u3055\u3092\u3000\u4e0b\u3052\u308b\u3002",
            "language": {
                "name": "ja",
                "url": "/api/v2/language/11/"
            },
            "version_group": {
                "name": "sun-moon",
                "url": "/api/v2/version-group/17/"
            }
        },
        {
            "flavor_text": "\u5bf9\u4e8e\u7528\u653b\u51fb\u63a5\u89e6\u5230\u81ea\u5df1\u7684\u5bf9\u624b\uff0c\n\u4f1a\u964d\u4f4e\u5176\u901f\u5ea6\u3002",
            "language": {
                "name": "zh-Hans",
                "url": "/api/v2/language/12/"
            },
            "version_group": {
                "name": "sun-moon",
                "url": "/api/v2/version-group/17/"
            }
        },
        {
            "flavor_text": "\u3053\u3046\u3052\u304d\u3067\u3000\u3058\u3076\u3093\u306b\u3000\u3075\u308c\u305f\u3000\u3042\u3044\u3066\u306e\n\u3059\u3070\u3084\u3055\u3092\u3000\u3055\u3052\u308b\u3002",
            "language": {
                "name": "ja-Hrkt",
                "url": "/api/v2/language/1/"
            },
            "version_group": {
                "name": "ultra-sun-ultra-moon",
                "url": "/api/v2/version-group/18/"
            }
        },
        {
            "flavor_text": "\uacf5\uaca9\uc73c\ub85c \uc790\uc2e0\uacfc \uc811\ucd09\ud55c \uc0c1\ub300\uc758\n\uc2a4\ud53c\ub4dc\ub97c \ub5a8\uc5b4\ub728\ub9b0\ub2e4.",
            "language": {
                "name": "ko",
                "url": "/api/v2/language/3/"
            },
            "version_group": {
                "name": "ultra-sun-ultra-moon",
                "url": "/api/v2/version-group/18/"
            }
        },
        {
            "flavor_text": "\u5c0d\u624b\u7528\u653b\u64ca\u63a5\u89f8\u5230\u81ea\u5df1\u6642\uff0c\n\u964d\u4f4e\u6b64\u5c0d\u624b\u7684\u901f\u5ea6\u3002",
            "language": {
                "name": "zh-Hant",
                "url": "/api/v2/language/4/"
            },
            "version_group": {
                "name": "ultra-sun-ultra-moon",
                "url": "/api/v2/version-group/18/"
            }
        },
        {
            "flavor_text": "Baisse la Vitesse de l\u2019attaquant lorsque le Pok\u00e9mon\nsubit une attaque directe.",
            "language": {
                "name": "fr",
                "url": "/api/v2/language/5/"
            },
            "version_group": {
                "name": "ultra-sun-ultra-moon",
                "url": "/api/v2/version-group/18/"
            }
        },
        {
            "flavor_text": "Senkt bei Ber\u00fchrung im Zuge eines Angriffs die\nInitiative des Angreifers.",
            "language": {
                "name": "de",
                "url": "/api/v2/language/6/"
            },
            "version_group": {
                "name": "ultra-sun-ultra-moon",
                "url": "/api/v2/version-group/18/"
            }
        },
        {
            "flavor_text": "Baja la Velocidad del rival cuando este ataca\nal Pok\u00e9mon con un movimiento de contacto.",
            "language": {
                "name": "es",
                "url": "/api/v2/language/7/"
            },
            "version_group": {
                "name": "ultra-sun-ultra-moon",
                "url": "/api/v2/version-group/18/"
            }
        },
        {
            "flavor_text": "Se il Pok\u00e9mon viene colpito da un attacco diretto,\nla Velocit\u00e0 di chi l\u2019ha colpito diminuisce.",
            "language": {
                "name": "it",
                "url": "/api/v2/language/8/"
            },
            "version_group": {
                "name": "ultra-sun-ultra-moon",
                "url": "/api/v2/version-group/18/"
            }
        },
        {
            "flavor_text": "Contact with the Pok\u00e9mon lowers the attacker\u2019s\nSpeed stat.",
            "language": {
                "name": "en",
                "url": "/api/v2/language/9/"
            },
            "version_group": {
                "name": "ultra-sun-ultra-moon",
                "url": "/api/v2/version-group/18/"
            }
        },
        {
            "flavor_text": "\u653b\u6483\u3067\u3000\u81ea\u5206\u306b\u3000\u89e6\u308c\u305f\u3000\u76f8\u624b\u306e\n\u7d20\u65e9\u3055\u3092\u3000\u4e0b\u3052\u308b\u3002",
            "language": {
                "name": "ja",
                "url": "/api/v2/language/11/"
            },
            "version_group": {
                "name": "ultra-sun-ultra-moon",
                "url": "/api/v2/version-group/18/"
            }
        },
        {
            "flavor_text": "\u5bf9\u4e8e\u7528\u653b\u51fb\u63a5\u89e6\u5230\u81ea\u5df1\u7684\u5bf9\u624b\uff0c\n\u4f1a\u964d\u4f4e\u5176\u901f\u5ea6\u3002",
            "language": {
                "name": "zh-Hans",
                "url": "/api/v2/language/12/"
            },
            "version_group": {
                "name": "ultra-sun-ultra-moon",
                "url": "/api/v2/version-group/18/"
            }
        },
        {
            "flavor_text": "\u3053\u3046\u3052\u304d\u3067\u3000\u3058\u3076\u3093\u306b\u3000\u3075\u308c\u305f\u3000\u3042\u3044\u3066\u306e\n\u3059\u3070\u3084\u3055\u3092\u3000\u3055\u3052\u308b\u3002",
            "language": {
                "name": "ja-Hrkt",
                "url": "/api/v2/language/1/"
            },
            "version_group": {
                "name": "lets-go-pikachu-lets-go-eevee",
                "url": "/api/v2/version-group/19/"
            }
        },
        {
            "flavor_text": "\uacf5\uaca9\uc73c\ub85c \uc790\uc2e0\uacfc \uc811\ucd09\ud55c \uc0c1\ub300\uc758\n\uc2a4\ud53c\ub4dc\ub97c \ub5a8\uc5b4\ub728\ub9b0\ub2e4.",
            "language": {
                "name": "ko",
                "url": "/api/v2/language/3/"
            },
            "version_group": {
                "name": "lets-go-pikachu-lets-go-eevee",
                "url": "/api/v2/version-group/19/"
            }
        },
        {
            "flavor_text": "\u5c0d\u624b\u7528\u653b\u64ca\u63a5\u89f8\u5230\u81ea\u5df1\u6642\uff0c\n\u964d\u4f4e\u6b64\u5c0d\u624b\u7684\u901f\u5ea6\u3002",
            "language": {
                "name": "zh-Hant",
                "url": "/api/v2/language/4/"
            },
            "version_group": {
                "name": "lets-go-pikachu-lets-go-eevee",
                "url": "/api/v2/version-group/19/"
            }
        },
        {
            "flavor_text": "Baisse la Vitesse de l\u2019attaquant lorsque le Pok\u00e9mon\nsubit une attaque directe.",
            "language": {
                "name": "fr",
                "url": "/api/v2/language/5/"
            },
            "version_group": {
                "name": "lets-go-pikachu-lets-go-eevee",
                "url": "/api/v2/version-group/19/"
            }
        },
        {
            "flavor_text": "Senkt bei Ber\u00fchrung im Zuge eines Angriffs die\nInitiative des Angreifers.",
            "language": {
                "name": "de",
                "url": "/api/v2/language/6/"
            },
            "version_group": {
                "name": "lets-go-pikachu-lets-go-eevee",
                "url": "/api/v2/version-group/19/"
            }
        },
        {
            "flavor_text": "Baja la Velocidad del rival cuando este ataca\nal Pok\u00e9mon con un movimiento de contacto.",
            "language": {
                "name": "es",
                "url": "/api/v2/language/7/"
            },
            "version_group": {
                "name": "lets-go-pikachu-lets-go-eevee",
                "url": "/api/v2/version-group/19/"
            }
        },
        {
            "flavor_text": "Se il Pok\u00e9mon viene colpito da un attacco diretto,\nla Velocit\u00e0 di chi l\u2019ha colpito diminuisce.",
            "language": {
                "name": "it",
                "url": "/api/v2/language/8/"
            },
            "version_group": {
                "name": "lets-go-pikachu-lets-go-eevee",
                "url": "/api/v2/version-group/19/"
            }
        },
        {
            "flavor_text": "Contact with the Pok\u00e9mon lowers the attacker\u2019s\nSpeed stat.",
            "language": {
                "name": "en",
                "url": "/api/v2/language/9/"
            },
            "version_group": {
                "name": "lets-go-pikachu-lets-go-eevee",
                "url": "/api/v2/version-group/19/"
            }
        },
        {
            "flavor_text": "\u653b\u6483\u3067\u3000\u81ea\u5206\u306b\u3000\u89e6\u308c\u305f\u3000\u76f8\u624b\u306e\n\u7d20\u65e9\u3055\u3092\u3000\u4e0b\u3052\u308b\u3002",
            "language": {
                "name": "ja",
                "url": "/api/v2/language/11/"
            },
            "version_group": {
                "name": "lets-go-pikachu-lets-go-eevee",
                "url": "/api/v2/version-group/19/"
            }
        },
        {
            "flavor_text": "\u5bf9\u4e8e\u7528\u653b\u51fb\u63a5\u89e6\u5230\u81ea\u5df1\u7684\u5bf9\u624b\uff0c\n\u4f1a\u964d\u4f4e\u5176\u901f\u5ea6\u3002",
            "language": {
                "name": "zh-Hans",
                "url": "/api/v2/language/12/"
            },
            "version_group": {
                "name": "lets-go-pikachu-lets-go-eevee",
                "url": "/api/v2/version-group/19/"
            }
        },
        {
            "flavor_text": "\u3053\u3046\u3052\u304d\u3067\u3000\u3058\u3076\u3093\u306b\u3000\u3075\u308c\u305f\u3000\u3042\u3044\u3066\u306e\n\u3059\u3070\u3084\u3055\u3092\u3000\u3055\u3052\u308b\u3002",
            "language": {
                "name": "ja-Hrkt",
                "url": "/api/v2/language/1/"
            },
            "version_group": {
                "name": "sword-shield",
                "url": "/api/v2/version-group/20/"
            }
        },
        {
            "flavor_text": "\uacf5\uaca9\uc73c\ub85c \uc790\uc2e0\uacfc \uc811\ucd09\ud55c \uc0c1\ub300\uc758\n\uc2a4\ud53c\ub4dc\ub97c \ub5a8\uc5b4\ub728\ub9b0\ub2e4.",
            "language": {
                "name": "ko",
                "url": "/api/v2/language/3/"
            },
            "version_group": {
                "name": "sword-shield",
                "url": "/api/v2/version-group/20/"
            }
        },
        {
            "flavor_text": "\u5c0d\u624b\u7528\u653b\u64ca\u63a5\u89f8\u5230\u81ea\u5df1\u6642\uff0c\n\u964d\u4f4e\u6b64\u5c0d\u624b\u7684\u901f\u5ea6\u3002",
            "language": {
                "name": "zh-Hant",
                "url": "/api/v2/language/4/"
            },
            "version_group": {
                "name": "sword-shield",
                "url": "/api/v2/version-group/20/"
            }
        },
        {
            "flavor_text": "Baisse la Vitesse de l\u2019attaquant lorsque le Pok\u00e9mon\nsubit une attaque directe.",
            "language": {
                "name": "fr",
                "url": "/api/v2/language/5/"
            },
            "version_group": {
                "name": "sword-shield",
                "url": "/api/v2/version-group/20/"
            }
        },
        {
            "flavor_text": "Senkt bei Ber\u00fchrung im Zuge eines Angriffs die\nInitiative des Angreifers.",
            "language": {
                "name": "de",
                "url": "/api/v2/language/6/"
            },
            "version_group": {
                "name": "sword-shield",
                "url": "/api/v2/version-group/20/"
            }
        },
        {
            "flavor_text": "Baja la Velocidad del rival cuando este le ataca con un\nmovimiento de contacto.",
            "language": {
                "name": "es",
                "url": "/api/v2/language/7/"
            },
            "version_group": {
                "name": "sword-shield",
                "url": "/api/v2/version-group/20/"
            }
        },
        {
            "flavor_text": "Se il Pok\u00e9mon viene colpito da un attacco diretto,\nla Velocit\u00e0 di chi l\u2019ha colpito diminuisce.",
            "language": {
                "name": "it",
                "url": "/api/v2/language/8/"
            },
            "version_group": {
                "name": "sword-shield",
                "url": "/api/v2/version-group/20/"
            }
        },
        {
            "flavor_text": "Contact with the Pok\u00e9mon lowers the attacker\u2019s\nSpeed stat.",
            "language": {
                "name": "en",
                "url": "/api/v2/language/9/"
            },
            "version_group": {
                "name": "sword-shield",
                "url": "/api/v2/version-group/20/"
            }
        },
        {
            "flavor_text": "\u653b\u6483\u3067\u3000\u81ea\u5206\u306b\u3000\u89e6\u308c\u305f\u3000\u76f8\u624b\u306e\n\u7d20\u65e9\u3055\u3092\u3000\u4e0b\u3052\u308b\u3002",
            "language": {
                "name": "ja",
                "url": "/api/v2/language/11/"
            },
            "version_group": {
                "name": "sword-shield",
                "url": "/api/v2/version-group/20/"
            }
        },
        {
            "flavor_text": "\u5bf9\u4e8e\u7528\u653b\u51fb\u63a5\u89e6\u5230\u81ea\u5df1\u7684\u5bf9\u624b\uff0c\n\u4f1a\u964d\u4f4e\u5176\u901f\u5ea6\u3002",
            "language": {
                "name": "zh-Hans",
                "url": "/api/v2/language/12/"
            },
            "version_group": {
                "name": "sword-shield",
                "url": "/api/v2/version-group/20/"
            }
        }
    ],
    "generation": {
        "name": "generation-vii",
        "url": "/api/v2/generation/7/"
    },
    "id": 221,
    "is_main_series": true,
    "name": "tangling-hair",
    "names": [
        {
            "language": {
                "name": "ja-Hrkt",
                "url": "/api/v2/language/1/"
            },
            "name": "\u30ab\u30fc\u30ea\u30fc\u30d8\u30a2\u30fc"
        },
        {
            "language": {
                "name": "ko",
                "url": "/api/v2/language/3/"
            },
            "name": "\uceec\ub9ac\ud5e4\uc5b4"
        },
        {
            "language": {
                "name": "zh-Hant",
                "url": "/api/v2/language/4/"
            },
            "name": "\u6372\u9aee"
        },
        {
            "language": {
                "name": "fr",
                "url": "/api/v2/language/5/"
            },
            "name": "M\u00e8che Rebelle"
        },
        {
            "language": {
                "name": "de",
                "url": "/api/v2/language/6/"
            },
            "name": "Lockenkopf"
        },
        {
            "language": {
                "name": "es",
                "url": "/api/v2/language/7/"
            },
            "name": "Rizos Rebeldes"
        },
        {
            "language": {
                "name": "it",
                "url": "/api/v2/language/8/"
            },
            "name": "Boccolidoro"
        },
        {
            "language": {
                "name": "en",
                "url": "/api/v2/language/9/"
            },
            "name": "Tangling Hair"
        },
        {
            "language": {
                "name": "ja",
                "url": "/api/v2/language/11/"
            },
            "name": "\u30ab\u30fc\u30ea\u30fc\u30d8\u30a2\u30fc"
        },
        {
            "language": {
                "name": "zh-Hans",
                "url": "/api/v2/language/12/"
            },
            "name": "\u5377\u53d1"
        }
    ],
    "pokemon": [
        {
            "is_hidden": false,
            "pokemon": {
                "name": "diglett-alola",
                "url": "/api/v2/pokemon/10105/"
            },
            "slot": 2
        },
        {
            "is_hidden": false,
            "pokemon": {
                "name": "dugtrio-alola",
                "url": "/api/v2/pokemon/10106/"
            },
            "slot": 2
        }
    ]
}