{
    "effect_changes": [],
    "effect_entries": [
        {
            "effect": "Attacken von Pok\u00e9mon mit dieser F\u00e4higkeit treten doppelt so h\u00e4ufig auf wie normal.\n\nEin Zusatzeffekt ist die Chance einer Attacke, als \"Effectchance\" bezeichnet, eine status ailment oder eine stat modifier hervorzurufen oder das Ziel zur\u00fcckschrecken zu lassen, zus\u00e4tzlich zum Haupteffekt einer Attacke. Zum Beispiel ist die paralysis die thunder shock verursachen kann ein Zusatzeffekt, im Gegensatz zu thunder wave, genauso wie das Entfernen des Items durch knock off und das Erh\u00f6hen der kritischen Trefferchance durch air cutter.\n\nsecret power ist davon unber\u00fchrt.",
            "language": {
                "name": "de",
                "url": "/api/v2/language/6/"
            },
            "short_effect": "Verdoppelt die Chance das ein Zusatzeffekt beim Einsatz einer Attacke auftritt"
        },
        {
            "effect": "This Pok\u00e9mon's moves have twice their usual effect chance.\n\nAn effect chance is a move's chance to inflict a status ailment, cause a stat change, or make the target flinch in addition to the move's main effect.  For example, flamethrower's chance of burning the target is doubled, but protect's chance of success and air cutter's increased critical hit rate are unaffected.\n\nsecret power is unaffected.",
            "language": {
                "name": "en",
                "url": "/api/v2/language/9/"
            },
            "short_effect": "Doubles the chance of moves' extra effects occurring."
        }
    ],
    "flavor_text_entries": [
        {
            "flavor_text": "Promotes added effects.",
            "language": {
                "name": "en",
                "url": "/api/v2/language/9/"
            },
            "version_group": {
                "name": "ruby-sapphire",
                "url": "/api/v2/version-group/5/"
            }
        },
        {
            "flavor_text": "Promotes added effects.",
            "language": {
                "name": "en",
                "url": "/api/v2/language/9/"
            },
            "version_group": {
                "name": "emerald",
                "url": "/api/v2/version-group/6/"
            }
        },
        {
            "flavor_text": "Promotes added effects.",
            "language": {
                "name": "en",
                "url": "/api/v2/language/9/"
            },
            "version_group": {
                "name": "firered-leafgreen",
                "url": "/api/v2/version-group/7/"
            }
        },
        {
            "flavor_text": "Boosts the likelihood of\nadded effects appearing.",
            "language": {
                "name": "en",
                "url": "/api/v2/language/9/"
            },
            "version_group": {
                "name": "diamond-pearl",
                "url": "/api/v2/version-group/8/"
            }
        },
        {
            "flavor_text": "Boosts the likelihood of\nadded effects appearing.",
            "language": {
                "name": "en",
                "url": "/api/v2/language/9/"
            },
            "version_group": {
                "name": "platinum",
                "url": "/api/v2/version-group/9/"
            }
        },
        {
            "flavor_text": "Boosts the likelihood of\nadded effects appearing.",
            "language": {
                "name": "en",
                "url": "/api/v2/language/9/"
            },
            "version_group": {
                "name": "heartgold-soulsilver",
                "url": "/api/v2/version-group/10/"
            }
        },
        {
            "flavor_text": "Augmente la fr\u00e9quence\ndu cumul d\u2019effets.",
            "language": {
                "name": "fr",
                "url": "/api/v2/language/5/"
            },
            "version_group": {
                "name": "black-white",
                "url": "/api/v2/version-group/11/"
            }
        },
        {
            "flavor_text": "Boosts the likelihood of\nadded effects appearing.",
            "language": {
                "name": "en",
                "url": "/api/v2/language/9/"
            },
            "version_group": {
                "name": "black-white",
                "url": "/api/v2/version-group/11/"
            }
        },
        {
            "flavor_text": "Boosts the likelihood of\nadded effects appearing.",
            "language": {
                "name": "en",
                "url": "/api/v2/language/9/"
            },
            "version_group": {
                "name": "black-2-white-2",
                "url": "/api/v2/version-group/14/"
            }
        },
        {
            "flavor_text": "\u308f\u3056\u306e\u3000\u3064\u3044\u304b\u3053\u3046\u304b\u304c\n\u3067\u3084\u3059\u3044\u3002",
            "language": {
                "name": "ja-Hrkt",
                "url": "/api/v2/language/1/"
            },
            "version_group": {
                "name": "x-y",
                "url": "/api/v2/version-group/15/"
            }
        },
        {
            "flavor_text": "\uae30\uc220\uc758 \ucd94\uac00 \ud6a8\uacfc\uac00\n\ub098\uc624\uae30 \uc27d\ub2e4.",
            "language": {
                "name": "ko",
                "url": "/api/v2/language/3/"
            },
            "version_group": {
                "name": "x-y",
                "url": "/api/v2/version-group/15/"
            }
        },
        {
            "flavor_text": "Augmente la fr\u00e9quence du cumul\nd\u2019effets.",
            "language": {
                "name": "fr",
                "url": "/api/v2/language/5/"
            },
            "version_group": {
                "name": "x-y",
                "url": "/api/v2/version-group/15/"
            }
        },
        {
            "flavor_text": "Erh\u00f6ht Chance auf Zusatz-Effekte.",
            "language": {
                "name": "de",
                "url": "/api/v2/language/6/"
            },
            "version_group": {
                "name": "x-y",
                "url": "/api/v2/version-group/15/"
            }
        },
        {
            "flavor_text": "Aumenta la probabilidad de que\nhaya efectos secundarios.",
            "language": {
                "name": "es",
                "url": "/api/v2/language/7/"
            },
            "version_group": {
                "name": "x-y",
                "url": "/api/v2/version-group/15/"
            }
        },
        {
            "flavor_text": "Gli effetti secondari delle mosse\nsono pi\u00f9 probabili.",
            "language": {
                "name": "it",
                "url": "/api/v2/language/8/"
            },
            "version_group": {
                "name": "x-y",
                "url": "/api/v2/version-group/15/"
            }
        },
        {
            "flavor_text": "Boosts the likelihood of\nadditional effects occurring.",
            "language": {
                "name": "en",
                "url": "/api/v2/language/9/"
            },
            "version_group": {
                "name": "x-y",
                "url": "/api/v2/version-group/15/"
            }
        },
        {
            "flavor_text": "\u6280\u306e\u3000\u8ffd\u52a0\u52b9\u679c\u304c\n\u3067\u3084\u3059\u3044\u3002",
            "language": {
                "name": "ja",
                "url": "/api/v2/language/11/"
            },
            "version_group": {
                "name": "x-y",
                "url": "/api/v2/version-group/15/"
            }
        },
        {
            "flavor_text": "\u308f\u3056\u306e\u3000\u3064\u3044\u304b\u3053\u3046\u304b\u304c\n\u3067\u3084\u3059\u3044\u3002",
            "language": {
                "name": "ja-Hrkt",
                "url": "/api/v2/language/1/"
            },
            "version_group": {
                "name": "omega-ruby-alpha-sapphire",
                "url": "/api/v2/version-group/16/"
            }
        },
        {
            "flavor_text": "\uae30\uc220\uc758 \ucd94\uac00 \ud6a8\uacfc\uac00\n\ub098\uc624\uae30 \uc27d\ub2e4.",
            "language": {
                "name": "ko",
                "url": "/api/v2/language/3/"
            },
            "version_group": {
                "name": "omega-ruby-alpha-sapphire",
                "url": "/api/v2/version-group/16/"
            }
        },
        {
            "flavor_text": "Augmente la fr\u00e9quence du cumul\nd\u2019effets.",
            "language": {
                "name": "fr",
                "url": "/api/v2/language/5/"
            },
            "version_group": {
                "name": "omega-ruby-alpha-sapphire",
                "url": "/api/v2/version-group/16/"
            }
        },
        {
            "flavor_text": "Erh\u00f6ht Chance auf Zusatz-Effekte.",
            "language": {
                "name": "de",
                "url": "/api/v2/language/6/"
            },
            "version_group": {
                "name": "omega-ruby-alpha-sapphire",
                "url": "/api/v2/version-group/16/"
            }
        },
        {
            "flavor_text": "Aumenta la probabilidad de que\nhaya efectos secundarios.",
            "language": {
                "name": "es",
                "url": "/api/v2/language/7/"
            },
            "version_group": {
                "name": "omega-ruby-alpha-sapphire",
                "url": "/api/v2/version-group/16/"
            }
        },
        {
            "flavor_text": "Gli effetti secondari delle mosse\nsono pi\u00f9 probabili.",
            "language": {
                "name": "it",
                "url": "/api/v2/language/8/"
            },
            "version_group": {
                "name": "omega-ruby-alpha-sapphire",
                "url": "/api/v2/version-group/16/"
            }
        },
        {
            "flavor_text": "Boosts the likelihood of\nadditional effects occurring.",
            "language": {
                "name": "en",
                "url": "/api/v2/language/9/"
            },
            "version_group": {
                "name": "omega-ruby-alpha-sapphire",
                "url": "/api/v2/version-group/16/"
            }
        },
        {
            "flavor_text": "\u6280\u306e\u3000\u8ffd\u52a0\u52b9\u679c\u304c\n\u3067\u3084\u3059\u3044\u3002",
            "language": {
                "name": "ja",
                "url": "/api/v2/language/11/"
            },
            "version_group": {
                "name": "omega-ruby-alpha-sapphire",
                "url": "/api/v2/version-group/16/"
            }
        },
        {
            "flavor_text": "\u3066\u3093\u306e\u3081\u3050\u307f\u306e\u3000\u304a\u304b\u3052\u3067\n\u308f\u3056\u306e\u3000\u3064\u3044\u304b\u3053\u3046\u304b\u304c\u3000\u3067\u3084\u3059\u3044\u3002",
            "language": {
                "name": "ja-Hrkt",
                "url": "/api/v2/language/1/"
            },
            "version_group": {
                "name": "sun-moon",
                "url": "/api/v2/version-group/17/"
            }
        },
        {
            "flavor_text": "\ud558\ub298\uc758 \uc740\ucd1d \ub355\ubd84\uc5d0\n\uae30\uc220\uc758 \ucd94\uac00 \ud6a8\uacfc\uac00 \ub098\uc624\uae30 \uc27d\ub2e4.",
            "language": {
                "name": "ko",
                "url": "/api/v2/language/3/"
            },
            "version_group": {
                "name": "sun-moon",
                "url": "/api/v2/version-group/17/"
            }
        },
        {
            "flavor_text": "\u53d7\u5230\u4e0a\u5929\u4fdd\u4f51\uff0c\n\u5bb9\u6613\u51fa\u73fe\u62db\u5f0f\u7684\u8ffd\u52a0\u6548\u679c\u3002",
            "language": {
                "name": "zh-Hant",
                "url": "/api/v2/language/4/"
            },
            "version_group": {
                "name": "sun-moon",
                "url": "/api/v2/version-group/17/"
            }
        },
        {
            "flavor_text": "Augmente les chances d\u2019infliger des effets\nadditionnels.",
            "language": {
                "name": "fr",
                "url": "/api/v2/language/5/"
            },
            "version_group": {
                "name": "sun-moon",
                "url": "/api/v2/version-group/17/"
            }
        },
        {
            "flavor_text": "Erh\u00f6ht die Wahrscheinlichkeit, dass Zusatzeffekte\nvon Attacken auftreten.",
            "language": {
                "name": "de",
                "url": "/api/v2/language/6/"
            },
            "version_group": {
                "name": "sun-moon",
                "url": "/api/v2/version-group/17/"
            }
        },
        {
            "flavor_text": "Aumenta la probabilidad de que los movimientos\ncausen efectos secundarios.",
            "language": {
                "name": "es",
                "url": "/api/v2/language/7/"
            },
            "version_group": {
                "name": "sun-moon",
                "url": "/api/v2/version-group/17/"
            }
        },
        {
            "flavor_text": "Gli effetti secondari delle mosse sono pi\u00f9 probabili.",
            "language": {
                "name": "it",
                "url": "/api/v2/language/8/"
            },
            "version_group": {
                "name": "sun-moon",
                "url": "/api/v2/version-group/17/"
            }
        },
        {
            "flavor_text": "Boosts the likelihood of additional effects occurring \nwhen attacking.",
            "language": {
                "name": "en",
                "url": "/api/v2/language/9/"
            },
            "version_group": {
                "name": "sun-moon",
                "url": "/api/v2/version-group/17/"
            }
        },
        {
            "flavor_text": "\u5929\u306e\u6075\u307f\u306e\u3000\u304a\u304b\u3052\u3067\n\u6280\u306e\u3000\u8ffd\u52a0\u52b9\u679c\u304c\u3000\u3067\u3084\u3059\u3044\u3002",
            "language": {
                "name": "ja",
                "url": "/api/v2/language/11/"
            },
            "version_group": {
                "name": "sun-moon",
                "url": "/api/v2/version-group/17/"
            }
        },
        {
            "flavor_text": "\u6258\u5929\u6069\u7684\u798f\uff0c\n\u62db\u5f0f\u7684\u8ffd\u52a0\u6548\u679c\u5bb9\u6613\u51fa\u73b0\u3002",
            "language": {
                "name": "zh-Hans",
                "url": "/api/v2/language/12/"
            },
            "version_group": {
                "name": "sun-moon",
                "url": "/api/v2/version-group/17/"
            }
        },
        {
            "flavor_text": "\u3066\u3093\u306e\u3081\u3050\u307f\u306e\u3000\u304a\u304b\u3052\u3067\n\u308f\u3056\u306e\u3000\u3064\u3044\u304b\u3053\u3046\u304b\u304c\u3000\u3067\u3084\u3059\u3044\u3002",
            "language": {
                "name": "ja-Hrkt",
                "url": "/api/v2/language/1/"
            },
            "version_group": {
                "name": "ultra-sun-ultra-moon",
                "url": "/api/v2/version-group/18/"
            }
        },
        {
            "flavor_text": "\ud558\ub298\uc758 \uc740\ucd1d \ub355\ubd84\uc5d0\n\uae30\uc220\uc758 \ucd94\uac00 \ud6a8\uacfc\uac00 \ub098\uc624\uae30 \uc27d\ub2e4.",
            "language": {
                "name": "ko",
                "url": "/api/v2/language/3/"
            },
            "version_group": {
                "name": "ultra-sun-ultra-moon",
                "url": "/api/v2/version-group/18/"
            }
        },
        {
            "flavor_text": "\u53d7\u5230\u4e0a\u5929\u4fdd\u4f51\uff0c\n\u5bb9\u6613\u51fa\u73fe\u62db\u5f0f\u7684\u8ffd\u52a0\u6548\u679c\u3002",
            "language": {
                "name": "zh-Hant",
                "url": "/api/v2/language/4/"
            },
            "version_group": {
                "name": "ultra-sun-ultra-moon",
                "url": "/api/v2/version-group/18/"
            }
        },
        {
            "flavor_text": "Augmente les chances d\u2019infliger des effets\nadditionnels.",
            "language": {
                "name": "fr",
                "url": "/api/v2/language/5/"
            },
            "version_group": {
                "name": "ultra-sun-ultra-moon",
                "url": "/api/v2/version-group/18/"
            }
        },
        {
            "flavor_text": "Erh\u00f6ht die Wahrscheinlichkeit, dass Zusatzeffekte\nvon Attacken auftreten.",
            "language": {
                "name": "de",
                "url": "/api/v2/language/6/"
            },
            "version_group": {
                "name": "ultra-sun-ultra-moon",
                "url": "/api/v2/version-group/18/"
            }
        },
        {
            "flavor_text": "Aumenta la probabilidad de que los movimientos\ncausen efectos secundarios.",
            "language": {
                "name": "es",
                "url": "/api/v2/language/7/"
            },
            "version_group": {
                "name": "ultra-sun-ultra-moon",
                "url": "/api/v2/version-group/18/"
            }
        },
        {
            "flavor_text": "Gli effetti secondari delle mosse sono pi\u00f9 probabili.",
            "language": {
                "name": "it",
                "url": "/api/v2/language/8/"
            },
            "version_group": {
                "name": "ultra-sun-ultra-moon",
                "url": "/api/v2/version-group/18/"
            }
        },
        {
            "flavor_text": "Boosts the likelihood of additional effects occurring \nwhen attacking.",
            "language": {
                "name": "en",
                "url": "/api/v2/language/9/"
            },
            "version_group": {
                "name": "ultra-sun-ultra-moon",
                "url": "/api/v2/version-group/18/"
            }
        },
        {
            "flavor_text": "\u5929\u306e\u6075\u307f\u306e\u3000\u304a\u304b\u3052\u3067\n\u6280\u306e\u3000\u8ffd\u52a0\u52b9\u679c\u304c\u3000\u3067\u3084\u3059\u3044\u3002",
            "language": {
                "name": "ja",
                "url": "/api/v2/language/11/"
            },
            "version_group": {
                "name": "ultra-sun-ultra-moon",
                "url": "/api/v2/version-group/18/"
            }
        },
        {
            "flavor_text": "\u6258\u5929\u6069\u7684\u798f\uff0c\n\u62db\u5f0f\u7684\u8ffd\u52a0\u6548\u679c\u5bb9\u6613\u51fa\u73b0\u3002",
            "language": {
                "name": "zh-Hans",
                "url": "/api/v2/language/12/"
            },
            "version_group": {
                "name": "ultra-sun-ultra-moon",
                "url": "/api/v2/version-group/18/"
            }
        },
        {
            "flavor_text": "\u3066\u3093\u306e\u3081\u3050\u307f\u306e\u3000\u304a\u304b\u3052\u3067\n\u308f\u3056\u306e\u3000\u3064\u3044\u304b\u3053\u3046\u304b\u304c\u3000\u3067\u3084\u3059\u3044\u3002",
            "language": {
                "name": "ja-Hrkt",
                "url": "/api/v2/language/1/"
            },
            "version_group": {
                "name": "lets-go-pikachu-lets-go-eevee",
                "url": "/api/v2/version-group/19/"
            }
        },
        {
            "flavor_text": "\ud558\ub298\uc758 \uc740\ucd1d \ub355\ubd84\uc5d0\n\uae30\uc220\uc758 \ucd94\uac00 \ud6a8\uacfc\uac00 \ub098\uc624\uae30 \uc27d\ub2e4.",
            "language": {
                "name": "ko",
                "url": "/api/v2/language/3/"
            },
            "version_group": {
                "name": "lets-go-pikachu-lets-go-eevee",
                "url": "/api/v2/version-group/19/"
            }
        },
        {
            "flavor_text": "\u53d7\u5230\u4e0a\u5929\u4fdd\u4f51\uff0c\n\u5bb9\u6613\u51fa\u73fe\u62db\u5f0f\u7684\u8ffd\u52a0\u6548\u679c\u3002",
            "language": {
                "name": "zh-Hant",
                "url": "/api/v2/language/4/"
            },
            "version_group": {
                "name": "lets-go-pikachu-lets-go-eevee",
                "url": "/api/v2/version-group/19/"
            }
        },
        {
            "flavor_text": "Augmente les chances d\u2019infliger des effets\nadditionnels.",
            "language": {
                "name": "fr",
                "url": "/api/v2/language/5/"
            },
            "version_group": {
                "name": "lets-go-pikachu-lets-go-eevee",
                "url": "/api/v2/version-group/19/"
            }
        },
        {
            "flavor_text": "Erh\u00f6ht die Wahrscheinlichkeit, dass Zusatzeffekte\nvon Attacken auftreten.",
            "language": {
                "name": "de",
                "url": "/api/v2/language/6/"
            },
            "version_group": {
                "name": "lets-go-pikachu-lets-go-eevee",
                "url": "/api/v2/version-group/19/"
            }
        },
        {
            "flavor_text": "Aumenta la probabilidad de que los movimientos\ncausen efectos secundarios.",
            "language": {
                "name": "es",
                "url": "/api/v2/language/7/"
            },
            "version_group": {
                "name": "lets-go-pikachu-lets-go-eevee",
                "url": "/api/v2/version-group/19/"
            }
        },
        {
            "flavor_text": "Gli effetti secondari delle mosse sono pi\u00f9 probabili.",
            "language": {
                "name": "it",
                "url": "/api/v2/language/8/"
            },
            "version_group": {
                "name": "lets-go-pikachu-lets-go-eevee",
                "url": "/api/v2/version-group/19/"
            }
        },
        {
            "flavor_text": "Boosts the likelihood of additional effects occurring\nwhen attacking.",
            "language": {
                "name": "en",
                "url": "/api/v2/language/9/"
            },
            "version_group": {
                "name": "lets-go-pikachu-lets-go-eevee",
                "url": "/api/v2/version-group/19/"
            }
        },
        {
            "flavor_text": "\u5929\u306e\u6075\u307f\u306e\u3000\u304a\u304b\u3052\u3067\n\u6280\u306e\u3000\u8ffd\u52a0\u52b9\u679c\u304c\u3000\u3067\u3084\u3059\u3044\u3002",
            "language": {
                "name": "ja",
                "url": "/api/v2/language/11/"
            },
            "version_group": {
                "name": "lets-go-pikachu-lets-go-eevee",
                "url": "/api/v2/version-group/19/"
            }
        },
        {
            "flavor_text": "\u6258\u5929\u6069\u7684\u798f\uff0c\n\u62db\u5f0f\u7684\u8ffd\u52a0\u6548\u679c\u5bb9\u6613\u51fa\u73b0\u3002",
            "language": {
                "name": "zh-Hans",
                "url": "/api/v2/language/12/"
            },
            "version_group": {
                "name": "lets-go-pikachu-lets-go-eevee",
                "url": "/api/v2/version-group/19/"
            }
        },
        {
            "flavor_text": "\u3066\u3093\u306e\u3081\u3050\u307f\u306e\u3000\u304a\u304b\u3052\u3067\n\u308f\u3056\u306e\u3000\u3064\u3044\u304b\u3053\u3046\u304b\u304c\u3000\u3067\u3084\u3059\u3044\u3002",
            "language": {
                "name": "ja-Hrkt",
                "url": "/api/v2/language/1/"
            },
            "version_group": {
                "name": "sword-shield",
                "url": "/api/v2/version-group/20/"
            }
        },
        {
            "flavor_text": "\ud558\ub298\uc758 \uc740\ucd1d \ub355\ubd84\uc5d0\n\uae30\uc220\uc758 \ucd94\uac00 \ud6a8\uacfc\uac00 \ub098\uc624\uae30 \uc27d\ub2e4.",
            "language": {
                "name": "ko",
                "url": "/api/v2/language/3/"
            },
            "version_group": {
                "name": "sword-shield",
                "url": "/api/v2/version-group/20/"
            }
        },
        {
            "flavor_text": "\u53d7\u5230\u4e0a\u5929\u4fdd\u4f51\uff0c\n\u5bb9\u6613\u51fa\u73fe\u62db\u5f0f\u7684\u8ffd\u52a0\u6548\u679c\u3002",
            "language": {
                "name": "zh-Hant",
                "url": "/api/v2/language/4/"
            },
            "version_group": {
                "name": "sword-shield",
                "url": "/api/v2/version-group/20/"
            }
        },
        {
            "flavor_text": "Augmente les chances d\u2019infliger des effets additionnels.",
            "language": {
                "name": "fr",
                "url": "/api/v2/language/5/"
            },
            "version_group": {
                "name": "sword-shield",
                "url": "/api/v2/version-group/20/"
            }
        },
        {
            "flavor_text": "Erh\u00f6ht die Wahrscheinlichkeit, dass Zusatzeffekte von\nAttacken auftreten.",
            "language": {
                "name": "de",
                "url": "/api/v2/language/6/"
            },
            "version_group": {
                "name": "sword-shield",
                "url": "/api/v2/version-group/20/"
            }
        },
        {
            "flavor_text": "Aumenta la probabilidad de que los movimientos\ncausen efectos secundarios.",
            "language": {
                "name": "es",
                "url": "/api/v2/language/7/"
            },
            "version_group": {
                "name": "sword-shield",
                "url": "/api/v2/version-group/20/"
            }
        },
        {
            "flavor_text": "Rende pi\u00f9 probabili gli effetti aggiuntivi delle mosse.",
            "language": {
                "name": "it",
                "url": "/api/v2/language/8/"
            },
            "version_group": {
                "name": "sword-shield",
                "url": "/api/v2/version-group/20/"
            }
        },
        {
            "flavor_text": "Boosts the likelihood of additional effects occurring\nwhen attacking.",
            "language": {
                "name": "en",
                "url": "/api/v2/language/9/"
            },
            "version_group": {
                "name": "sword-shield",
                "url": "/api/v2/version-group/20/"
            }
        },
        {
            "flavor_text": "\u5929\u306e\u6075\u307f\u306e\u3000\u304a\u304b\u3052\u3067\n\u6280\u306e\u3000\u8ffd\u52a0\u52b9\u679c\u304c\u3000\u3067\u3084\u3059\u3044\u3002",
            "language": {
                "name": "ja",
                "url": "/api/v2/language/11/"
            },
            "version_group": {
                "name": "sword-shield",
                "url": "/api/v2/version-group/20/"
            }
        },
        {
            "flavor_text": "\u6258\u5929\u6069\u7684\u798f\uff0c\n\u62db\u5f0f\u7684\u8ffd\u52a0\u6548\u679c\u5bb9\u6613\u51fa\u73b0\u3002",
            "language": {
                "name": "zh-Hans",
                "url": "/api/v2/language/12/"
            },
            "version_group": {
                "name": "sword-shield",
                "url": "/api/v2/version-group/20/"
            }
        }
    ],
    "generation": {
        "name": "generation-iii",
        "url": "/api/v2/generation/3/"
    },
    "id": 32,
    "is_main_series": true,
    "name": "serene-grace",
    "names": [
        {
            "language": {
                "name": "ja-Hrkt",
                "url": "/api/v2/language/1/"
            },
            "name": "\u3066\u3093\u306e\u3081\u3050\u307f"
        },
        {
            "language": {
                "name": "ko",
                "url": "/api/v2/language/3/"
            },
            "name": "\ud558\ub298\uc758\uc740\ucd1d"
        },
        {
            "language": {
                "name": "zh-Hant",
                "url": "/api/v2/language/4/"
            },
            "name": "\u5929\u6069"
        },
        {
            "language": {
                "name": "fr",
                "url": "/api/v2/language/5/"
            },
            "name": "S\u00e9r\u00e9nit\u00e9"
        },
        {
            "language": {
                "name": "de",
                "url": "/api/v2/language/6/"
            },
            "name": "Edelmut"
        },
        {
            "language": {
                "name": "es",
                "url": "/api/v2/language/7/"
            },
            "name": "Dicha"
        },
        {
            "language": {
                "name": "it",
                "url": "/api/v2/language/8/"
            },
            "name": "Leggiadro"
        },
        {
            "language": {
                "name": "en",
                "url": "/api/v2/language/9/"
            },
            "name": "Serene Grace"
        },
        {
            "language": {
                "name": "ja",
                "url": "/api/v2/language/11/"
            },
            "name": "\u3066\u3093\u306e\u3081\u3050\u307f"
        },
        {
            "language": {
                "name": "zh-Hans",
                "url": "/api/v2/language/12/"
            },
            "name": "\u5929\u6069"
        }
    ],
    "pokemon": [
        {
            "is_hidden": false,
            "pokemon": {
                "name": "chansey",
                "url": "/api/v2/pokemon/113/"
            },
            "slot": 2
        },
        {
            "is_hidden": false,
            "pokemon": {
                "name": "togepi",
                "url": "/api/v2/pokemon/175/"
            },
            "slot": 2
        },
        {
            "is_hidden": false,
            "pokemon": {
                "name": "togetic",
                "url": "/api/v2/pokemon/176/"
            },
            "slot": 2
        },
        {
            "is_hidden": false,
            "pokemon": {
                "name": "dunsparce",
                "url": "/api/v2/pokemon/206/"
            },
            "slot": 1
        },
        {
            "is_hidden": false,
            "pokemon": {
                "name": "blissey",
                "url": "/api/v2/pokemon/242/"
            },
            "slot": 2
        },
        {
            "is_hidden": false,
            "pokemon": {
                "name": "jirachi",
                "url": "/api/v2/pokemon/385/"
            },
            "slot": 1
        },
        {
            "is_hidden": false,
            "pokemon": {
                "name": "happiny",
                "url": "/api/v2/pokemon/440/"
            },
            "slot": 2
        },
        {
            "is_hidden": false,
            "pokemon": {
                "name": "togekiss",
                "url": "/api/v2/pokemon/468/"
            },
            "slot": 2
        },
        {
            "is_hidden": true,
            "pokemon": {
                "name": "deerling",
                "url": "/api/v2/pokemon/585/"
            },
            "slot": 3
        },
        {
            "is_hidden": true,
            "pokemon": {
                "name": "sawsbuck",
                "url": "/api/v2/pokemon/586/"
            },
            "slot": 3
        },
        {
            "is_hidden": false,
            "pokemon": {
                "name": "meloetta-aria",
                "url": "/api/v2/pokemon/648/"
            },
            "slot": 1
        },
        {
            "is_hidden": false,
            "pokemon": {
                "name": "dudunsparce",
                "url": "/api/v2/pokemon/982/"
            },
            "slot": 1
        },
        {
            "is_hidden": false,
            "pokemon": {
                "name": "shaymin-sky",
                "url": "/api/v2/pokemon/10006/"
            },
            "slot": 1
        },
        {
            "is_hidden": false,
            "pokemon": {
                "name": "meloetta-pirouette",
                "url": "/api/v2/pokemon/10018/"
            },
            "slot": 1
        },
        {
            "is_hidden": false,
            "pokemon": {
                "name": "dudunsparce-three-segment",
                "url": "/api/v2/pokemon/10255/"
            },
            "slot": 1
        }
    ]
}