{
    "berries": [
        {
            "name": "pecha",
            "url": "/api/v2/berry/3/"
        },
        {
            "name": "pamtre",
            "url": "/api/v2/berry/32/"
        },
        {
            "name": "belue",
            "url": "/api/v2/berry/35/"
        },
        {
            "name": "wacan",
            "url": "/api/v2/berry/38/"
        },
        {
            "name": "tanga",
            "url": "/api/v2/berry/46/"
        },
        {
            "name": "charti",
            "url": "/api/v2/berry/47/"
        },
        {
            "name": "chilan",
            "url": "/api/v2/berry/52/"
        },
        {
            "name": "rowap",
            "url": "/api/v2/berry/64/"
        }
    ],
    "id": 1,
    "name": "very-soft",
    "names": [
        {
            "language": {
                "name": "ja-Hrkt",
                "url": "/api/v2/language/1/"
            },
            "name": "\u3068\u3066\u3082\u3084\u308f\u3089\u304b\u3044"
        },
        {
            "language": {
                "name": "zh-Hant",
                "url": "/api/v2/language/4/"
            },
            "name": "\u5f88\u67d4\u8edf"
        },
        {
            "language": {
                "name": "fr",
                "url": "/api/v2/language/5/"
            },
            "name": "Tr\u00e8s tendre"
        },
        {
            "language": {
                "name": "es",
                "url": "/api/v2/language/7/"
            },
            "name": "Muy blanda"
        },
        {
            "language": {
                "name": "en",
                "url": "/api/v2/language/9/"
            },
            "name": "Very Soft"
        },
        {
            "language": {
                "name": "zh-Hans",
                "url": "/api/v2/language/12/"
            },
            "name": "\u5f88\u67d4\u8f6f"
        }
    ]
}