{
    "effect_changes": [],
    "effect_entries": [
        {
            "effect": "W\u00e4hrend es regnet, hagelt oder bei starkem Sonnenlicht, \u00e4ndert sich der Typ des Pok\u00e9mons zu water, ice oder fire, respektive. Au\u00dferdem \u00e4ndert sich seine Form entsprechend.\n\nDie F\u00e4higkeit hat keinen Effekt f\u00fcr jedes andere Pok\u00e9mon au\u00dfer castform.\n\nWenn das weather endet oder sich zu einem \u00e4ndert welches diese F\u00e4higkeit nicht beeinflusst, oder wenn ein Pok\u00e9mon mit air lock oder cloud nine den Kampf betritt, werden Typ und Form auf den Normalwert zur\u00fcckgesetzt. Wenn die F\u00e4higkeit deaktiviert oder ausgetauscht wird, kann das Pok\u00e9mon seine Form nicht \u00e4ndern, bis es sie wiedererlangt.",
            "language": {
                "name": "de",
                "url": "/api/v2/language/6/"
            },
            "short_effect": "\u00c4ndert den Typ von castform zu dem des Wetters."
        },
        {
            "effect": "During rain, strong sunlight, or hail, this Pok\u00e9mon's type changes to water, fire, or ice, respectively, and its form changes to match.\n\nThis ability has no effect for any Pok\u00e9mon other than castform.\n\nIf the weather ends or becomes anything that does not trigger this ability, or a Pok\u00e9mon with air lock or cloud nine enters battle, this Pok\u00e9mon's type and form revert to their default.  If this ability is lost or disabled, this Pok\u00e9mon cannot change its current type and form until it regains its ability.",
            "language": {
                "name": "en",
                "url": "/api/v2/language/9/"
            },
            "short_effect": "Changes castform's type and form to match the weather."
        }
    ],
    "flavor_text_entries": [
        {
            "flavor_text": "Changes with the weather.",
            "language": {
                "name": "en",
                "url": "/api/v2/language/9/"
            },
            "version_group": {
                "name": "ruby-sapphire",
                "url": "/api/v2/version-group/5/"
            }
        },
        {
            "flavor_text": "Changes with the weather.",
            "language": {
                "name": "en",
                "url": "/api/v2/language/9/"
            },
            "version_group": {
                "name": "emerald",
                "url": "/api/v2/version-group/6/"
            }
        },
        {
            "flavor_text": "Changes with the weather.",
            "language": {
                "name": "en",
                "url": "/api/v2/language/9/"
            },
            "version_group": {
                "name": "firered-leafgreen",
                "url": "/api/v2/version-group/7/"
            }
        },
        {
            "flavor_text": "CASTFORM transforms with\nthe weather.",
            "language": {
                "name": "en",
                "url": "/api/v2/language/9/"
            },
            "version_group": {
                "name": "diamond-pearl",
                "url": "/api/v2/version-group/8/"
            }
        },
        {
            "flavor_text": "CASTFORM transforms with\nthe weather.",
            "language": {
                "name": "en",
                "url": "/api/v2/language/9/"
            },
            "version_group": {
                "name": "platinum",
                "url": "/api/v2/version-group/9/"
            }
        },
        {
            "flavor_text": "CASTFORM transforms with\nthe weather.",
            "language": {
                "name": "en",
                "url": "/api/v2/language/9/"
            },
            "version_group": {
                "name": "heartgold-soulsilver",
                "url": "/api/v2/version-group/10/"
            }
        },
        {
            "flavor_text": "Morph\u00e9o change de forme\nselon le climat.",
            "language": {
                "name": "fr",
                "url": "/api/v2/language/5/"
            },
            "version_group": {
                "name": "black-white",
                "url": "/api/v2/version-group/11/"
            }
        },
        {
            "flavor_text": "Castform transforms with\nthe weather.",
            "language": {
                "name": "en",
                "url": "/api/v2/language/9/"
            },
            "version_group": {
                "name": "black-white",
                "url": "/api/v2/version-group/11/"
            }
        },
        {
            "flavor_text": "Castform transforms with\nthe weather.",
            "language": {
                "name": "en",
                "url": "/api/v2/language/9/"
            },
            "version_group": {
                "name": "black-2-white-2",
                "url": "/api/v2/version-group/14/"
            }
        },
        {
            "flavor_text": "\u3066\u3093\u304d\u3067\u3000\u30dd\u30ef\u30eb\u30f3\u304c\n\u3078\u3093\u304b\u3059\u308b\u3002",
            "language": {
                "name": "ja-Hrkt",
                "url": "/api/v2/language/1/"
            },
            "version_group": {
                "name": "x-y",
                "url": "/api/v2/version-group/15/"
            }
        },
        {
            "flavor_text": "\ub0a0\uc528\uc5d0 \ub530\ub77c\n\uce90\uc2a4\ud401\uc774 \ubcc0\ud654\ud55c\ub2e4.",
            "language": {
                "name": "ko",
                "url": "/api/v2/language/3/"
            },
            "version_group": {
                "name": "x-y",
                "url": "/api/v2/version-group/15/"
            }
        },
        {
            "flavor_text": "Morph\u00e9o change de forme selon\nle climat.",
            "language": {
                "name": "fr",
                "url": "/api/v2/language/5/"
            },
            "version_group": {
                "name": "x-y",
                "url": "/api/v2/version-group/15/"
            }
        },
        {
            "flavor_text": "Formeo ver\u00e4ndert seine Form\nabh\u00e4ngig vom Wetter.",
            "language": {
                "name": "de",
                "url": "/api/v2/language/6/"
            },
            "version_group": {
                "name": "x-y",
                "url": "/api/v2/version-group/15/"
            }
        },
        {
            "flavor_text": "Se transforma seg\u00fan el tiempo\natmosf\u00e9rico.",
            "language": {
                "name": "es",
                "url": "/api/v2/language/7/"
            },
            "version_group": {
                "name": "x-y",
                "url": "/api/v2/version-group/15/"
            }
        },
        {
            "flavor_text": "La forma di Castform cambia in\nbase alle condizioni atmosferiche.",
            "language": {
                "name": "it",
                "url": "/api/v2/language/8/"
            },
            "version_group": {
                "name": "x-y",
                "url": "/api/v2/version-group/15/"
            }
        },
        {
            "flavor_text": "Castform transforms with\nthe weather.",
            "language": {
                "name": "en",
                "url": "/api/v2/language/9/"
            },
            "version_group": {
                "name": "x-y",
                "url": "/api/v2/version-group/15/"
            }
        },
        {
            "flavor_text": "\u5929\u6c17\u3067\u3000\u30dd\u30ef\u30eb\u30f3\u304c\n\u5909\u5316\u3059\u308b\u3002",
            "language": {
                "name": "ja",
                "url": "/api/v2/language/11/"
            },
            "version_group": {
                "name": "x-y",
                "url": "/api/v2/version-group/15/"
            }
        },
        {
            "flavor_text": "\u3066\u3093\u304d\u3067\u3000\u30dd\u30ef\u30eb\u30f3\u304c\n\u3078\u3093\u304b\u3059\u308b\u3002",
            "language": {
                "name": "ja-Hrkt",
                "url": "/api/v2/language/1/"
            },
            "version_group": {
                "name": "omega-ruby-alpha-sapphire",
                "url": "/api/v2/version-group/16/"
            }
        },
        {
            "flavor_text": "\ub0a0\uc528\uc5d0 \ub530\ub77c\n\uce90\uc2a4\ud401\uc774 \ubcc0\ud654\ud55c\ub2e4.",
            "language": {
                "name": "ko",
                "url": "/api/v2/language/3/"
            },
            "version_group": {
                "name": "omega-ruby-alpha-sapphire",
                "url": "/api/v2/version-group/16/"
            }
        },
        {
            "flavor_text": "Morph\u00e9o change de forme selon\nle climat.",
            "language": {
                "name": "fr",
                "url": "/api/v2/language/5/"
            },
            "version_group": {
                "name": "omega-ruby-alpha-sapphire",
                "url": "/api/v2/version-group/16/"
            }
        },
        {
            "flavor_text": "Formeo ver\u00e4ndert seine Form\nabh\u00e4ngig vom Wetter.",
            "language": {
                "name": "de",
                "url": "/api/v2/language/6/"
            },
            "version_group": {
                "name": "omega-ruby-alpha-sapphire",
                "url": "/api/v2/version-group/16/"
            }
        },
        {
            "flavor_text": "Se transforma seg\u00fan el tiempo\natmosf\u00e9rico.",
            "language": {
                "name": "es",
                "url": "/api/v2/language/7/"
            },
            "version_group": {
                "name": "omega-ruby-alpha-sapphire",
                "url": "/api/v2/version-group/16/"
            }
        },
        {
            "flavor_text": "La forma di Castform cambia in \nbase alle condizioni atmosferiche. ",
            "language": {
                "name": "it",
                "url": "/api/v2/language/8/"
            },
            "version_group": {
                "name": "omega-ruby-alpha-sapphire",
                "url": "/api/v2/version-group/16/"
            }
        },
        {
            "flavor_text": "Castform transforms with\nthe weather.",
            "language": {
                "name": "en",
                "url": "/api/v2/language/9/"
            },
            "version_group": {
                "name": "omega-ruby-alpha-sapphire",
                "url": "/api/v2/version-group/16/"
            }
        },
        {
            "flavor_text": "\u5929\u6c17\u3067\u3000\u30dd\u30ef\u30eb\u30f3\u304c\n\u5909\u5316\u3059\u308b\u3002",
            "language": {
                "name": "ja",
                "url": "/api/v2/language/11/"
            },
            "version_group": {
                "name": "omega-ruby-alpha-sapphire",
                "url": "/api/v2/version-group/16/"
            }
        },
        {
            "flavor_text": "\u3066\u3093\u304d\u306e\u3000\u3048\u3044\u304d\u3087\u3046\u3092\u3000\u3046\u3051\u3066\n\u307f\u305a\u30bf\u30a4\u30d7\u3000\u307b\u306e\u304a\u30bf\u30a4\u30d7\u3000\u3053\u304a\u308a\u30bf\u30a4\u30d7\u306e\n\u3069\u308c\u304b\u306b\u3000\u3078\u3093\u304b\u3059\u308b\u3002",
            "language": {
                "name": "ja-Hrkt",
                "url": "/api/v2/language/1/"
            },
            "version_group": {
                "name": "sun-moon",
                "url": "/api/v2/version-group/17/"
            }
        },
        {
            "flavor_text": "\ub0a0\uc528\uc758 \uc601\ud5a5\uc744 \ubc1b\uc544\n\ubb3c\ud0c0\uc785, \ubd88\uaf43\ud0c0\uc785, \uc5bc\uc74c\ud0c0\uc785 \uc911\n\ud558\ub098\ub85c \ubcc0\ud654\ud55c\ub2e4.",
            "language": {
                "name": "ko",
                "url": "/api/v2/language/3/"
            },
            "version_group": {
                "name": "sun-moon",
                "url": "/api/v2/version-group/17/"
            }
        },
        {
            "flavor_text": "\u5728\u5929\u6c23\u7684\u5f71\u97ff\u4e0b\uff0c\n\u6703\u8b8a\u6210\u6c34\u5c6c\u6027\u3001\u706b\u5c6c\u6027\n\u6216\u51b0\u5c6c\u6027\u4e4b\u4e2d\u7684\u4e00\u7a2e\u3002",
            "language": {
                "name": "zh-Hant",
                "url": "/api/v2/language/4/"
            },
            "version_group": {
                "name": "sun-moon",
                "url": "/api/v2/version-group/17/"
            }
        },
        {
            "flavor_text": "Le Pok\u00e9mon prend le type Eau, Feu ou Glace\nen fonction de la m\u00e9t\u00e9o.",
            "language": {
                "name": "fr",
                "url": "/api/v2/language/5/"
            },
            "version_group": {
                "name": "sun-moon",
                "url": "/api/v2/version-group/17/"
            }
        },
        {
            "flavor_text": "Nimmt je nach Wetter entweder den Typ Wasser,\nFeuer oder Eis an.",
            "language": {
                "name": "de",
                "url": "/api/v2/language/6/"
            },
            "version_group": {
                "name": "sun-moon",
                "url": "/api/v2/version-group/17/"
            }
        },
        {
            "flavor_text": "Cambia a tipo Agua, Fuego o Hielo en funci\u00f3n del\ntiempo atmosf\u00e9rico.",
            "language": {
                "name": "es",
                "url": "/api/v2/language/7/"
            },
            "version_group": {
                "name": "sun-moon",
                "url": "/api/v2/version-group/17/"
            }
        },
        {
            "flavor_text": "Cambia il tipo del Pok\u00e9mon in Acqua, Fuoco\no Ghiaccio in base alle condizioni atmosferiche.",
            "language": {
                "name": "it",
                "url": "/api/v2/language/8/"
            },
            "version_group": {
                "name": "sun-moon",
                "url": "/api/v2/version-group/17/"
            }
        },
        {
            "flavor_text": "The Pok\u00e9mon transforms with the weather to change\nits type to Water, Fire, or Ice.",
            "language": {
                "name": "en",
                "url": "/api/v2/language/9/"
            },
            "version_group": {
                "name": "sun-moon",
                "url": "/api/v2/version-group/17/"
            }
        },
        {
            "flavor_text": "\u5929\u6c17\u306e\u3000\u5f71\u97ff\u3092\u3000\u53d7\u3051\u3066\n\u307f\u305a\u30bf\u30a4\u30d7\u3000\u307b\u306e\u304a\u30bf\u30a4\u30d7\u3000\u3053\u304a\u308a\u30bf\u30a4\u30d7\u306e\n\u3069\u308c\u304b\u306b\u3000\u5909\u5316\u3059\u308b\u3002",
            "language": {
                "name": "ja",
                "url": "/api/v2/language/11/"
            },
            "version_group": {
                "name": "sun-moon",
                "url": "/api/v2/version-group/17/"
            }
        },
        {
            "flavor_text": "\u53d7\u5929\u6c14\u7684\u5f71\u54cd\uff0c\n\u4f1a\u53d8\u4e3a\u6c34\u5c5e\u6027\u3001\u706b\u5c5e\u6027\n\u6216\u51b0\u5c5e\u6027\u4e2d\u7684\u67d0\u4e00\u4e2a\u3002",
            "language": {
                "name": "zh-Hans",
                "url": "/api/v2/language/12/"
            },
            "version_group": {
                "name": "sun-moon",
                "url": "/api/v2/version-group/17/"
            }
        },
        {
            "flavor_text": "\u3066\u3093\u304d\u306e\u3000\u3048\u3044\u304d\u3087\u3046\u3092\u3000\u3046\u3051\u3066\n\u307f\u305a\u30bf\u30a4\u30d7\u3000\u307b\u306e\u304a\u30bf\u30a4\u30d7\u3000\u3053\u304a\u308a\u30bf\u30a4\u30d7\u306e\n\u3069\u308c\u304b\u306b\u3000\u3078\u3093\u304b\u3059\u308b\u3002",
            "language": {
                "name": "ja-Hrkt",
                "url": "/api/v2/language/1/"
            },
            "version_group": {
                "name": "ultra-sun-ultra-moon",
                "url": "/api/v2/version-group/18/"
            }
        },
        {
            "flavor_text": "\ub0a0\uc528\uc758 \uc601\ud5a5\uc744 \ubc1b\uc544\n\ubb3c\ud0c0\uc785, \ubd88\uaf43\ud0c0\uc785, \uc5bc\uc74c\ud0c0\uc785 \uc911\n\ud558\ub098\ub85c \ubcc0\ud654\ud55c\ub2e4.",
            "language": {
                "name": "ko",
                "url": "/api/v2/language/3/"
            },
            "version_group": {
                "name": "ultra-sun-ultra-moon",
                "url": "/api/v2/version-group/18/"
            }
        },
        {
            "flavor_text": "\u5728\u5929\u6c23\u7684\u5f71\u97ff\u4e0b\uff0c\n\u6703\u8b8a\u6210\u6c34\u5c6c\u6027\u3001\u706b\u5c6c\u6027\n\u6216\u51b0\u5c6c\u6027\u4e4b\u4e2d\u7684\u4e00\u7a2e\u3002",
            "language": {
                "name": "zh-Hant",
                "url": "/api/v2/language/4/"
            },
            "version_group": {
                "name": "ultra-sun-ultra-moon",
                "url": "/api/v2/version-group/18/"
            }
        },
        {
            "flavor_text": "Le Pok\u00e9mon prend le type Eau, Feu ou Glace\nen fonction de la m\u00e9t\u00e9o.",
            "language": {
                "name": "fr",
                "url": "/api/v2/language/5/"
            },
            "version_group": {
                "name": "ultra-sun-ultra-moon",
                "url": "/api/v2/version-group/18/"
            }
        },
        {
            "flavor_text": "Nimmt je nach Wetter entweder den Typ Wasser,\nFeuer oder Eis an.",
            "language": {
                "name": "de",
                "url": "/api/v2/language/6/"
            },
            "version_group": {
                "name": "ultra-sun-ultra-moon",
                "url": "/api/v2/version-group/18/"
            }
        },
        {
            "flavor_text": "Cambia a tipo Agua, Fuego o Hielo en funci\u00f3n del\ntiempo atmosf\u00e9rico.",
            "language": {
                "name": "es",
                "url": "/api/v2/language/7/"
            },
            "version_group": {
                "name": "ultra-sun-ultra-moon",
                "url": "/api/v2/version-group/18/"
            }
        },
        {
            "flavor_text": "Cambia il tipo del Pok\u00e9mon in Acqua, Fuoco\no Ghiaccio in base alle condizioni atmosferiche.",
            "language": {
                "name": "it",
                "url": "/api/v2/language/8/"
            },
            "version_group": {
                "name": "ultra-sun-ultra-moon",
                "url": "/api/v2/version-group/18/"
            }
        },
        {
            "flavor_text": "The Pok\u00e9mon transforms with the weather to change\nits type to Water, Fire, or Ice.",
            "language": {
                "name": "en",
                "url": "/api/v2/language/9/"
            },
            "version_group": {
                "name": "ultra-sun-ultra-moon",
                "url": "/api/v2/version-group/18/"
            }
        },
        {
            "flavor_text": "\u5929\u6c17\u306e\u3000\u5f71\u97ff\u3092\u3000\u53d7\u3051\u3066\n\u307f\u305a\u30bf\u30a4\u30d7\u3000\u307b\u306e\u304a\u30bf\u30a4\u30d7\u3000\u3053\u304a\u308a\u30bf\u30a4\u30d7\u306e\n\u3069\u308c\u304b\u306b\u3000\u5909\u5316\u3059\u308b\u3002",
            "language": {
                "name": "ja",
                "url": "/api/v2/language/11/"
            },
            "version_group": {
                "name": "ultra-sun-ultra-moon",
                "url": "/api/v2/version-group/18/"
            }
        },
        {
            "flavor_text": "\u53d7\u5929\u6c14\u7684\u5f71\u54cd\uff0c\n\u4f1a\u53d8\u4e3a\u6c34\u5c5e\u6027\u3001\u706b\u5c5e\u6027\n\u6216\u51b0\u5c5e\u6027\u4e2d\u7684\u67d0\u4e00\u4e2a\u3002",
            "language": {
                "name": "zh-Hans",
                "url": "/api/v2/language/12/"
            },
            "version_group": {
                "name": "ultra-sun-ultra-moon",
                "url": "/api/v2/version-group/18/"
            }
        },
        {
            "flavor_text": "\u3066\u3093\u304d\u306e\u3000\u3048\u3044\u304d\u3087\u3046\u3092\u3000\u3046\u3051\u3066\n\u307f\u305a\u30bf\u30a4\u30d7\u3000\u307b\u306e\u304a\u30bf\u30a4\u30d7\u3000\u3053\u304a\u308a\u30bf\u30a4\u30d7\u306e\n\u3069\u308c\u304b\u306b\u3000\u3078\u3093\u304b\u3059\u308b\u3002",
            "language": {
                "name": "ja-Hrkt",
                "url": "/api/v2/language/1/"
            },
            "version_group": {
                "name": "lets-go-pikachu-lets-go-eevee",
                "url": "/api/v2/version-group/19/"
            }
        },
        {
            "flavor_text": "\ub0a0\uc528\uc758 \uc601\ud5a5\uc744 \ubc1b\uc544\n\ubb3c\ud0c0\uc785, \ubd88\uaf43\ud0c0\uc785, \uc5bc\uc74c\ud0c0\uc785 \uc911\n\ud558\ub098\ub85c \ubcc0\ud654\ud55c\ub2e4.",
            "language": {
                "name": "ko",
                "url": "/api/v2/language/3/"
            },
            "version_group": {
                "name": "lets-go-pikachu-lets-go-eevee",
                "url": "/api/v2/version-group/19/"
            }
        },
        {
            "flavor_text": "\u5728\u5929\u6c23\u7684\u5f71\u97ff\u4e0b\uff0c\n\u6703\u8b8a\u6210\u6c34\u5c6c\u6027\u3001\u706b\u5c6c\u6027\n\u6216\u51b0\u5c6c\u6027\u4e4b\u4e2d\u7684\u4e00\u7a2e\u3002",
            "language": {
                "name": "zh-Hant",
                "url": "/api/v2/language/4/"
            },
            "version_group": {
                "name": "lets-go-pikachu-lets-go-eevee",
                "url": "/api/v2/version-group/19/"
            }
        },
        {
            "flavor_text": "Le Pok\u00e9mon prend le type Eau, Feu ou Glace\nen fonction de la m\u00e9t\u00e9o.",
            "language": {
                "name": "fr",
                "url": "/api/v2/language/5/"
            },
            "version_group": {
                "name": "lets-go-pikachu-lets-go-eevee",
                "url": "/api/v2/version-group/19/"
            }
        },
        {
            "flavor_text": "Nimmt je nach Wetter entweder den Typ Wasser,\nFeuer oder Eis an.",
            "language": {
                "name": "de",
                "url": "/api/v2/language/6/"
            },
            "version_group": {
                "name": "lets-go-pikachu-lets-go-eevee",
                "url": "/api/v2/version-group/19/"
            }
        },
        {
            "flavor_text": "Cambia a tipo Agua, Fuego o Hielo en funci\u00f3n del\ntiempo atmosf\u00e9rico.",
            "language": {
                "name": "es",
                "url": "/api/v2/language/7/"
            },
            "version_group": {
                "name": "lets-go-pikachu-lets-go-eevee",
                "url": "/api/v2/version-group/19/"
            }
        },
        {
            "flavor_text": "Cambia il tipo del Pok\u00e9mon in Acqua, Fuoco\no Ghiaccio in base alle condizioni atmosferiche.",
            "language": {
                "name": "it",
                "url": "/api/v2/language/8/"
            },
            "version_group": {
                "name": "lets-go-pikachu-lets-go-eevee",
                "url": "/api/v2/version-group/19/"
            }
        },
        {
            "flavor_text": "The Pok\u00e9mon transforms with the weather to change\nits type to Water, Fire, or Ice.",
            "language": {
                "name": "en",
                "url": "/api/v2/language/9/"
            },
            "version_group": {
                "name": "lets-go-pikachu-lets-go-eevee",
                "url": "/api/v2/version-group/19/"
            }
        },
        {
            "flavor_text": "\u5929\u6c17\u306e\u3000\u5f71\u97ff\u3092\u3000\u53d7\u3051\u3066\n\u307f\u305a\u30bf\u30a4\u30d7\u3000\u307b\u306e\u304a\u30bf\u30a4\u30d7\u3000\u3053\u304a\u308a\u30bf\u30a4\u30d7\u306e\n\u3069\u308c\u304b\u306b\u3000\u5909\u5316\u3059\u308b\u3002",
            "language": {
                "name": "ja",
                "url": "/api/v2/language/11/"
            },
            "version_group": {
                "name": "lets-go-pikachu-lets-go-eevee",
                "url": "/api/v2/version-group/19/"
            }
        },
        {
            "flavor_text": "\u53d7\u5929\u6c14\u7684\u5f71\u54cd\uff0c\n\u4f1a\u53d8\u4e3a\u6c34\u5c5e\u6027\u3001\u706b\u5c5e\u6027\n\u6216\u51b0\u5c5e\u6027\u4e2d\u7684\u67d0\u4e00\u4e2a\u3002",
            "language": {
                "name": "zh-Hans",
                "url": "/api/v2/language/12/"
            },
            "version_group": {
                "name": "lets-go-pikachu-lets-go-eevee",
                "url": "/api/v2/version-group/19/"
            }
        },
        {
            "flavor_text": "\u3066\u3093\u304d\u306e\u3000\u3048\u3044\u304d\u3087\u3046\u3092\u3000\u3046\u3051\u3066\n\u307f\u305a\u30bf\u30a4\u30d7\u3000\u307b\u306e\u304a\u30bf\u30a4\u30d7\u3000\u3053\u304a\u308a\u30bf\u30a4\u30d7\u306e\n\u3069\u308c\u304b\u306b\u3000\u3078\u3093\u304b\u3059\u308b\u3002",
            "language": {
                "name": "ja-Hrkt",
                "url": "/api/v2/language/1/"
            },
            "version_group": {
                "name": "sword-shield",
                "url": "/api/v2/version-group/20/"
            }
        },
        {
            "flavor_text": "\ub0a0\uc528\uc758 \uc601\ud5a5\uc744 \ubc1b\uc544\n\ubb3c\ud0c0\uc785, \ubd88\uaf43\ud0c0\uc785, \uc5bc\uc74c\ud0c0\uc785 \uc911\n\ud558\ub098\ub85c \ubcc0\ud654\ud55c\ub2e4.",
            "language": {
                "name": "ko",
                "url": "/api/v2/language/3/"
            },
            "version_group": {
                "name": "sword-shield",
                "url": "/api/v2/version-group/20/"
            }
        },
        {
            "flavor_text": "\u5728\u5929\u6c23\u7684\u5f71\u97ff\u4e0b\uff0c\n\u6703\u8b8a\u6210\u6c34\u5c6c\u6027\u3001\u706b\u5c6c\u6027\n\u6216\u51b0\u5c6c\u6027\u4e4b\u4e2d\u7684\u4e00\u7a2e\u3002",
            "language": {
                "name": "zh-Hant",
                "url": "/api/v2/language/4/"
            },
            "version_group": {
                "name": "sword-shield",
                "url": "/api/v2/version-group/20/"
            }
        },
        {
            "flavor_text": "Le Pok\u00e9mon prend le type Eau, Feu ou Glace\nen fonction de la m\u00e9t\u00e9o.",
            "language": {
                "name": "fr",
                "url": "/api/v2/language/5/"
            },
            "version_group": {
                "name": "sword-shield",
                "url": "/api/v2/version-group/20/"
            }
        },
        {
            "flavor_text": "Nimmt je nach Wetter entweder den Typ Wasser, Feuer\noder Eis an.",
            "language": {
                "name": "de",
                "url": "/api/v2/language/6/"
            },
            "version_group": {
                "name": "sword-shield",
                "url": "/api/v2/version-group/20/"
            }
        },
        {
            "flavor_text": "Cambia a tipo Agua, Fuego o Hielo en funci\u00f3n del\ntiempo atmosf\u00e9rico.",
            "language": {
                "name": "es",
                "url": "/api/v2/language/7/"
            },
            "version_group": {
                "name": "sword-shield",
                "url": "/api/v2/version-group/20/"
            }
        },
        {
            "flavor_text": "Cambia il tipo del Pok\u00e9mon in Acqua, Fuoco\no Ghiaccio in base alle condizioni atmosferiche.",
            "language": {
                "name": "it",
                "url": "/api/v2/language/8/"
            },
            "version_group": {
                "name": "sword-shield",
                "url": "/api/v2/version-group/20/"
            }
        },
        {
            "flavor_text": "The Pok\u00e9mon transforms with the weather to change\nits type to Water, Fire, or Ice.",
            "language": {
                "name": "en",
                "url": "/api/v2/language/9/"
            },
            "version_group": {
                "name": "sword-shield",
                "url": "/api/v2/version-group/20/"
            }
        },
        {
            "flavor_text": "\u5929\u6c17\u306e\u3000\u5f71\u97ff\u3092\u3000\u53d7\u3051\u3066\n\u307f\u305a\u30bf\u30a4\u30d7\u3000\u307b\u306e\u304a\u30bf\u30a4\u30d7\u3000\u3053\u304a\u308a\u30bf\u30a4\u30d7\u306e\n\u3069\u308c\u304b\u306b\u3000\u5909\u5316\u3059\u308b\u3002",
            "language": {
                "name": "ja",
                "url": "/api/v2/language/11/"
            },
            "version_group": {
                "name": "sword-shield",
                "url": "/api/v2/version-group/20/"
            }
        },
        {
            "flavor_text": "\u53d7\u5929\u6c14\u7684\u5f71\u54cd\uff0c\n\u4f1a\u53d8\u4e3a\u6c34\u5c5e\u6027\u3001\u706b\u5c5e\u6027\n\u6216\u51b0\u5c5e\u6027\u4e2d\u7684\u67d0\u4e00\u4e2a\u3002",
            "language": {
                "name": "zh-Hans",
                "url": "/api/v2/language/12/"
            },
            "version_group": {
                "name": "sword-shield",
                "url": "/api/v2/version-group/20/"
            }
        }
    ],
    "generation": {
        "name": "generation-iii",
        "url": "/api/v2/generation/3/"
    },
    "id": 59,
    "is_main_series": true,
    "name": "forecast",
    "names": [
        {
            "language": {
                "name": "ja-Hrkt",
                "url": "/api/v2/language/1/"
            },
            "name": "\u3066\u3093\u304d\u3084"
        },
        {
            "language": {
                "name": "ko",
                "url": "/api/v2/language/3/"
            },
            "name": "\uae30\ubd84\ud30c"
        },
        {
            "language": {
                "name": "zh-Hant",
                "url": "/api/v2/language/4/"
            },
            "name": "\u9670\u6674\u4e0d\u5b9a"
        },
        {
            "language": {
                "name": "fr",
                "url": "/api/v2/language/5/"
            },
            "name": "M\u00e9t\u00e9o"
        },
        {
            "language": {
                "name": "de",
                "url": "/api/v2/language/6/"
            },
            "name": "Prognose"
        },
        {
            "language": {
                "name": "es",
                "url": "/api/v2/language/7/"
            },
            "name": "Predicci\u00f3n"
        },
        {
            "language": {
                "name": "it",
                "url": "/api/v2/language/8/"
            },
            "name": "Previsioni"
        },
        {
            "language": {
                "name": "en",
                "url": "/api/v2/language/9/"
            },
            "name": "Forecast"
        },
        {
            "language": {
                "name": "ja",
                "url": "/api/v2/language/11/"
            },
            "name": "\u3066\u3093\u304d\u3084"
        },
        {
            "language": {
                "name": "zh-Hans",
                "url": "/api/v2/language/12/"
            },
            "name": "\u9634\u6674\u4e0d\u5b9a"
        }
    ],
    "pokemon": [
        {
            "is_hidden": false,
            "pokemon": {
                "name": "castform",
                "url": "/api/v2/pokemon/351/"
            },
            "slot": 1
        },
        {
            "is_hidden": false,
            "pokemon": {
                "name": "castform-sunny",
                "url": "/api/v2/pokemon/10013/"
            },
            "slot": 1
        },
        {
            "is_hidden": false,
            "pokemon": {
                "name": "castform-rainy",
                "url": "/api/v2/pokemon/10014/"
            },
            "slot": 1
        },
        {
            "is_hidden": false,
            "pokemon": {
                "name": "castform-snowy",
                "url": "/api/v2/pokemon/10015/"
            },
            "slot": 1
        }
    ]
}