{
    "effect_changes": [],
    "effect_entries": [],
    "flavor_text_entries": [
        {
            "flavor_text": "\u3076\u3064\u308a\u3053\u3046\u3052\u304d\u306f\u3000\u3042\u305f\u307e\u306e\u3000\u3053\u304a\u308a\u304c\n\u307f\u304c\u308f\u308a\u306b\u3000\u306a\u308b\u304c\u3000\u3059\u304c\u305f\u3082\u3000\u304b\u308f\u308b\u3002\n\u3053\u304a\u308a\u306f\u3000\u3042\u3089\u308c\u304c\u3000\u3075\u308b\u3068\u3000\u3082\u3068\u306b\u3082\u3069\u308b\u3002",
            "language": {
                "name": "ja-Hrkt",
                "url": "/api/v2/language/1/"
            },
            "version_group": {
                "name": "sword-shield",
                "url": "/api/v2/version-group/20/"
            }
        },
        {
            "flavor_text": "\ubb3c\ub9ac\uacf5\uaca9\uc744 \uba38\ub9ac\uc758 \uc5bc\uc74c\uc774\n\ub300\uc2e0 \ub9de\uc544\uc8fc\uc9c0\ub9cc \ubaa8\uc2b5\ub3c4 \ubc14\ub010\ub2e4.\n\uc5bc\uc74c\uc740 \uc2f8\ub77c\uae30\ub208\uc774 \ub0b4\ub9ac\uba74 \uc6d0\ub798\ub300\ub85c \ub3cc\uc544\uc628\ub2e4.",
            "language": {
                "name": "ko",
                "url": "/api/v2/language/3/"
            },
            "version_group": {
                "name": "sword-shield",
                "url": "/api/v2/version-group/20/"
            }
        },
        {
            "flavor_text": "\u982d\u90e8\u7684\u51b0\u6703\u4ee3\u66ff\u81ea\u5df1\u627f\u53d7\n\u7269\u7406\u653b\u64ca\uff0c\u4f46\u662f\u6a23\u5b50\u6703\u6539\u8b8a\u3002\n\u4e0b\u51b0\u96f9\u6642\uff0c\u51b0\u6703\u56de\u5fa9\u539f\u72c0\u3002",
            "language": {
                "name": "zh-Hant",
                "url": "/api/v2/language/4/"
            },
            "version_group": {
                "name": "sword-shield",
                "url": "/api/v2/version-group/20/"
            }
        },
        {
            "flavor_text": "Le gla\u00e7on sur sa t\u00eate encaisse les attaques physiques\n\u00e0 la place du Pok\u00e9mon, mais sa destruction modifie\nson apparence. Le gla\u00e7on se reforme quand il gr\u00eale.",
            "language": {
                "name": "fr",
                "url": "/api/v2/language/5/"
            },
            "version_group": {
                "name": "sword-shield",
                "url": "/api/v2/version-group/20/"
            }
        },
        {
            "flavor_text": "Der Eisblock um seinen Kopf blockt eine physische\nAttacke ab. Dies bewirkt jedoch einen Formwechsel.\nDurch Hagel wird der Eisblock wiederhergestellt.",
            "language": {
                "name": "de",
                "url": "/api/v2/language/6/"
            },
            "version_group": {
                "name": "sword-shield",
                "url": "/api/v2/version-group/20/"
            }
        },
        {
            "flavor_text": "Absorbe el da\u00f1o de un ataque f\u00edsico con el hielo de\nla cabeza, tras lo cual cambia de forma. El hielo se\nregenerar\u00e1 la pr\u00f3xima vez que granice.",
            "language": {
                "name": "es",
                "url": "/api/v2/language/7/"
            },
            "version_group": {
                "name": "sword-shield",
                "url": "/api/v2/version-group/20/"
            }
        },
        {
            "flavor_text": "Grazie al ghiaccio sulla testa, il Pok\u00e9mon pu\u00f2 incassare\ni danni causati da mosse fisiche, ma cambia forma.\nTorna al suo stato originale quando grandina.",
            "language": {
                "name": "it",
                "url": "/api/v2/language/8/"
            },
            "version_group": {
                "name": "sword-shield",
                "url": "/api/v2/version-group/20/"
            }
        },
        {
            "flavor_text": "The Pok\u00e9mon\u2019s ice head can take a physical attack as\na substitute, but the attack also changes the Pok\u00e9mon\u2019s\nappearance. The ice will be restored when it hails.",
            "language": {
                "name": "en",
                "url": "/api/v2/language/9/"
            },
            "version_group": {
                "name": "sword-shield",
                "url": "/api/v2/version-group/20/"
            }
        },
        {
            "flavor_text": "\u7269\u7406\u653b\u6483\u306f\u3000\u982d\u306e\u3000\u6c37\u304c\n\u307f\u304c\u308f\u308a\u306b\u3000\u306a\u308b\u304c\u3000\u59ff\u3082\u3000\u5909\u308f\u308b\u3002\n\u6c37\u306f\u3000\u3042\u3089\u308c\u304c\u3000\u964d\u308b\u3068\u3000\u5143\u306b\u623b\u308b\u3002",
            "language": {
                "name": "ja",
                "url": "/api/v2/language/11/"
            },
            "version_group": {
                "name": "sword-shield",
                "url": "/api/v2/version-group/20/"
            }
        },
        {
            "flavor_text": "\u5934\u90e8\u7684\u51b0\u4f1a\u4ee3\u66ff\u81ea\u5df1\u627f\u53d7\n\u7269\u7406\u653b\u51fb\uff0c\u4f46\u662f\u6837\u5b50\u4f1a\u6539\u53d8\u3002\n\u4e0b\u51b0\u96f9\u65f6\uff0c\u51b0\u4f1a\u6062\u590d\u539f\u72b6\u3002",
            "language": {
                "name": "zh-Hans",
                "url": "/api/v2/language/12/"
            },
            "version_group": {
                "name": "sword-shield",
                "url": "/api/v2/version-group/20/"
            }
        }
    ],
    "generation": {
        "name": "generation-viii",
        "url": "/api/v2/generation/8/"
    },
    "id": 248,
    "is_main_series": true,
    "name": "ice-face",
    "names": [
        {
            "language": {
                "name": "ja-Hrkt",
                "url": "/api/v2/language/1/"
            },
            "name": "\u30a2\u30a4\u30b9\u30d5\u30a7\u30a4\u30b9"
        },
        {
            "language": {
                "name": "ko",
                "url": "/api/v2/language/3/"
            },
            "name": "\uc544\uc774\uc2a4\ud398\uc774\uc2a4"
        },
        {
            "language": {
                "name": "zh-Hant",
                "url": "/api/v2/language/4/"
            },
            "name": "\u7d50\u51cd\u982d"
        },
        {
            "language": {
                "name": "fr",
                "url": "/api/v2/language/5/"
            },
            "name": "T\u00eate de Gel"
        },
        {
            "language": {
                "name": "de",
                "url": "/api/v2/language/6/"
            },
            "name": "Tiefk\u00fchlkopf"
        },
        {
            "language": {
                "name": "es",
                "url": "/api/v2/language/7/"
            },
            "name": "Cara de Hielo"
        },
        {
            "language": {
                "name": "it",
                "url": "/api/v2/language/8/"
            },
            "name": "Gelofaccia"
        },
        {
            "language": {
                "name": "en",
                "url": "/api/v2/language/9/"
            },
            "name": "Ice Face"
        },
        {
            "language": {
                "name": "ja",
                "url": "/api/v2/language/11/"
            },
            "name": "\u30a2\u30a4\u30b9\u30d5\u30a7\u30a4\u30b9"
        },
        {
            "language": {
                "name": "zh-Hans",
                "url": "/api/v2/language/12/"
            },
            "name": "\u7ed3\u51bb\u5934"
        }
    ],
    "pokemon": [
        {
            "is_hidden": false,
            "pokemon": {
                "name": "eiscue-ice",
                "url": "/api/v2/pokemon/875/"
            },
            "slot": 1
        },
        {
            "is_hidden": false,
            "pokemon": {
                "name": "eiscue-noice",
                "url": "/api/v2/pokemon/10185/"
            },
            "slot": 1
        }
    ]
}