{
    "effect_changes": [
        {
            "effect_entries": [
                {
                    "effect": "Hat au\u00dferhalb vom Kampf keinen Effekt.",
                    "language": {
                        "name": "de",
                        "url": "/api/v2/language/6/"
                    }
                },
                {
                    "effect": "Has no overworld effect.",
                    "language": {
                        "name": "en",
                        "url": "/api/v2/language/9/"
                    }
                }
            ],
            "version_group": {
                "name": "emerald",
                "url": "/api/v2/version-group/6/"
            }
        },
        {
            "effect_entries": [
                {
                    "effect": "Betrifft keine Attacken von Teammitgliedern die alle anderen Pok\u00e9mon als Ziel haben. Diese F\u00e4higkeit wird im Kampf nicht angek\u00fcndigt.",
                    "language": {
                        "name": "de",
                        "url": "/api/v2/language/6/"
                    }
                },
                {
                    "effect": "Does not affect friendly Pok\u00e9mon's moves that target all other Pok\u00e9mon.  This ability's presence is not announced upon entering battle.",
                    "language": {
                        "name": "en",
                        "url": "/api/v2/language/9/"
                    }
                }
            ],
            "version_group": {
                "name": "diamond-pearl",
                "url": "/api/v2/version-group/8/"
            }
        }
    ],
    "effect_entries": [
        {
            "effect": "Attacken die ein Pok\u00e9mon mit dieser F\u00e4higkeit zum Ziel haben, kosten 1 pp mehr als sonst.\n\nDie F\u00e4higkeit l\u00f6st f\u00fcr jeden Treffer von Attacken die \u00f6fters treffen aus. Die F\u00e4higkeit l\u00f6st auch bei Attacken aus die fehlschlagen oder daneben gehen. Der Effekt z\u00e4hlt nicht f\u00fcr Attacken desselben Teams die das Ganze Feld oder nur die eigene Seite treffen, sowie die eigenen Attacken die sich selbst treffen. Der Effekt l\u00f6st daf\u00fcr bei Attacken von Teammitgliedern aus die nur das Pok\u00e9mon mit dieser F\u00e4higkeit zum Ziel haben, die alle anderen zum Ziel haben und Attacken von Gegnern die das ganze Feld treffen. Wenn diese F\u00e4higkeit die Kosten auf einen Wert erh\u00f6ht, der die verbleibenden pp \u00fcbersteigt, wird es alle verbrauchen.\n\nWenn ein Pok\u00e9mon mit dieser F\u00e4higkeit den Kampf betritt, werden alle Trainer \u00fcber diese F\u00e4higkeit benachrichtigt.\n\nAu\u00dferhalb vom Kampf: Wenn ein Pok\u00e9mon mit dieser F\u00e4higkeit an erster Stelle im Team steht, tauchen Pok\u00e9mon mit einem h\u00f6heren Level h\u00e4ufiger auf.",
            "language": {
                "name": "de",
                "url": "/api/v2/language/6/"
            },
            "short_effect": "Erh\u00f6ht die pp Kosten des Gegners um 1."
        },
        {
            "effect": "Moves targetting this Pok\u00e9mon use one extra PP.\n\nThis ability stacks if multiple targets have it.  This ability still affects moves that fail or miss.  This ability does not affect ally moves that target either the entire field or just its side, nor this Pok\u00e9mon's self-targetted moves; it does, however, affect single-targetted ally moves aimed at this Pok\u00e9mon, ally moves that target all other Pok\u00e9mon, and opponents' moves that target the entire field.  If this ability raises a move's PP cost above its remaining PP, it will use all remaining PP.\n\nWhen this Pok\u00e9mon enters battle, all participating trainers are notified that it has this ability.\n\nOverworld: If the lead Pok\u00e9mon has this ability, higher-levelled Pok\u00e9mon have their encounter rate increased.",
            "language": {
                "name": "en",
                "url": "/api/v2/language/9/"
            },
            "short_effect": "Increases the PP cost of moves targetting the Pok\u00e9mon by one."
        }
    ],
    "flavor_text_entries": [
        {
            "flavor_text": "Raises foe\u2019s PP usage.",
            "language": {
                "name": "en",
                "url": "/api/v2/language/9/"
            },
            "version_group": {
                "name": "ruby-sapphire",
                "url": "/api/v2/version-group/5/"
            }
        },
        {
            "flavor_text": "Raises foe\u2019s PP usage.",
            "language": {
                "name": "en",
                "url": "/api/v2/language/9/"
            },
            "version_group": {
                "name": "emerald",
                "url": "/api/v2/version-group/6/"
            }
        },
        {
            "flavor_text": "Raises foe\u2019s PP usage.",
            "language": {
                "name": "en",
                "url": "/api/v2/language/9/"
            },
            "version_group": {
                "name": "firered-leafgreen",
                "url": "/api/v2/version-group/7/"
            }
        },
        {
            "flavor_text": "The Pok\u00e9mon raises the\nfoe\u2019s PP usage.",
            "language": {
                "name": "en",
                "url": "/api/v2/language/9/"
            },
            "version_group": {
                "name": "diamond-pearl",
                "url": "/api/v2/version-group/8/"
            }
        },
        {
            "flavor_text": "The Pok\u00e9mon raises the\nfoe\u2019s PP usage.",
            "language": {
                "name": "en",
                "url": "/api/v2/language/9/"
            },
            "version_group": {
                "name": "platinum",
                "url": "/api/v2/version-group/9/"
            }
        },
        {
            "flavor_text": "The Pok\u00e9mon raises the\nfoe\u2019s PP usage.",
            "language": {
                "name": "en",
                "url": "/api/v2/language/9/"
            },
            "version_group": {
                "name": "heartgold-soulsilver",
                "url": "/api/v2/version-group/10/"
            }
        },
        {
            "flavor_text": "Force l\u2019ennemi \u00e0\nd\u00e9penser plus de PP.",
            "language": {
                "name": "fr",
                "url": "/api/v2/language/5/"
            },
            "version_group": {
                "name": "black-white",
                "url": "/api/v2/version-group/11/"
            }
        },
        {
            "flavor_text": "The Pok\u00e9mon raises the\nfoe\u2019s PP usage.",
            "language": {
                "name": "en",
                "url": "/api/v2/language/9/"
            },
            "version_group": {
                "name": "black-white",
                "url": "/api/v2/version-group/11/"
            }
        },
        {
            "flavor_text": "The Pok\u00e9mon raises the\nfoe\u2019s PP usage.",
            "language": {
                "name": "en",
                "url": "/api/v2/language/9/"
            },
            "version_group": {
                "name": "black-2-white-2",
                "url": "/api/v2/version-group/14/"
            }
        },
        {
            "flavor_text": "\u3042\u3044\u3066\u306e\u3000\u3064\u304b\u3046\u3000\u308f\u3056\u306e\n\uff30\uff30\u3092\u3000\u304a\u304a\u304f\u3000\u3078\u3089\u3059\u3002",
            "language": {
                "name": "ja-Hrkt",
                "url": "/api/v2/language/1/"
            },
            "version_group": {
                "name": "x-y",
                "url": "/api/v2/version-group/15/"
            }
        },
        {
            "flavor_text": "\uc0c1\ub300\uac00 \uc0ac\uc6a9\ud558\ub294 \uae30\uc220\uc758\nPP\ub97c \ub9ce\uc774 \uc904\uc778\ub2e4.",
            "language": {
                "name": "ko",
                "url": "/api/v2/language/3/"
            },
            "version_group": {
                "name": "x-y",
                "url": "/api/v2/version-group/15/"
            }
        },
        {
            "flavor_text": "Force l\u2019ennemi \u00e0 d\u00e9penser plus\nde PP.",
            "language": {
                "name": "fr",
                "url": "/api/v2/language/5/"
            },
            "version_group": {
                "name": "x-y",
                "url": "/api/v2/version-group/15/"
            }
        },
        {
            "flavor_text": "Steigert den AP-Verbrauch\ndes Gegners.",
            "language": {
                "name": "de",
                "url": "/api/v2/language/6/"
            },
            "version_group": {
                "name": "x-y",
                "url": "/api/v2/version-group/15/"
            }
        },
        {
            "flavor_text": "Hace que los PP del rival se\nacaben antes.",
            "language": {
                "name": "es",
                "url": "/api/v2/language/7/"
            },
            "version_group": {
                "name": "x-y",
                "url": "/api/v2/version-group/15/"
            }
        },
        {
            "flavor_text": "Il nemico usa pi\u00f9 PP.",
            "language": {
                "name": "it",
                "url": "/api/v2/language/8/"
            },
            "version_group": {
                "name": "x-y",
                "url": "/api/v2/version-group/15/"
            }
        },
        {
            "flavor_text": "The Pok\u00e9mon raises opposing\nPok\u00e9mon\u2019s PP usage.",
            "language": {
                "name": "en",
                "url": "/api/v2/language/9/"
            },
            "version_group": {
                "name": "x-y",
                "url": "/api/v2/version-group/15/"
            }
        },
        {
            "flavor_text": "\u76f8\u624b\u306e\u3000\u4f7f\u3046\u3000\u6280\u306e\n\uff30\uff30\u3092\u3000\u591a\u304f\u3000\u6e1b\u3089\u3059\u3002",
            "language": {
                "name": "ja",
                "url": "/api/v2/language/11/"
            },
            "version_group": {
                "name": "x-y",
                "url": "/api/v2/version-group/15/"
            }
        },
        {
            "flavor_text": "\u3042\u3044\u3066\u306e\u3000\u3064\u304b\u3046\u3000\u308f\u3056\u306e\n\uff30\uff30\u3092\u3000\u304a\u304a\u304f\u3000\u3078\u3089\u3059\u3002",
            "language": {
                "name": "ja-Hrkt",
                "url": "/api/v2/language/1/"
            },
            "version_group": {
                "name": "omega-ruby-alpha-sapphire",
                "url": "/api/v2/version-group/16/"
            }
        },
        {
            "flavor_text": "\uc0c1\ub300\uac00 \uc0ac\uc6a9\ud558\ub294 \uae30\uc220\uc758\nPP\ub97c \ub9ce\uc774 \uc904\uc778\ub2e4.",
            "language": {
                "name": "ko",
                "url": "/api/v2/language/3/"
            },
            "version_group": {
                "name": "omega-ruby-alpha-sapphire",
                "url": "/api/v2/version-group/16/"
            }
        },
        {
            "flavor_text": "Force l\u2019ennemi \u00e0 d\u00e9penser plus\nde PP.",
            "language": {
                "name": "fr",
                "url": "/api/v2/language/5/"
            },
            "version_group": {
                "name": "omega-ruby-alpha-sapphire",
                "url": "/api/v2/version-group/16/"
            }
        },
        {
            "flavor_text": "Steigert den AP-Verbrauch\ndes Gegners.",
            "language": {
                "name": "de",
                "url": "/api/v2/language/6/"
            },
            "version_group": {
                "name": "omega-ruby-alpha-sapphire",
                "url": "/api/v2/version-group/16/"
            }
        },
        {
            "flavor_text": "Hace que los PP del rival se\nacaben antes.",
            "language": {
                "name": "es",
                "url": "/api/v2/language/7/"
            },
            "version_group": {
                "name": "omega-ruby-alpha-sapphire",
                "url": "/api/v2/version-group/16/"
            }
        },
        {
            "flavor_text": "Il nemico usa pi\u00f9 PP.",
            "language": {
                "name": "it",
                "url": "/api/v2/language/8/"
            },
            "version_group": {
                "name": "omega-ruby-alpha-sapphire",
                "url": "/api/v2/version-group/16/"
            }
        },
        {
            "flavor_text": "The Pok\u00e9mon raises opposing\nPok\u00e9mon\u2019s PP usage.",
            "language": {
                "name": "en",
                "url": "/api/v2/language/9/"
            },
            "version_group": {
                "name": "omega-ruby-alpha-sapphire",
                "url": "/api/v2/version-group/16/"
            }
        },
        {
            "flavor_text": "\u76f8\u624b\u306e\u3000\u4f7f\u3046\u3000\u6280\u306e\n\uff30\uff30\u3092\u3000\u591a\u304f\u3000\u6e1b\u3089\u3059\u3002",
            "language": {
                "name": "ja",
                "url": "/api/v2/language/11/"
            },
            "version_group": {
                "name": "omega-ruby-alpha-sapphire",
                "url": "/api/v2/version-group/16/"
            }
        },
        {
            "flavor_text": "\u30d7\u30ec\u30c3\u30b7\u30e3\u30fc\u3092\u3000\u3042\u305f\u3048\u3066\n\u3042\u3044\u3066\u306e\u3000\u3064\u304b\u3046\u3000\u308f\u3056\u306e\u3000\uff30\uff30\u3092\n\u304a\u304a\u304f\u3000\u3078\u3089\u3059\u3002",
            "language": {
                "name": "ja-Hrkt",
                "url": "/api/v2/language/1/"
            },
            "version_group": {
                "name": "sun-moon",
                "url": "/api/v2/version-group/17/"
            }
        },
        {
            "flavor_text": "\ud504\ub808\uc154\ub97c \uc918\uc11c\n\uc0c1\ub300\uac00 \uc4f0\ub294 \uae30\uc220\uc758 PP\ub97c\n\ub9ce\uc774 \uc904\uc778\ub2e4.",
            "language": {
                "name": "ko",
                "url": "/api/v2/language/3/"
            },
            "version_group": {
                "name": "sun-moon",
                "url": "/api/v2/version-group/17/"
            }
        },
        {
            "flavor_text": "\u7d66\u4e88\u5c0d\u624b\u58d3\u8feb\u611f\uff0c\n\u5927\u91cf\u6e1b\u5c11\u5176\u4f7f\u7528\u62db\u5f0f\u7684\uff30\uff30\u3002",
            "language": {
                "name": "zh-Hant",
                "url": "/api/v2/language/4/"
            },
            "version_group": {
                "name": "sun-moon",
                "url": "/api/v2/version-group/17/"
            }
        },
        {
            "flavor_text": "Force l\u2019ennemi \u00e0 d\u00e9penser plus de PP.",
            "language": {
                "name": "fr",
                "url": "/api/v2/language/5/"
            },
            "version_group": {
                "name": "sun-moon",
                "url": "/api/v2/version-group/17/"
            }
        },
        {
            "flavor_text": "Zwingt den Gegner dazu, beim Einsatz von Attacken\nmehr AP zu verbrauchen.",
            "language": {
                "name": "de",
                "url": "/api/v2/language/6/"
            },
            "version_group": {
                "name": "sun-moon",
                "url": "/api/v2/version-group/17/"
            }
        },
        {
            "flavor_text": "Presiona al rival para que sus PP se acaben antes.",
            "language": {
                "name": "es",
                "url": "/api/v2/language/7/"
            },
            "version_group": {
                "name": "sun-moon",
                "url": "/api/v2/version-group/17/"
            }
        },
        {
            "flavor_text": "Mette pressione al nemico, facendogli consumare\npi\u00f9 PP.",
            "language": {
                "name": "it",
                "url": "/api/v2/language/8/"
            },
            "version_group": {
                "name": "sun-moon",
                "url": "/api/v2/version-group/17/"
            }
        },
        {
            "flavor_text": "By putting pressure on the opposing Pok\u00e9mon, it\nraises their PP usage.",
            "language": {
                "name": "en",
                "url": "/api/v2/language/9/"
            },
            "version_group": {
                "name": "sun-moon",
                "url": "/api/v2/version-group/17/"
            }
        },
        {
            "flavor_text": "\u30d7\u30ec\u30c3\u30b7\u30e3\u30fc\u3092\u3000\u3042\u305f\u3048\u3066\n\u76f8\u624b\u306e\u3000\u4f7f\u3046\u3000\u6280\u306e\u3000\uff30\uff30\u3092\n\u591a\u304f\u3000\u6e1b\u3089\u3059\u3002",
            "language": {
                "name": "ja",
                "url": "/api/v2/language/11/"
            },
            "version_group": {
                "name": "sun-moon",
                "url": "/api/v2/version-group/17/"
            }
        },
        {
            "flavor_text": "\u7ed9\u4e88\u5bf9\u624b\u538b\u8feb\u611f\uff0c\n\u5927\u91cf\u51cf\u5c11\u5176\u4f7f\u7528\u62db\u5f0f\u7684\uff30\uff30\u3002",
            "language": {
                "name": "zh-Hans",
                "url": "/api/v2/language/12/"
            },
            "version_group": {
                "name": "sun-moon",
                "url": "/api/v2/version-group/17/"
            }
        },
        {
            "flavor_text": "\u30d7\u30ec\u30c3\u30b7\u30e3\u30fc\u3092\u3000\u3042\u305f\u3048\u3066\n\u3042\u3044\u3066\u306e\u3000\u3064\u304b\u3046\u3000\u308f\u3056\u306e\u3000\uff30\uff30\u3092\n\u304a\u304a\u304f\u3000\u3078\u3089\u3059\u3002",
            "language": {
                "name": "ja-Hrkt",
                "url": "/api/v2/language/1/"
            },
            "version_group": {
                "name": "ultra-sun-ultra-moon",
                "url": "/api/v2/version-group/18/"
            }
        },
        {
            "flavor_text": "\ud504\ub808\uc154\ub97c \uc918\uc11c\n\uc0c1\ub300\uac00 \uc4f0\ub294 \uae30\uc220\uc758 PP\ub97c\n\ub9ce\uc774 \uc904\uc778\ub2e4.",
            "language": {
                "name": "ko",
                "url": "/api/v2/language/3/"
            },
            "version_group": {
                "name": "ultra-sun-ultra-moon",
                "url": "/api/v2/version-group/18/"
            }
        },
        {
            "flavor_text": "\u7d66\u4e88\u5c0d\u624b\u58d3\u8feb\u611f\uff0c\n\u5927\u91cf\u6e1b\u5c11\u5176\u4f7f\u7528\u62db\u5f0f\u7684\uff30\uff30\u3002",
            "language": {
                "name": "zh-Hant",
                "url": "/api/v2/language/4/"
            },
            "version_group": {
                "name": "ultra-sun-ultra-moon",
                "url": "/api/v2/version-group/18/"
            }
        },
        {
            "flavor_text": "Force l\u2019ennemi \u00e0 d\u00e9penser plus de PP.",
            "language": {
                "name": "fr",
                "url": "/api/v2/language/5/"
            },
            "version_group": {
                "name": "ultra-sun-ultra-moon",
                "url": "/api/v2/version-group/18/"
            }
        },
        {
            "flavor_text": "Zwingt den Gegner dazu, beim Einsatz von Attacken\nmehr AP zu verbrauchen.",
            "language": {
                "name": "de",
                "url": "/api/v2/language/6/"
            },
            "version_group": {
                "name": "ultra-sun-ultra-moon",
                "url": "/api/v2/version-group/18/"
            }
        },
        {
            "flavor_text": "Presiona al rival para que sus PP se acaben antes.",
            "language": {
                "name": "es",
                "url": "/api/v2/language/7/"
            },
            "version_group": {
                "name": "ultra-sun-ultra-moon",
                "url": "/api/v2/version-group/18/"
            }
        },
        {
            "flavor_text": "Mette pressione al nemico, facendogli consumare\npi\u00f9 PP.",
            "language": {
                "name": "it",
                "url": "/api/v2/language/8/"
            },
            "version_group": {
                "name": "ultra-sun-ultra-moon",
                "url": "/api/v2/version-group/18/"
            }
        },
        {
            "flavor_text": "By putting pressure on the opposing Pok\u00e9mon, it\nraises their PP usage.",
            "language": {
                "name": "en",
                "url": "/api/v2/language/9/"
            },
            "version_group": {
                "name": "ultra-sun-ultra-moon",
                "url": "/api/v2/version-group/18/"
            }
        },
        {
            "flavor_text": "\u30d7\u30ec\u30c3\u30b7\u30e3\u30fc\u3092\u3000\u3042\u305f\u3048\u3066\n\u76f8\u624b\u306e\u3000\u4f7f\u3046\u3000\u6280\u306e\u3000\uff30\uff30\u3092\n\u591a\u304f\u3000\u6e1b\u3089\u3059\u3002",
            "language": {
                "name": "ja",
                "url": "/api/v2/language/11/"
            },
            "version_group": {
                "name": "ultra-sun-ultra-moon",
                "url": "/api/v2/version-group/18/"
            }
        },
        {
            "flavor_text": "\u7ed9\u4e88\u5bf9\u624b\u538b\u8feb\u611f\uff0c\n\u5927\u91cf\u51cf\u5c11\u5176\u4f7f\u7528\u62db\u5f0f\u7684\uff30\uff30\u3002",
            "language": {
                "name": "zh-Hans",
                "url": "/api/v2/language/12/"
            },
            "version_group": {
                "name": "ultra-sun-ultra-moon",
                "url": "/api/v2/version-group/18/"
            }
        },
        {
            "flavor_text": "\u30d7\u30ec\u30c3\u30b7\u30e3\u30fc\u3092\u3000\u3042\u305f\u3048\u3066\n\u3042\u3044\u3066\u306e\u3000\u3064\u304b\u3046\u3000\u308f\u3056\u306e\u3000\uff30\uff30\u3092\n\u304a\u304a\u304f\u3000\u3078\u3089\u3059\u3002",
            "language": {
                "name": "ja-Hrkt",
                "url": "/api/v2/language/1/"
            },
            "version_group": {
                "name": "lets-go-pikachu-lets-go-eevee",
                "url": "/api/v2/version-group/19/"
            }
        },
        {
            "flavor_text": "\ud504\ub808\uc154\ub97c \uc918\uc11c\n\uc0c1\ub300\uac00 \uc4f0\ub294 \uae30\uc220\uc758 PP\ub97c\n\ub9ce\uc774 \uc904\uc778\ub2e4.",
            "language": {
                "name": "ko",
                "url": "/api/v2/language/3/"
            },
            "version_group": {
                "name": "lets-go-pikachu-lets-go-eevee",
                "url": "/api/v2/version-group/19/"
            }
        },
        {
            "flavor_text": "\u7d66\u4e88\u5c0d\u624b\u58d3\u8feb\u611f\uff0c\n\u5927\u91cf\u6e1b\u5c11\u5176\u4f7f\u7528\u62db\u5f0f\u7684PP\u3002",
            "language": {
                "name": "zh-Hant",
                "url": "/api/v2/language/4/"
            },
            "version_group": {
                "name": "lets-go-pikachu-lets-go-eevee",
                "url": "/api/v2/version-group/19/"
            }
        },
        {
            "flavor_text": "Force l\u2019ennemi \u00e0 d\u00e9penser plus de PP.",
            "language": {
                "name": "fr",
                "url": "/api/v2/language/5/"
            },
            "version_group": {
                "name": "lets-go-pikachu-lets-go-eevee",
                "url": "/api/v2/version-group/19/"
            }
        },
        {
            "flavor_text": "Zwingt den Gegner dazu, beim Einsatz von Attacken\nmehr AP zu verbrauchen.",
            "language": {
                "name": "de",
                "url": "/api/v2/language/6/"
            },
            "version_group": {
                "name": "lets-go-pikachu-lets-go-eevee",
                "url": "/api/v2/version-group/19/"
            }
        },
        {
            "flavor_text": "Presiona al rival para que sus PP se acaben antes.",
            "language": {
                "name": "es",
                "url": "/api/v2/language/7/"
            },
            "version_group": {
                "name": "lets-go-pikachu-lets-go-eevee",
                "url": "/api/v2/version-group/19/"
            }
        },
        {
            "flavor_text": "Mette pressione al nemico, facendogli consumare\npi\u00f9 PP.",
            "language": {
                "name": "it",
                "url": "/api/v2/language/8/"
            },
            "version_group": {
                "name": "lets-go-pikachu-lets-go-eevee",
                "url": "/api/v2/version-group/19/"
            }
        },
        {
            "flavor_text": "By putting pressure on the opposing Pok\u00e9mon, it\nraises their PP usage.",
            "language": {
                "name": "en",
                "url": "/api/v2/language/9/"
            },
            "version_group": {
                "name": "lets-go-pikachu-lets-go-eevee",
                "url": "/api/v2/version-group/19/"
            }
        },
        {
            "flavor_text": "\u30d7\u30ec\u30c3\u30b7\u30e3\u30fc\u3092\u3000\u3042\u305f\u3048\u3066\n\u76f8\u624b\u306e\u3000\u4f7f\u3046\u3000\u6280\u306e\u3000\uff30\uff30\u3092\n\u591a\u304f\u3000\u6e1b\u3089\u3059\u3002",
            "language": {
                "name": "ja",
                "url": "/api/v2/language/11/"
            },
            "version_group": {
                "name": "lets-go-pikachu-lets-go-eevee",
                "url": "/api/v2/version-group/19/"
            }
        },
        {
            "flavor_text": "\u7ed9\u4e88\u5bf9\u624b\u538b\u8feb\u611f\uff0c\n\u5927\u91cf\u51cf\u5c11\u5176\u4f7f\u7528\u62db\u5f0f\u7684PP\u3002",
            "language": {
                "name": "zh-Hans",
                "url": "/api/v2/language/12/"
            },
            "version_group": {
                "name": "lets-go-pikachu-lets-go-eevee",
                "url": "/api/v2/version-group/19/"
            }
        },
        {
            "flavor_text": "\u30d7\u30ec\u30c3\u30b7\u30e3\u30fc\u3092\u3000\u3042\u305f\u3048\u3066\n\u3042\u3044\u3066\u306e\u3000\u3064\u304b\u3046\u3000\u308f\u3056\u306e\u3000\uff30\uff30\u3092\n\u304a\u304a\u304f\u3000\u3078\u3089\u3059\u3002",
            "language": {
                "name": "ja-Hrkt",
                "url": "/api/v2/language/1/"
            },
            "version_group": {
                "name": "sword-shield",
                "url": "/api/v2/version-group/20/"
            }
        },
        {
            "flavor_text": "\ud504\ub808\uc154\ub97c \uc918\uc11c\n\uc0c1\ub300\uac00 \uc4f0\ub294 \uae30\uc220\uc758 PP\ub97c\n\ub9ce\uc774 \uc904\uc778\ub2e4.",
            "language": {
                "name": "ko",
                "url": "/api/v2/language/3/"
            },
            "version_group": {
                "name": "sword-shield",
                "url": "/api/v2/version-group/20/"
            }
        },
        {
            "flavor_text": "\u7d66\u4e88\u5c0d\u624b\u58d3\u8feb\u611f\uff0c\n\u5927\u91cf\u6e1b\u5c11\u5176\u4f7f\u7528\u62db\u5f0f\u7684\uff30\uff30\u3002",
            "language": {
                "name": "zh-Hant",
                "url": "/api/v2/language/4/"
            },
            "version_group": {
                "name": "sword-shield",
                "url": "/api/v2/version-group/20/"
            }
        },
        {
            "flavor_text": "Met la pression \u00e0 l\u2019ennemi pour le forcer\n\u00e0 d\u00e9penser plus de PP.",
            "language": {
                "name": "fr",
                "url": "/api/v2/language/5/"
            },
            "version_group": {
                "name": "sword-shield",
                "url": "/api/v2/version-group/20/"
            }
        },
        {
            "flavor_text": "Zwingt Gegner dazu, beim Einsatz von Attacken\nmehr AP zu verbrauchen.",
            "language": {
                "name": "de",
                "url": "/api/v2/language/6/"
            },
            "version_group": {
                "name": "sword-shield",
                "url": "/api/v2/version-group/20/"
            }
        },
        {
            "flavor_text": "Presiona al rival para que sus PP se acaben antes.",
            "language": {
                "name": "es",
                "url": "/api/v2/language/7/"
            },
            "version_group": {
                "name": "sword-shield",
                "url": "/api/v2/version-group/20/"
            }
        },
        {
            "flavor_text": "Il Pok\u00e9mon mette pressione al nemico, facendogli\nconsumare pi\u00f9 PP.",
            "language": {
                "name": "it",
                "url": "/api/v2/language/8/"
            },
            "version_group": {
                "name": "sword-shield",
                "url": "/api/v2/version-group/20/"
            }
        },
        {
            "flavor_text": "By putting pressure on the opposing Pok\u00e9mon, it\nraises their PP usage.",
            "language": {
                "name": "en",
                "url": "/api/v2/language/9/"
            },
            "version_group": {
                "name": "sword-shield",
                "url": "/api/v2/version-group/20/"
            }
        },
        {
            "flavor_text": "\u30d7\u30ec\u30c3\u30b7\u30e3\u30fc\u3092\u3000\u3042\u305f\u3048\u3066\n\u76f8\u624b\u306e\u3000\u4f7f\u3046\u3000\u6280\u306e\u3000\uff30\uff30\u3092\n\u591a\u304f\u3000\u6e1b\u3089\u3059\u3002",
            "language": {
                "name": "ja",
                "url": "/api/v2/language/11/"
            },
            "version_group": {
                "name": "sword-shield",
                "url": "/api/v2/version-group/20/"
            }
        },
        {
            "flavor_text": "\u7ed9\u4e88\u5bf9\u624b\u538b\u8feb\u611f\uff0c\n\u5927\u91cf\u51cf\u5c11\u5176\u4f7f\u7528\u62db\u5f0f\u7684\uff30\uff30\u3002",
            "language": {
                "name": "zh-Hans",
                "url": "/api/v2/language/12/"
            },
            "version_group": {
                "name": "sword-shield",
                "url": "/api/v2/version-group/20/"
            }
        }
    ],
    "generation": {
        "name": "generation-iii",
        "url": "/api/v2/generation/3/"
    },
    "id": 46,
    "is_main_series": true,
    "name": "pressure",
    "names": [
        {
            "language": {
                "name": "ja-Hrkt",
                "url": "/api/v2/language/1/"
            },
            "name": "\u30d7\u30ec\u30c3\u30b7\u30e3\u30fc"
        },
        {
            "language": {
                "name": "ko",
                "url": "/api/v2/language/3/"
            },
            "name": "\ud504\ub808\uc154"
        },
        {
            "language": {
                "name": "zh-Hant",
                "url": "/api/v2/language/4/"
            },
            "name": "\u58d3\u8feb\u611f"
        },
        {
            "language": {
                "name": "fr",
                "url": "/api/v2/language/5/"
            },
            "name": "Pression"
        },
        {
            "language": {
                "name": "de",
                "url": "/api/v2/language/6/"
            },
            "name": "Erzwinger"
        },
        {
            "language": {
                "name": "es",
                "url": "/api/v2/language/7/"
            },
            "name": "Presi\u00f3n"
        },
        {
            "language": {
                "name": "it",
                "url": "/api/v2/language/8/"
            },
            "name": "Pressione"
        },
        {
            "language": {
                "name": "en",
                "url": "/api/v2/language/9/"
            },
            "name": "Pressure"
        },
        {
            "language": {
                "name": "ja",
                "url": "/api/v2/language/11/"
            },
            "name": "\u30d7\u30ec\u30c3\u30b7\u30e3\u30fc"
        },
        {
            "language": {
                "name": "zh-Hans",
                "url": "/api/v2/language/12/"
            },
            "name": "\u538b\u8feb\u611f"
        }
    ],
    "pokemon": [
        {
            "is_hidden": false,
            "pokemon": {
                "name": "aerodactyl",
                "url": "/api/v2/pokemon/142/"
            },
            "slot": 2
        },
        {
            "is_hidden": false,
            "pokemon": {
                "name": "articuno",
                "url": "/api/v2/pokemon/144/"
            },
            "slot": 1
        },
        {
            "is_hidden": false,
            "pokemon": {
                "name": "zapdos",
                "url": "/api/v2/pokemon/145/"
            },
            "slot": 1
        },
        {
            "is_hidden": false,
            "pokemon": {
                "name": "moltres",
                "url": "/api/v2/pokemon/146/"
            },
            "slot": 1
        },
        {
            "is_hidden": false,
            "pokemon": {
                "name": "mewtwo",
                "url": "/api/v2/pokemon/150/"
            },
            "slot": 1
        },
        {
            "is_hidden": false,
            "pokemon": {
                "name": "raikou",
                "url": "/api/v2/pokemon/243/"
            },
            "slot": 1
        },
        {
            "is_hidden": false,
            "pokemon": {
                "name": "entei",
                "url": "/api/v2/pokemon/244/"
            },
            "slot": 1
        },
        {
            "is_hidden": false,
            "pokemon": {
                "name": "suicune",
                "url": "/api/v2/pokemon/245/"
            },
            "slot": 1
        },
        {
            "is_hidden": false,
            "pokemon": {
                "name": "lugia",
                "url": "/api/v2/pokemon/249/"
            },
            "slot": 1
        },
        {
            "is_hidden": false,
            "pokemon": {
                "name": "ho-oh",
                "url": "/api/v2/pokemon/250/"
            },
            "slot": 1
        },
        {
            "is_hidden": true,
            "pokemon": {
                "name": "wailmer",
                "url": "/api/v2/pokemon/320/"
            },
            "slot": 3
        },
        {
            "is_hidden": true,
            "pokemon": {
                "name": "wailord",
                "url": "/api/v2/pokemon/321/"
            },
            "slot": 3
        },
        {
            "is_hidden": false,
            "pokemon": {
                "name": "dusclops",
                "url": "/api/v2/pokemon/356/"
            },
            "slot": 1
        },
        {
            "is_hidden": false,
            "pokemon": {
                "name": "absol",
                "url": "/api/v2/pokemon/359/"
            },
            "slot": 1
        },
        {
            "is_hidden": false,
            "pokemon": {
                "name": "deoxys-normal",
                "url": "/api/v2/pokemon/386/"
            },
            "slot": 1
        },
        {
            "is_hidden": false,
            "pokemon": {
                "name": "vespiquen",
                "url": "/api/v2/pokemon/416/"
            },
            "slot": 1
        },
        {
            "is_hidden": false,
            "pokemon": {
                "name": "spiritomb",
                "url": "/api/v2/pokemon/442/"
            },
            "slot": 1
        },
        {
            "is_hidden": false,
            "pokemon": {
                "name": "weavile",
                "url": "/api/v2/pokemon/461/"
            },
            "slot": 1
        },
        {
            "is_hidden": false,
            "pokemon": {
                "name": "dusknoir",
                "url": "/api/v2/pokemon/477/"
            },
            "slot": 1
        },
        {
            "is_hidden": false,
            "pokemon": {
                "name": "dialga",
                "url": "/api/v2/pokemon/483/"
            },
            "slot": 1
        },
        {
            "is_hidden": false,
            "pokemon": {
                "name": "palkia",
                "url": "/api/v2/pokemon/484/"
            },
            "slot": 1
        },
        {
            "is_hidden": false,
            "pokemon": {
                "name": "giratina-altered",
                "url": "/api/v2/pokemon/487/"
            },
            "slot": 1
        },
        {
            "is_hidden": true,
            "pokemon": {
                "name": "pawniard",
                "url": "/api/v2/pokemon/624/"
            },
            "slot": 3
        },
        {
            "is_hidden": true,
            "pokemon": {
                "name": "bisharp",
                "url": "/api/v2/pokemon/625/"
            },
            "slot": 3
        },
        {
            "is_hidden": false,
            "pokemon": {
                "name": "kyurem",
                "url": "/api/v2/pokemon/646/"
            },
            "slot": 1
        },
        {
            "is_hidden": false,
            "pokemon": {
                "name": "corviknight",
                "url": "/api/v2/pokemon/823/"
            },
            "slot": 1
        },
        {
            "is_hidden": false,
            "pokemon": {
                "name": "eternatus",
                "url": "/api/v2/pokemon/890/"
            },
            "slot": 1
        },
        {
            "is_hidden": false,
            "pokemon": {
                "name": "sneasler",
                "url": "/api/v2/pokemon/903/"
            },
            "slot": 1
        },
        {
            "is_hidden": true,
            "pokemon": {
                "name": "kingambit",
                "url": "/api/v2/pokemon/983/"
            },
            "slot": 3
        },
        {
            "is_hidden": false,
            "pokemon": {
                "name": "deoxys-attack",
                "url": "/api/v2/pokemon/10001/"
            },
            "slot": 1
        },
        {
            "is_hidden": false,
            "pokemon": {
                "name": "deoxys-defense",
                "url": "/api/v2/pokemon/10002/"
            },
            "slot": 1
        },
        {
            "is_hidden": false,
            "pokemon": {
                "name": "deoxys-speed",
                "url": "/api/v2/pokemon/10003/"
            },
            "slot": 1
        },
        {
            "is_hidden": false,
            "pokemon": {
                "name": "eternatus-eternamax",
                "url": "/api/v2/pokemon/10190/"
            },
            "slot": 1
        },
        {
            "is_hidden": false,
            "pokemon": {
                "name": "corviknight-gmax",
                "url": "/api/v2/pokemon/10212/"
            },
            "slot": 1
        },
        {
            "is_hidden": false,
            "pokemon": {
                "name": "dialga-origin",
                "url": "/api/v2/pokemon/10245/"
            },
            "slot": 1
        },
        {
            "is_hidden": false,
            "pokemon": {
                "name": "palkia-origin",
                "url": "/api/v2/pokemon/10246/"
            },
            "slot": 1
        }
    ]
}