{
    "effect_changes": [
        {
            "effect_entries": [
                {
                    "effect": "Hat im Kampf keinen Effekt.",
                    "language": {
                        "name": "de",
                        "url": "/api/v2/language/6/"
                    }
                },
                {
                    "effect": "Has no effect in battle.",
                    "language": {
                        "name": "en",
                        "url": "/api/v2/language/9/"
                    }
                }
            ],
            "version_group": {
                "name": "black-white",
                "url": "/api/v2/version-group/11/"
            }
        }
    ],
    "effect_entries": [
        {
            "effect": "Attacken die Schaden verursachen haben mit jedem Treffer eine 10% Chance das Ziel zur\u00fcckschrecken zu lassen, wenn die Attacke dies nicht bereits als Nebeneffekt hat.\n\nDer Effekt stapelt nicht mit dem von getragenen Items.\n\nAu\u00dferhalb vom Kampf: Wenn ein Pok\u00e9mon mit dieser F\u00e4higkeit an erster Stelle im Team steht, tauchen wilde Pok\u00e9mon nur halb so oft auf.",
            "language": {
                "name": "de",
                "url": "/api/v2/language/6/"
            },
            "short_effect": "Mit jedem Treffer besteht eine 10% Chance das Ziel zur\u00fcckschrecken zu lassen."
        },
        {
            "effect": "This Pok\u00e9mon's damaging moves have a 10% chance to make the target flinch with each hit if they do not already cause flinching as a secondary effect.\n\nThis ability does not stack with a held item.\n\nOverworld: The wild encounter rate is halved while this Pok\u00e9mon is first in the party.",
            "language": {
                "name": "en",
                "url": "/api/v2/language/9/"
            },
            "short_effect": "Has a 10% chance of making target Pok\u00e9mon flinch with each hit."
        }
    ],
    "flavor_text_entries": [
        {
            "flavor_text": "Helps repel wild POK\u00e9MON.",
            "language": {
                "name": "en",
                "url": "/api/v2/language/9/"
            },
            "version_group": {
                "name": "ruby-sapphire",
                "url": "/api/v2/version-group/5/"
            }
        },
        {
            "flavor_text": "Helps repel wild POK\u00e9MON.",
            "language": {
                "name": "en",
                "url": "/api/v2/language/9/"
            },
            "version_group": {
                "name": "emerald",
                "url": "/api/v2/version-group/6/"
            }
        },
        {
            "flavor_text": "Helps repel wild POK\u00e9MON.",
            "language": {
                "name": "en",
                "url": "/api/v2/language/9/"
            },
            "version_group": {
                "name": "firered-leafgreen",
                "url": "/api/v2/version-group/7/"
            }
        },
        {
            "flavor_text": "The stench helps keep\nwild Pok\u00e9mon away.",
            "language": {
                "name": "en",
                "url": "/api/v2/language/9/"
            },
            "version_group": {
                "name": "diamond-pearl",
                "url": "/api/v2/version-group/8/"
            }
        },
        {
            "flavor_text": "The stench helps keep\nwild Pok\u00e9mon away.",
            "language": {
                "name": "en",
                "url": "/api/v2/language/9/"
            },
            "version_group": {
                "name": "platinum",
                "url": "/api/v2/version-group/9/"
            }
        },
        {
            "flavor_text": "The stench helps keep\nwild Pok\u00e9mon away.",
            "language": {
                "name": "en",
                "url": "/api/v2/language/9/"
            },
            "version_group": {
                "name": "heartgold-soulsilver",
                "url": "/api/v2/version-group/10/"
            }
        },
        {
            "flavor_text": "La puanteur peut\neffrayer l\u2019adversaire.",
            "language": {
                "name": "fr",
                "url": "/api/v2/language/5/"
            },
            "version_group": {
                "name": "black-white",
                "url": "/api/v2/version-group/11/"
            }
        },
        {
            "flavor_text": "The stench may cause\nthe target to flinch.",
            "language": {
                "name": "en",
                "url": "/api/v2/language/9/"
            },
            "version_group": {
                "name": "black-white",
                "url": "/api/v2/version-group/11/"
            }
        },
        {
            "flavor_text": "The stench may cause\nthe target to flinch.",
            "language": {
                "name": "en",
                "url": "/api/v2/language/9/"
            },
            "version_group": {
                "name": "black-2-white-2",
                "url": "/api/v2/version-group/14/"
            }
        },
        {
            "flavor_text": "\u304f\u3055\u304f\u3066\u3000\u3042\u3044\u3066\u304c\n\u3072\u308b\u3080\u3000\u3053\u3068\u304c\u3042\u308b\u3002",
            "language": {
                "name": "ja-Hrkt",
                "url": "/api/v2/language/1/"
            },
            "version_group": {
                "name": "x-y",
                "url": "/api/v2/version-group/15/"
            }
        },
        {
            "flavor_text": "\uc545\ucde8 \ub54c\ubb38\uc5d0 \uc0c1\ub300\uac00\n\ud480\uc8fd\uc744 \ub54c\uac00 \uc788\ub2e4.",
            "language": {
                "name": "ko",
                "url": "/api/v2/language/3/"
            },
            "version_group": {
                "name": "x-y",
                "url": "/api/v2/version-group/15/"
            }
        },
        {
            "flavor_text": "La puanteur peut effrayer\nl\u2019adversaire.",
            "language": {
                "name": "fr",
                "url": "/api/v2/language/5/"
            },
            "version_group": {
                "name": "x-y",
                "url": "/api/v2/version-group/15/"
            }
        },
        {
            "flavor_text": "L\u00e4sst den Gegner durch Gestank\nzur\u00fcckschrecken.",
            "language": {
                "name": "de",
                "url": "/api/v2/language/6/"
            },
            "version_group": {
                "name": "x-y",
                "url": "/api/v2/version-group/15/"
            }
        },
        {
            "flavor_text": "Es posible que el rival retroceda\npor el mal olor.",
            "language": {
                "name": "es",
                "url": "/api/v2/language/7/"
            },
            "version_group": {
                "name": "x-y",
                "url": "/api/v2/version-group/15/"
            }
        },
        {
            "flavor_text": "A volte il cattivo odore\nfa tentennare i nemici.",
            "language": {
                "name": "it",
                "url": "/api/v2/language/8/"
            },
            "version_group": {
                "name": "x-y",
                "url": "/api/v2/version-group/15/"
            }
        },
        {
            "flavor_text": "The stench may cause\nthe target to flinch.",
            "language": {
                "name": "en",
                "url": "/api/v2/language/9/"
            },
            "version_group": {
                "name": "x-y",
                "url": "/api/v2/version-group/15/"
            }
        },
        {
            "flavor_text": "\u81ed\u304f\u3066\u3000\u76f8\u624b\u304c\n\u3072\u308b\u3080\u3000\u3053\u3068\u304c\u3042\u308b\u3002",
            "language": {
                "name": "ja",
                "url": "/api/v2/language/11/"
            },
            "version_group": {
                "name": "x-y",
                "url": "/api/v2/version-group/15/"
            }
        },
        {
            "flavor_text": "\u304f\u3055\u304f\u3066\u3000\u3042\u3044\u3066\u304c\n\u3072\u308b\u3080\u3000\u3053\u3068\u304c\u3042\u308b\u3002",
            "language": {
                "name": "ja-Hrkt",
                "url": "/api/v2/language/1/"
            },
            "version_group": {
                "name": "omega-ruby-alpha-sapphire",
                "url": "/api/v2/version-group/16/"
            }
        },
        {
            "flavor_text": "\uc545\ucde8 \ub54c\ubb38\uc5d0 \uc0c1\ub300\uac00\n\ud480\uc8fd\uc744 \ub54c\uac00 \uc788\ub2e4.",
            "language": {
                "name": "ko",
                "url": "/api/v2/language/3/"
            },
            "version_group": {
                "name": "omega-ruby-alpha-sapphire",
                "url": "/api/v2/version-group/16/"
            }
        },
        {
            "flavor_text": "La puanteur peut effrayer\nl\u2019adversaire.",
            "language": {
                "name": "fr",
                "url": "/api/v2/language/5/"
            },
            "version_group": {
                "name": "omega-ruby-alpha-sapphire",
                "url": "/api/v2/version-group/16/"
            }
        },
        {
            "flavor_text": "L\u00e4sst den Gegner durch Gestank\nzur\u00fcckschrecken.",
            "language": {
                "name": "de",
                "url": "/api/v2/language/6/"
            },
            "version_group": {
                "name": "omega-ruby-alpha-sapphire",
                "url": "/api/v2/version-group/16/"
            }
        },
        {
            "flavor_text": "Es posible que el rival retroceda\npor el mal olor.",
            "language": {
                "name": "es",
                "url": "/api/v2/language/7/"
            },
            "version_group": {
                "name": "omega-ruby-alpha-sapphire",
                "url": "/api/v2/version-group/16/"
            }
        },
        {
            "flavor_text": "A volte il cattivo odore\nfa tentennare i nemici.",
            "language": {
                "name": "it",
                "url": "/api/v2/language/8/"
            },
            "version_group": {
                "name": "omega-ruby-alpha-sapphire",
                "url": "/api/v2/version-group/16/"
            }
        },
        {
            "flavor_text": "The stench may cause\nthe target to flinch.",
            "language": {
                "name": "en",
                "url": "/api/v2/language/9/"
            },
            "version_group": {
                "name": "omega-ruby-alpha-sapphire",
                "url": "/api/v2/version-group/16/"
            }
        },
        {
            "flavor_text": "\u81ed\u304f\u3066\u3000\u76f8\u624b\u304c\n\u3072\u308b\u3080\u3000\u3053\u3068\u304c\u3042\u308b\u3002",
            "language": {
                "name": "ja",
                "url": "/api/v2/language/11/"
            },
            "version_group": {
                "name": "omega-ruby-alpha-sapphire",
                "url": "/api/v2/version-group/16/"
            }
        },
        {
            "flavor_text": "\u304f\u3055\u3044\u3000\u306b\u304a\u3044\u3092\u3000\u306f\u306a\u3064\u3053\u3068\u306b\u3088\u3063\u3066\n\u3053\u3046\u3052\u304d\u3057\u305f\u3000\u3068\u304d\u306b\u3000\u3042\u3044\u3066\u3092\n\u3072\u308b\u307e\u305b\u308b\u3053\u3068\u304c\u3000\u3042\u308b\u3002",
            "language": {
                "name": "ja-Hrkt",
                "url": "/api/v2/language/1/"
            },
            "version_group": {
                "name": "sun-moon",
                "url": "/api/v2/version-group/17/"
            }
        },
        {
            "flavor_text": "\uc545\ucde8\ub97c \ud48d\uaca8\uc11c\n\uacf5\uaca9\ud588\uc744 \ub54c \uc0c1\ub300\uac00\n\ud480\uc8fd\uc744 \ub54c\uac00 \uc788\ub2e4.",
            "language": {
                "name": "ko",
                "url": "/api/v2/language/3/"
            },
            "version_group": {
                "name": "sun-moon",
                "url": "/api/v2/version-group/17/"
            }
        },
        {
            "flavor_text": "\u767c\u51fa\u81ed\u6c23\uff0c\n\u5728\u653b\u64ca\u7684\u6642\u5019\uff0c\n\u6709\u6642\u6703\u4f7f\u5c0d\u624b\u754f\u7e2e\u3002",
            "language": {
                "name": "zh-Hant",
                "url": "/api/v2/language/4/"
            },
            "version_group": {
                "name": "sun-moon",
                "url": "/api/v2/version-group/17/"
            }
        },
        {
            "flavor_text": "Le Pok\u00e9mon \u00e9met une odeur si naus\u00e9abonde\nqu\u2019il peut effrayer sa cible.",
            "language": {
                "name": "fr",
                "url": "/api/v2/language/5/"
            },
            "version_group": {
                "name": "sun-moon",
                "url": "/api/v2/version-group/17/"
            }
        },
        {
            "flavor_text": "L\u00e4sst das Ziel beim Angriff eventuell durch Gestank\nzur\u00fcckschrecken.",
            "language": {
                "name": "de",
                "url": "/api/v2/language/6/"
            },
            "version_group": {
                "name": "sun-moon",
                "url": "/api/v2/version-group/17/"
            }
        },
        {
            "flavor_text": "Debido al mal olor que emana, al atacar al rival puede\nhacerlo retroceder.",
            "language": {
                "name": "es",
                "url": "/api/v2/language/7/"
            },
            "version_group": {
                "name": "sun-moon",
                "url": "/api/v2/version-group/17/"
            }
        },
        {
            "flavor_text": "A volte il cattivo odore emesso dal Pok\u00e9mon\nfa tentennare i nemici quando attacca.",
            "language": {
                "name": "it",
                "url": "/api/v2/language/8/"
            },
            "version_group": {
                "name": "sun-moon",
                "url": "/api/v2/version-group/17/"
            }
        },
        {
            "flavor_text": "By releasing stench when attacking, this Pok\u00e9mon\nmay cause the target to flinch.",
            "language": {
                "name": "en",
                "url": "/api/v2/language/9/"
            },
            "version_group": {
                "name": "sun-moon",
                "url": "/api/v2/version-group/17/"
            }
        },
        {
            "flavor_text": "\u81ed\u3044\u3000\u306b\u304a\u3044\u3092\u3000\u653e\u3064\u3053\u3068\u306b\u3088\u3063\u3066\n\u653b\u6483\u3057\u305f\u3000\u3068\u304d\u306b\u3000\u76f8\u624b\u3092\n\u3072\u308b\u307e\u305b\u308b\u3053\u3068\u304c\u3000\u3042\u308b\u3002",
            "language": {
                "name": "ja",
                "url": "/api/v2/language/11/"
            },
            "version_group": {
                "name": "sun-moon",
                "url": "/api/v2/version-group/17/"
            }
        },
        {
            "flavor_text": "\u901a\u8fc7\u91ca\u653e\u81ed\u81ed\u7684\u6c14\u5473\uff0c\n\u5728\u653b\u51fb\u7684\u65f6\u5019\uff0c\n\u6709\u65f6\u4f1a\u4f7f\u5bf9\u624b\u754f\u7f29\u3002",
            "language": {
                "name": "zh-Hans",
                "url": "/api/v2/language/12/"
            },
            "version_group": {
                "name": "sun-moon",
                "url": "/api/v2/version-group/17/"
            }
        },
        {
            "flavor_text": "\u304f\u3055\u3044\u3000\u306b\u304a\u3044\u3092\u3000\u306f\u306a\u3064\u3053\u3068\u306b\u3088\u3063\u3066\n\u3053\u3046\u3052\u304d\u3057\u305f\u3000\u3068\u304d\u306b\u3000\u3042\u3044\u3066\u3092\n\u3072\u308b\u307e\u305b\u308b\u3053\u3068\u304c\u3000\u3042\u308b\u3002",
            "language": {
                "name": "ja-Hrkt",
                "url": "/api/v2/language/1/"
            },
            "version_group": {
                "name": "ultra-sun-ultra-moon",
                "url": "/api/v2/version-group/18/"
            }
        },
        {
            "flavor_text": "\uc545\ucde8\ub97c \ud48d\uaca8\uc11c\n\uacf5\uaca9\ud588\uc744 \ub54c \uc0c1\ub300\uac00\n\ud480\uc8fd\uc744 \ub54c\uac00 \uc788\ub2e4.",
            "language": {
                "name": "ko",
                "url": "/api/v2/language/3/"
            },
            "version_group": {
                "name": "ultra-sun-ultra-moon",
                "url": "/api/v2/version-group/18/"
            }
        },
        {
            "flavor_text": "\u767c\u51fa\u81ed\u6c23\uff0c\n\u5728\u653b\u64ca\u7684\u6642\u5019\uff0c\n\u6709\u6642\u6703\u4f7f\u5c0d\u624b\u754f\u7e2e\u3002",
            "language": {
                "name": "zh-Hant",
                "url": "/api/v2/language/4/"
            },
            "version_group": {
                "name": "ultra-sun-ultra-moon",
                "url": "/api/v2/version-group/18/"
            }
        },
        {
            "flavor_text": "Le Pok\u00e9mon \u00e9met une odeur si naus\u00e9abonde\nqu\u2019il peut effrayer sa cible.",
            "language": {
                "name": "fr",
                "url": "/api/v2/language/5/"
            },
            "version_group": {
                "name": "ultra-sun-ultra-moon",
                "url": "/api/v2/version-group/18/"
            }
        },
        {
            "flavor_text": "L\u00e4sst das Ziel beim Angriff eventuell durch Gestank\nzur\u00fcckschrecken.",
            "language": {
                "name": "de",
                "url": "/api/v2/language/6/"
            },
            "version_group": {
                "name": "ultra-sun-ultra-moon",
                "url": "/api/v2/version-group/18/"
            }
        },
        {
            "flavor_text": "Debido al mal olor que emana, al atacar al rival puede\nhacerlo retroceder.",
            "language": {
                "name": "es",
                "url": "/api/v2/language/7/"
            },
            "version_group": {
                "name": "ultra-sun-ultra-moon",
                "url": "/api/v2/version-group/18/"
            }
        },
        {
            "flavor_text": "A volte il cattivo odore emesso dal Pok\u00e9mon\nfa tentennare i nemici quando attacca.",
            "language": {
                "name": "it",
                "url": "/api/v2/language/8/"
            },
            "version_group": {
                "name": "ultra-sun-ultra-moon",
                "url": "/api/v2/version-group/18/"
            }
        },
        {
            "flavor_text": "By releasing stench when attacking, this Pok\u00e9mon\nmay cause the target to flinch.",
            "language": {
                "name": "en",
                "url": "/api/v2/language/9/"
            },
            "version_group": {
                "name": "ultra-sun-ultra-moon",
                "url": "/api/v2/version-group/18/"
            }
        },
        {
            "flavor_text": "\u81ed\u3044\u3000\u306b\u304a\u3044\u3092\u3000\u653e\u3064\u3053\u3068\u306b\u3088\u3063\u3066\n\u653b\u6483\u3057\u305f\u3000\u3068\u304d\u306b\u3000\u76f8\u624b\u3092\n\u3072\u308b\u307e\u305b\u308b\u3053\u3068\u304c\u3000\u3042\u308b\u3002",
            "language": {
                "name": "ja",
                "url": "/api/v2/language/11/"
            },
            "version_group": {
                "name": "ultra-sun-ultra-moon",
                "url": "/api/v2/version-group/18/"
            }
        },
        {
            "flavor_text": "\u901a\u8fc7\u91ca\u653e\u81ed\u81ed\u7684\u6c14\u5473\uff0c\n\u5728\u653b\u51fb\u7684\u65f6\u5019\uff0c\n\u6709\u65f6\u4f1a\u4f7f\u5bf9\u624b\u754f\u7f29\u3002",
            "language": {
                "name": "zh-Hans",
                "url": "/api/v2/language/12/"
            },
            "version_group": {
                "name": "ultra-sun-ultra-moon",
                "url": "/api/v2/version-group/18/"
            }
        },
        {
            "flavor_text": "\u304f\u3055\u3044\u3000\u306b\u304a\u3044\u3092\u3000\u306f\u306a\u3064\u3053\u3068\u306b\u3088\u3063\u3066\n\u3053\u3046\u3052\u304d\u3057\u305f\u3000\u3068\u304d\u306b\u3000\u3042\u3044\u3066\u3092\n\u3072\u308b\u307e\u305b\u308b\u3053\u3068\u304c\u3000\u3042\u308b\u3002",
            "language": {
                "name": "ja-Hrkt",
                "url": "/api/v2/language/1/"
            },
            "version_group": {
                "name": "lets-go-pikachu-lets-go-eevee",
                "url": "/api/v2/version-group/19/"
            }
        },
        {
            "flavor_text": "\uc545\ucde8\ub97c \ud48d\uaca8\uc11c\n\uacf5\uaca9\ud588\uc744 \ub54c \uc0c1\ub300\uac00\n\ud480\uc8fd\uc744 \ub54c\uac00 \uc788\ub2e4.",
            "language": {
                "name": "ko",
                "url": "/api/v2/language/3/"
            },
            "version_group": {
                "name": "lets-go-pikachu-lets-go-eevee",
                "url": "/api/v2/version-group/19/"
            }
        },
        {
            "flavor_text": "\u767c\u51fa\u81ed\u6c23\uff0c\n\u5728\u653b\u64ca\u7684\u6642\u5019\uff0c\n\u6709\u6642\u6703\u4f7f\u5c0d\u624b\u754f\u7e2e\u3002",
            "language": {
                "name": "zh-Hant",
                "url": "/api/v2/language/4/"
            },
            "version_group": {
                "name": "lets-go-pikachu-lets-go-eevee",
                "url": "/api/v2/version-group/19/"
            }
        },
        {
            "flavor_text": "Le Pok\u00e9mon \u00e9met une odeur si naus\u00e9abonde\nqu\u2019il peut effrayer sa cible.",
            "language": {
                "name": "fr",
                "url": "/api/v2/language/5/"
            },
            "version_group": {
                "name": "lets-go-pikachu-lets-go-eevee",
                "url": "/api/v2/version-group/19/"
            }
        },
        {
            "flavor_text": "L\u00e4sst das Ziel beim Angriff eventuell durch Gestank\nzur\u00fcckschrecken.",
            "language": {
                "name": "de",
                "url": "/api/v2/language/6/"
            },
            "version_group": {
                "name": "lets-go-pikachu-lets-go-eevee",
                "url": "/api/v2/version-group/19/"
            }
        },
        {
            "flavor_text": "Debido al mal olor que emana, al atacar al rival puede\nhacerlo retroceder.",
            "language": {
                "name": "es",
                "url": "/api/v2/language/7/"
            },
            "version_group": {
                "name": "lets-go-pikachu-lets-go-eevee",
                "url": "/api/v2/version-group/19/"
            }
        },
        {
            "flavor_text": "A volte il cattivo odore emesso dal Pok\u00e9mon\nfa tentennare i nemici quando attacca.",
            "language": {
                "name": "it",
                "url": "/api/v2/language/8/"
            },
            "version_group": {
                "name": "lets-go-pikachu-lets-go-eevee",
                "url": "/api/v2/version-group/19/"
            }
        },
        {
            "flavor_text": "By releasing stench when attacking, this Pok\u00e9mon\nmay cause the target to flinch.",
            "language": {
                "name": "en",
                "url": "/api/v2/language/9/"
            },
            "version_group": {
                "name": "lets-go-pikachu-lets-go-eevee",
                "url": "/api/v2/version-group/19/"
            }
        },
        {
            "flavor_text": "\u81ed\u3044\u3000\u306b\u304a\u3044\u3092\u3000\u653e\u3064\u3053\u3068\u306b\u3088\u3063\u3066\n\u653b\u6483\u3057\u305f\u3000\u3068\u304d\u306b\u3000\u76f8\u624b\u3092\n\u3072\u308b\u307e\u305b\u308b\u3053\u3068\u304c\u3000\u3042\u308b\u3002",
            "language": {
                "name": "ja",
                "url": "/api/v2/language/11/"
            },
            "version_group": {
                "name": "lets-go-pikachu-lets-go-eevee",
                "url": "/api/v2/version-group/19/"
            }
        },
        {
            "flavor_text": "\u901a\u8fc7\u91ca\u653e\u81ed\u81ed\u7684\u6c14\u5473\uff0c\n\u5728\u653b\u51fb\u7684\u65f6\u5019\uff0c\n\u6709\u65f6\u4f1a\u4f7f\u5bf9\u624b\u754f\u7f29\u3002",
            "language": {
                "name": "zh-Hans",
                "url": "/api/v2/language/12/"
            },
            "version_group": {
                "name": "lets-go-pikachu-lets-go-eevee",
                "url": "/api/v2/version-group/19/"
            }
        },
        {
            "flavor_text": "\u304f\u3055\u3044\u3000\u306b\u304a\u3044\u3092\u3000\u306f\u306a\u3064\u3053\u3068\u306b\u3088\u3063\u3066\n\u3053\u3046\u3052\u304d\u3057\u305f\u3000\u3068\u304d\u306b\u3000\u3042\u3044\u3066\u3092\n\u3072\u308b\u307e\u305b\u308b\u3053\u3068\u304c\u3000\u3042\u308b\u3002",
            "language": {
                "name": "ja-Hrkt",
                "url": "/api/v2/language/1/"
            },
            "version_group": {
                "name": "sword-shield",
                "url": "/api/v2/version-group/20/"
            }
        },
        {
            "flavor_text": "\uc545\ucde8\ub97c \ud48d\uaca8\uc11c\n\uacf5\uaca9\ud588\uc744 \ub54c \uc0c1\ub300\uac00\n\ud480\uc8fd\uc744 \ub54c\uac00 \uc788\ub2e4.",
            "language": {
                "name": "ko",
                "url": "/api/v2/language/3/"
            },
            "version_group": {
                "name": "sword-shield",
                "url": "/api/v2/version-group/20/"
            }
        },
        {
            "flavor_text": "\u767c\u51fa\u81ed\u6c23\uff0c\n\u5728\u653b\u64ca\u7684\u6642\u5019\uff0c\n\u6709\u6642\u6703\u4f7f\u5c0d\u624b\u754f\u7e2e\u3002",
            "language": {
                "name": "zh-Hant",
                "url": "/api/v2/language/4/"
            },
            "version_group": {
                "name": "sword-shield",
                "url": "/api/v2/version-group/20/"
            }
        },
        {
            "flavor_text": "Le Pok\u00e9mon \u00e9met une odeur si naus\u00e9abonde\nqu\u2019il peut effrayer sa cible.",
            "language": {
                "name": "fr",
                "url": "/api/v2/language/5/"
            },
            "version_group": {
                "name": "sword-shield",
                "url": "/api/v2/version-group/20/"
            }
        },
        {
            "flavor_text": "L\u00e4sst das Ziel beim Angriff eventuell durch Gestank\nzur\u00fcckschrecken.",
            "language": {
                "name": "de",
                "url": "/api/v2/language/6/"
            },
            "version_group": {
                "name": "sword-shield",
                "url": "/api/v2/version-group/20/"
            }
        },
        {
            "flavor_text": "Puede amedrentar al rival al atacarlo debido al mal olor\nque emana.",
            "language": {
                "name": "es",
                "url": "/api/v2/language/7/"
            },
            "version_group": {
                "name": "sword-shield",
                "url": "/api/v2/version-group/20/"
            }
        },
        {
            "flavor_text": "A volte il cattivo odore emesso dal Pok\u00e9mon\nfa tentennare i nemici quando attacca.",
            "language": {
                "name": "it",
                "url": "/api/v2/language/8/"
            },
            "version_group": {
                "name": "sword-shield",
                "url": "/api/v2/version-group/20/"
            }
        },
        {
            "flavor_text": "By releasing stench when attacking, this Pok\u00e9mon\nmay cause the target to flinch.",
            "language": {
                "name": "en",
                "url": "/api/v2/language/9/"
            },
            "version_group": {
                "name": "sword-shield",
                "url": "/api/v2/version-group/20/"
            }
        },
        {
            "flavor_text": "\u81ed\u3044\u3000\u306b\u304a\u3044\u3092\u3000\u653e\u3064\u3053\u3068\u306b\u3088\u3063\u3066\n\u653b\u6483\u3057\u305f\u3000\u3068\u304d\u306b\u3000\u76f8\u624b\u3092\n\u3072\u308b\u307e\u305b\u308b\u3053\u3068\u304c\u3000\u3042\u308b\u3002",
            "language": {
                "name": "ja",
                "url": "/api/v2/language/11/"
            },
            "version_group": {
                "name": "sword-shield",
                "url": "/api/v2/version-group/20/"
            }
        },
        {
            "flavor_text": "\u901a\u8fc7\u91ca\u653e\u81ed\u81ed\u7684\u6c14\u5473\uff0c\n\u5728\u653b\u51fb\u7684\u65f6\u5019\uff0c\n\u6709\u65f6\u4f1a\u4f7f\u5bf9\u624b\u754f\u7f29\u3002",
            "language": {
                "name": "zh-Hans",
                "url": "/api/v2/language/12/"
            },
            "version_group": {
                "name": "sword-shield",
                "url": "/api/v2/version-group/20/"
            }
        }
    ],
    "generation": {
        "name": "generation-iii",
        "url": "/api/v2/generation/3/"
    },
    "id": 1,
    "is_main_series": true,
    "name": "stench",
    "names": [
        {
            "language": {
                "name": "ja-Hrkt",
                "url": "/api/v2/language/1/"
            },
            "name": "\u3042\u304f\u3057\u3085\u3046"
        },
        {
            "language": {
                "name": "ko",
                "url": "/api/v2/language/3/"
            },
            "name": "\uc545\ucde8"
        },
        {
            "language": {
                "name": "zh-Hant",
                "url": "/api/v2/language/4/"
            },
            "name": "\u60e1\u81ed"
        },
        {
            "language": {
                "name": "fr",
                "url": "/api/v2/language/5/"
            },
            "name": "Puanteur"
        },
        {
            "language": {
                "name": "de",
                "url": "/api/v2/language/6/"
            },
            "name": "Duftnote"
        },
        {
            "language": {
                "name": "es",
                "url": "/api/v2/language/7/"
            },
            "name": "Hedor"
        },
        {
            "language": {
                "name": "it",
                "url": "/api/v2/language/8/"
            },
            "name": "Tanfo"
        },
        {
            "language": {
                "name": "en",
                "url": "/api/v2/language/9/"
            },
            "name": "Stench"
        },
        {
            "language": {
                "name": "ja",
                "url": "/api/v2/language/11/"
            },
            "name": "\u3042\u304f\u3057\u3085\u3046"
        },
        {
            "language": {
                "name": "zh-Hans",
                "url": "/api/v2/language/12/"
            },
            "name": "\u6076\u81ed"
        }
    ],
    "pokemon": [
        {
            "is_hidden": true,
            "pokemon": {
                "name": "gloom",
                "url": "/api/v2/pokemon/44/"
            },
            "slot": 3
        },
        {
            "is_hidden": false,
            "pokemon": {
                "name": "grimer",
                "url": "/api/v2/pokemon/88/"
            },
            "slot": 1
        },
        {
            "is_hidden": false,
            "pokemon": {
                "name": "muk",
                "url": "/api/v2/pokemon/89/"
            },
            "slot": 1
        },
        {
            "is_hidden": true,
            "pokemon": {
                "name": "koffing",
                "url": "/api/v2/pokemon/109/"
            },
            "slot": 3
        },
        {
            "is_hidden": true,
            "pokemon": {
                "name": "weezing",
                "url": "/api/v2/pokemon/110/"
            },
            "slot": 3
        },
        {
            "is_hidden": false,
            "pokemon": {
                "name": "stunky",
                "url": "/api/v2/pokemon/434/"
            },
            "slot": 1
        },
        {
            "is_hidden": false,
            "pokemon": {
                "name": "skuntank",
                "url": "/api/v2/pokemon/435/"
            },
            "slot": 1
        },
        {
            "is_hidden": false,
            "pokemon": {
                "name": "trubbish",
                "url": "/api/v2/pokemon/568/"
            },
            "slot": 1
        },
        {
            "is_hidden": false,
            "pokemon": {
                "name": "garbodor",
                "url": "/api/v2/pokemon/569/"
            },
            "slot": 1
        },
        {
            "is_hidden": false,
            "pokemon": {
                "name": "garbodor-gmax",
                "url": "/api/v2/pokemon/10207/"
            },
            "slot": 1
        }
    ]
}