{
    "effect_changes": [],
    "effect_entries": [
        {
            "effect": "Die Bissattacken von Pok\u00e9mon mit dieser F\u00e4higkeit sind 1,5\u00d7 so stark wie sonst. Zu Bissattacken z\u00e4hlen auch crunch und \"Zahn\"-Attacken.",
            "language": {
                "name": "de",
                "url": "/api/v2/language/6/"
            },
            "short_effect": "Verst\u00e4rkt Bissattacken um 50%."
        },
        {
            "effect": "Strengthens biting moves to 1.5\u00d7 their power.",
            "language": {
                "name": "en",
                "url": "/api/v2/language/9/"
            },
            "short_effect": "Strengthens biting moves to 1.5\u00d7 their power."
        }
    ],
    "flavor_text_entries": [
        {
            "flavor_text": "\u3042\u3054\u304c\u3000\u304c\u3093\u3058\u3087\u3046\u3067\n\u304b\u3080\u3000\u3061\u304b\u3089\u304c\u3000\u3064\u3088\u3044\u3002",
            "language": {
                "name": "ja-Hrkt",
                "url": "/api/v2/language/1/"
            },
            "version_group": {
                "name": "x-y",
                "url": "/api/v2/version-group/15/"
            }
        },
        {
            "flavor_text": "\ud131\uc774 \ud2bc\ud2bc\ud558\uc5ec\n\ubb34\ub294 \ud798\uc774 \uac15\ud558\ub2e4.",
            "language": {
                "name": "ko",
                "url": "/api/v2/language/3/"
            },
            "version_group": {
                "name": "x-y",
                "url": "/api/v2/version-group/15/"
            }
        },
        {
            "flavor_text": "Gr\u00e2ce \u00e0 une puissante m\u00e2choire,\nles morsures sont plus fortes.",
            "language": {
                "name": "fr",
                "url": "/api/v2/language/5/"
            },
            "version_group": {
                "name": "x-y",
                "url": "/api/v2/version-group/15/"
            }
        },
        {
            "flavor_text": "Der kr\u00e4ftige Kiefer des Pok\u00e9mon\nverleiht ihm einen starken Biss.",
            "language": {
                "name": "de",
                "url": "/api/v2/language/6/"
            },
            "version_group": {
                "name": "x-y",
                "url": "/api/v2/version-group/15/"
            }
        },
        {
            "flavor_text": "Su robusta mand\u00edbula le confiere\nuna potente mordedura.",
            "language": {
                "name": "es",
                "url": "/api/v2/language/7/"
            },
            "version_group": {
                "name": "x-y",
                "url": "/api/v2/version-group/15/"
            }
        },
        {
            "flavor_text": "La robusta mascella del Pok\u00e9mon\npermette morsi molto potenti.",
            "language": {
                "name": "it",
                "url": "/api/v2/language/8/"
            },
            "version_group": {
                "name": "x-y",
                "url": "/api/v2/version-group/15/"
            }
        },
        {
            "flavor_text": "The Pok\u00e9mon\u2019s strong jaw gives\nit tremendous biting power.",
            "language": {
                "name": "en",
                "url": "/api/v2/language/9/"
            },
            "version_group": {
                "name": "x-y",
                "url": "/api/v2/version-group/15/"
            }
        },
        {
            "flavor_text": "\u3042\u3054\u304c\u3000\u9811\u4e08\u3067\n\u304b\u3080\u3000\u529b\u304c\u3000\u5f37\u3044\u3002",
            "language": {
                "name": "ja",
                "url": "/api/v2/language/11/"
            },
            "version_group": {
                "name": "x-y",
                "url": "/api/v2/version-group/15/"
            }
        },
        {
            "flavor_text": "\u3042\u3054\u304c\u3000\u304c\u3093\u3058\u3087\u3046\u3067\n\u304b\u3080\u3000\u3061\u304b\u3089\u304c\u3000\u3064\u3088\u3044\u3002",
            "language": {
                "name": "ja-Hrkt",
                "url": "/api/v2/language/1/"
            },
            "version_group": {
                "name": "omega-ruby-alpha-sapphire",
                "url": "/api/v2/version-group/16/"
            }
        },
        {
            "flavor_text": "\ud131\uc774 \ud2bc\ud2bc\ud558\uc5ec\n\ubb34\ub294 \ud798\uc774 \uac15\ud558\ub2e4.",
            "language": {
                "name": "ko",
                "url": "/api/v2/language/3/"
            },
            "version_group": {
                "name": "omega-ruby-alpha-sapphire",
                "url": "/api/v2/version-group/16/"
            }
        },
        {
            "flavor_text": "Gr\u00e2ce \u00e0 une puissante m\u00e2choire,\nles morsures sont plus fortes.",
            "language": {
                "name": "fr",
                "url": "/api/v2/language/5/"
            },
            "version_group": {
                "name": "omega-ruby-alpha-sapphire",
                "url": "/api/v2/version-group/16/"
            }
        },
        {
            "flavor_text": "Der kr\u00e4ftige Kiefer des Pok\u00e9mon\nverleiht ihm einen starken Biss.",
            "language": {
                "name": "de",
                "url": "/api/v2/language/6/"
            },
            "version_group": {
                "name": "omega-ruby-alpha-sapphire",
                "url": "/api/v2/version-group/16/"
            }
        },
        {
            "flavor_text": "Su robusta mand\u00edbula le confiere\nuna potente mordedura.",
            "language": {
                "name": "es",
                "url": "/api/v2/language/7/"
            },
            "version_group": {
                "name": "omega-ruby-alpha-sapphire",
                "url": "/api/v2/version-group/16/"
            }
        },
        {
            "flavor_text": "La robusta mascella del Pok\u00e9mon  \npermette morsi molto potenti.",
            "language": {
                "name": "it",
                "url": "/api/v2/language/8/"
            },
            "version_group": {
                "name": "omega-ruby-alpha-sapphire",
                "url": "/api/v2/version-group/16/"
            }
        },
        {
            "flavor_text": "The Pok\u00e9mon\u2019s strong jaw gives\nit tremendous biting power.",
            "language": {
                "name": "en",
                "url": "/api/v2/language/9/"
            },
            "version_group": {
                "name": "omega-ruby-alpha-sapphire",
                "url": "/api/v2/version-group/16/"
            }
        },
        {
            "flavor_text": "\u3042\u3054\u304c\u3000\u9811\u4e08\u3067\n\u304b\u3080\u3000\u529b\u304c\u3000\u5f37\u3044\u3002",
            "language": {
                "name": "ja",
                "url": "/api/v2/language/11/"
            },
            "version_group": {
                "name": "omega-ruby-alpha-sapphire",
                "url": "/api/v2/version-group/16/"
            }
        },
        {
            "flavor_text": "\u3042\u3054\u304c\u3000\u304c\u3093\u3058\u3087\u3046\u3067\n\u304b\u3080\u3000\u308f\u3056\u306e\u3000\u3044\u308a\u3087\u304f\u304c\n\u305f\u304b\u304f\u306a\u308b\u3002",
            "language": {
                "name": "ja-Hrkt",
                "url": "/api/v2/language/1/"
            },
            "version_group": {
                "name": "sun-moon",
                "url": "/api/v2/version-group/17/"
            }
        },
        {
            "flavor_text": "\ud131\uc774 \ud2bc\ud2bc\ud558\uc5ec\n\ubb34\ub294 \uae30\uc220\uc758 \uc704\ub825\uc774\n\uc62c\ub77c\uac04\ub2e4.",
            "language": {
                "name": "ko",
                "url": "/api/v2/language/3/"
            },
            "version_group": {
                "name": "sun-moon",
                "url": "/api/v2/version-group/17/"
            }
        },
        {
            "flavor_text": "\u984e\u90e8\u5f37\u58ef\uff0c\n\u6703\u63d0\u9ad8\u5543\u54ac\u985e\u62db\u5f0f\u7684\u5a01\u529b\u3002",
            "language": {
                "name": "zh-Hant",
                "url": "/api/v2/language/4/"
            },
            "version_group": {
                "name": "sun-moon",
                "url": "/api/v2/version-group/17/"
            }
        },
        {
            "flavor_text": "Le Pok\u00e9mon a une m\u00e2choire robuste qui augmente\nla puissance de ses capacit\u00e9s \u00e0 base de morsures.",
            "language": {
                "name": "fr",
                "url": "/api/v2/language/5/"
            },
            "version_group": {
                "name": "sun-moon",
                "url": "/api/v2/version-group/17/"
            }
        },
        {
            "flavor_text": "Der kr\u00e4ftige Kiefer des Pok\u00e9mon erh\u00f6ht die St\u00e4rke\nvon Biss-Attacken.",
            "language": {
                "name": "de",
                "url": "/api/v2/language/6/"
            },
            "version_group": {
                "name": "sun-moon",
                "url": "/api/v2/version-group/17/"
            }
        },
        {
            "flavor_text": "Su robusta mand\u00edbula le confiere una mordedura\npotente.",
            "language": {
                "name": "es",
                "url": "/api/v2/language/7/"
            },
            "version_group": {
                "name": "sun-moon",
                "url": "/api/v2/version-group/17/"
            }
        },
        {
            "flavor_text": "La robusta mascella del Pok\u00e9mon permette\nmorsi molto potenti.",
            "language": {
                "name": "it",
                "url": "/api/v2/language/8/"
            },
            "version_group": {
                "name": "sun-moon",
                "url": "/api/v2/version-group/17/"
            }
        },
        {
            "flavor_text": "The Pok\u00e9mon\u2019s strong jaw boosts the power of its\nbiting moves.",
            "language": {
                "name": "en",
                "url": "/api/v2/language/9/"
            },
            "version_group": {
                "name": "sun-moon",
                "url": "/api/v2/version-group/17/"
            }
        },
        {
            "flavor_text": "\u3042\u3054\u304c\u3000\u9811\u4e08\u3067\n\u565b\u3080\u3000\u6280\u306e\u3000\u5a01\u529b\u304c\n\u9ad8\u304f\u306a\u308b\u3002",
            "language": {
                "name": "ja",
                "url": "/api/v2/language/11/"
            },
            "version_group": {
                "name": "sun-moon",
                "url": "/api/v2/version-group/17/"
            }
        },
        {
            "flavor_text": "\u56e0\u4e3a\u989a\u90e8\u5f3a\u58ee\uff0c\n\u5543\u54ac\u7c7b\u62db\u5f0f\u7684\u5a01\u529b\u4f1a\u63d0\u9ad8\u3002",
            "language": {
                "name": "zh-Hans",
                "url": "/api/v2/language/12/"
            },
            "version_group": {
                "name": "sun-moon",
                "url": "/api/v2/version-group/17/"
            }
        },
        {
            "flavor_text": "\u3042\u3054\u304c\u3000\u304c\u3093\u3058\u3087\u3046\u3067\n\u304b\u3080\u3000\u308f\u3056\u306e\u3000\u3044\u308a\u3087\u304f\u304c\n\u305f\u304b\u304f\u306a\u308b\u3002",
            "language": {
                "name": "ja-Hrkt",
                "url": "/api/v2/language/1/"
            },
            "version_group": {
                "name": "ultra-sun-ultra-moon",
                "url": "/api/v2/version-group/18/"
            }
        },
        {
            "flavor_text": "\ud131\uc774 \ud2bc\ud2bc\ud558\uc5ec\n\ubb34\ub294 \uae30\uc220\uc758 \uc704\ub825\uc774\n\uc62c\ub77c\uac04\ub2e4.",
            "language": {
                "name": "ko",
                "url": "/api/v2/language/3/"
            },
            "version_group": {
                "name": "ultra-sun-ultra-moon",
                "url": "/api/v2/version-group/18/"
            }
        },
        {
            "flavor_text": "\u984e\u90e8\u5f37\u58ef\uff0c\n\u6703\u63d0\u9ad8\u5543\u54ac\u985e\u62db\u5f0f\u7684\u5a01\u529b\u3002",
            "language": {
                "name": "zh-Hant",
                "url": "/api/v2/language/4/"
            },
            "version_group": {
                "name": "ultra-sun-ultra-moon",
                "url": "/api/v2/version-group/18/"
            }
        },
        {
            "flavor_text": "Le Pok\u00e9mon a une m\u00e2choire robuste qui augmente\nla puissance de ses capacit\u00e9s \u00e0 base de morsures.",
            "language": {
                "name": "fr",
                "url": "/api/v2/language/5/"
            },
            "version_group": {
                "name": "ultra-sun-ultra-moon",
                "url": "/api/v2/version-group/18/"
            }
        },
        {
            "flavor_text": "Der kr\u00e4ftige Kiefer des Pok\u00e9mon erh\u00f6ht die St\u00e4rke\nvon Biss-Attacken.",
            "language": {
                "name": "de",
                "url": "/api/v2/language/6/"
            },
            "version_group": {
                "name": "ultra-sun-ultra-moon",
                "url": "/api/v2/version-group/18/"
            }
        },
        {
            "flavor_text": "Su robusta mand\u00edbula le confiere una mordedura\npotente.",
            "language": {
                "name": "es",
                "url": "/api/v2/language/7/"
            },
            "version_group": {
                "name": "ultra-sun-ultra-moon",
                "url": "/api/v2/version-group/18/"
            }
        },
        {
            "flavor_text": "La robusta mascella del Pok\u00e9mon permette\nmorsi molto potenti.",
            "language": {
                "name": "it",
                "url": "/api/v2/language/8/"
            },
            "version_group": {
                "name": "ultra-sun-ultra-moon",
                "url": "/api/v2/version-group/18/"
            }
        },
        {
            "flavor_text": "The Pok\u00e9mon\u2019s strong jaw boosts the power of its\nbiting moves.",
            "language": {
                "name": "en",
                "url": "/api/v2/language/9/"
            },
            "version_group": {
                "name": "ultra-sun-ultra-moon",
                "url": "/api/v2/version-group/18/"
            }
        },
        {
            "flavor_text": "\u3042\u3054\u304c\u3000\u9811\u4e08\u3067\n\u565b\u3080\u3000\u6280\u306e\u3000\u5a01\u529b\u304c\n\u9ad8\u304f\u306a\u308b\u3002",
            "language": {
                "name": "ja",
                "url": "/api/v2/language/11/"
            },
            "version_group": {
                "name": "ultra-sun-ultra-moon",
                "url": "/api/v2/version-group/18/"
            }
        },
        {
            "flavor_text": "\u56e0\u4e3a\u989a\u90e8\u5f3a\u58ee\uff0c\n\u5543\u54ac\u7c7b\u62db\u5f0f\u7684\u5a01\u529b\u4f1a\u63d0\u9ad8\u3002",
            "language": {
                "name": "zh-Hans",
                "url": "/api/v2/language/12/"
            },
            "version_group": {
                "name": "ultra-sun-ultra-moon",
                "url": "/api/v2/version-group/18/"
            }
        },
        {
            "flavor_text": "\u3042\u3054\u304c\u3000\u304c\u3093\u3058\u3087\u3046\u3067\n\u304b\u3080\u3000\u308f\u3056\u306e\u3000\u3044\u308a\u3087\u304f\u304c\n\u305f\u304b\u304f\u306a\u308b\u3002",
            "language": {
                "name": "ja-Hrkt",
                "url": "/api/v2/language/1/"
            },
            "version_group": {
                "name": "lets-go-pikachu-lets-go-eevee",
                "url": "/api/v2/version-group/19/"
            }
        },
        {
            "flavor_text": "\ud131\uc774 \ud2bc\ud2bc\ud558\uc5ec\n\ubb34\ub294 \uae30\uc220\uc758 \uc704\ub825\uc774\n\uc62c\ub77c\uac04\ub2e4.",
            "language": {
                "name": "ko",
                "url": "/api/v2/language/3/"
            },
            "version_group": {
                "name": "lets-go-pikachu-lets-go-eevee",
                "url": "/api/v2/version-group/19/"
            }
        },
        {
            "flavor_text": "\u984e\u90e8\u5f37\u58ef\uff0c\n\u6703\u63d0\u9ad8\u5543\u54ac\u985e\u62db\u5f0f\u7684\u5a01\u529b\u3002",
            "language": {
                "name": "zh-Hant",
                "url": "/api/v2/language/4/"
            },
            "version_group": {
                "name": "lets-go-pikachu-lets-go-eevee",
                "url": "/api/v2/version-group/19/"
            }
        },
        {
            "flavor_text": "Le Pok\u00e9mon a une m\u00e2choire robuste qui augmente\nla puissance de ses capacit\u00e9s \u00e0 base de morsures.",
            "language": {
                "name": "fr",
                "url": "/api/v2/language/5/"
            },
            "version_group": {
                "name": "lets-go-pikachu-lets-go-eevee",
                "url": "/api/v2/version-group/19/"
            }
        },
        {
            "flavor_text": "Der kr\u00e4ftige Kiefer des Pok\u00e9mon erh\u00f6ht die St\u00e4rke\nvon Biss-Attacken.",
            "language": {
                "name": "de",
                "url": "/api/v2/language/6/"
            },
            "version_group": {
                "name": "lets-go-pikachu-lets-go-eevee",
                "url": "/api/v2/version-group/19/"
            }
        },
        {
            "flavor_text": "Su robusta mand\u00edbula le confiere una mordedura\npotente.",
            "language": {
                "name": "es",
                "url": "/api/v2/language/7/"
            },
            "version_group": {
                "name": "lets-go-pikachu-lets-go-eevee",
                "url": "/api/v2/version-group/19/"
            }
        },
        {
            "flavor_text": "La robusta mascella del Pok\u00e9mon permette\nmorsi molto potenti.",
            "language": {
                "name": "it",
                "url": "/api/v2/language/8/"
            },
            "version_group": {
                "name": "lets-go-pikachu-lets-go-eevee",
                "url": "/api/v2/version-group/19/"
            }
        },
        {
            "flavor_text": "The Pok\u00e9mon\u2019s strong jaw boosts the power of its\nbiting moves.",
            "language": {
                "name": "en",
                "url": "/api/v2/language/9/"
            },
            "version_group": {
                "name": "lets-go-pikachu-lets-go-eevee",
                "url": "/api/v2/version-group/19/"
            }
        },
        {
            "flavor_text": "\u3042\u3054\u304c\u3000\u9811\u4e08\u3067\n\u565b\u3080\u3000\u6280\u306e\u3000\u5a01\u529b\u304c\n\u9ad8\u304f\u306a\u308b\u3002",
            "language": {
                "name": "ja",
                "url": "/api/v2/language/11/"
            },
            "version_group": {
                "name": "lets-go-pikachu-lets-go-eevee",
                "url": "/api/v2/version-group/19/"
            }
        },
        {
            "flavor_text": "\u56e0\u4e3a\u989a\u90e8\u5f3a\u58ee\uff0c\n\u5543\u54ac\u7c7b\u62db\u5f0f\u7684\u5a01\u529b\u4f1a\u63d0\u9ad8\u3002",
            "language": {
                "name": "zh-Hans",
                "url": "/api/v2/language/12/"
            },
            "version_group": {
                "name": "lets-go-pikachu-lets-go-eevee",
                "url": "/api/v2/version-group/19/"
            }
        },
        {
            "flavor_text": "\u3042\u3054\u304c\u3000\u304c\u3093\u3058\u3087\u3046\u3067\n\u304b\u3080\u3000\u308f\u3056\u306e\u3000\u3044\u308a\u3087\u304f\u304c\n\u305f\u304b\u304f\u306a\u308b\u3002",
            "language": {
                "name": "ja-Hrkt",
                "url": "/api/v2/language/1/"
            },
            "version_group": {
                "name": "sword-shield",
                "url": "/api/v2/version-group/20/"
            }
        },
        {
            "flavor_text": "\ud131\uc774 \ud2bc\ud2bc\ud558\uc5ec\n\ubb34\ub294 \uae30\uc220\uc758 \uc704\ub825\uc774\n\uc62c\ub77c\uac04\ub2e4.",
            "language": {
                "name": "ko",
                "url": "/api/v2/language/3/"
            },
            "version_group": {
                "name": "sword-shield",
                "url": "/api/v2/version-group/20/"
            }
        },
        {
            "flavor_text": "\u984e\u90e8\u5f37\u58ef\uff0c\n\u6703\u63d0\u9ad8\u5543\u54ac\u985e\u62db\u5f0f\u7684\u5a01\u529b\u3002",
            "language": {
                "name": "zh-Hant",
                "url": "/api/v2/language/4/"
            },
            "version_group": {
                "name": "sword-shield",
                "url": "/api/v2/version-group/20/"
            }
        },
        {
            "flavor_text": "Le Pok\u00e9mon a une m\u00e2choire robuste qui augmente\nla puissance de ses capacit\u00e9s \u00e0 base de morsures.",
            "language": {
                "name": "fr",
                "url": "/api/v2/language/5/"
            },
            "version_group": {
                "name": "sword-shield",
                "url": "/api/v2/version-group/20/"
            }
        },
        {
            "flavor_text": "Der kr\u00e4ftige Kiefer des Pok\u00e9mon erh\u00f6ht die St\u00e4rke\nvon Biss-Attacken.",
            "language": {
                "name": "de",
                "url": "/api/v2/language/6/"
            },
            "version_group": {
                "name": "sword-shield",
                "url": "/api/v2/version-group/20/"
            }
        },
        {
            "flavor_text": "Su robusta mand\u00edbula le confiere una mordedura\npotente.",
            "language": {
                "name": "es",
                "url": "/api/v2/language/7/"
            },
            "version_group": {
                "name": "sword-shield",
                "url": "/api/v2/version-group/20/"
            }
        },
        {
            "flavor_text": "La robusta mascella del Pok\u00e9mon permette\nmorsi molto potenti.",
            "language": {
                "name": "it",
                "url": "/api/v2/language/8/"
            },
            "version_group": {
                "name": "sword-shield",
                "url": "/api/v2/version-group/20/"
            }
        },
        {
            "flavor_text": "The Pok\u00e9mon\u2019s strong jaw boosts the power of its\nbiting moves.",
            "language": {
                "name": "en",
                "url": "/api/v2/language/9/"
            },
            "version_group": {
                "name": "sword-shield",
                "url": "/api/v2/version-group/20/"
            }
        },
        {
            "flavor_text": "\u3042\u3054\u304c\u3000\u9811\u4e08\u3067\n\u565b\u3080\u3000\u6280\u306e\u3000\u5a01\u529b\u304c\n\u9ad8\u304f\u306a\u308b\u3002",
            "language": {
                "name": "ja",
                "url": "/api/v2/language/11/"
            },
            "version_group": {
                "name": "sword-shield",
                "url": "/api/v2/version-group/20/"
            }
        },
        {
            "flavor_text": "\u56e0\u4e3a\u989a\u90e8\u5f3a\u58ee\uff0c\n\u5543\u54ac\u7c7b\u62db\u5f0f\u7684\u5a01\u529b\u4f1a\u63d0\u9ad8\u3002",
            "language": {
                "name": "zh-Hans",
                "url": "/api/v2/language/12/"
            },
            "version_group": {
                "name": "sword-shield",
                "url": "/api/v2/version-group/20/"
            }
        }
    ],
    "generation": {
        "name": "generation-vi",
        "url": "/api/v2/generation/6/"
    },
    "id": 173,
    "is_main_series": true,
    "name": "strong-jaw",
    "names": [
        {
            "language": {
                "name": "ja-Hrkt",
                "url": "/api/v2/language/1/"
            },
            "name": "\u304c\u3093\u3058\u3087\u3046\u3042\u3054"
        },
        {
            "language": {
                "name": "ko",
                "url": "/api/v2/language/3/"
            },
            "name": "\uc639\uace8\ucc2c\ud131"
        },
        {
            "language": {
                "name": "zh-Hant",
                "url": "/api/v2/language/4/"
            },
            "name": "\u5f37\u58ef\u4e4b\u984e"
        },
        {
            "language": {
                "name": "fr",
                "url": "/api/v2/language/5/"
            },
            "name": "Prognathe"
        },
        {
            "language": {
                "name": "de",
                "url": "/api/v2/language/6/"
            },
            "name": "Titankiefer"
        },
        {
            "language": {
                "name": "es",
                "url": "/api/v2/language/7/"
            },
            "name": "Mand\u00edbula Fuerte"
        },
        {
            "language": {
                "name": "it",
                "url": "/api/v2/language/8/"
            },
            "name": "Ferromascella"
        },
        {
            "language": {
                "name": "en",
                "url": "/api/v2/language/9/"
            },
            "name": "Strong Jaw"
        },
        {
            "language": {
                "name": "ja",
                "url": "/api/v2/language/11/"
            },
            "name": "\u304c\u3093\u3058\u3087\u3046\u3042\u3054"
        },
        {
            "language": {
                "name": "zh-Hans",
                "url": "/api/v2/language/12/"
            },
            "name": "\u5f3a\u58ee\u4e4b\u989a"
        }
    ],
    "pokemon": [
        {
            "is_hidden": false,
            "pokemon": {
                "name": "tyrunt",
                "url": "/api/v2/pokemon/696/"
            },
            "slot": 1
        },
        {
            "is_hidden": false,
            "pokemon": {
                "name": "tyrantrum",
                "url": "/api/v2/pokemon/697/"
            },
            "slot": 1
        },
        {
            "is_hidden": false,
            "pokemon": {
                "name": "yungoos",
                "url": "/api/v2/pokemon/734/"
            },
            "slot": 2
        },
        {
            "is_hidden": false,
            "pokemon": {
                "name": "gumshoos",
                "url": "/api/v2/pokemon/735/"
            },
            "slot": 2
        },
        {
            "is_hidden": false,
            "pokemon": {
                "name": "bruxish",
                "url": "/api/v2/pokemon/779/"
            },
            "slot": 2
        },
        {
            "is_hidden": false,
            "pokemon": {
                "name": "chewtle",
                "url": "/api/v2/pokemon/833/"
            },
            "slot": 1
        },
        {
            "is_hidden": false,
            "pokemon": {
                "name": "drednaw",
                "url": "/api/v2/pokemon/834/"
            },
            "slot": 1
        },
        {
            "is_hidden": false,
            "pokemon": {
                "name": "boltund",
                "url": "/api/v2/pokemon/836/"
            },
            "slot": 1
        },
        {
            "is_hidden": false,
            "pokemon": {
                "name": "dracovish",
                "url": "/api/v2/pokemon/882/"
            },
            "slot": 2
        },
        {
            "is_hidden": false,
            "pokemon": {
                "name": "sharpedo-mega",
                "url": "/api/v2/pokemon/10070/"
            },
            "slot": 1
        },
        {
            "is_hidden": false,
            "pokemon": {
                "name": "gumshoos-totem",
                "url": "/api/v2/pokemon/10121/"
            },
            "slot": 2
        },
        {
            "is_hidden": false,
            "pokemon": {
                "name": "drednaw-gmax",
                "url": "/api/v2/pokemon/10214/"
            },
            "slot": 1
        },
        {
            "is_hidden": false,
            "pokemon": {
                "name": "avalugg-hisui",
                "url": "/api/v2/pokemon/10243/"
            },
            "slot": 1
        }
    ]
}