{
    "effect_changes": [
        {
            "effect_entries": [
                {
                    "effect": "rest funktioniert normal bei starkem Sonnenlicht.",
                    "language": {
                        "name": "de",
                        "url": "/api/v2/language/6/"
                    }
                },
                {
                    "effect": "rest works as usual during strong sunlight.",
                    "language": {
                        "name": "en",
                        "url": "/api/v2/language/9/"
                    }
                }
            ],
            "version_group": {
                "name": "black-white",
                "url": "/api/v2/version-group/11/"
            }
        }
    ],
    "effect_entries": [
        {
            "effect": "Pok\u00e9mon mit dieser F\u00e4higkeit k\u00f6nnen w\u00e4hrend starkem Sonnenlicht keine major status ailments erleiden.\n\nDie F\u00e4higkeit heilt keine major status ailments. rest schl\u00e4gt fehl w\u00e4hrend die F\u00e4higkeit aktiv ist. yawn schl\u00e4gt sofort fehl wenn es w\u00e4hrend starkem Sonnenlicht gegen ein Pok\u00e9mon mit dieser F\u00e4higkeit benutzt wird und ein bereits eingesetzter yawn schl\u00e4gt fehl, wenn sich das weather zu starkem Sonnenlicht \u00e4ndert.",
            "language": {
                "name": "de",
                "url": "/api/v2/language/6/"
            },
            "short_effect": "Sch\u00fctzt vor major status ailments w\u00e4hrend starkem Sonnenlicht."
        },
        {
            "effect": "This Pok\u00e9mon cannot be given a major status ailment during strong sunlight.\n\nThis ability does not heal prior status ailments.  rest will fail altogether with this ability in effect.  yawn will immediately fail if used on this Pok\u00e9mon during strong sunlight, and an already-used Yawn will fail if the weather turns to strong sunlight in the meantime.",
            "language": {
                "name": "en",
                "url": "/api/v2/language/9/"
            },
            "short_effect": "Protects against major status ailments during strong sunlight."
        }
    ],
    "flavor_text_entries": [
        {
            "flavor_text": "Prevents status problems\nin sunny weather.",
            "language": {
                "name": "en",
                "url": "/api/v2/language/9/"
            },
            "version_group": {
                "name": "diamond-pearl",
                "url": "/api/v2/version-group/8/"
            }
        },
        {
            "flavor_text": "Prevents status problems\nin sunny weather.",
            "language": {
                "name": "en",
                "url": "/api/v2/language/9/"
            },
            "version_group": {
                "name": "platinum",
                "url": "/api/v2/version-group/9/"
            }
        },
        {
            "flavor_text": "Prevents problems with\nstatus in sunny weather.",
            "language": {
                "name": "en",
                "url": "/api/v2/language/9/"
            },
            "version_group": {
                "name": "heartgold-soulsilver",
                "url": "/api/v2/version-group/10/"
            }
        },
        {
            "flavor_text": "Emp\u00eache les probl\u00e8mes\nde statut au soleil.",
            "language": {
                "name": "fr",
                "url": "/api/v2/language/5/"
            },
            "version_group": {
                "name": "black-white",
                "url": "/api/v2/version-group/11/"
            }
        },
        {
            "flavor_text": "Prevents problems with\nstatus in sunny weather.",
            "language": {
                "name": "en",
                "url": "/api/v2/language/9/"
            },
            "version_group": {
                "name": "black-white",
                "url": "/api/v2/version-group/11/"
            }
        },
        {
            "flavor_text": "Prevents problems with\nstatus in sunny weather.",
            "language": {
                "name": "en",
                "url": "/api/v2/language/9/"
            },
            "version_group": {
                "name": "black-2-white-2",
                "url": "/api/v2/version-group/14/"
            }
        },
        {
            "flavor_text": "\u3058\u3087\u3046\u305f\u3044\u3000\u3044\u3058\u3087\u3046\u306b\n\u306f\u308c\u306e\u3068\u304d\u3000\u306a\u3089\u306a\u3044\u3002",
            "language": {
                "name": "ja-Hrkt",
                "url": "/api/v2/language/1/"
            },
            "version_group": {
                "name": "x-y",
                "url": "/api/v2/version-group/15/"
            }
        },
        {
            "flavor_text": "\ub9d1\uc744 \ub54c\ub294\n\uc0c1\ud0dc \uc774\uc0c1\uc774 \ub418\uc9c0 \uc54a\ub294\ub2e4.",
            "language": {
                "name": "ko",
                "url": "/api/v2/language/3/"
            },
            "version_group": {
                "name": "x-y",
                "url": "/api/v2/version-group/15/"
            }
        },
        {
            "flavor_text": "Emp\u00eache les probl\u00e8mes de statut\nau soleil.",
            "language": {
                "name": "fr",
                "url": "/api/v2/language/5/"
            },
            "version_group": {
                "name": "x-y",
                "url": "/api/v2/version-group/15/"
            }
        },
        {
            "flavor_text": "Verhindert bei Sonnenschein\nStatusprobleme.",
            "language": {
                "name": "de",
                "url": "/api/v2/language/6/"
            },
            "version_group": {
                "name": "x-y",
                "url": "/api/v2/version-group/15/"
            }
        },
        {
            "flavor_text": "Evita los problemas de estado si\nhace sol.",
            "language": {
                "name": "es",
                "url": "/api/v2/language/7/"
            },
            "version_group": {
                "name": "x-y",
                "url": "/api/v2/version-group/15/"
            }
        },
        {
            "flavor_text": "Evita problemi di stato quando\nc\u2019\u00e8 il sole.",
            "language": {
                "name": "it",
                "url": "/api/v2/language/8/"
            },
            "version_group": {
                "name": "x-y",
                "url": "/api/v2/version-group/15/"
            }
        },
        {
            "flavor_text": "Prevents status conditions\nin sunny weather.",
            "language": {
                "name": "en",
                "url": "/api/v2/language/9/"
            },
            "version_group": {
                "name": "x-y",
                "url": "/api/v2/version-group/15/"
            }
        },
        {
            "flavor_text": "\u6674\u308c\u306e\u3068\u304d\n\u72b6\u614b\u7570\u5e38\u306b\u3000\u306a\u3089\u306a\u3044\u3002",
            "language": {
                "name": "ja",
                "url": "/api/v2/language/11/"
            },
            "version_group": {
                "name": "x-y",
                "url": "/api/v2/version-group/15/"
            }
        },
        {
            "flavor_text": "\u3058\u3087\u3046\u305f\u3044\u3000\u3044\u3058\u3087\u3046\u306b\n\u306f\u308c\u306e\u3068\u304d\u3000\u306a\u3089\u306a\u3044\u3002",
            "language": {
                "name": "ja-Hrkt",
                "url": "/api/v2/language/1/"
            },
            "version_group": {
                "name": "omega-ruby-alpha-sapphire",
                "url": "/api/v2/version-group/16/"
            }
        },
        {
            "flavor_text": "\ub9d1\uc744 \ub54c\ub294\n\uc0c1\ud0dc \uc774\uc0c1\uc774 \ub418\uc9c0 \uc54a\ub294\ub2e4.",
            "language": {
                "name": "ko",
                "url": "/api/v2/language/3/"
            },
            "version_group": {
                "name": "omega-ruby-alpha-sapphire",
                "url": "/api/v2/version-group/16/"
            }
        },
        {
            "flavor_text": "Emp\u00eache les probl\u00e8mes de statut\nau soleil.",
            "language": {
                "name": "fr",
                "url": "/api/v2/language/5/"
            },
            "version_group": {
                "name": "omega-ruby-alpha-sapphire",
                "url": "/api/v2/version-group/16/"
            }
        },
        {
            "flavor_text": "Verhindert bei Sonnenschein\nStatusprobleme.",
            "language": {
                "name": "de",
                "url": "/api/v2/language/6/"
            },
            "version_group": {
                "name": "omega-ruby-alpha-sapphire",
                "url": "/api/v2/version-group/16/"
            }
        },
        {
            "flavor_text": "Evita los problemas de estado si\nhace sol.",
            "language": {
                "name": "es",
                "url": "/api/v2/language/7/"
            },
            "version_group": {
                "name": "omega-ruby-alpha-sapphire",
                "url": "/api/v2/version-group/16/"
            }
        },
        {
            "flavor_text": "Evita problemi di stato quando\nc\u2019\u00e8 il sole.",
            "language": {
                "name": "it",
                "url": "/api/v2/language/8/"
            },
            "version_group": {
                "name": "omega-ruby-alpha-sapphire",
                "url": "/api/v2/version-group/16/"
            }
        },
        {
            "flavor_text": "Prevents status conditions\nin sunny weather.",
            "language": {
                "name": "en",
                "url": "/api/v2/language/9/"
            },
            "version_group": {
                "name": "omega-ruby-alpha-sapphire",
                "url": "/api/v2/version-group/16/"
            }
        },
        {
            "flavor_text": "\u6674\u308c\u306e\u3068\u304d\n\u72b6\u614b\u7570\u5e38\u306b\u3000\u306a\u3089\u306a\u3044\u3002",
            "language": {
                "name": "ja",
                "url": "/api/v2/language/11/"
            },
            "version_group": {
                "name": "omega-ruby-alpha-sapphire",
                "url": "/api/v2/version-group/16/"
            }
        },
        {
            "flavor_text": "\u3066\u3093\u304d\u304c\u3000\u306f\u308c\u306e\u3068\u304d\u306f\n\u3058\u3087\u3046\u305f\u3044\u3000\u3044\u3058\u3087\u3046\u306b\u3000\u306a\u3089\u306a\u3044\u3002",
            "language": {
                "name": "ja-Hrkt",
                "url": "/api/v2/language/1/"
            },
            "version_group": {
                "name": "sun-moon",
                "url": "/api/v2/version-group/17/"
            }
        },
        {
            "flavor_text": "\ub0a0\uc528\uac00 \ub9d1\uc744 \ub54c\ub294\n\uc0c1\ud0dc \uc774\uc0c1\uc774 \ub418\uc9c0 \uc54a\ub294\ub2e4.",
            "language": {
                "name": "ko",
                "url": "/api/v2/language/3/"
            },
            "version_group": {
                "name": "sun-moon",
                "url": "/api/v2/version-group/17/"
            }
        },
        {
            "flavor_text": "\u5929\u6c23\u70ba\u6674\u6717\u6642\uff0c\n\u4e0d\u6703\u9677\u5165\u7570\u5e38\u72c0\u614b\u3002",
            "language": {
                "name": "zh-Hant",
                "url": "/api/v2/language/4/"
            },
            "version_group": {
                "name": "sun-moon",
                "url": "/api/v2/version-group/17/"
            }
        },
        {
            "flavor_text": "Prot\u00e8ge le Pok\u00e9mon contre les alt\u00e9rations de statut\nquand le soleil brille.",
            "language": {
                "name": "fr",
                "url": "/api/v2/language/5/"
            },
            "version_group": {
                "name": "sun-moon",
                "url": "/api/v2/version-group/17/"
            }
        },
        {
            "flavor_text": "Verhindert bei Sonnenschein Statusprobleme.",
            "language": {
                "name": "de",
                "url": "/api/v2/language/6/"
            },
            "version_group": {
                "name": "sun-moon",
                "url": "/api/v2/version-group/17/"
            }
        },
        {
            "flavor_text": "Evita los problemas de estado si hace sol.",
            "language": {
                "name": "es",
                "url": "/api/v2/language/7/"
            },
            "version_group": {
                "name": "sun-moon",
                "url": "/api/v2/version-group/17/"
            }
        },
        {
            "flavor_text": "Se la luce del sole \u00e8 intensa, evita i problemi\ndi stato.",
            "language": {
                "name": "it",
                "url": "/api/v2/language/8/"
            },
            "version_group": {
                "name": "sun-moon",
                "url": "/api/v2/version-group/17/"
            }
        },
        {
            "flavor_text": "Prevents status conditions in sunny weather.",
            "language": {
                "name": "en",
                "url": "/api/v2/language/9/"
            },
            "version_group": {
                "name": "sun-moon",
                "url": "/api/v2/version-group/17/"
            }
        },
        {
            "flavor_text": "\u5929\u6c17\u304c\u3000\u6674\u308c\u306e\u3068\u304d\u306f\n\u72b6\u614b\u7570\u5e38\u306b\u3000\u306a\u3089\u306a\u3044\u3002",
            "language": {
                "name": "ja",
                "url": "/api/v2/language/11/"
            },
            "version_group": {
                "name": "sun-moon",
                "url": "/api/v2/version-group/17/"
            }
        },
        {
            "flavor_text": "\u6674\u6717\u5929\u6c14\u65f6\uff0c\n\u4e0d\u4f1a\u53d8\u4e3a\u5f02\u5e38\u72b6\u6001\u3002",
            "language": {
                "name": "zh-Hans",
                "url": "/api/v2/language/12/"
            },
            "version_group": {
                "name": "sun-moon",
                "url": "/api/v2/version-group/17/"
            }
        },
        {
            "flavor_text": "\u3066\u3093\u304d\u304c\u3000\u306f\u308c\u306e\u3068\u304d\u306f\n\u3058\u3087\u3046\u305f\u3044\u3000\u3044\u3058\u3087\u3046\u306b\u3000\u306a\u3089\u306a\u3044\u3002",
            "language": {
                "name": "ja-Hrkt",
                "url": "/api/v2/language/1/"
            },
            "version_group": {
                "name": "ultra-sun-ultra-moon",
                "url": "/api/v2/version-group/18/"
            }
        },
        {
            "flavor_text": "\ub0a0\uc528\uac00 \ub9d1\uc744 \ub54c\ub294\n\uc0c1\ud0dc \uc774\uc0c1\uc774 \ub418\uc9c0 \uc54a\ub294\ub2e4.",
            "language": {
                "name": "ko",
                "url": "/api/v2/language/3/"
            },
            "version_group": {
                "name": "ultra-sun-ultra-moon",
                "url": "/api/v2/version-group/18/"
            }
        },
        {
            "flavor_text": "\u5929\u6c23\u70ba\u6674\u6717\u6642\uff0c\n\u4e0d\u6703\u9677\u5165\u7570\u5e38\u72c0\u614b\u3002",
            "language": {
                "name": "zh-Hant",
                "url": "/api/v2/language/4/"
            },
            "version_group": {
                "name": "ultra-sun-ultra-moon",
                "url": "/api/v2/version-group/18/"
            }
        },
        {
            "flavor_text": "Prot\u00e8ge le Pok\u00e9mon contre les alt\u00e9rations de statut\nquand le soleil brille.",
            "language": {
                "name": "fr",
                "url": "/api/v2/language/5/"
            },
            "version_group": {
                "name": "ultra-sun-ultra-moon",
                "url": "/api/v2/version-group/18/"
            }
        },
        {
            "flavor_text": "Verhindert bei Sonnenschein Statusprobleme.",
            "language": {
                "name": "de",
                "url": "/api/v2/language/6/"
            },
            "version_group": {
                "name": "ultra-sun-ultra-moon",
                "url": "/api/v2/version-group/18/"
            }
        },
        {
            "flavor_text": "Evita los problemas de estado si hace sol.",
            "language": {
                "name": "es",
                "url": "/api/v2/language/7/"
            },
            "version_group": {
                "name": "ultra-sun-ultra-moon",
                "url": "/api/v2/version-group/18/"
            }
        },
        {
            "flavor_text": "Se la luce del sole \u00e8 intensa, evita i problemi\ndi stato.",
            "language": {
                "name": "it",
                "url": "/api/v2/language/8/"
            },
            "version_group": {
                "name": "ultra-sun-ultra-moon",
                "url": "/api/v2/version-group/18/"
            }
        },
        {
            "flavor_text": "Prevents status conditions in harsh sunlight.",
            "language": {
                "name": "en",
                "url": "/api/v2/language/9/"
            },
            "version_group": {
                "name": "ultra-sun-ultra-moon",
                "url": "/api/v2/version-group/18/"
            }
        },
        {
            "flavor_text": "\u5929\u6c17\u304c\u3000\u6674\u308c\u306e\u3068\u304d\u306f\n\u72b6\u614b\u7570\u5e38\u306b\u3000\u306a\u3089\u306a\u3044\u3002",
            "language": {
                "name": "ja",
                "url": "/api/v2/language/11/"
            },
            "version_group": {
                "name": "ultra-sun-ultra-moon",
                "url": "/api/v2/version-group/18/"
            }
        },
        {
            "flavor_text": "\u6674\u6717\u5929\u6c14\u65f6\uff0c\n\u4e0d\u4f1a\u53d8\u4e3a\u5f02\u5e38\u72b6\u6001\u3002",
            "language": {
                "name": "zh-Hans",
                "url": "/api/v2/language/12/"
            },
            "version_group": {
                "name": "ultra-sun-ultra-moon",
                "url": "/api/v2/version-group/18/"
            }
        },
        {
            "flavor_text": "\u3066\u3093\u304d\u304c\u3000\u306f\u308c\u306e\u3068\u304d\u306f\n\u3058\u3087\u3046\u305f\u3044\u3000\u3044\u3058\u3087\u3046\u306b\u3000\u306a\u3089\u306a\u3044\u3002",
            "language": {
                "name": "ja-Hrkt",
                "url": "/api/v2/language/1/"
            },
            "version_group": {
                "name": "lets-go-pikachu-lets-go-eevee",
                "url": "/api/v2/version-group/19/"
            }
        },
        {
            "flavor_text": "\ub0a0\uc528\uac00 \ub9d1\uc744 \ub54c\ub294\n\uc0c1\ud0dc \uc774\uc0c1\uc774 \ub418\uc9c0 \uc54a\ub294\ub2e4.",
            "language": {
                "name": "ko",
                "url": "/api/v2/language/3/"
            },
            "version_group": {
                "name": "lets-go-pikachu-lets-go-eevee",
                "url": "/api/v2/version-group/19/"
            }
        },
        {
            "flavor_text": "\u5929\u6c23\u70ba\u6674\u6717\u6642\uff0c\n\u4e0d\u6703\u9677\u5165\u7570\u5e38\u72c0\u614b\u3002",
            "language": {
                "name": "zh-Hant",
                "url": "/api/v2/language/4/"
            },
            "version_group": {
                "name": "lets-go-pikachu-lets-go-eevee",
                "url": "/api/v2/version-group/19/"
            }
        },
        {
            "flavor_text": "Prot\u00e8ge le Pok\u00e9mon contre les alt\u00e9rations de statut\nquand le soleil brille.",
            "language": {
                "name": "fr",
                "url": "/api/v2/language/5/"
            },
            "version_group": {
                "name": "lets-go-pikachu-lets-go-eevee",
                "url": "/api/v2/version-group/19/"
            }
        },
        {
            "flavor_text": "Verhindert bei Sonnenschein Statusprobleme.",
            "language": {
                "name": "de",
                "url": "/api/v2/language/6/"
            },
            "version_group": {
                "name": "lets-go-pikachu-lets-go-eevee",
                "url": "/api/v2/version-group/19/"
            }
        },
        {
            "flavor_text": "Evita los problemas de estado si hace sol.",
            "language": {
                "name": "es",
                "url": "/api/v2/language/7/"
            },
            "version_group": {
                "name": "lets-go-pikachu-lets-go-eevee",
                "url": "/api/v2/version-group/19/"
            }
        },
        {
            "flavor_text": "Se la luce del sole \u00e8 intensa, evita i problemi\ndi stato.",
            "language": {
                "name": "it",
                "url": "/api/v2/language/8/"
            },
            "version_group": {
                "name": "lets-go-pikachu-lets-go-eevee",
                "url": "/api/v2/version-group/19/"
            }
        },
        {
            "flavor_text": "Prevents status conditions in harsh sunlight.",
            "language": {
                "name": "en",
                "url": "/api/v2/language/9/"
            },
            "version_group": {
                "name": "lets-go-pikachu-lets-go-eevee",
                "url": "/api/v2/version-group/19/"
            }
        },
        {
            "flavor_text": "\u5929\u6c17\u304c\u3000\u6674\u308c\u306e\u3068\u304d\u306f\n\u72b6\u614b\u7570\u5e38\u306b\u3000\u306a\u3089\u306a\u3044\u3002",
            "language": {
                "name": "ja",
                "url": "/api/v2/language/11/"
            },
            "version_group": {
                "name": "lets-go-pikachu-lets-go-eevee",
                "url": "/api/v2/version-group/19/"
            }
        },
        {
            "flavor_text": "\u6674\u6717\u5929\u6c14\u65f6\uff0c\n\u4e0d\u4f1a\u53d8\u4e3a\u5f02\u5e38\u72b6\u6001\u3002",
            "language": {
                "name": "zh-Hans",
                "url": "/api/v2/language/12/"
            },
            "version_group": {
                "name": "lets-go-pikachu-lets-go-eevee",
                "url": "/api/v2/version-group/19/"
            }
        },
        {
            "flavor_text": "\u3066\u3093\u304d\u304c\u3000\u306f\u308c\u306e\u3068\u304d\u306f\n\u3058\u3087\u3046\u305f\u3044\u3000\u3044\u3058\u3087\u3046\u306b\u3000\u306a\u3089\u306a\u3044\u3002",
            "language": {
                "name": "ja-Hrkt",
                "url": "/api/v2/language/1/"
            },
            "version_group": {
                "name": "sword-shield",
                "url": "/api/v2/version-group/20/"
            }
        },
        {
            "flavor_text": "\ub0a0\uc528\uac00 \ub9d1\uc744 \ub54c\ub294\n\uc0c1\ud0dc \uc774\uc0c1\uc774 \ub418\uc9c0 \uc54a\ub294\ub2e4.",
            "language": {
                "name": "ko",
                "url": "/api/v2/language/3/"
            },
            "version_group": {
                "name": "sword-shield",
                "url": "/api/v2/version-group/20/"
            }
        },
        {
            "flavor_text": "\u5929\u6c23\u70ba\u6674\u6717\u6642\uff0c\n\u4e0d\u6703\u9677\u5165\u7570\u5e38\u72c0\u614b\u3002",
            "language": {
                "name": "zh-Hant",
                "url": "/api/v2/language/4/"
            },
            "version_group": {
                "name": "sword-shield",
                "url": "/api/v2/version-group/20/"
            }
        },
        {
            "flavor_text": "Prot\u00e8ge le Pok\u00e9mon contre les alt\u00e9rations de statut\nquand le soleil brille.",
            "language": {
                "name": "fr",
                "url": "/api/v2/language/5/"
            },
            "version_group": {
                "name": "sword-shield",
                "url": "/api/v2/version-group/20/"
            }
        },
        {
            "flavor_text": "Verhindert bei Sonnenschein Statusprobleme.",
            "language": {
                "name": "de",
                "url": "/api/v2/language/6/"
            },
            "version_group": {
                "name": "sword-shield",
                "url": "/api/v2/version-group/20/"
            }
        },
        {
            "flavor_text": "Evita los problemas de estado si hace sol.",
            "language": {
                "name": "es",
                "url": "/api/v2/language/7/"
            },
            "version_group": {
                "name": "sword-shield",
                "url": "/api/v2/version-group/20/"
            }
        },
        {
            "flavor_text": "Se la luce del sole \u00e8 intensa, evita i problemi\ndi stato.",
            "language": {
                "name": "it",
                "url": "/api/v2/language/8/"
            },
            "version_group": {
                "name": "sword-shield",
                "url": "/api/v2/version-group/20/"
            }
        },
        {
            "flavor_text": "Prevents status conditions in harsh sunlight.",
            "language": {
                "name": "en",
                "url": "/api/v2/language/9/"
            },
            "version_group": {
                "name": "sword-shield",
                "url": "/api/v2/version-group/20/"
            }
        },
        {
            "flavor_text": "\u5929\u6c17\u304c\u3000\u6674\u308c\u306e\u3068\u304d\u306f\n\u72b6\u614b\u7570\u5e38\u306b\u3000\u306a\u3089\u306a\u3044\u3002",
            "language": {
                "name": "ja",
                "url": "/api/v2/language/11/"
            },
            "version_group": {
                "name": "sword-shield",
                "url": "/api/v2/version-group/20/"
            }
        },
        {
            "flavor_text": "\u6674\u6717\u5929\u6c14\u65f6\uff0c\n\u4e0d\u4f1a\u53d8\u4e3a\u5f02\u5e38\u72b6\u6001\u3002",
            "language": {
                "name": "zh-Hans",
                "url": "/api/v2/language/12/"
            },
            "version_group": {
                "name": "sword-shield",
                "url": "/api/v2/version-group/20/"
            }
        }
    ],
    "generation": {
        "name": "generation-iv",
        "url": "/api/v2/generation/4/"
    },
    "id": 102,
    "is_main_series": true,
    "name": "leaf-guard",
    "names": [
        {
            "language": {
                "name": "ja-Hrkt",
                "url": "/api/v2/language/1/"
            },
            "name": "\u30ea\u30fc\u30d5\u30ac\u30fc\u30c9"
        },
        {
            "language": {
                "name": "ko",
                "url": "/api/v2/language/3/"
            },
            "name": "\ub9ac\ud504\uac00\ub4dc"
        },
        {
            "language": {
                "name": "zh-Hant",
                "url": "/api/v2/language/4/"
            },
            "name": "\u8449\u5b50\u9632\u5b88"
        },
        {
            "language": {
                "name": "fr",
                "url": "/api/v2/language/5/"
            },
            "name": "Feuille Garde"
        },
        {
            "language": {
                "name": "de",
                "url": "/api/v2/language/6/"
            },
            "name": "Floraschild"
        },
        {
            "language": {
                "name": "es",
                "url": "/api/v2/language/7/"
            },
            "name": "Defensa Hoja"
        },
        {
            "language": {
                "name": "it",
                "url": "/api/v2/language/8/"
            },
            "name": "Fogliamanto"
        },
        {
            "language": {
                "name": "en",
                "url": "/api/v2/language/9/"
            },
            "name": "Leaf Guard"
        },
        {
            "language": {
                "name": "ja",
                "url": "/api/v2/language/11/"
            },
            "name": "\u30ea\u30fc\u30d5\u30ac\u30fc\u30c9"
        },
        {
            "language": {
                "name": "zh-Hans",
                "url": "/api/v2/language/12/"
            },
            "name": "\u53f6\u5b50\u9632\u5b88"
        }
    ],
    "pokemon": [
        {
            "is_hidden": false,
            "pokemon": {
                "name": "tangela",
                "url": "/api/v2/pokemon/114/"
            },
            "slot": 2
        },
        {
            "is_hidden": true,
            "pokemon": {
                "name": "chikorita",
                "url": "/api/v2/pokemon/152/"
            },
            "slot": 3
        },
        {
            "is_hidden": true,
            "pokemon": {
                "name": "bayleef",
                "url": "/api/v2/pokemon/153/"
            },
            "slot": 3
        },
        {
            "is_hidden": true,
            "pokemon": {
                "name": "meganium",
                "url": "/api/v2/pokemon/154/"
            },
            "slot": 3
        },
        {
            "is_hidden": false,
            "pokemon": {
                "name": "hoppip",
                "url": "/api/v2/pokemon/187/"
            },
            "slot": 2
        },
        {
            "is_hidden": false,
            "pokemon": {
                "name": "skiploom",
                "url": "/api/v2/pokemon/188/"
            },
            "slot": 2
        },
        {
            "is_hidden": false,
            "pokemon": {
                "name": "jumpluff",
                "url": "/api/v2/pokemon/189/"
            },
            "slot": 2
        },
        {
            "is_hidden": true,
            "pokemon": {
                "name": "roselia",
                "url": "/api/v2/pokemon/315/"
            },
            "slot": 3
        },
        {
            "is_hidden": true,
            "pokemon": {
                "name": "budew",
                "url": "/api/v2/pokemon/406/"
            },
            "slot": 3
        },
        {
            "is_hidden": false,
            "pokemon": {
                "name": "tangrowth",
                "url": "/api/v2/pokemon/465/"
            },
            "slot": 2
        },
        {
            "is_hidden": false,
            "pokemon": {
                "name": "leafeon",
                "url": "/api/v2/pokemon/470/"
            },
            "slot": 1
        },
        {
            "is_hidden": false,
            "pokemon": {
                "name": "swadloon",
                "url": "/api/v2/pokemon/541/"
            },
            "slot": 1
        },
        {
            "is_hidden": true,
            "pokemon": {
                "name": "petilil",
                "url": "/api/v2/pokemon/548/"
            },
            "slot": 3
        },
        {
            "is_hidden": true,
            "pokemon": {
                "name": "lilligant",
                "url": "/api/v2/pokemon/549/"
            },
            "slot": 3
        },
        {
            "is_hidden": false,
            "pokemon": {
                "name": "fomantis",
                "url": "/api/v2/pokemon/753/"
            },
            "slot": 1
        },
        {
            "is_hidden": false,
            "pokemon": {
                "name": "lurantis",
                "url": "/api/v2/pokemon/754/"
            },
            "slot": 1
        },
        {
            "is_hidden": false,
            "pokemon": {
                "name": "bounsweet",
                "url": "/api/v2/pokemon/761/"
            },
            "slot": 1
        },
        {
            "is_hidden": false,
            "pokemon": {
                "name": "steenee",
                "url": "/api/v2/pokemon/762/"
            },
            "slot": 1
        },
        {
            "is_hidden": false,
            "pokemon": {
                "name": "tsareena",
                "url": "/api/v2/pokemon/763/"
            },
            "slot": 1
        },
        {
            "is_hidden": false,
            "pokemon": {
                "name": "zarude",
                "url": "/api/v2/pokemon/893/"
            },
            "slot": 1
        },
        {
            "is_hidden": false,
            "pokemon": {
                "name": "lurantis-totem",
                "url": "/api/v2/pokemon/10128/"
            },
            "slot": 1
        },
        {
            "is_hidden": false,
            "pokemon": {
                "name": "zarude-dada",
                "url": "/api/v2/pokemon/10192/"
            },
            "slot": 1
        },
        {
            "is_hidden": true,
            "pokemon": {
                "name": "lilligant-hisui",
                "url": "/api/v2/pokemon/10237/"
            },
            "slot": 3
        }
    ]
}