{
    "effect_changes": [],
    "effect_entries": [],
    "flavor_text_entries": [
        {
            "flavor_text": "The Pok\u00e9mon changes its form, alternating between\nits Full Belly Mode and Hangry Mode after the end of\neach turn.",
            "language": {
                "name": "en",
                "url": "/api/v2/language/9/"
            },
            "version_group": {
                "name": "sword-shield",
                "url": "/api/v2/version-group/20/"
            }
        },
        {
            "flavor_text": "\u30bf\u30fc\u30f3\u306e\u3000\u304a\u308f\u308a\u306b\u3000\u307e\u3093\u3077\u304f\u3082\u3088\u3046\n\u306f\u3089\u307a\u3053\u3082\u3088\u3046\u3000\u307e\u3093\u3077\u304f\u3082\u3088\u3046\u2026\u2026\u3068\n\u3053\u3046\u3054\u306b\u3000\u3059\u304c\u305f\u3092\u3000\u304b\u3048\u308b\u3002",
            "language": {
                "name": "ja-Hrkt",
                "url": "/api/v2/language/1/"
            },
            "version_group": {
                "name": "sword-shield",
                "url": "/api/v2/version-group/20/"
            }
        },
        {
            "flavor_text": "\ud134\uc774 \ub05d\ub0a0 \ub54c\ub9c8\ub2e4 \ubc30\ubd80\ub978 \ubaa8\uc591,\n\ubc30\uace0\ud508 \ubaa8\uc591, \ubc30\ubd80\ub978 \ubaa8\uc591...\uc73c\ub85c\n\ubc88\uac08\uc544\uc11c \ubaa8\uc2b5\uc744 \ubc14\uafbc\ub2e4.",
            "language": {
                "name": "ko",
                "url": "/api/v2/language/3/"
            },
            "version_group": {
                "name": "sword-shield",
                "url": "/api/v2/version-group/20/"
            }
        },
        {
            "flavor_text": "\u5728\u6bcf\u500b\u56de\u5408\u7d50\u675f\u6642\uff0c\n\u6703\u5728\u6eff\u8179\u82b1\u7d0b\u548c\u7a7a\u8179\u82b1\u7d0b\u4e4b\u9593\n\u4ea4\u66ff\u6539\u8b8a\u6a23\u5b50\u3002",
            "language": {
                "name": "zh-Hant",
                "url": "/api/v2/language/4/"
            },
            "version_group": {
                "name": "sword-shield",
                "url": "/api/v2/version-group/20/"
            }
        },
        {
            "flavor_text": "\u00c0 la fin de chaque tour, le Pok\u00e9mon alterne\nentre ses formes Mode Rassasi\u00e9 et Mode Affam\u00e9.",
            "language": {
                "name": "fr",
                "url": "/api/v2/language/5/"
            },
            "version_group": {
                "name": "sword-shield",
                "url": "/api/v2/version-group/20/"
            }
        },
        {
            "flavor_text": "Das Pok\u00e9mon \u00e4ndert zum Ende jeder Runde seine\nForm und wechselt somit zwischen dem Pappsatt- und\ndem Kohldampfmuster.",
            "language": {
                "name": "de",
                "url": "/api/v2/language/6/"
            },
            "version_group": {
                "name": "sword-shield",
                "url": "/api/v2/version-group/20/"
            }
        },
        {
            "flavor_text": "Alterna entre su Forma Saciada y Forma Voraz al final\nde cada turno.",
            "language": {
                "name": "es",
                "url": "/api/v2/language/7/"
            },
            "version_group": {
                "name": "sword-shield",
                "url": "/api/v2/version-group/20/"
            }
        },
        {
            "flavor_text": "Alla fine di ogni turno cambia forma, alternando\ntra Motivo Panciapiena e Motivo Panciavuota.",
            "language": {
                "name": "it",
                "url": "/api/v2/language/8/"
            },
            "version_group": {
                "name": "sword-shield",
                "url": "/api/v2/version-group/20/"
            }
        },
        {
            "flavor_text": "\u30bf\u30fc\u30f3\u306e\u3000\u7d42\u308f\u308a\u306b\u3000\u307e\u3093\u3077\u304f\u3082\u3088\u3046\n\u306f\u3089\u307a\u3053\u3082\u3088\u3046\u3000\u307e\u3093\u3077\u304f\u3082\u3088\u3046\u2026\u2026\u3068\n\u4ea4\u4e92\u306b\u3000\u59ff\u3092\u3000\u5909\u3048\u308b\u3002",
            "language": {
                "name": "ja",
                "url": "/api/v2/language/11/"
            },
            "version_group": {
                "name": "sword-shield",
                "url": "/api/v2/version-group/20/"
            }
        },
        {
            "flavor_text": "\u6bcf\u56de\u5408\u7ed3\u675f\u65f6\u4f1a\u5728\n\u6ee1\u8179\u82b1\u7eb9\u4e0e\u7a7a\u8179\u82b1\u7eb9\u4e4b\u95f4\n\u4ea4\u66ff\u6539\u53d8\u6837\u5b50\u3002",
            "language": {
                "name": "zh-Hans",
                "url": "/api/v2/language/12/"
            },
            "version_group": {
                "name": "sword-shield",
                "url": "/api/v2/version-group/20/"
            }
        }
    ],
    "generation": {
        "name": "generation-viii",
        "url": "/api/v2/generation/8/"
    },
    "id": 258,
    "is_main_series": true,
    "name": "hunger-switch",
    "names": [
        {
            "language": {
                "name": "ja-Hrkt",
                "url": "/api/v2/language/1/"
            },
            "name": "\u306f\u3089\u307a\u3053\u30b9\u30a4\u30c3\u30c1"
        },
        {
            "language": {
                "name": "ko",
                "url": "/api/v2/language/3/"
            },
            "name": "\uaf2c\ub974\ub975\uc2a4\uc704\uce58"
        },
        {
            "language": {
                "name": "zh-Hant",
                "url": "/api/v2/language/4/"
            },
            "name": "\u98fd\u4e86\u53c8\u9913"
        },
        {
            "language": {
                "name": "fr",
                "url": "/api/v2/language/5/"
            },
            "name": "D\u00e9clic Fringale"
        },
        {
            "language": {
                "name": "de",
                "url": "/api/v2/language/6/"
            },
            "name": "Hei\u00dfhunger"
        },
        {
            "language": {
                "name": "es",
                "url": "/api/v2/language/7/"
            },
            "name": "Mutapetito"
        },
        {
            "language": {
                "name": "it",
                "url": "/api/v2/language/8/"
            },
            "name": "Pancialterna"
        },
        {
            "language": {
                "name": "en",
                "url": "/api/v2/language/9/"
            },
            "name": "Hunger Switch"
        },
        {
            "language": {
                "name": "ja",
                "url": "/api/v2/language/11/"
            },
            "name": "\u306f\u3089\u307a\u3053\u30b9\u30a4\u30c3\u30c1"
        },
        {
            "language": {
                "name": "zh-Hans",
                "url": "/api/v2/language/12/"
            },
            "name": "\u9971\u4e86\u53c8\u997f"
        }
    ],
    "pokemon": [
        {
            "is_hidden": false,
            "pokemon": {
                "name": "morpeko-full-belly",
                "url": "/api/v2/pokemon/877/"
            },
            "slot": 1
        },
        {
            "is_hidden": false,
            "pokemon": {
                "name": "morpeko-hangry",
                "url": "/api/v2/pokemon/10187/"
            },
            "slot": 1
        }
    ]
}