{
    "descriptions": [
        {
            "description": "\u306c\u3051\u3081\u304c\u3000\u306a\u3044",
            "language": {
                "name": "ja-Hrkt",
                "url": "/api/v2/language/1/"
            }
        },
        {
            "description": "\ube48\ud2c8\uc774 \uc5c6\uc74c",
            "language": {
                "name": "ko",
                "url": "/api/v2/language/3/"
            }
        },
        {
            "description": "\u505a\u4e8b\u842c\u7121\u4e00\u5931",
            "language": {
                "name": "zh-Hant",
                "url": "/api/v2/language/4/"
            }
        },
        {
            "description": "Il est tr\u00e8s astucieux",
            "language": {
                "name": "fr",
                "url": "/api/v2/language/5/"
            }
        },
        {
            "description": "Ist \u00e4u\u00dferst gerissen",
            "language": {
                "name": "de",
                "url": "/api/v2/language/6/"
            }
        },
        {
            "description": "Es muy sagaz",
            "language": {
                "name": "es",
                "url": "/api/v2/language/7/"
            }
        },
        {
            "description": "\u00c8 estremamente sagace",
            "language": {
                "name": "it",
                "url": "/api/v2/language/8/"
            }
        },
        {
            "description": "Thoroughly cunning",
            "language": {
                "name": "en",
                "url": "/api/v2/language/9/"
            }
        },
        {
            "description": "\u629c\u3051\u76ee\u304c\u3000\u306a\u3044",
            "language": {
                "name": "ja",
                "url": "/api/v2/language/11/"
            }
        },
        {
            "description": "\u505a\u4e8b\u4e07\u65e0\u4e00\u5931",
            "language": {
                "name": "zh-Hans",
                "url": "/api/v2/language/12/"
            }
        }
    ],
    "gene_modulo": 2,
    "highest_stat": {
        "name": "special-attack",
        "url": "/api/v2/stat/4/"
    },
    "id": 16,
    "possible_values": [
        2,
        7,
        12,
        17,
        22,
        27
    ]
}