{
    "effect_changes": [],
    "effect_entries": [
        {
            "effect": "This Pok\u00e9mon's stats cannot be lowered by other Pok\u00e9mon's moves or abilities.  This effect only applies to normal stat modifications and not more exotic effects such as topsy turvy or power swap.\n\nThis Ability is not bypassed by mold breaker, teravolt, or turboblaze.",
            "language": {
                "name": "en",
                "url": "/api/v2/language/9/"
            },
            "short_effect": "Other Pok\u00e9mon cannot lower this Pok\u00e9mon's stats."
        }
    ],
    "flavor_text_entries": [
        {
            "flavor_text": "\u3042\u3044\u3066\u306e\u3000\u308f\u3056\u3084\u3000\u3068\u304f\u305b\u3044\u3067\n\u306e\u3046\u308a\u3087\u304f\u3092\u3000\u3055\u3052\u3089\u308c\u306a\u3044\u3002",
            "language": {
                "name": "ja-Hrkt",
                "url": "/api/v2/language/1/"
            },
            "version_group": {
                "name": "sun-moon",
                "url": "/api/v2/version-group/17/"
            }
        },
        {
            "flavor_text": "\uc0c1\ub300 \uae30\uc220\uc774\ub098 \ud2b9\uc131\uc73c\ub85c\n\ub2a5\ub825\uc744 \ub5a8\uc5b4\ub728\ub9b4 \uc218 \uc5c6\ub2e4.",
            "language": {
                "name": "ko",
                "url": "/api/v2/language/3/"
            },
            "version_group": {
                "name": "sun-moon",
                "url": "/api/v2/version-group/17/"
            }
        },
        {
            "flavor_text": "\u4e0d\u6703\u56e0\u5c0d\u624b\u7684\u62db\u5f0f\u6216\u7279\u6027\n\u800c\u88ab\u964d\u4f4e\u80fd\u529b\u3002",
            "language": {
                "name": "zh-Hant",
                "url": "/api/v2/language/4/"
            },
            "version_group": {
                "name": "sun-moon",
                "url": "/api/v2/version-group/17/"
            }
        },
        {
            "flavor_text": "Emp\u00eache les stats du Pok\u00e9mon de baisser \u00e0 cause\nd\u2019une capacit\u00e9 ou d\u2019un talent.",
            "language": {
                "name": "fr",
                "url": "/api/v2/language/5/"
            },
            "version_group": {
                "name": "sun-moon",
                "url": "/api/v2/version-group/17/"
            }
        },
        {
            "flavor_text": "Verhindert das Senken der Statuswerte durch\nAttacken und F\u00e4higkeiten von Angreifern.",
            "language": {
                "name": "de",
                "url": "/api/v2/language/6/"
            },
            "version_group": {
                "name": "sun-moon",
                "url": "/api/v2/version-group/17/"
            }
        },
        {
            "flavor_text": "Evita que bajen sus caracter\u00edsticas a causa de\nmovimientos o habilidades de otros Pok\u00e9mon.",
            "language": {
                "name": "es",
                "url": "/api/v2/language/7/"
            },
            "version_group": {
                "name": "sun-moon",
                "url": "/api/v2/version-group/17/"
            }
        },
        {
            "flavor_text": "Rende immuni alla diminuzione delle statistiche\ncausata da abilit\u00e0 o mosse di altri Pok\u00e9mon.",
            "language": {
                "name": "it",
                "url": "/api/v2/language/8/"
            },
            "version_group": {
                "name": "sun-moon",
                "url": "/api/v2/version-group/17/"
            }
        },
        {
            "flavor_text": "Prevents other Pok\u00e9mon\u2019s moves or Abilities from\nlowering the Pok\u00e9mon\u2019s stats.",
            "language": {
                "name": "en",
                "url": "/api/v2/language/9/"
            },
            "version_group": {
                "name": "sun-moon",
                "url": "/api/v2/version-group/17/"
            }
        },
        {
            "flavor_text": "\u76f8\u624b\u306e\u3000\u6280\u3084\u3000\u7279\u6027\u3067\n\u80fd\u529b\u3092\u3000\u4e0b\u3052\u3089\u308c\u306a\u3044\u3002",
            "language": {
                "name": "ja",
                "url": "/api/v2/language/11/"
            },
            "version_group": {
                "name": "sun-moon",
                "url": "/api/v2/version-group/17/"
            }
        },
        {
            "flavor_text": "\u4e0d\u4f1a\u56e0\u4e3a\u5bf9\u624b\u7684\u62db\u5f0f\u6216\u7279\u6027\n\u800c\u88ab\u964d\u4f4e\u80fd\u529b\u3002",
            "language": {
                "name": "zh-Hans",
                "url": "/api/v2/language/12/"
            },
            "version_group": {
                "name": "sun-moon",
                "url": "/api/v2/version-group/17/"
            }
        },
        {
            "flavor_text": "\u3042\u3044\u3066\u306e\u3000\u308f\u3056\u3084\u3000\u3068\u304f\u305b\u3044\u3067\n\u306e\u3046\u308a\u3087\u304f\u3092\u3000\u3055\u3052\u3089\u308c\u306a\u3044\u3002",
            "language": {
                "name": "ja-Hrkt",
                "url": "/api/v2/language/1/"
            },
            "version_group": {
                "name": "ultra-sun-ultra-moon",
                "url": "/api/v2/version-group/18/"
            }
        },
        {
            "flavor_text": "\uc0c1\ub300 \uae30\uc220\uc774\ub098 \ud2b9\uc131\uc73c\ub85c\n\ub2a5\ub825\uc744 \ub5a8\uc5b4\ub728\ub9b4 \uc218 \uc5c6\ub2e4.",
            "language": {
                "name": "ko",
                "url": "/api/v2/language/3/"
            },
            "version_group": {
                "name": "ultra-sun-ultra-moon",
                "url": "/api/v2/version-group/18/"
            }
        },
        {
            "flavor_text": "\u4e0d\u6703\u56e0\u5c0d\u624b\u7684\u62db\u5f0f\u6216\u7279\u6027\n\u800c\u88ab\u964d\u4f4e\u80fd\u529b\u3002",
            "language": {
                "name": "zh-Hant",
                "url": "/api/v2/language/4/"
            },
            "version_group": {
                "name": "ultra-sun-ultra-moon",
                "url": "/api/v2/version-group/18/"
            }
        },
        {
            "flavor_text": "Emp\u00eache les stats du Pok\u00e9mon de baisser \u00e0 cause\nd\u2019une capacit\u00e9 ou d\u2019un talent.",
            "language": {
                "name": "fr",
                "url": "/api/v2/language/5/"
            },
            "version_group": {
                "name": "ultra-sun-ultra-moon",
                "url": "/api/v2/version-group/18/"
            }
        },
        {
            "flavor_text": "Verhindert das Senken der Statuswerte durch\nAttacken und F\u00e4higkeiten von Angreifern.",
            "language": {
                "name": "de",
                "url": "/api/v2/language/6/"
            },
            "version_group": {
                "name": "ultra-sun-ultra-moon",
                "url": "/api/v2/version-group/18/"
            }
        },
        {
            "flavor_text": "Evita que bajen sus caracter\u00edsticas a causa de\nmovimientos o habilidades de otros Pok\u00e9mon.",
            "language": {
                "name": "es",
                "url": "/api/v2/language/7/"
            },
            "version_group": {
                "name": "ultra-sun-ultra-moon",
                "url": "/api/v2/version-group/18/"
            }
        },
        {
            "flavor_text": "Rende immuni alla diminuzione delle statistiche\ncausata da abilit\u00e0 o mosse di altri Pok\u00e9mon.",
            "language": {
                "name": "it",
                "url": "/api/v2/language/8/"
            },
            "version_group": {
                "name": "ultra-sun-ultra-moon",
                "url": "/api/v2/version-group/18/"
            }
        },
        {
            "flavor_text": "Prevents other Pok\u00e9mon\u2019s moves or Abilities from\nlowering the Pok\u00e9mon\u2019s stats.",
            "language": {
                "name": "en",
                "url": "/api/v2/language/9/"
            },
            "version_group": {
                "name": "ultra-sun-ultra-moon",
                "url": "/api/v2/version-group/18/"
            }
        },
        {
            "flavor_text": "\u76f8\u624b\u306e\u3000\u6280\u3084\u3000\u7279\u6027\u3067\n\u80fd\u529b\u3092\u3000\u4e0b\u3052\u3089\u308c\u306a\u3044\u3002",
            "language": {
                "name": "ja",
                "url": "/api/v2/language/11/"
            },
            "version_group": {
                "name": "ultra-sun-ultra-moon",
                "url": "/api/v2/version-group/18/"
            }
        },
        {
            "flavor_text": "\u4e0d\u4f1a\u56e0\u4e3a\u5bf9\u624b\u7684\u62db\u5f0f\u6216\u7279\u6027\n\u800c\u88ab\u964d\u4f4e\u80fd\u529b\u3002",
            "language": {
                "name": "zh-Hans",
                "url": "/api/v2/language/12/"
            },
            "version_group": {
                "name": "ultra-sun-ultra-moon",
                "url": "/api/v2/version-group/18/"
            }
        },
        {
            "flavor_text": "\u3042\u3044\u3066\u306e\u3000\u308f\u3056\u3084\u3000\u3068\u304f\u305b\u3044\u3067\n\u306e\u3046\u308a\u3087\u304f\u3092\u3000\u3055\u3052\u3089\u308c\u306a\u3044\u3002",
            "language": {
                "name": "ja-Hrkt",
                "url": "/api/v2/language/1/"
            },
            "version_group": {
                "name": "lets-go-pikachu-lets-go-eevee",
                "url": "/api/v2/version-group/19/"
            }
        },
        {
            "flavor_text": "\uc0c1\ub300 \uae30\uc220\uc774\ub098 \ud2b9\uc131\uc73c\ub85c\n\ub2a5\ub825\uc744 \ub5a8\uc5b4\ub728\ub9b4 \uc218 \uc5c6\ub2e4.",
            "language": {
                "name": "ko",
                "url": "/api/v2/language/3/"
            },
            "version_group": {
                "name": "lets-go-pikachu-lets-go-eevee",
                "url": "/api/v2/version-group/19/"
            }
        },
        {
            "flavor_text": "\u4e0d\u6703\u56e0\u5c0d\u624b\u7684\u62db\u5f0f\u6216\u7279\u6027\n\u800c\u88ab\u964d\u4f4e\u80fd\u529b\u3002",
            "language": {
                "name": "zh-Hant",
                "url": "/api/v2/language/4/"
            },
            "version_group": {
                "name": "lets-go-pikachu-lets-go-eevee",
                "url": "/api/v2/version-group/19/"
            }
        },
        {
            "flavor_text": "Emp\u00eache les stats du Pok\u00e9mon de baisser \u00e0 cause\nd\u2019une capacit\u00e9 ou d\u2019un talent.",
            "language": {
                "name": "fr",
                "url": "/api/v2/language/5/"
            },
            "version_group": {
                "name": "lets-go-pikachu-lets-go-eevee",
                "url": "/api/v2/version-group/19/"
            }
        },
        {
            "flavor_text": "Verhindert das Senken der Statuswerte durch\nAttacken und F\u00e4higkeiten von Angreifern.",
            "language": {
                "name": "de",
                "url": "/api/v2/language/6/"
            },
            "version_group": {
                "name": "lets-go-pikachu-lets-go-eevee",
                "url": "/api/v2/version-group/19/"
            }
        },
        {
            "flavor_text": "Evita que bajen sus caracter\u00edsticas a causa de\nmovimientos o habilidades de otros Pok\u00e9mon.",
            "language": {
                "name": "es",
                "url": "/api/v2/language/7/"
            },
            "version_group": {
                "name": "lets-go-pikachu-lets-go-eevee",
                "url": "/api/v2/version-group/19/"
            }
        },
        {
            "flavor_text": "Rende immuni alla diminuzione delle statistiche\ncausata da abilit\u00e0 o mosse di altri Pok\u00e9mon.",
            "language": {
                "name": "it",
                "url": "/api/v2/language/8/"
            },
            "version_group": {
                "name": "lets-go-pikachu-lets-go-eevee",
                "url": "/api/v2/version-group/19/"
            }
        },
        {
            "flavor_text": "Prevents other Pok\u00e9mon\u2019s moves or Abilities from\nlowering the Pok\u00e9mon\u2019s stats.",
            "language": {
                "name": "en",
                "url": "/api/v2/language/9/"
            },
            "version_group": {
                "name": "lets-go-pikachu-lets-go-eevee",
                "url": "/api/v2/version-group/19/"
            }
        },
        {
            "flavor_text": "\u76f8\u624b\u306e\u3000\u6280\u3084\u3000\u7279\u6027\u3067\n\u80fd\u529b\u3092\u3000\u4e0b\u3052\u3089\u308c\u306a\u3044\u3002",
            "language": {
                "name": "ja",
                "url": "/api/v2/language/11/"
            },
            "version_group": {
                "name": "lets-go-pikachu-lets-go-eevee",
                "url": "/api/v2/version-group/19/"
            }
        },
        {
            "flavor_text": "\u4e0d\u4f1a\u56e0\u4e3a\u5bf9\u624b\u7684\u62db\u5f0f\u6216\u7279\u6027\n\u800c\u88ab\u964d\u4f4e\u80fd\u529b\u3002",
            "language": {
                "name": "zh-Hans",
                "url": "/api/v2/language/12/"
            },
            "version_group": {
                "name": "lets-go-pikachu-lets-go-eevee",
                "url": "/api/v2/version-group/19/"
            }
        },
        {
            "flavor_text": "\u3042\u3044\u3066\u306e\u3000\u308f\u3056\u3084\u3000\u3068\u304f\u305b\u3044\u3067\n\u306e\u3046\u308a\u3087\u304f\u3092\u3000\u3055\u3052\u3089\u308c\u306a\u3044\u3002",
            "language": {
                "name": "ja-Hrkt",
                "url": "/api/v2/language/1/"
            },
            "version_group": {
                "name": "sword-shield",
                "url": "/api/v2/version-group/20/"
            }
        },
        {
            "flavor_text": "\uc0c1\ub300 \uae30\uc220\uc774\ub098 \ud2b9\uc131\uc73c\ub85c\n\ub2a5\ub825\uc744 \ub5a8\uc5b4\ub728\ub9b4 \uc218 \uc5c6\ub2e4.",
            "language": {
                "name": "ko",
                "url": "/api/v2/language/3/"
            },
            "version_group": {
                "name": "sword-shield",
                "url": "/api/v2/version-group/20/"
            }
        },
        {
            "flavor_text": "\u4e0d\u6703\u56e0\u5c0d\u624b\u7684\u62db\u5f0f\u6216\u7279\u6027\n\u800c\u88ab\u964d\u4f4e\u80fd\u529b\u3002",
            "language": {
                "name": "zh-Hant",
                "url": "/api/v2/language/4/"
            },
            "version_group": {
                "name": "sword-shield",
                "url": "/api/v2/version-group/20/"
            }
        },
        {
            "flavor_text": "Emp\u00eache les stats du Pok\u00e9mon de baisser \u00e0 cause\nd\u2019une capacit\u00e9 ou d\u2019un talent.",
            "language": {
                "name": "fr",
                "url": "/api/v2/language/5/"
            },
            "version_group": {
                "name": "sword-shield",
                "url": "/api/v2/version-group/20/"
            }
        },
        {
            "flavor_text": "Verhindert das Senken der Statuswerte durch Attacken\nund F\u00e4higkeiten von Angreifern.",
            "language": {
                "name": "de",
                "url": "/api/v2/language/6/"
            },
            "version_group": {
                "name": "sword-shield",
                "url": "/api/v2/version-group/20/"
            }
        },
        {
            "flavor_text": "Evita que bajen sus caracter\u00edsticas a causa de\nmovimientos o habilidades de otros Pok\u00e9mon.",
            "language": {
                "name": "es",
                "url": "/api/v2/language/7/"
            },
            "version_group": {
                "name": "sword-shield",
                "url": "/api/v2/version-group/20/"
            }
        },
        {
            "flavor_text": "Impedisce la diminuzione delle statistiche causata\nda abilit\u00e0 o mosse di altri Pok\u00e9mon.",
            "language": {
                "name": "it",
                "url": "/api/v2/language/8/"
            },
            "version_group": {
                "name": "sword-shield",
                "url": "/api/v2/version-group/20/"
            }
        },
        {
            "flavor_text": "Prevents other Pok\u00e9mon\u2019s moves or Abilities from\nlowering the Pok\u00e9mon\u2019s stats.",
            "language": {
                "name": "en",
                "url": "/api/v2/language/9/"
            },
            "version_group": {
                "name": "sword-shield",
                "url": "/api/v2/version-group/20/"
            }
        },
        {
            "flavor_text": "\u76f8\u624b\u306e\u3000\u6280\u3084\u3000\u7279\u6027\u3067\n\u80fd\u529b\u3092\u3000\u4e0b\u3052\u3089\u308c\u306a\u3044\u3002",
            "language": {
                "name": "ja",
                "url": "/api/v2/language/11/"
            },
            "version_group": {
                "name": "sword-shield",
                "url": "/api/v2/version-group/20/"
            }
        },
        {
            "flavor_text": "\u4e0d\u4f1a\u56e0\u4e3a\u5bf9\u624b\u7684\u62db\u5f0f\u6216\u7279\u6027\n\u800c\u88ab\u964d\u4f4e\u80fd\u529b\u3002",
            "language": {
                "name": "zh-Hans",
                "url": "/api/v2/language/12/"
            },
            "version_group": {
                "name": "sword-shield",
                "url": "/api/v2/version-group/20/"
            }
        }
    ],
    "generation": {
        "name": "generation-vii",
        "url": "/api/v2/generation/7/"
    },
    "id": 230,
    "is_main_series": true,
    "name": "full-metal-body",
    "names": [
        {
            "language": {
                "name": "ja-Hrkt",
                "url": "/api/v2/language/1/"
            },
            "name": "\u30e1\u30bf\u30eb\u30d7\u30ed\u30c6\u30af\u30c8"
        },
        {
            "language": {
                "name": "ko",
                "url": "/api/v2/language/3/"
            },
            "name": "\uba54\ud0c8\ud504\ub85c\ud14d\ud2b8"
        },
        {
            "language": {
                "name": "zh-Hant",
                "url": "/api/v2/language/4/"
            },
            "name": "\u91d1\u5c6c\u9632\u8b77"
        },
        {
            "language": {
                "name": "fr",
                "url": "/api/v2/language/5/"
            },
            "name": "M\u00e9tallo-Garde"
        },
        {
            "language": {
                "name": "de",
                "url": "/api/v2/language/6/"
            },
            "name": "Metallprotektor"
        },
        {
            "language": {
                "name": "es",
                "url": "/api/v2/language/7/"
            },
            "name": "Guardia Met\u00e1lica"
        },
        {
            "language": {
                "name": "it",
                "url": "/api/v2/language/8/"
            },
            "name": "Metalprotezione"
        },
        {
            "language": {
                "name": "en",
                "url": "/api/v2/language/9/"
            },
            "name": "Full Metal Body"
        },
        {
            "language": {
                "name": "ja",
                "url": "/api/v2/language/11/"
            },
            "name": "\u30e1\u30bf\u30eb\u30d7\u30ed\u30c6\u30af\u30c8"
        },
        {
            "language": {
                "name": "zh-Hans",
                "url": "/api/v2/language/12/"
            },
            "name": "\u91d1\u5c5e\u9632\u62a4"
        }
    ],
    "pokemon": [
        {
            "is_hidden": false,
            "pokemon": {
                "name": "solgaleo",
                "url": "/api/v2/pokemon/791/"
            },
            "slot": 1
        }
    ]
}