{
    "effect_changes": [],
    "effect_entries": [
        {
            "effect": "grass Pok\u00e9mon k\u00f6nnen durch Gegner keine negativen stat modifier erleiden, solange sich ein Pok\u00e9mon mit dieser F\u00e4higkeit im Team befindet.\n\nDas betrifft nur direkte Statuswerte\u00e4nderungenen, der speed Malus von paralysis wird nicht verhindert, genauso wie selbstverursachte Statuswerte\u00e4nderungenen wie z.B. durch leaf storm.",
            "language": {
                "name": "de",
                "url": "/api/v2/language/6/"
            },
            "short_effect": "Besch\u00fctzt verb\u00fcndete grass Pok\u00e9mon for negativen Statuswerte\u00e4nderungenen."
        },
        {
            "effect": "Protects friendly grass Pok\u00e9mon from having their stats lowered by other Pok\u00e9mon.",
            "language": {
                "name": "en",
                "url": "/api/v2/language/9/"
            },
            "short_effect": "Protects friendly grass Pok\u00e9mon from having their stats lowered by other Pok\u00e9mon."
        }
    ],
    "flavor_text_entries": [
        {
            "flavor_text": "\u307f\u304b\u305f\u306e\u3000\u304f\u3055\u30dd\u30b1\u30e2\u30f3\u306f\n\u306e\u3046\u308a\u3087\u304f\u304c\u3000\u3055\u304c\u3089\u306a\u3044\u3002",
            "language": {
                "name": "ja-Hrkt",
                "url": "/api/v2/language/1/"
            },
            "version_group": {
                "name": "x-y",
                "url": "/api/v2/version-group/15/"
            }
        },
        {
            "flavor_text": "\uac19\uc740 \ud3b8\uc758 \ud480\ud0c0\uc785 \ud3ec\ucf13\ubaac\uc740\n\ub2a5\ub825\uc774 \ub5a8\uc5b4\uc9c0\uc9c0 \uc54a\ub294\ub2e4.",
            "language": {
                "name": "ko",
                "url": "/api/v2/language/3/"
            },
            "version_group": {
                "name": "x-y",
                "url": "/api/v2/version-group/15/"
            }
        },
        {
            "flavor_text": "Emp\u00eache les alli\u00e9s de type Plante\nde subir des diminutions de stats.",
            "language": {
                "name": "fr",
                "url": "/api/v2/language/5/"
            },
            "version_group": {
                "name": "x-y",
                "url": "/api/v2/version-group/15/"
            }
        },
        {
            "flavor_text": "Sch\u00fctzt Pflanzen-Pok\u00e9mon\nvor gesenkten Statuswerten.",
            "language": {
                "name": "de",
                "url": "/api/v2/language/6/"
            },
            "version_group": {
                "name": "x-y",
                "url": "/api/v2/version-group/15/"
            }
        },
        {
            "flavor_text": "Evita que bajen las caracter\u00edsticas\nde Pok\u00e9mon tipo Planta aliados.",
            "language": {
                "name": "es",
                "url": "/api/v2/language/7/"
            },
            "version_group": {
                "name": "x-y",
                "url": "/api/v2/version-group/15/"
            }
        },
        {
            "flavor_text": "Evita il calo delle statistiche\ndegli alleati di tipo Erba.",
            "language": {
                "name": "it",
                "url": "/api/v2/language/8/"
            },
            "version_group": {
                "name": "x-y",
                "url": "/api/v2/version-group/15/"
            }
        },
        {
            "flavor_text": "Prevents lowering of ally\nGrass-type Pok\u00e9mon\u2019s stats.",
            "language": {
                "name": "en",
                "url": "/api/v2/language/9/"
            },
            "version_group": {
                "name": "x-y",
                "url": "/api/v2/version-group/15/"
            }
        },
        {
            "flavor_text": "\u5473\u65b9\u306e\u3000\u8349\u30dd\u30b1\u30e2\u30f3\u306f\n\u80fd\u529b\u304c\u3000\u3055\u304c\u3089\u306a\u3044\u3002",
            "language": {
                "name": "ja",
                "url": "/api/v2/language/11/"
            },
            "version_group": {
                "name": "x-y",
                "url": "/api/v2/version-group/15/"
            }
        },
        {
            "flavor_text": "\u202f\u304b\u305f\u306e\u3000\u304f\u3055\u30dd\u30b1\u30e2\u30f3\u306f\n\u306e\u3046\u308a\u3087\u304f\u304c\u3000\u3055\u304c\u3089\u306a\u3044\u3002",
            "language": {
                "name": "ja-Hrkt",
                "url": "/api/v2/language/1/"
            },
            "version_group": {
                "name": "omega-ruby-alpha-sapphire",
                "url": "/api/v2/version-group/16/"
            }
        },
        {
            "flavor_text": "\uac19\uc740 \ud3b8\uc758 \ud480\ud0c0\uc785 \ud3ec\ucf13\ubaac\uc740\n\ub2a5\ub825\uc774 \ub5a8\uc5b4\uc9c0\uc9c0 \uc54a\ub294\ub2e4.",
            "language": {
                "name": "ko",
                "url": "/api/v2/language/3/"
            },
            "version_group": {
                "name": "omega-ruby-alpha-sapphire",
                "url": "/api/v2/version-group/16/"
            }
        },
        {
            "flavor_text": "Emp\u00eache les alli\u00e9s de type Plante\nde subir des diminutions de stats.",
            "language": {
                "name": "fr",
                "url": "/api/v2/language/5/"
            },
            "version_group": {
                "name": "omega-ruby-alpha-sapphire",
                "url": "/api/v2/version-group/16/"
            }
        },
        {
            "flavor_text": "Sch\u00fctzt Pflanzen-Pok\u00e9mon\nvor gesenkten Statuswerten.",
            "language": {
                "name": "de",
                "url": "/api/v2/language/6/"
            },
            "version_group": {
                "name": "omega-ruby-alpha-sapphire",
                "url": "/api/v2/version-group/16/"
            }
        },
        {
            "flavor_text": "Evita que bajen las caracter\u00edsticas\nde Pok\u00e9mon tipo Planta aliados.",
            "language": {
                "name": "es",
                "url": "/api/v2/language/7/"
            },
            "version_group": {
                "name": "omega-ruby-alpha-sapphire",
                "url": "/api/v2/version-group/16/"
            }
        },
        {
            "flavor_text": "Evita il calo delle statistiche\ndegli alleati di tipo Erba.",
            "language": {
                "name": "it",
                "url": "/api/v2/language/8/"
            },
            "version_group": {
                "name": "omega-ruby-alpha-sapphire",
                "url": "/api/v2/version-group/16/"
            }
        },
        {
            "flavor_text": "Prevents lowering of ally\nGrass-type Pok\u00e9mon\u2019s stats.",
            "language": {
                "name": "en",
                "url": "/api/v2/language/9/"
            },
            "version_group": {
                "name": "omega-ruby-alpha-sapphire",
                "url": "/api/v2/version-group/16/"
            }
        },
        {
            "flavor_text": "\u5473\u65b9\u306e\u3000\u8349\u30dd\u30b1\u30e2\u30f3\u306f\n\u80fd\u529b\u304c\u3000\u3055\u304c\u3089\u306a\u3044\u3002",
            "language": {
                "name": "ja",
                "url": "/api/v2/language/11/"
            },
            "version_group": {
                "name": "omega-ruby-alpha-sapphire",
                "url": "/api/v2/version-group/16/"
            }
        },
        {
            "flavor_text": "\u307f\u304b\u305f\u306e\u3000\u304f\u3055\u30dd\u30b1\u30e2\u30f3\u306f\n\u306e\u3046\u308a\u3087\u304f\u304c\u3000\u3055\u304c\u3089\u305a\n\u3058\u3087\u3046\u305f\u3044\u3000\u3044\u3058\u3087\u3046\u306b\u3082\u3000\u306a\u3089\u306a\u3044\u3002",
            "language": {
                "name": "ja-Hrkt",
                "url": "/api/v2/language/1/"
            },
            "version_group": {
                "name": "sun-moon",
                "url": "/api/v2/version-group/17/"
            }
        },
        {
            "flavor_text": "\uac19\uc740 \ud3b8\uc758 \ud480\ud0c0\uc785 \ud3ec\ucf13\ubaac\uc740\n\ub2a5\ub825\uc774 \ub5a8\uc5b4\uc9c0\uc9c0 \uc54a\uace0\n\uc0c1\ud0dc \uc774\uc0c1\ub3c4 \ub418\uc9c0 \uc54a\ub294\ub2e4.",
            "language": {
                "name": "ko",
                "url": "/api/v2/language/3/"
            },
            "version_group": {
                "name": "sun-moon",
                "url": "/api/v2/version-group/17/"
            }
        },
        {
            "flavor_text": "\u6211\u65b9\u7684\u8349\u5c6c\u6027\u5bf6\u53ef\u5922\n\u80fd\u529b\u4e0d\u6703\u964d\u4f4e\u3002\n\u4e5f\u4e0d\u6703\u9677\u5165\u7570\u5e38\u72c0\u614b\u3002",
            "language": {
                "name": "zh-Hant",
                "url": "/api/v2/language/4/"
            },
            "version_group": {
                "name": "sun-moon",
                "url": "/api/v2/version-group/17/"
            }
        },
        {
            "flavor_text": "Emp\u00eache les alli\u00e9s de type Plante de subir\ndes baisses de stats et des alt\u00e9rations de statut.",
            "language": {
                "name": "fr",
                "url": "/api/v2/language/5/"
            },
            "version_group": {
                "name": "sun-moon",
                "url": "/api/v2/version-group/17/"
            }
        },
        {
            "flavor_text": "Sch\u00fctzt Mitstreiter vom Typ Pflanze vor dem Senken\nihrer Statuswerte sowie vor Statusproblemen.",
            "language": {
                "name": "de",
                "url": "/api/v2/language/6/"
            },
            "version_group": {
                "name": "sun-moon",
                "url": "/api/v2/version-group/17/"
            }
        },
        {
            "flavor_text": "Evita que los Pok\u00e9mon de tipo Planta aliados\nsufran problemas de estado o que bajen sus\ncaracter\u00edsticas.",
            "language": {
                "name": "es",
                "url": "/api/v2/language/7/"
            },
            "version_group": {
                "name": "sun-moon",
                "url": "/api/v2/version-group/17/"
            }
        },
        {
            "flavor_text": "Evita il calo delle statistiche degli alleati di tipo Erba\ne li protegge dai problemi di stato.",
            "language": {
                "name": "it",
                "url": "/api/v2/language/8/"
            },
            "version_group": {
                "name": "sun-moon",
                "url": "/api/v2/version-group/17/"
            }
        },
        {
            "flavor_text": "Ally Grass-type Pok\u00e9mon are protected from\nstatus conditions and the lowering of their stats.",
            "language": {
                "name": "en",
                "url": "/api/v2/language/9/"
            },
            "version_group": {
                "name": "sun-moon",
                "url": "/api/v2/version-group/17/"
            }
        },
        {
            "flavor_text": "\u5473\u65b9\u306e\u3000\u8349\u30dd\u30b1\u30e2\u30f3\u306f\n\u80fd\u529b\u304c\u3000\u4e0b\u304c\u3089\u305a\n\u72b6\u614b\u7570\u5e38\u306b\u3082\u3000\u306a\u3089\u306a\u3044\u3002",
            "language": {
                "name": "ja",
                "url": "/api/v2/language/11/"
            },
            "version_group": {
                "name": "sun-moon",
                "url": "/api/v2/version-group/17/"
            }
        },
        {
            "flavor_text": "\u6211\u65b9\u7684\u8349\u5c5e\u6027\u5b9d\u53ef\u68a6\n\u80fd\u529b\u4e0d\u4f1a\u964d\u4f4e\uff0c\n\u4e5f\u4e0d\u4f1a\u53d8\u4e3a\u5f02\u5e38\u72b6\u6001\u3002",
            "language": {
                "name": "zh-Hans",
                "url": "/api/v2/language/12/"
            },
            "version_group": {
                "name": "sun-moon",
                "url": "/api/v2/version-group/17/"
            }
        },
        {
            "flavor_text": "\u307f\u304b\u305f\u306e\u3000\u304f\u3055\u30dd\u30b1\u30e2\u30f3\u306f\n\u306e\u3046\u308a\u3087\u304f\u304c\u3000\u3055\u304c\u3089\u305a\n\u3058\u3087\u3046\u305f\u3044\u3000\u3044\u3058\u3087\u3046\u306b\u3082\u3000\u306a\u3089\u306a\u3044\u3002",
            "language": {
                "name": "ja-Hrkt",
                "url": "/api/v2/language/1/"
            },
            "version_group": {
                "name": "ultra-sun-ultra-moon",
                "url": "/api/v2/version-group/18/"
            }
        },
        {
            "flavor_text": "\uac19\uc740 \ud3b8\uc758 \ud480\ud0c0\uc785 \ud3ec\ucf13\ubaac\uc740\n\ub2a5\ub825\uc774 \ub5a8\uc5b4\uc9c0\uc9c0 \uc54a\uace0\n\uc0c1\ud0dc \uc774\uc0c1\ub3c4 \ub418\uc9c0 \uc54a\ub294\ub2e4.",
            "language": {
                "name": "ko",
                "url": "/api/v2/language/3/"
            },
            "version_group": {
                "name": "ultra-sun-ultra-moon",
                "url": "/api/v2/version-group/18/"
            }
        },
        {
            "flavor_text": "\u6211\u65b9\u7684\u8349\u5c6c\u6027\u5bf6\u53ef\u5922\n\u80fd\u529b\u4e0d\u6703\u964d\u4f4e\u3002\n\u4e5f\u4e0d\u6703\u9677\u5165\u7570\u5e38\u72c0\u614b\u3002",
            "language": {
                "name": "zh-Hant",
                "url": "/api/v2/language/4/"
            },
            "version_group": {
                "name": "ultra-sun-ultra-moon",
                "url": "/api/v2/version-group/18/"
            }
        },
        {
            "flavor_text": "Emp\u00eache les alli\u00e9s de type Plante de subir\ndes baisses de stats et des alt\u00e9rations de statut.",
            "language": {
                "name": "fr",
                "url": "/api/v2/language/5/"
            },
            "version_group": {
                "name": "ultra-sun-ultra-moon",
                "url": "/api/v2/version-group/18/"
            }
        },
        {
            "flavor_text": "Sch\u00fctzt Mitstreiter vom Typ Pflanze vor dem Senken\nihrer Statuswerte sowie vor Statusproblemen.",
            "language": {
                "name": "de",
                "url": "/api/v2/language/6/"
            },
            "version_group": {
                "name": "ultra-sun-ultra-moon",
                "url": "/api/v2/version-group/18/"
            }
        },
        {
            "flavor_text": "Evita que los Pok\u00e9mon de tipo Planta aliados\nsufran problemas de estado o que bajen sus\ncaracter\u00edsticas.",
            "language": {
                "name": "es",
                "url": "/api/v2/language/7/"
            },
            "version_group": {
                "name": "ultra-sun-ultra-moon",
                "url": "/api/v2/version-group/18/"
            }
        },
        {
            "flavor_text": "Evita il calo delle statistiche degli alleati di tipo Erba\ne li protegge dai problemi di stato.",
            "language": {
                "name": "it",
                "url": "/api/v2/language/8/"
            },
            "version_group": {
                "name": "ultra-sun-ultra-moon",
                "url": "/api/v2/version-group/18/"
            }
        },
        {
            "flavor_text": "Ally Grass-type Pok\u00e9mon are protected from\nstatus conditions and the lowering of their stats.",
            "language": {
                "name": "en",
                "url": "/api/v2/language/9/"
            },
            "version_group": {
                "name": "ultra-sun-ultra-moon",
                "url": "/api/v2/version-group/18/"
            }
        },
        {
            "flavor_text": "\u5473\u65b9\u306e\u3000\u8349\u30dd\u30b1\u30e2\u30f3\u306f\n\u80fd\u529b\u304c\u3000\u4e0b\u304c\u3089\u305a\n\u72b6\u614b\u7570\u5e38\u306b\u3082\u3000\u306a\u3089\u306a\u3044\u3002",
            "language": {
                "name": "ja",
                "url": "/api/v2/language/11/"
            },
            "version_group": {
                "name": "ultra-sun-ultra-moon",
                "url": "/api/v2/version-group/18/"
            }
        },
        {
            "flavor_text": "\u6211\u65b9\u7684\u8349\u5c5e\u6027\u5b9d\u53ef\u68a6\n\u80fd\u529b\u4e0d\u4f1a\u964d\u4f4e\uff0c\n\u4e5f\u4e0d\u4f1a\u53d8\u4e3a\u5f02\u5e38\u72b6\u6001\u3002",
            "language": {
                "name": "zh-Hans",
                "url": "/api/v2/language/12/"
            },
            "version_group": {
                "name": "ultra-sun-ultra-moon",
                "url": "/api/v2/version-group/18/"
            }
        },
        {
            "flavor_text": "\u307f\u304b\u305f\u306e\u3000\u304f\u3055\u30dd\u30b1\u30e2\u30f3\u306f\n\u306e\u3046\u308a\u3087\u304f\u304c\u3000\u3055\u304c\u3089\u305a\n\u3058\u3087\u3046\u305f\u3044\u3000\u3044\u3058\u3087\u3046\u306b\u3082\u3000\u306a\u3089\u306a\u3044\u3002",
            "language": {
                "name": "ja-Hrkt",
                "url": "/api/v2/language/1/"
            },
            "version_group": {
                "name": "lets-go-pikachu-lets-go-eevee",
                "url": "/api/v2/version-group/19/"
            }
        },
        {
            "flavor_text": "\uac19\uc740 \ud3b8\uc758 \ud480\ud0c0\uc785 \ud3ec\ucf13\ubaac\uc740\n\ub2a5\ub825\uc774 \ub5a8\uc5b4\uc9c0\uc9c0 \uc54a\uace0\n\uc0c1\ud0dc \uc774\uc0c1\ub3c4 \ub418\uc9c0 \uc54a\ub294\ub2e4.",
            "language": {
                "name": "ko",
                "url": "/api/v2/language/3/"
            },
            "version_group": {
                "name": "lets-go-pikachu-lets-go-eevee",
                "url": "/api/v2/version-group/19/"
            }
        },
        {
            "flavor_text": "\u6211\u65b9\u7684\u8349\u5c6c\u6027\u5bf6\u53ef\u5922\n\u80fd\u529b\u4e0d\u6703\u964d\u4f4e\u3002\n\u4e5f\u4e0d\u6703\u9677\u5165\u7570\u5e38\u72c0\u614b\u3002",
            "language": {
                "name": "zh-Hant",
                "url": "/api/v2/language/4/"
            },
            "version_group": {
                "name": "lets-go-pikachu-lets-go-eevee",
                "url": "/api/v2/version-group/19/"
            }
        },
        {
            "flavor_text": "Emp\u00eache les alli\u00e9s de type Plante de subir\ndes baisses de stats et des alt\u00e9rations de statut.",
            "language": {
                "name": "fr",
                "url": "/api/v2/language/5/"
            },
            "version_group": {
                "name": "lets-go-pikachu-lets-go-eevee",
                "url": "/api/v2/version-group/19/"
            }
        },
        {
            "flavor_text": "Sch\u00fctzt Mitstreiter vom Typ Pflanze vor dem Senken\nihrer Statuswerte sowie vor Statusproblemen.",
            "language": {
                "name": "de",
                "url": "/api/v2/language/6/"
            },
            "version_group": {
                "name": "lets-go-pikachu-lets-go-eevee",
                "url": "/api/v2/version-group/19/"
            }
        },
        {
            "flavor_text": "Evita que los Pok\u00e9mon de tipo Planta aliados\nsufran problemas de estado o que bajen sus\ncaracter\u00edsticas.",
            "language": {
                "name": "es",
                "url": "/api/v2/language/7/"
            },
            "version_group": {
                "name": "lets-go-pikachu-lets-go-eevee",
                "url": "/api/v2/version-group/19/"
            }
        },
        {
            "flavor_text": "Evita il calo delle statistiche degli alleati di tipo Erba\ne li protegge dai problemi di stato.",
            "language": {
                "name": "it",
                "url": "/api/v2/language/8/"
            },
            "version_group": {
                "name": "lets-go-pikachu-lets-go-eevee",
                "url": "/api/v2/version-group/19/"
            }
        },
        {
            "flavor_text": "Ally Grass-type Pok\u00e9mon are protected from\nstatus conditions and the lowering of their stats.",
            "language": {
                "name": "en",
                "url": "/api/v2/language/9/"
            },
            "version_group": {
                "name": "lets-go-pikachu-lets-go-eevee",
                "url": "/api/v2/version-group/19/"
            }
        },
        {
            "flavor_text": "\u5473\u65b9\u306e\u3000\u8349\u30dd\u30b1\u30e2\u30f3\u306f\n\u80fd\u529b\u304c\u3000\u4e0b\u304c\u3089\u305a\n\u72b6\u614b\u7570\u5e38\u306b\u3082\u3000\u306a\u3089\u306a\u3044\u3002",
            "language": {
                "name": "ja",
                "url": "/api/v2/language/11/"
            },
            "version_group": {
                "name": "lets-go-pikachu-lets-go-eevee",
                "url": "/api/v2/version-group/19/"
            }
        },
        {
            "flavor_text": "\u6211\u65b9\u7684\u8349\u5c5e\u6027\u5b9d\u53ef\u68a6\n\u80fd\u529b\u4e0d\u4f1a\u964d\u4f4e\uff0c\n\u4e5f\u4e0d\u4f1a\u53d8\u4e3a\u5f02\u5e38\u72b6\u6001\u3002",
            "language": {
                "name": "zh-Hans",
                "url": "/api/v2/language/12/"
            },
            "version_group": {
                "name": "lets-go-pikachu-lets-go-eevee",
                "url": "/api/v2/version-group/19/"
            }
        },
        {
            "flavor_text": "\u307f\u304b\u305f\u306e\u3000\u304f\u3055\u30dd\u30b1\u30e2\u30f3\u306f\n\u306e\u3046\u308a\u3087\u304f\u304c\u3000\u3055\u304c\u3089\u305a\n\u3058\u3087\u3046\u305f\u3044\u3000\u3044\u3058\u3087\u3046\u306b\u3082\u3000\u306a\u3089\u306a\u3044\u3002",
            "language": {
                "name": "ja-Hrkt",
                "url": "/api/v2/language/1/"
            },
            "version_group": {
                "name": "sword-shield",
                "url": "/api/v2/version-group/20/"
            }
        },
        {
            "flavor_text": "\uac19\uc740 \ud3b8\uc758 \ud480\ud0c0\uc785 \ud3ec\ucf13\ubaac\uc740\n\ub2a5\ub825\uc774 \ub5a8\uc5b4\uc9c0\uc9c0 \uc54a\uace0\n\uc0c1\ud0dc \uc774\uc0c1\ub3c4 \ub418\uc9c0 \uc54a\ub294\ub2e4.",
            "language": {
                "name": "ko",
                "url": "/api/v2/language/3/"
            },
            "version_group": {
                "name": "sword-shield",
                "url": "/api/v2/version-group/20/"
            }
        },
        {
            "flavor_text": "\u6211\u65b9\u7684\u8349\u5c6c\u6027\u5bf6\u53ef\u5922\n\u80fd\u529b\u4e0d\u6703\u964d\u4f4e\u3002\n\u4e5f\u4e0d\u6703\u9677\u5165\u7570\u5e38\u72c0\u614b\u3002",
            "language": {
                "name": "zh-Hant",
                "url": "/api/v2/language/4/"
            },
            "version_group": {
                "name": "sword-shield",
                "url": "/api/v2/version-group/20/"
            }
        },
        {
            "flavor_text": "Emp\u00eache les alli\u00e9s de type Plante de subir des baisses\nde stats et des alt\u00e9rations de statut.",
            "language": {
                "name": "fr",
                "url": "/api/v2/language/5/"
            },
            "version_group": {
                "name": "sword-shield",
                "url": "/api/v2/version-group/20/"
            }
        },
        {
            "flavor_text": "Sch\u00fctzt Mitstreiter vom Typ Pflanze vor dem Senken\nihrer Statuswerte sowie vor Statusproblemen.",
            "language": {
                "name": "de",
                "url": "/api/v2/language/6/"
            },
            "version_group": {
                "name": "sword-shield",
                "url": "/api/v2/version-group/20/"
            }
        },
        {
            "flavor_text": "Evita que los Pok\u00e9mon de tipo Planta aliados sufran\nproblemas de estado o que les bajen sus caracter\u00edsticas.",
            "language": {
                "name": "es",
                "url": "/api/v2/language/7/"
            },
            "version_group": {
                "name": "sword-shield",
                "url": "/api/v2/version-group/20/"
            }
        },
        {
            "flavor_text": "Rende gli alleati di tipo Erba immuni alla diminuzione\ndelle statistiche e ai problemi di stato.",
            "language": {
                "name": "it",
                "url": "/api/v2/language/8/"
            },
            "version_group": {
                "name": "sword-shield",
                "url": "/api/v2/version-group/20/"
            }
        },
        {
            "flavor_text": "Ally Grass-type Pok\u00e9mon are protected from\nstatus conditions and the lowering of their stats.",
            "language": {
                "name": "en",
                "url": "/api/v2/language/9/"
            },
            "version_group": {
                "name": "sword-shield",
                "url": "/api/v2/version-group/20/"
            }
        },
        {
            "flavor_text": "\u5473\u65b9\u306e\u3000\u8349\u30dd\u30b1\u30e2\u30f3\u306f\n\u80fd\u529b\u304c\u3000\u4e0b\u304c\u3089\u305a\n\u72b6\u614b\u7570\u5e38\u306b\u3082\u3000\u306a\u3089\u306a\u3044\u3002",
            "language": {
                "name": "ja",
                "url": "/api/v2/language/11/"
            },
            "version_group": {
                "name": "sword-shield",
                "url": "/api/v2/version-group/20/"
            }
        },
        {
            "flavor_text": "\u6211\u65b9\u7684\u8349\u5c5e\u6027\u5b9d\u53ef\u68a6\n\u80fd\u529b\u4e0d\u4f1a\u964d\u4f4e\uff0c\n\u4e5f\u4e0d\u4f1a\u53d8\u4e3a\u5f02\u5e38\u72b6\u6001\u3002",
            "language": {
                "name": "zh-Hans",
                "url": "/api/v2/language/12/"
            },
            "version_group": {
                "name": "sword-shield",
                "url": "/api/v2/version-group/20/"
            }
        }
    ],
    "generation": {
        "name": "generation-vi",
        "url": "/api/v2/generation/6/"
    },
    "id": 166,
    "is_main_series": true,
    "name": "flower-veil",
    "names": [
        {
            "language": {
                "name": "ja-Hrkt",
                "url": "/api/v2/language/1/"
            },
            "name": "\u30d5\u30e9\u30ef\u30fc\u30d9\u30fc\u30eb"
        },
        {
            "language": {
                "name": "ko",
                "url": "/api/v2/language/3/"
            },
            "name": "\ud50c\ub77c\uc6cc\ubca0\uc77c"
        },
        {
            "language": {
                "name": "zh-Hant",
                "url": "/api/v2/language/4/"
            },
            "name": "\u82b1\u5e55"
        },
        {
            "language": {
                "name": "fr",
                "url": "/api/v2/language/5/"
            },
            "name": "Flora-Voile"
        },
        {
            "language": {
                "name": "de",
                "url": "/api/v2/language/6/"
            },
            "name": "Bl\u00fctenh\u00fclle"
        },
        {
            "language": {
                "name": "es",
                "url": "/api/v2/language/7/"
            },
            "name": "Velo Flor"
        },
        {
            "language": {
                "name": "it",
                "url": "/api/v2/language/8/"
            },
            "name": "Fiorvelo"
        },
        {
            "language": {
                "name": "en",
                "url": "/api/v2/language/9/"
            },
            "name": "Flower Veil"
        },
        {
            "language": {
                "name": "ja",
                "url": "/api/v2/language/11/"
            },
            "name": "\u30d5\u30e9\u30ef\u30fc\u30d9\u30fc\u30eb"
        },
        {
            "language": {
                "name": "zh-Hans",
                "url": "/api/v2/language/12/"
            },
            "name": "\u82b1\u5e55"
        }
    ],
    "pokemon": [
        {
            "is_hidden": false,
            "pokemon": {
                "name": "flabebe",
                "url": "/api/v2/pokemon/669/"
            },
            "slot": 1
        },
        {
            "is_hidden": false,
            "pokemon": {
                "name": "floette",
                "url": "/api/v2/pokemon/670/"
            },
            "slot": 1
        },
        {
            "is_hidden": false,
            "pokemon": {
                "name": "florges",
                "url": "/api/v2/pokemon/671/"
            },
            "slot": 1
        },
        {
            "is_hidden": false,
            "pokemon": {
                "name": "comfey",
                "url": "/api/v2/pokemon/764/"
            },
            "slot": 1
        },
        {
            "is_hidden": false,
            "pokemon": {
                "name": "floette-eternal",
                "url": "/api/v2/pokemon/10061/"
            },
            "slot": 1
        }
    ]
}