{
    "effect_changes": [],
    "effect_entries": [
        {
            "effect": "Wenn ein Pok\u00e9mon mit dieser F\u00e4higkeit den Kampf betritt, \u00e4ndert sich das weather in heftigen rain. Das weather kann weder durch F\u00e4higkeiten wie drought noch durch Attacken wie sandstorm ge\u00e4ndert werden und solche Attacken schlagen fehl.\n\nDer rain h\u00f6rt auf, wenn das Pok\u00e9mon mit dieser F\u00e4higkeit den Kampf verl\u00e4sst oder in eine hintere Position rotiert wird und kein Anderes mit derselben F\u00e4higkeit noch im Kampf ist, wenn die F\u00e4higkeit deaktiviert wird oder ein Pok\u00e9mon mit der F\u00e4higkeit delta stream oder desolate land den Kampf betritt. Die Wettereffekte k\u00f6nnen durch F\u00e4higkeiten wie cloud nine aufgehoben werden.",
            "language": {
                "name": "de",
                "url": "/api/v2/language/6/"
            },
            "short_effect": "\u00c4ndert beim Betreten des Kampfes das weather in heftigen rain und verhindert fire Attacken."
        },
        {
            "effect": "When this Pok\u00e9mon enters battle or gains this ability, the weather becomes heavy rain.  Heavy rain has all the properties of rain dance and also causes damaging Fire moves to fail.\n\nHeavy rain ends when this Pok\u00e9mon leaves battle or loses this ability, or when this ability is nullified.  The weather cannot otherwise be changed except by the effects of delta stream and desolate land.\n\nair lock and cloud nine will prevent the effects of heavy rain, including allowing Fire moves to work, but will not allow the weather to be changed.",
            "language": {
                "name": "en",
                "url": "/api/v2/language/9/"
            },
            "short_effect": "Creates heavy rain, which has all the properties of Rain Dance, cannot be replaced, and causes damaging Fire moves to fail."
        }
    ],
    "flavor_text_entries": [
        {
            "flavor_text": "\u307b\u306e\u304a\u30bf\u30a4\u30d7\u306e\u3000\u3053\u3046\u3052\u304d\u3092\n\u3046\u3051\u306a\u3044\u3000\u3066\u3093\u304d\u306b\u3059\u308b\u3002",
            "language": {
                "name": "ja-Hrkt",
                "url": "/api/v2/language/1/"
            },
            "version_group": {
                "name": "omega-ruby-alpha-sapphire",
                "url": "/api/v2/version-group/16/"
            }
        },
        {
            "flavor_text": "\ubd88\uaf43\ud0c0\uc785\uc758 \uacf5\uaca9\uc744\n\ubc1b\uc9c0 \uc54a\ub294 \ub0a0\uc528\ub85c \ub9cc\ub4e0\ub2e4.",
            "language": {
                "name": "ko",
                "url": "/api/v2/language/3/"
            },
            "version_group": {
                "name": "omega-ruby-alpha-sapphire",
                "url": "/api/v2/version-group/16/"
            }
        },
        {
            "flavor_text": "Alt\u00e8re les conditions m\u00e9t\u00e9o et\nrend inefficaces les attaques Feu.",
            "language": {
                "name": "fr",
                "url": "/api/v2/language/5/"
            },
            "version_group": {
                "name": "omega-ruby-alpha-sapphire",
                "url": "/api/v2/version-group/16/"
            }
        },
        {
            "flavor_text": "\u00c4ndert das Wetter. Unterbindet\ndirekte Feuer-Attacken.",
            "language": {
                "name": "de",
                "url": "/api/v2/language/6/"
            },
            "version_group": {
                "name": "omega-ruby-alpha-sapphire",
                "url": "/api/v2/version-group/16/"
            }
        },
        {
            "flavor_text": "Altera el clima para anular los\nataques de tipo Fuego.",
            "language": {
                "name": "es",
                "url": "/api/v2/language/7/"
            },
            "version_group": {
                "name": "omega-ruby-alpha-sapphire",
                "url": "/api/v2/version-group/16/"
            }
        },
        {
            "flavor_text": "Crea un clima che rende inefficaci  \ngli attacchi di tipo Fuoco.",
            "language": {
                "name": "it",
                "url": "/api/v2/language/8/"
            },
            "version_group": {
                "name": "omega-ruby-alpha-sapphire",
                "url": "/api/v2/version-group/16/"
            }
        },
        {
            "flavor_text": "Affects weather and nullifies any\nFire-type attacks.",
            "language": {
                "name": "en",
                "url": "/api/v2/language/9/"
            },
            "version_group": {
                "name": "omega-ruby-alpha-sapphire",
                "url": "/api/v2/version-group/16/"
            }
        },
        {
            "flavor_text": "\u307b\u306e\u304a\u30bf\u30a4\u30d7\u306e\u3000\u653b\u6483\u3092\n\u53d7\u3051\u306a\u3044\u3000\u5929\u6c17\u306b\u3059\u308b\u3002",
            "language": {
                "name": "ja",
                "url": "/api/v2/language/11/"
            },
            "version_group": {
                "name": "omega-ruby-alpha-sapphire",
                "url": "/api/v2/version-group/16/"
            }
        },
        {
            "flavor_text": "\u307b\u306e\u304a\u30bf\u30a4\u30d7\u306e\u3000\u3053\u3046\u3052\u304d\u3092\n\u3046\u3051\u306a\u3044\u3000\u3066\u3093\u304d\u306b\u3059\u308b\u3002",
            "language": {
                "name": "ja-Hrkt",
                "url": "/api/v2/language/1/"
            },
            "version_group": {
                "name": "sun-moon",
                "url": "/api/v2/version-group/17/"
            }
        },
        {
            "flavor_text": "\ubd88\uaf43\ud0c0\uc785\uc758 \uacf5\uaca9\uc744\n\ubc1b\uc9c0 \uc54a\ub294 \ub0a0\uc528\ub85c \ub9cc\ub4e0\ub2e4.",
            "language": {
                "name": "ko",
                "url": "/api/v2/language/3/"
            },
            "version_group": {
                "name": "sun-moon",
                "url": "/api/v2/version-group/17/"
            }
        },
        {
            "flavor_text": "\u8b8a\u70ba\u8b93\u706b\u5c6c\u6027\u653b\u64ca\n\u5931\u6548\u7684\u5929\u6c23\u3002",
            "language": {
                "name": "zh-Hant",
                "url": "/api/v2/language/4/"
            },
            "version_group": {
                "name": "sun-moon",
                "url": "/api/v2/version-group/17/"
            }
        },
        {
            "flavor_text": "Alt\u00e8re les conditions m\u00e9t\u00e9o et rend inefficaces\nles attaques de type Feu.",
            "language": {
                "name": "fr",
                "url": "/api/v2/language/5/"
            },
            "version_group": {
                "name": "sun-moon",
                "url": "/api/v2/version-group/17/"
            }
        },
        {
            "flavor_text": "\u00c4ndert das Wetter, um Feuer-Attacken wirkungslos\nzu machen.",
            "language": {
                "name": "de",
                "url": "/api/v2/language/6/"
            },
            "version_group": {
                "name": "sun-moon",
                "url": "/api/v2/version-group/17/"
            }
        },
        {
            "flavor_text": "Altera el clima para anular los ataques de tipo Fuego.",
            "language": {
                "name": "es",
                "url": "/api/v2/language/7/"
            },
            "version_group": {
                "name": "sun-moon",
                "url": "/api/v2/version-group/17/"
            }
        },
        {
            "flavor_text": "Crea un clima che rende inefficaci\ngli attacchi di tipo Fuoco.",
            "language": {
                "name": "it",
                "url": "/api/v2/language/8/"
            },
            "version_group": {
                "name": "sun-moon",
                "url": "/api/v2/version-group/17/"
            }
        },
        {
            "flavor_text": "The Pok\u00e9mon changes the weather to nullify\nFire-type attacks.",
            "language": {
                "name": "en",
                "url": "/api/v2/language/9/"
            },
            "version_group": {
                "name": "sun-moon",
                "url": "/api/v2/version-group/17/"
            }
        },
        {
            "flavor_text": "\u307b\u306e\u304a\u30bf\u30a4\u30d7\u306e\u3000\u653b\u6483\u3092\n\u53d7\u3051\u306a\u3044\u3000\u5929\u6c17\u306b\u3059\u308b\u3002",
            "language": {
                "name": "ja",
                "url": "/api/v2/language/11/"
            },
            "version_group": {
                "name": "sun-moon",
                "url": "/api/v2/version-group/17/"
            }
        },
        {
            "flavor_text": "\u53d8\u4e3a\u4e0d\u4f1a\u53d7\u5230\n\u706b\u5c5e\u6027\u653b\u51fb\u7684\u5929\u6c14\u3002",
            "language": {
                "name": "zh-Hans",
                "url": "/api/v2/language/12/"
            },
            "version_group": {
                "name": "sun-moon",
                "url": "/api/v2/version-group/17/"
            }
        },
        {
            "flavor_text": "\u307b\u306e\u304a\u30bf\u30a4\u30d7\u306e\u3000\u3053\u3046\u3052\u304d\u3092\n\u3046\u3051\u306a\u3044\u3000\u3066\u3093\u304d\u306b\u3059\u308b\u3002",
            "language": {
                "name": "ja-Hrkt",
                "url": "/api/v2/language/1/"
            },
            "version_group": {
                "name": "ultra-sun-ultra-moon",
                "url": "/api/v2/version-group/18/"
            }
        },
        {
            "flavor_text": "\ubd88\uaf43\ud0c0\uc785\uc758 \uacf5\uaca9\uc744\n\ubc1b\uc9c0 \uc54a\ub294 \ub0a0\uc528\ub85c \ub9cc\ub4e0\ub2e4.",
            "language": {
                "name": "ko",
                "url": "/api/v2/language/3/"
            },
            "version_group": {
                "name": "ultra-sun-ultra-moon",
                "url": "/api/v2/version-group/18/"
            }
        },
        {
            "flavor_text": "\u8b8a\u70ba\u8b93\u706b\u5c6c\u6027\u653b\u64ca\n\u5931\u6548\u7684\u5929\u6c23\u3002",
            "language": {
                "name": "zh-Hant",
                "url": "/api/v2/language/4/"
            },
            "version_group": {
                "name": "ultra-sun-ultra-moon",
                "url": "/api/v2/version-group/18/"
            }
        },
        {
            "flavor_text": "Alt\u00e8re les conditions m\u00e9t\u00e9o et rend inefficaces\nles attaques de type Feu.",
            "language": {
                "name": "fr",
                "url": "/api/v2/language/5/"
            },
            "version_group": {
                "name": "ultra-sun-ultra-moon",
                "url": "/api/v2/version-group/18/"
            }
        },
        {
            "flavor_text": "\u00c4ndert das Wetter, um Feuer-Attacken wirkungslos\nzu machen.",
            "language": {
                "name": "de",
                "url": "/api/v2/language/6/"
            },
            "version_group": {
                "name": "ultra-sun-ultra-moon",
                "url": "/api/v2/version-group/18/"
            }
        },
        {
            "flavor_text": "Altera el clima para anular los ataques de tipo Fuego.",
            "language": {
                "name": "es",
                "url": "/api/v2/language/7/"
            },
            "version_group": {
                "name": "ultra-sun-ultra-moon",
                "url": "/api/v2/version-group/18/"
            }
        },
        {
            "flavor_text": "Crea un clima che rende inefficaci\ngli attacchi di tipo Fuoco.",
            "language": {
                "name": "it",
                "url": "/api/v2/language/8/"
            },
            "version_group": {
                "name": "ultra-sun-ultra-moon",
                "url": "/api/v2/version-group/18/"
            }
        },
        {
            "flavor_text": "The Pok\u00e9mon changes the weather to nullify\nFire-type attacks.",
            "language": {
                "name": "en",
                "url": "/api/v2/language/9/"
            },
            "version_group": {
                "name": "ultra-sun-ultra-moon",
                "url": "/api/v2/version-group/18/"
            }
        },
        {
            "flavor_text": "\u307b\u306e\u304a\u30bf\u30a4\u30d7\u306e\u3000\u653b\u6483\u3092\n\u53d7\u3051\u306a\u3044\u3000\u5929\u6c17\u306b\u3059\u308b\u3002",
            "language": {
                "name": "ja",
                "url": "/api/v2/language/11/"
            },
            "version_group": {
                "name": "ultra-sun-ultra-moon",
                "url": "/api/v2/version-group/18/"
            }
        },
        {
            "flavor_text": "\u53d8\u4e3a\u4e0d\u4f1a\u53d7\u5230\n\u706b\u5c5e\u6027\u653b\u51fb\u7684\u5929\u6c14\u3002",
            "language": {
                "name": "zh-Hans",
                "url": "/api/v2/language/12/"
            },
            "version_group": {
                "name": "ultra-sun-ultra-moon",
                "url": "/api/v2/version-group/18/"
            }
        },
        {
            "flavor_text": "\u307b\u306e\u304a\u30bf\u30a4\u30d7\u306e\u3000\u3053\u3046\u3052\u304d\u3092\n\u3046\u3051\u306a\u3044\u3000\u3066\u3093\u304d\u306b\u3059\u308b\u3002",
            "language": {
                "name": "ja-Hrkt",
                "url": "/api/v2/language/1/"
            },
            "version_group": {
                "name": "lets-go-pikachu-lets-go-eevee",
                "url": "/api/v2/version-group/19/"
            }
        },
        {
            "flavor_text": "\ubd88\uaf43\ud0c0\uc785\uc758 \uacf5\uaca9\uc744\n\ubc1b\uc9c0 \uc54a\ub294 \ub0a0\uc528\ub85c \ub9cc\ub4e0\ub2e4.",
            "language": {
                "name": "ko",
                "url": "/api/v2/language/3/"
            },
            "version_group": {
                "name": "lets-go-pikachu-lets-go-eevee",
                "url": "/api/v2/version-group/19/"
            }
        },
        {
            "flavor_text": "\u8b8a\u70ba\u8b93\u706b\u5c6c\u6027\u653b\u64ca\n\u5931\u6548\u7684\u5929\u6c23\u3002",
            "language": {
                "name": "zh-Hant",
                "url": "/api/v2/language/4/"
            },
            "version_group": {
                "name": "lets-go-pikachu-lets-go-eevee",
                "url": "/api/v2/version-group/19/"
            }
        },
        {
            "flavor_text": "Alt\u00e8re les conditions m\u00e9t\u00e9o et rend inefficaces\nles attaques de type Feu.",
            "language": {
                "name": "fr",
                "url": "/api/v2/language/5/"
            },
            "version_group": {
                "name": "lets-go-pikachu-lets-go-eevee",
                "url": "/api/v2/version-group/19/"
            }
        },
        {
            "flavor_text": "\u00c4ndert das Wetter, um Feuer-Attacken wirkungslos\nzu machen.",
            "language": {
                "name": "de",
                "url": "/api/v2/language/6/"
            },
            "version_group": {
                "name": "lets-go-pikachu-lets-go-eevee",
                "url": "/api/v2/version-group/19/"
            }
        },
        {
            "flavor_text": "Altera el clima para anular los ataques de tipo Fuego.",
            "language": {
                "name": "es",
                "url": "/api/v2/language/7/"
            },
            "version_group": {
                "name": "lets-go-pikachu-lets-go-eevee",
                "url": "/api/v2/version-group/19/"
            }
        },
        {
            "flavor_text": "Crea un clima che rende inefficaci\ngli attacchi di tipo Fuoco.",
            "language": {
                "name": "it",
                "url": "/api/v2/language/8/"
            },
            "version_group": {
                "name": "lets-go-pikachu-lets-go-eevee",
                "url": "/api/v2/version-group/19/"
            }
        },
        {
            "flavor_text": "The Pok\u00e9mon changes the weather to nullify\nFire-type attacks.",
            "language": {
                "name": "en",
                "url": "/api/v2/language/9/"
            },
            "version_group": {
                "name": "lets-go-pikachu-lets-go-eevee",
                "url": "/api/v2/version-group/19/"
            }
        },
        {
            "flavor_text": "\u307b\u306e\u304a\u30bf\u30a4\u30d7\u306e\u3000\u653b\u6483\u3092\n\u53d7\u3051\u306a\u3044\u3000\u5929\u6c17\u306b\u3059\u308b\u3002",
            "language": {
                "name": "ja",
                "url": "/api/v2/language/11/"
            },
            "version_group": {
                "name": "lets-go-pikachu-lets-go-eevee",
                "url": "/api/v2/version-group/19/"
            }
        },
        {
            "flavor_text": "\u53d8\u4e3a\u4e0d\u4f1a\u53d7\u5230\n\u706b\u5c5e\u6027\u653b\u51fb\u7684\u5929\u6c14\u3002",
            "language": {
                "name": "zh-Hans",
                "url": "/api/v2/language/12/"
            },
            "version_group": {
                "name": "lets-go-pikachu-lets-go-eevee",
                "url": "/api/v2/version-group/19/"
            }
        },
        {
            "flavor_text": "\u307b\u306e\u304a\u30bf\u30a4\u30d7\u306e\u3000\u3053\u3046\u3052\u304d\u3092\n\u3046\u3051\u306a\u3044\u3000\u3066\u3093\u304d\u306b\u3059\u308b\u3002",
            "language": {
                "name": "ja-Hrkt",
                "url": "/api/v2/language/1/"
            },
            "version_group": {
                "name": "sword-shield",
                "url": "/api/v2/version-group/20/"
            }
        },
        {
            "flavor_text": "\ubd88\uaf43\ud0c0\uc785\uc758 \uacf5\uaca9\uc744\n\ubc1b\uc9c0 \uc54a\ub294 \ub0a0\uc528\ub85c \ub9cc\ub4e0\ub2e4.",
            "language": {
                "name": "ko",
                "url": "/api/v2/language/3/"
            },
            "version_group": {
                "name": "sword-shield",
                "url": "/api/v2/version-group/20/"
            }
        },
        {
            "flavor_text": "\u8b8a\u70ba\u8b93\u706b\u5c6c\u6027\u653b\u64ca\n\u5931\u6548\u7684\u5929\u6c23\u3002",
            "language": {
                "name": "zh-Hant",
                "url": "/api/v2/language/4/"
            },
            "version_group": {
                "name": "sword-shield",
                "url": "/api/v2/version-group/20/"
            }
        },
        {
            "flavor_text": "Alt\u00e8re les conditions m\u00e9t\u00e9o et rend inefficaces\nles attaques de type Feu.",
            "language": {
                "name": "fr",
                "url": "/api/v2/language/5/"
            },
            "version_group": {
                "name": "sword-shield",
                "url": "/api/v2/version-group/20/"
            }
        },
        {
            "flavor_text": "\u00c4ndert das Wetter, um Feuer-Attacken wirkungslos\nzu machen.",
            "language": {
                "name": "de",
                "url": "/api/v2/language/6/"
            },
            "version_group": {
                "name": "sword-shield",
                "url": "/api/v2/version-group/20/"
            }
        },
        {
            "flavor_text": "Altera el clima para anular los ataques de tipo Fuego.",
            "language": {
                "name": "es",
                "url": "/api/v2/language/7/"
            },
            "version_group": {
                "name": "sword-shield",
                "url": "/api/v2/version-group/20/"
            }
        },
        {
            "flavor_text": "Crea un clima che rende inefficaci\ngli attacchi di tipo Fuoco.",
            "language": {
                "name": "it",
                "url": "/api/v2/language/8/"
            },
            "version_group": {
                "name": "sword-shield",
                "url": "/api/v2/version-group/20/"
            }
        },
        {
            "flavor_text": "The Pok\u00e9mon changes the weather to nullify\nFire-type attacks.",
            "language": {
                "name": "en",
                "url": "/api/v2/language/9/"
            },
            "version_group": {
                "name": "sword-shield",
                "url": "/api/v2/version-group/20/"
            }
        },
        {
            "flavor_text": "\u307b\u306e\u304a\u30bf\u30a4\u30d7\u306e\u3000\u653b\u6483\u3092\n\u53d7\u3051\u306a\u3044\u3000\u5929\u6c17\u306b\u3059\u308b\u3002",
            "language": {
                "name": "ja",
                "url": "/api/v2/language/11/"
            },
            "version_group": {
                "name": "sword-shield",
                "url": "/api/v2/version-group/20/"
            }
        },
        {
            "flavor_text": "\u53d8\u4e3a\u4e0d\u4f1a\u53d7\u5230\n\u706b\u5c5e\u6027\u653b\u51fb\u7684\u5929\u6c14\u3002",
            "language": {
                "name": "zh-Hans",
                "url": "/api/v2/language/12/"
            },
            "version_group": {
                "name": "sword-shield",
                "url": "/api/v2/version-group/20/"
            }
        }
    ],
    "generation": {
        "name": "generation-vi",
        "url": "/api/v2/generation/6/"
    },
    "id": 189,
    "is_main_series": true,
    "name": "primordial-sea",
    "names": [
        {
            "language": {
                "name": "ja-Hrkt",
                "url": "/api/v2/language/1/"
            },
            "name": "\u306f\u3058\u307e\u308a\u306e\u3046\u307f"
        },
        {
            "language": {
                "name": "ko",
                "url": "/api/v2/language/3/"
            },
            "name": "\uc2dc\uc791\uc758\ubc14\ub2e4"
        },
        {
            "language": {
                "name": "zh-Hant",
                "url": "/api/v2/language/4/"
            },
            "name": "\u59cb\u6e90\u4e4b\u6d77"
        },
        {
            "language": {
                "name": "fr",
                "url": "/api/v2/language/5/"
            },
            "name": "Mer Primaire"
        },
        {
            "language": {
                "name": "de",
                "url": "/api/v2/language/6/"
            },
            "name": "Urmeer"
        },
        {
            "language": {
                "name": "es",
                "url": "/api/v2/language/7/"
            },
            "name": "Mar del Albor"
        },
        {
            "language": {
                "name": "it",
                "url": "/api/v2/language/8/"
            },
            "name": "Mare Primordiale"
        },
        {
            "language": {
                "name": "en",
                "url": "/api/v2/language/9/"
            },
            "name": "Primordial Sea"
        },
        {
            "language": {
                "name": "ja",
                "url": "/api/v2/language/11/"
            },
            "name": "\u306f\u3058\u307e\u308a\u306e\u3046\u307f"
        },
        {
            "language": {
                "name": "zh-Hans",
                "url": "/api/v2/language/12/"
            },
            "name": "\u59cb\u6e90\u4e4b\u6d77"
        }
    ],
    "pokemon": [
        {
            "is_hidden": false,
            "pokemon": {
                "name": "kyogre-primal",
                "url": "/api/v2/pokemon/10077/"
            },
            "slot": 1
        }
    ]
}