{
    "descriptions": [
        {
            "description": "\u3082\u306e\u304a\u3068\u306b\u3000\u3073\u3093\u304b\u3093",
            "language": {
                "name": "ja-Hrkt",
                "url": "/api/v2/language/1/"
            }
        },
        {
            "description": "\uc8fc\uc704 \uc18c\ub9ac\uc5d0 \ubbfc\uac10\ud568",
            "language": {
                "name": "ko",
                "url": "/api/v2/language/3/"
            }
        },
        {
            "description": "\u5c0d\u8072\u97f3\u654f\u611f",
            "language": {
                "name": "zh-Hant",
                "url": "/api/v2/language/4/"
            }
        },
        {
            "description": "Il est attentif aux sons",
            "language": {
                "name": "fr",
                "url": "/api/v2/language/5/"
            }
        },
        {
            "description": "Achtet auf Ger\u00e4usche",
            "language": {
                "name": "de",
                "url": "/api/v2/language/6/"
            }
        },
        {
            "description": "Siempre tiene el o\u00eddo alerta",
            "language": {
                "name": "es",
                "url": "/api/v2/language/7/"
            }
        },
        {
            "description": "Fa attenzione ai suoni",
            "language": {
                "name": "it",
                "url": "/api/v2/language/8/"
            }
        },
        {
            "description": "Alert to sounds",
            "language": {
                "name": "en",
                "url": "/api/v2/language/9/"
            }
        },
        {
            "description": "\u7269\u97f3\u306b\u3000\u654f\u611f",
            "language": {
                "name": "ja",
                "url": "/api/v2/language/11/"
            }
        },
        {
            "description": "\u5bf9\u58f0\u97f3\u654f\u611f",
            "language": {
                "name": "zh-Hans",
                "url": "/api/v2/language/12/"
            }
        }
    ],
    "gene_modulo": 1,
    "highest_stat": {
        "name": "speed",
        "url": "/api/v2/stat/6/"
    },
    "id": 12,
    "possible_values": [
        1,
        6,
        11,
        16,
        21,
        26,
        31
    ]
}