{
    "effect_changes": [],
    "effect_entries": [
        {
            "effect": "When this Pok\u00e9mon enters battle and at the end of each turn, if its HP is 50% or above, it changes into Meteor Form; otherwise, it changes into Core Form.  In Meteor Form, it cannot be given a major status ailment (though existing ones are not cured), cannot become drowsy from yawn, and cannot use rest (which will simply fail).\n\nThis ability cannot be copied, replaced, or nullified.  This ability only takes effect for Minior.",
            "language": {
                "name": "en",
                "url": "/api/v2/language/9/"
            },
            "short_effect": "Transforms this Minior between Core Form and Meteor Form.  Prevents major status ailments and drowsiness while in Meteor Form."
        }
    ],
    "flavor_text_entries": [
        {
            "flavor_text": "\uff28\uff30\u304c\u3000\u306f\u3093\u3076\u3093\u306b\u3000\u306a\u308b\u3068\n\u304b\u3089\u304c\u3000\u3053\u308f\u308c\u3066\n\u3053\u3046\u3052\u304d\u3066\u304d\u306b\u3000\u306a\u308b\u3002",
            "language": {
                "name": "ja-Hrkt",
                "url": "/api/v2/language/1/"
            },
            "version_group": {
                "name": "sun-moon",
                "url": "/api/v2/version-group/17/"
            }
        },
        {
            "flavor_text": "HP\uac00 \uc808\ubc18\uc774 \ub418\uba74\n\uaecd\uc9c8\uc774 \uae68\uc838\n\uacf5\uaca9\uc801\uc73c\ub85c \ub41c\ub2e4.",
            "language": {
                "name": "ko",
                "url": "/api/v2/language/3/"
            },
            "version_group": {
                "name": "sun-moon",
                "url": "/api/v2/version-group/17/"
            }
        },
        {
            "flavor_text": "\uff28\uff30\u8b8a\u70ba\u4e00\u534a\u6642\uff0c\n\u6bbc\u6703\u58de\u6389\uff0c\u8b8a\u5f97\u66f4\u6709\u653b\u64ca\u6027\u3002",
            "language": {
                "name": "zh-Hant",
                "url": "/api/v2/language/4/"
            },
            "version_group": {
                "name": "sun-moon",
                "url": "/api/v2/version-group/17/"
            }
        },
        {
            "flavor_text": "Lorsque le Pok\u00e9mon perd la moiti\u00e9 de ses PV,\nson enveloppe se brise, mais son Attaque et\nson Attaque Sp\u00e9ciale augmentent.",
            "language": {
                "name": "fr",
                "url": "/api/v2/language/5/"
            },
            "version_group": {
                "name": "sun-moon",
                "url": "/api/v2/version-group/17/"
            }
        },
        {
            "flavor_text": "Fallen seine KP auf die H\u00e4lfte des Maximalwerts oder\nweniger, zerbricht die Panzerung des Pok\u00e9mon und\nes wird aggressiver.",
            "language": {
                "name": "de",
                "url": "/api/v2/language/6/"
            },
            "version_group": {
                "name": "sun-moon",
                "url": "/api/v2/version-group/17/"
            }
        },
        {
            "flavor_text": "Rompe su coraza cuando sus PS se ven reducidos a\nla mitad y adopta una forma ofensiva.",
            "language": {
                "name": "es",
                "url": "/api/v2/language/7/"
            },
            "version_group": {
                "name": "sun-moon",
                "url": "/api/v2/version-group/17/"
            }
        },
        {
            "flavor_text": "Se i PS scendono a met\u00e0 o meno, il guscio\nsi rompe e il Pok\u00e9mon si prepara all\u2019offensiva.",
            "language": {
                "name": "it",
                "url": "/api/v2/language/8/"
            },
            "version_group": {
                "name": "sun-moon",
                "url": "/api/v2/version-group/17/"
            }
        },
        {
            "flavor_text": "When its HP becomes half or less, the Pok\u00e9mon\u2019s\nshell breaks and it becomes aggressive.",
            "language": {
                "name": "en",
                "url": "/api/v2/language/9/"
            },
            "version_group": {
                "name": "sun-moon",
                "url": "/api/v2/version-group/17/"
            }
        },
        {
            "flavor_text": "\uff28\uff30\u304c\u3000\u534a\u5206\u306b\u3000\u306a\u308b\u3068\n\u6bbb\u304c\u3000\u58ca\u308c\u3066\n\u653b\u6483\u7684\u306b\u3000\u306a\u308b\u3002",
            "language": {
                "name": "ja",
                "url": "/api/v2/language/11/"
            },
            "version_group": {
                "name": "sun-moon",
                "url": "/api/v2/version-group/17/"
            }
        },
        {
            "flavor_text": "\uff28\uff30\u53d8\u4e3a\u4e00\u534a\u65f6\uff0c\n\u58f3\u4f1a\u574f\u6389\uff0c\u53d8\u5f97\u6709\u653b\u51fb\u6027\u3002",
            "language": {
                "name": "zh-Hans",
                "url": "/api/v2/language/12/"
            },
            "version_group": {
                "name": "sun-moon",
                "url": "/api/v2/version-group/17/"
            }
        },
        {
            "flavor_text": "\uff28\uff30\u304c\u3000\u306f\u3093\u3076\u3093\u306b\u3000\u306a\u308b\u3068\n\u304b\u3089\u304c\u3000\u3053\u308f\u308c\u3066\n\u3053\u3046\u3052\u304d\u3066\u304d\u306b\u3000\u306a\u308b\u3002",
            "language": {
                "name": "ja-Hrkt",
                "url": "/api/v2/language/1/"
            },
            "version_group": {
                "name": "ultra-sun-ultra-moon",
                "url": "/api/v2/version-group/18/"
            }
        },
        {
            "flavor_text": "HP\uac00 \uc808\ubc18\uc774 \ub418\uba74\n\uaecd\uc9c8\uc774 \uae68\uc838\n\uacf5\uaca9\uc801\uc73c\ub85c \ub41c\ub2e4.",
            "language": {
                "name": "ko",
                "url": "/api/v2/language/3/"
            },
            "version_group": {
                "name": "ultra-sun-ultra-moon",
                "url": "/api/v2/version-group/18/"
            }
        },
        {
            "flavor_text": "\uff28\uff30\u8b8a\u70ba\u4e00\u534a\u6642\uff0c\n\u6bbc\u6703\u58de\u6389\uff0c\u8b8a\u5f97\u66f4\u6709\u653b\u64ca\u6027\u3002",
            "language": {
                "name": "zh-Hant",
                "url": "/api/v2/language/4/"
            },
            "version_group": {
                "name": "ultra-sun-ultra-moon",
                "url": "/api/v2/version-group/18/"
            }
        },
        {
            "flavor_text": "Lorsque le Pok\u00e9mon perd la moiti\u00e9 de ses PV,\nson enveloppe se brise, mais son Attaque et\nson Attaque Sp\u00e9ciale augmentent.",
            "language": {
                "name": "fr",
                "url": "/api/v2/language/5/"
            },
            "version_group": {
                "name": "ultra-sun-ultra-moon",
                "url": "/api/v2/version-group/18/"
            }
        },
        {
            "flavor_text": "Fallen seine KP auf die H\u00e4lfte des Maximalwerts oder\nweniger, zerbricht die Panzerung des Pok\u00e9mon und\nes wird aggressiver.",
            "language": {
                "name": "de",
                "url": "/api/v2/language/6/"
            },
            "version_group": {
                "name": "ultra-sun-ultra-moon",
                "url": "/api/v2/version-group/18/"
            }
        },
        {
            "flavor_text": "Rompe su coraza cuando sus PS se ven reducidos a\nla mitad y adopta una forma ofensiva.",
            "language": {
                "name": "es",
                "url": "/api/v2/language/7/"
            },
            "version_group": {
                "name": "ultra-sun-ultra-moon",
                "url": "/api/v2/version-group/18/"
            }
        },
        {
            "flavor_text": "Se i PS scendono a met\u00e0 o meno, il guscio\nsi rompe e il Pok\u00e9mon si prepara all\u2019offensiva.",
            "language": {
                "name": "it",
                "url": "/api/v2/language/8/"
            },
            "version_group": {
                "name": "ultra-sun-ultra-moon",
                "url": "/api/v2/version-group/18/"
            }
        },
        {
            "flavor_text": "When its HP becomes half or less, the Pok\u00e9mon\u2019s\nshell breaks and it becomes aggressive.",
            "language": {
                "name": "en",
                "url": "/api/v2/language/9/"
            },
            "version_group": {
                "name": "ultra-sun-ultra-moon",
                "url": "/api/v2/version-group/18/"
            }
        },
        {
            "flavor_text": "\uff28\uff30\u304c\u3000\u534a\u5206\u306b\u3000\u306a\u308b\u3068\n\u6bbb\u304c\u3000\u58ca\u308c\u3066\n\u653b\u6483\u7684\u306b\u3000\u306a\u308b\u3002",
            "language": {
                "name": "ja",
                "url": "/api/v2/language/11/"
            },
            "version_group": {
                "name": "ultra-sun-ultra-moon",
                "url": "/api/v2/version-group/18/"
            }
        },
        {
            "flavor_text": "\uff28\uff30\u53d8\u4e3a\u4e00\u534a\u65f6\uff0c\n\u58f3\u4f1a\u574f\u6389\uff0c\u53d8\u5f97\u6709\u653b\u51fb\u6027\u3002",
            "language": {
                "name": "zh-Hans",
                "url": "/api/v2/language/12/"
            },
            "version_group": {
                "name": "ultra-sun-ultra-moon",
                "url": "/api/v2/version-group/18/"
            }
        },
        {
            "flavor_text": "\uff28\uff30\u304c\u3000\u306f\u3093\u3076\u3093\u306b\u3000\u306a\u308b\u3068\n\u304b\u3089\u304c\u3000\u3053\u308f\u308c\u3066\n\u3053\u3046\u3052\u304d\u3066\u304d\u306b\u3000\u306a\u308b\u3002",
            "language": {
                "name": "ja-Hrkt",
                "url": "/api/v2/language/1/"
            },
            "version_group": {
                "name": "lets-go-pikachu-lets-go-eevee",
                "url": "/api/v2/version-group/19/"
            }
        },
        {
            "flavor_text": "HP\uac00 \uc808\ubc18\uc774 \ub418\uba74\n\uaecd\uc9c8\uc774 \uae68\uc838\n\uacf5\uaca9\uc801\uc73c\ub85c \ub41c\ub2e4.",
            "language": {
                "name": "ko",
                "url": "/api/v2/language/3/"
            },
            "version_group": {
                "name": "lets-go-pikachu-lets-go-eevee",
                "url": "/api/v2/version-group/19/"
            }
        },
        {
            "flavor_text": "HP\u8b8a\u70ba\u4e00\u534a\u6642\uff0c\n\u6bbc\u6703\u58de\u6389\uff0c\u8b8a\u5f97\u66f4\u6709\u653b\u64ca\u6027\u3002",
            "language": {
                "name": "zh-Hant",
                "url": "/api/v2/language/4/"
            },
            "version_group": {
                "name": "lets-go-pikachu-lets-go-eevee",
                "url": "/api/v2/version-group/19/"
            }
        },
        {
            "flavor_text": "Lorsque le Pok\u00e9mon perd la moiti\u00e9 de ses PV,\nson enveloppe se brise, mais son Attaque et\nson Attaque Sp\u00e9ciale augmentent.",
            "language": {
                "name": "fr",
                "url": "/api/v2/language/5/"
            },
            "version_group": {
                "name": "lets-go-pikachu-lets-go-eevee",
                "url": "/api/v2/version-group/19/"
            }
        },
        {
            "flavor_text": "Fallen seine KP auf die H\u00e4lfte des Maximalwerts oder\nweniger, zerbricht die Panzerung des Pok\u00e9mon und\nes wird aggressiver.",
            "language": {
                "name": "de",
                "url": "/api/v2/language/6/"
            },
            "version_group": {
                "name": "lets-go-pikachu-lets-go-eevee",
                "url": "/api/v2/version-group/19/"
            }
        },
        {
            "flavor_text": "Rompe su coraza cuando sus PS se ven reducidos a\nla mitad y adopta una forma ofensiva.",
            "language": {
                "name": "es",
                "url": "/api/v2/language/7/"
            },
            "version_group": {
                "name": "lets-go-pikachu-lets-go-eevee",
                "url": "/api/v2/version-group/19/"
            }
        },
        {
            "flavor_text": "Se i PS scendono a met\u00e0 o meno, il guscio\nsi rompe e il Pok\u00e9mon si prepara all\u2019offensiva.",
            "language": {
                "name": "it",
                "url": "/api/v2/language/8/"
            },
            "version_group": {
                "name": "lets-go-pikachu-lets-go-eevee",
                "url": "/api/v2/version-group/19/"
            }
        },
        {
            "flavor_text": "When its HP becomes half or less, the Pok\u00e9mon\u2019s\nshell breaks and it becomes aggressive.",
            "language": {
                "name": "en",
                "url": "/api/v2/language/9/"
            },
            "version_group": {
                "name": "lets-go-pikachu-lets-go-eevee",
                "url": "/api/v2/version-group/19/"
            }
        },
        {
            "flavor_text": "\uff28\uff30\u304c\u3000\u534a\u5206\u306b\u3000\u306a\u308b\u3068\n\u6bbb\u304c\u3000\u58ca\u308c\u3066\n\u653b\u6483\u7684\u306b\u3000\u306a\u308b\u3002",
            "language": {
                "name": "ja",
                "url": "/api/v2/language/11/"
            },
            "version_group": {
                "name": "lets-go-pikachu-lets-go-eevee",
                "url": "/api/v2/version-group/19/"
            }
        },
        {
            "flavor_text": "HP\u53d8\u4e3a\u4e00\u534a\u65f6\uff0c\n\u58f3\u4f1a\u574f\u6389\uff0c\u53d8\u5f97\u6709\u653b\u51fb\u6027\u3002",
            "language": {
                "name": "zh-Hans",
                "url": "/api/v2/language/12/"
            },
            "version_group": {
                "name": "lets-go-pikachu-lets-go-eevee",
                "url": "/api/v2/version-group/19/"
            }
        },
        {
            "flavor_text": "\uff28\uff30\u304c\u3000\u306f\u3093\u3076\u3093\u306b\u3000\u306a\u308b\u3068\n\u304b\u3089\u304c\u3000\u3053\u308f\u308c\u3066\n\u3053\u3046\u3052\u304d\u3066\u304d\u306b\u3000\u306a\u308b\u3002",
            "language": {
                "name": "ja-Hrkt",
                "url": "/api/v2/language/1/"
            },
            "version_group": {
                "name": "sword-shield",
                "url": "/api/v2/version-group/20/"
            }
        },
        {
            "flavor_text": "HP\uac00 \uc808\ubc18\uc774 \ub418\uba74\n\uaecd\uc9c8\uc774 \uae68\uc838\n\uacf5\uaca9\uc801\uc73c\ub85c \ub41c\ub2e4.",
            "language": {
                "name": "ko",
                "url": "/api/v2/language/3/"
            },
            "version_group": {
                "name": "sword-shield",
                "url": "/api/v2/version-group/20/"
            }
        },
        {
            "flavor_text": "\uff28\uff30\u8b8a\u70ba\u4e00\u534a\u6642\uff0c\n\u6bbc\u6703\u58de\u6389\uff0c\u8b8a\u5f97\u66f4\u6709\u653b\u64ca\u6027\u3002",
            "language": {
                "name": "zh-Hant",
                "url": "/api/v2/language/4/"
            },
            "version_group": {
                "name": "sword-shield",
                "url": "/api/v2/version-group/20/"
            }
        },
        {
            "flavor_text": "Lorsque le Pok\u00e9mon perd la moiti\u00e9 de ses PV,\nson enveloppe se brise, mais son Attaque\net son Attaque Sp\u00e9ciale augmentent.",
            "language": {
                "name": "fr",
                "url": "/api/v2/language/5/"
            },
            "version_group": {
                "name": "sword-shield",
                "url": "/api/v2/version-group/20/"
            }
        },
        {
            "flavor_text": "Fallen seine KP auf die H\u00e4lfte des Maximalwerts oder\nweniger, zerbricht die Panzerung des Pok\u00e9mon und es\nwird aggressiver.",
            "language": {
                "name": "de",
                "url": "/api/v2/language/6/"
            },
            "version_group": {
                "name": "sword-shield",
                "url": "/api/v2/version-group/20/"
            }
        },
        {
            "flavor_text": "Rompe su coraza cuando sus PS se ven reducidos a\nla mitad y adopta una forma ofensiva.",
            "language": {
                "name": "es",
                "url": "/api/v2/language/7/"
            },
            "version_group": {
                "name": "sword-shield",
                "url": "/api/v2/version-group/20/"
            }
        },
        {
            "flavor_text": "Se i PS scendono a met\u00e0 o meno, il guscio\nsi rompe e il Pok\u00e9mon si prepara all\u2019offensiva.",
            "language": {
                "name": "it",
                "url": "/api/v2/language/8/"
            },
            "version_group": {
                "name": "sword-shield",
                "url": "/api/v2/version-group/20/"
            }
        },
        {
            "flavor_text": "When its HP becomes half or less, the Pok\u00e9mon\u2019s\nshell breaks and it becomes aggressive.",
            "language": {
                "name": "en",
                "url": "/api/v2/language/9/"
            },
            "version_group": {
                "name": "sword-shield",
                "url": "/api/v2/version-group/20/"
            }
        },
        {
            "flavor_text": "\uff28\uff30\u304c\u3000\u534a\u5206\u306b\u3000\u306a\u308b\u3068\n\u6bbb\u304c\u3000\u58ca\u308c\u3066\n\u653b\u6483\u7684\u306b\u3000\u306a\u308b\u3002",
            "language": {
                "name": "ja",
                "url": "/api/v2/language/11/"
            },
            "version_group": {
                "name": "sword-shield",
                "url": "/api/v2/version-group/20/"
            }
        },
        {
            "flavor_text": "\uff28\uff30\u53d8\u4e3a\u4e00\u534a\u65f6\uff0c\n\u58f3\u4f1a\u574f\u6389\uff0c\u53d8\u5f97\u6709\u653b\u51fb\u6027\u3002",
            "language": {
                "name": "zh-Hans",
                "url": "/api/v2/language/12/"
            },
            "version_group": {
                "name": "sword-shield",
                "url": "/api/v2/version-group/20/"
            }
        }
    ],
    "generation": {
        "name": "generation-vii",
        "url": "/api/v2/generation/7/"
    },
    "id": 197,
    "is_main_series": true,
    "name": "shields-down",
    "names": [
        {
            "language": {
                "name": "ja-Hrkt",
                "url": "/api/v2/language/1/"
            },
            "name": "\u30ea\u30df\u30c3\u30c8\u30b7\u30fc\u30eb\u30c9"
        },
        {
            "language": {
                "name": "ko",
                "url": "/api/v2/language/3/"
            },
            "name": "\ub9ac\ubc0b\uc2e4\ub4dc"
        },
        {
            "language": {
                "name": "zh-Hant",
                "url": "/api/v2/language/4/"
            },
            "name": "\u754c\u9650\u76fe\u6bbc"
        },
        {
            "language": {
                "name": "fr",
                "url": "/api/v2/language/5/"
            },
            "name": "Bouclier-Carcan"
        },
        {
            "language": {
                "name": "de",
                "url": "/api/v2/language/6/"
            },
            "name": "Limitschild"
        },
        {
            "language": {
                "name": "es",
                "url": "/api/v2/language/7/"
            },
            "name": "Escudo Limitado"
        },
        {
            "language": {
                "name": "it",
                "url": "/api/v2/language/8/"
            },
            "name": "Scudosoglia"
        },
        {
            "language": {
                "name": "en",
                "url": "/api/v2/language/9/"
            },
            "name": "Shields Down"
        },
        {
            "language": {
                "name": "ja",
                "url": "/api/v2/language/11/"
            },
            "name": "\u30ea\u30df\u30c3\u30c8\u30b7\u30fc\u30eb\u30c9"
        },
        {
            "language": {
                "name": "zh-Hans",
                "url": "/api/v2/language/12/"
            },
            "name": "\u754c\u9650\u76fe\u58f3"
        }
    ],
    "pokemon": [
        {
            "is_hidden": false,
            "pokemon": {
                "name": "minior-red-meteor",
                "url": "/api/v2/pokemon/774/"
            },
            "slot": 1
        },
        {
            "is_hidden": false,
            "pokemon": {
                "name": "minior-orange-meteor",
                "url": "/api/v2/pokemon/10130/"
            },
            "slot": 1
        },
        {
            "is_hidden": false,
            "pokemon": {
                "name": "minior-yellow-meteor",
                "url": "/api/v2/pokemon/10131/"
            },
            "slot": 1
        },
        {
            "is_hidden": false,
            "pokemon": {
                "name": "minior-green-meteor",
                "url": "/api/v2/pokemon/10132/"
            },
            "slot": 1
        },
        {
            "is_hidden": false,
            "pokemon": {
                "name": "minior-blue-meteor",
                "url": "/api/v2/pokemon/10133/"
            },
            "slot": 1
        },
        {
            "is_hidden": false,
            "pokemon": {
                "name": "minior-indigo-meteor",
                "url": "/api/v2/pokemon/10134/"
            },
            "slot": 1
        },
        {
            "is_hidden": false,
            "pokemon": {
                "name": "minior-violet-meteor",
                "url": "/api/v2/pokemon/10135/"
            },
            "slot": 1
        },
        {
            "is_hidden": false,
            "pokemon": {
                "name": "minior-red",
                "url": "/api/v2/pokemon/10136/"
            },
            "slot": 1
        },
        {
            "is_hidden": false,
            "pokemon": {
                "name": "minior-orange",
                "url": "/api/v2/pokemon/10137/"
            },
            "slot": 1
        },
        {
            "is_hidden": false,
            "pokemon": {
                "name": "minior-yellow",
                "url": "/api/v2/pokemon/10138/"
            },
            "slot": 1
        },
        {
            "is_hidden": false,
            "pokemon": {
                "name": "minior-green",
                "url": "/api/v2/pokemon/10139/"
            },
            "slot": 1
        },
        {
            "is_hidden": false,
            "pokemon": {
                "name": "minior-blue",
                "url": "/api/v2/pokemon/10140/"
            },
            "slot": 1
        },
        {
            "is_hidden": false,
            "pokemon": {
                "name": "minior-indigo",
                "url": "/api/v2/pokemon/10141/"
            },
            "slot": 1
        },
        {
            "is_hidden": false,
            "pokemon": {
                "name": "minior-violet",
                "url": "/api/v2/pokemon/10142/"
            },
            "slot": 1
        }
    ]
}