{
    "effect_changes": [],
    "effect_entries": [
        {
            "effect": "Doubles this Pok\u00e9mon's Speed on Electric Terrain.",
            "language": {
                "name": "en",
                "url": "/api/v2/language/9/"
            },
            "short_effect": "Doubles this Pok\u00e9mon's Speed on Electric Terrain."
        }
    ],
    "flavor_text_entries": [
        {
            "flavor_text": "\u30a8\u30ec\u30ad\u30d5\u30a3\u30fc\u30eb\u30c9\u3000\u306e\u3068\u304d\n\u3059\u3070\u3084\u3055\u304c\u3000\uff12\u3070\u3044\u306b\u3000\u306a\u308b\u3002",
            "language": {
                "name": "ja-Hrkt",
                "url": "/api/v2/language/1/"
            },
            "version_group": {
                "name": "sun-moon",
                "url": "/api/v2/version-group/17/"
            }
        },
        {
            "flavor_text": "\uc77c\ub809\ud2b8\ub9ad\ud544\ub4dc\uc77c \ub54c\n\uc2a4\ud53c\ub4dc\uac00 2\ubc30\uac00 \ub41c\ub2e4.",
            "language": {
                "name": "ko",
                "url": "/api/v2/language/3/"
            },
            "version_group": {
                "name": "sun-moon",
                "url": "/api/v2/version-group/17/"
            }
        },
        {
            "flavor_text": "\u96fb\u6c23\u5834\u5730\u6642\uff0c\n\u901f\u5ea6\u6703\u8b8a\u70ba\uff12\u500d\u3002",
            "language": {
                "name": "zh-Hant",
                "url": "/api/v2/language/4/"
            },
            "version_group": {
                "name": "sun-moon",
                "url": "/api/v2/version-group/17/"
            }
        },
        {
            "flavor_text": "La Vitesse du Pok\u00e9mon est doubl\u00e9e sur\nun Champ \u00c9lectrifi\u00e9.",
            "language": {
                "name": "fr",
                "url": "/api/v2/language/5/"
            },
            "version_group": {
                "name": "sun-moon",
                "url": "/api/v2/version-group/17/"
            }
        },
        {
            "flavor_text": "Verdoppelt die Initiative, wenn zuvor ein Elektrofeld\nerzeugt wurde.",
            "language": {
                "name": "de",
                "url": "/api/v2/language/6/"
            },
            "version_group": {
                "name": "sun-moon",
                "url": "/api/v2/version-group/17/"
            }
        },
        {
            "flavor_text": "Duplica la Velocidad si hay un campo el\u00e9ctrico en el\nterreno de combate.",
            "language": {
                "name": "es",
                "url": "/api/v2/language/7/"
            },
            "version_group": {
                "name": "sun-moon",
                "url": "/api/v2/version-group/17/"
            }
        },
        {
            "flavor_text": "In presenza di un Campo Elettrico, la Velocit\u00e0\nraddoppia.",
            "language": {
                "name": "it",
                "url": "/api/v2/language/8/"
            },
            "version_group": {
                "name": "sun-moon",
                "url": "/api/v2/version-group/17/"
            }
        },
        {
            "flavor_text": "Doubles the Pok\u00e9mon\u2019s Speed stat on\nElectric Terrain.",
            "language": {
                "name": "en",
                "url": "/api/v2/language/9/"
            },
            "version_group": {
                "name": "sun-moon",
                "url": "/api/v2/version-group/17/"
            }
        },
        {
            "flavor_text": "\u30a8\u30ec\u30ad\u30d5\u30a3\u30fc\u30eb\u30c9\u3000\u306e\u3068\u304d\n\u7d20\u65e9\u3055\u304c\u3000\uff12\u500d\u306b\u3000\u306a\u308b\u3002",
            "language": {
                "name": "ja",
                "url": "/api/v2/language/11/"
            },
            "version_group": {
                "name": "sun-moon",
                "url": "/api/v2/version-group/17/"
            }
        },
        {
            "flavor_text": "\u7535\u6c14\u573a\u5730\u65f6\uff0c\n\u901f\u5ea6\u4f1a\u53d8\u4e3a\uff12\u500d\u3002",
            "language": {
                "name": "zh-Hans",
                "url": "/api/v2/language/12/"
            },
            "version_group": {
                "name": "sun-moon",
                "url": "/api/v2/version-group/17/"
            }
        },
        {
            "flavor_text": "\u30a8\u30ec\u30ad\u30d5\u30a3\u30fc\u30eb\u30c9\u3000\u306e\u3068\u304d\n\u3059\u3070\u3084\u3055\u304c\u3000\uff12\u3070\u3044\u306b\u3000\u306a\u308b\u3002",
            "language": {
                "name": "ja-Hrkt",
                "url": "/api/v2/language/1/"
            },
            "version_group": {
                "name": "ultra-sun-ultra-moon",
                "url": "/api/v2/version-group/18/"
            }
        },
        {
            "flavor_text": "\uc77c\ub809\ud2b8\ub9ad\ud544\ub4dc\uc77c \ub54c\n\uc2a4\ud53c\ub4dc\uac00 2\ubc30\uac00 \ub41c\ub2e4.",
            "language": {
                "name": "ko",
                "url": "/api/v2/language/3/"
            },
            "version_group": {
                "name": "ultra-sun-ultra-moon",
                "url": "/api/v2/version-group/18/"
            }
        },
        {
            "flavor_text": "\u96fb\u6c23\u5834\u5730\u6642\uff0c\n\u901f\u5ea6\u6703\u8b8a\u70ba\uff12\u500d\u3002",
            "language": {
                "name": "zh-Hant",
                "url": "/api/v2/language/4/"
            },
            "version_group": {
                "name": "ultra-sun-ultra-moon",
                "url": "/api/v2/version-group/18/"
            }
        },
        {
            "flavor_text": "La Vitesse du Pok\u00e9mon est doubl\u00e9e sur\nun Champ \u00c9lectrifi\u00e9.",
            "language": {
                "name": "fr",
                "url": "/api/v2/language/5/"
            },
            "version_group": {
                "name": "ultra-sun-ultra-moon",
                "url": "/api/v2/version-group/18/"
            }
        },
        {
            "flavor_text": "Verdoppelt die Initiative, wenn zuvor ein Elektrofeld\nerzeugt wurde.",
            "language": {
                "name": "de",
                "url": "/api/v2/language/6/"
            },
            "version_group": {
                "name": "ultra-sun-ultra-moon",
                "url": "/api/v2/version-group/18/"
            }
        },
        {
            "flavor_text": "Duplica la Velocidad si hay un campo el\u00e9ctrico en el\nterreno de combate.",
            "language": {
                "name": "es",
                "url": "/api/v2/language/7/"
            },
            "version_group": {
                "name": "ultra-sun-ultra-moon",
                "url": "/api/v2/version-group/18/"
            }
        },
        {
            "flavor_text": "In presenza di un Campo Elettrico, la Velocit\u00e0\nraddoppia.",
            "language": {
                "name": "it",
                "url": "/api/v2/language/8/"
            },
            "version_group": {
                "name": "ultra-sun-ultra-moon",
                "url": "/api/v2/version-group/18/"
            }
        },
        {
            "flavor_text": "Doubles the Pok\u00e9mon\u2019s Speed stat on\nElectric Terrain.",
            "language": {
                "name": "en",
                "url": "/api/v2/language/9/"
            },
            "version_group": {
                "name": "ultra-sun-ultra-moon",
                "url": "/api/v2/version-group/18/"
            }
        },
        {
            "flavor_text": "\u30a8\u30ec\u30ad\u30d5\u30a3\u30fc\u30eb\u30c9\u3000\u306e\u3068\u304d\n\u7d20\u65e9\u3055\u304c\u3000\uff12\u500d\u306b\u3000\u306a\u308b\u3002",
            "language": {
                "name": "ja",
                "url": "/api/v2/language/11/"
            },
            "version_group": {
                "name": "ultra-sun-ultra-moon",
                "url": "/api/v2/version-group/18/"
            }
        },
        {
            "flavor_text": "\u7535\u6c14\u573a\u5730\u65f6\uff0c\n\u901f\u5ea6\u4f1a\u53d8\u4e3a\uff12\u500d\u3002",
            "language": {
                "name": "zh-Hans",
                "url": "/api/v2/language/12/"
            },
            "version_group": {
                "name": "ultra-sun-ultra-moon",
                "url": "/api/v2/version-group/18/"
            }
        },
        {
            "flavor_text": "\u30a8\u30ec\u30ad\u30d5\u30a3\u30fc\u30eb\u30c9\u3000\u306e\u3068\u304d\n\u3059\u3070\u3084\u3055\u304c\u3000\uff12\u3070\u3044\u306b\u3000\u306a\u308b\u3002",
            "language": {
                "name": "ja-Hrkt",
                "url": "/api/v2/language/1/"
            },
            "version_group": {
                "name": "lets-go-pikachu-lets-go-eevee",
                "url": "/api/v2/version-group/19/"
            }
        },
        {
            "flavor_text": "\uc77c\ub809\ud2b8\ub9ad\ud544\ub4dc\uc77c \ub54c\n\uc2a4\ud53c\ub4dc\uac00 2\ubc30\uac00 \ub41c\ub2e4.",
            "language": {
                "name": "ko",
                "url": "/api/v2/language/3/"
            },
            "version_group": {
                "name": "lets-go-pikachu-lets-go-eevee",
                "url": "/api/v2/version-group/19/"
            }
        },
        {
            "flavor_text": "\u96fb\u6c23\u5834\u5730\u6642\uff0c\n\u901f\u5ea6\u6703\u8b8a\u70ba\uff12\u500d\u3002",
            "language": {
                "name": "zh-Hant",
                "url": "/api/v2/language/4/"
            },
            "version_group": {
                "name": "lets-go-pikachu-lets-go-eevee",
                "url": "/api/v2/version-group/19/"
            }
        },
        {
            "flavor_text": "La Vitesse du Pok\u00e9mon est doubl\u00e9e sur\nun Champ \u00c9lectrifi\u00e9.",
            "language": {
                "name": "fr",
                "url": "/api/v2/language/5/"
            },
            "version_group": {
                "name": "lets-go-pikachu-lets-go-eevee",
                "url": "/api/v2/version-group/19/"
            }
        },
        {
            "flavor_text": "Verdoppelt die Initiative, wenn zuvor ein Elektrofeld\nerzeugt wurde.",
            "language": {
                "name": "de",
                "url": "/api/v2/language/6/"
            },
            "version_group": {
                "name": "lets-go-pikachu-lets-go-eevee",
                "url": "/api/v2/version-group/19/"
            }
        },
        {
            "flavor_text": "Duplica la Velocidad si hay un campo el\u00e9ctrico en el\nterreno de combate.",
            "language": {
                "name": "es",
                "url": "/api/v2/language/7/"
            },
            "version_group": {
                "name": "lets-go-pikachu-lets-go-eevee",
                "url": "/api/v2/version-group/19/"
            }
        },
        {
            "flavor_text": "In presenza di un Campo Elettrico, la Velocit\u00e0\nraddoppia.",
            "language": {
                "name": "it",
                "url": "/api/v2/language/8/"
            },
            "version_group": {
                "name": "lets-go-pikachu-lets-go-eevee",
                "url": "/api/v2/version-group/19/"
            }
        },
        {
            "flavor_text": "Doubles the Pok\u00e9mon\u2019s Speed stat on\nElectric Terrain.",
            "language": {
                "name": "en",
                "url": "/api/v2/language/9/"
            },
            "version_group": {
                "name": "lets-go-pikachu-lets-go-eevee",
                "url": "/api/v2/version-group/19/"
            }
        },
        {
            "flavor_text": "\u30a8\u30ec\u30ad\u30d5\u30a3\u30fc\u30eb\u30c9\u3000\u306e\u3068\u304d\n\u7d20\u65e9\u3055\u304c\u3000\uff12\u500d\u306b\u3000\u306a\u308b\u3002",
            "language": {
                "name": "ja",
                "url": "/api/v2/language/11/"
            },
            "version_group": {
                "name": "lets-go-pikachu-lets-go-eevee",
                "url": "/api/v2/version-group/19/"
            }
        },
        {
            "flavor_text": "\u7535\u6c14\u573a\u5730\u65f6\uff0c\n\u901f\u5ea6\u4f1a\u53d8\u4e3a\uff12\u500d\u3002",
            "language": {
                "name": "zh-Hans",
                "url": "/api/v2/language/12/"
            },
            "version_group": {
                "name": "lets-go-pikachu-lets-go-eevee",
                "url": "/api/v2/version-group/19/"
            }
        },
        {
            "flavor_text": "\u30a8\u30ec\u30ad\u30d5\u30a3\u30fc\u30eb\u30c9\u3000\u306e\u3068\u304d\n\u3059\u3070\u3084\u3055\u304c\u3000\uff12\u3070\u3044\u306b\u3000\u306a\u308b\u3002",
            "language": {
                "name": "ja-Hrkt",
                "url": "/api/v2/language/1/"
            },
            "version_group": {
                "name": "sword-shield",
                "url": "/api/v2/version-group/20/"
            }
        },
        {
            "flavor_text": "\uc77c\ub809\ud2b8\ub9ad\ud544\ub4dc\uc77c \ub54c\n\uc2a4\ud53c\ub4dc\uac00 2\ubc30\uac00 \ub41c\ub2e4.",
            "language": {
                "name": "ko",
                "url": "/api/v2/language/3/"
            },
            "version_group": {
                "name": "sword-shield",
                "url": "/api/v2/version-group/20/"
            }
        },
        {
            "flavor_text": "\u96fb\u6c23\u5834\u5730\u6642\uff0c\n\u901f\u5ea6\u6703\u8b8a\u70ba\uff12\u500d\u3002",
            "language": {
                "name": "zh-Hant",
                "url": "/api/v2/language/4/"
            },
            "version_group": {
                "name": "sword-shield",
                "url": "/api/v2/version-group/20/"
            }
        },
        {
            "flavor_text": "La Vitesse du Pok\u00e9mon est doubl\u00e9e sur\nun Champ \u00c9lectrifi\u00e9.",
            "language": {
                "name": "fr",
                "url": "/api/v2/language/5/"
            },
            "version_group": {
                "name": "sword-shield",
                "url": "/api/v2/version-group/20/"
            }
        },
        {
            "flavor_text": "Verdoppelt die Initiative, wenn zuvor ein Elektrofeld\nerzeugt wurde.",
            "language": {
                "name": "de",
                "url": "/api/v2/language/6/"
            },
            "version_group": {
                "name": "sword-shield",
                "url": "/api/v2/version-group/20/"
            }
        },
        {
            "flavor_text": "Duplica su Velocidad si hay un campo el\u00e9ctrico en el\nterreno de combate.",
            "language": {
                "name": "es",
                "url": "/api/v2/language/7/"
            },
            "version_group": {
                "name": "sword-shield",
                "url": "/api/v2/version-group/20/"
            }
        },
        {
            "flavor_text": "In presenza di un Campo Elettrico, la Velocit\u00e0\nraddoppia.",
            "language": {
                "name": "it",
                "url": "/api/v2/language/8/"
            },
            "version_group": {
                "name": "sword-shield",
                "url": "/api/v2/version-group/20/"
            }
        },
        {
            "flavor_text": "Doubles the Pok\u00e9mon\u2019s Speed stat on\nElectric Terrain.",
            "language": {
                "name": "en",
                "url": "/api/v2/language/9/"
            },
            "version_group": {
                "name": "sword-shield",
                "url": "/api/v2/version-group/20/"
            }
        },
        {
            "flavor_text": "\u30a8\u30ec\u30ad\u30d5\u30a3\u30fc\u30eb\u30c9\u3000\u306e\u3068\u304d\n\u7d20\u65e9\u3055\u304c\u3000\uff12\u500d\u306b\u3000\u306a\u308b\u3002",
            "language": {
                "name": "ja",
                "url": "/api/v2/language/11/"
            },
            "version_group": {
                "name": "sword-shield",
                "url": "/api/v2/version-group/20/"
            }
        },
        {
            "flavor_text": "\u7535\u6c14\u573a\u5730\u65f6\uff0c\n\u901f\u5ea6\u4f1a\u53d8\u4e3a\uff12\u500d\u3002",
            "language": {
                "name": "zh-Hans",
                "url": "/api/v2/language/12/"
            },
            "version_group": {
                "name": "sword-shield",
                "url": "/api/v2/version-group/20/"
            }
        }
    ],
    "generation": {
        "name": "generation-vii",
        "url": "/api/v2/generation/7/"
    },
    "id": 207,
    "is_main_series": true,
    "name": "surge-surfer",
    "names": [
        {
            "language": {
                "name": "ja-Hrkt",
                "url": "/api/v2/language/1/"
            },
            "name": "\u30b5\u30fc\u30d5\u30c6\u30fc\u30eb"
        },
        {
            "language": {
                "name": "ko",
                "url": "/api/v2/language/3/"
            },
            "name": "\uc11c\ud551\ud14c\uc77c"
        },
        {
            "language": {
                "name": "zh-Hant",
                "url": "/api/v2/language/4/"
            },
            "name": "\u885d\u6d6a\u4e4b\u5c3e"
        },
        {
            "language": {
                "name": "fr",
                "url": "/api/v2/language/5/"
            },
            "name": "Surf Caudal"
        },
        {
            "language": {
                "name": "de",
                "url": "/api/v2/language/6/"
            },
            "name": "Surf-Schweif"
        },
        {
            "language": {
                "name": "es",
                "url": "/api/v2/language/7/"
            },
            "name": "Cola Surf"
        },
        {
            "language": {
                "name": "it",
                "url": "/api/v2/language/8/"
            },
            "name": "Codasurf"
        },
        {
            "language": {
                "name": "en",
                "url": "/api/v2/language/9/"
            },
            "name": "Surge Surfer"
        },
        {
            "language": {
                "name": "ja",
                "url": "/api/v2/language/11/"
            },
            "name": "\u30b5\u30fc\u30d5\u30c6\u30fc\u30eb"
        },
        {
            "language": {
                "name": "zh-Hans",
                "url": "/api/v2/language/12/"
            },
            "name": "\u51b2\u6d6a\u4e4b\u5c3e"
        }
    ],
    "pokemon": [
        {
            "is_hidden": false,
            "pokemon": {
                "name": "raichu-alola",
                "url": "/api/v2/pokemon/10100/"
            },
            "slot": 1
        }
    ]
}