{
    "effect_changes": [],
    "effect_entries": [
        {
            "effect": "Attacken k\u00f6nnen keinen kritischen Treffer landen.\n\nDiese F\u00e4higkeit ist identisch mit battle armor.",
            "language": {
                "name": "de",
                "url": "/api/v2/language/6/"
            },
            "short_effect": "Sch\u00fctzt vor kritischen Treffern."
        },
        {
            "effect": "Moves cannot score critical hits against this Pok\u00e9mon.\n\nThis ability functions identically to battle armor.",
            "language": {
                "name": "en",
                "url": "/api/v2/language/9/"
            },
            "short_effect": "Protects against critical hits."
        }
    ],
    "flavor_text_entries": [
        {
            "flavor_text": "Blocks critical hits.",
            "language": {
                "name": "en",
                "url": "/api/v2/language/9/"
            },
            "version_group": {
                "name": "ruby-sapphire",
                "url": "/api/v2/version-group/5/"
            }
        },
        {
            "flavor_text": "Blocks critical hits.",
            "language": {
                "name": "en",
                "url": "/api/v2/language/9/"
            },
            "version_group": {
                "name": "emerald",
                "url": "/api/v2/version-group/6/"
            }
        },
        {
            "flavor_text": "Blocks critical hits.",
            "language": {
                "name": "en",
                "url": "/api/v2/language/9/"
            },
            "version_group": {
                "name": "firered-leafgreen",
                "url": "/api/v2/version-group/7/"
            }
        },
        {
            "flavor_text": "The Pok\u00e9mon is protected\nagainst critical hits.",
            "language": {
                "name": "en",
                "url": "/api/v2/language/9/"
            },
            "version_group": {
                "name": "diamond-pearl",
                "url": "/api/v2/version-group/8/"
            }
        },
        {
            "flavor_text": "The Pok\u00e9mon is protected\nagainst critical hits.",
            "language": {
                "name": "en",
                "url": "/api/v2/language/9/"
            },
            "version_group": {
                "name": "platinum",
                "url": "/api/v2/version-group/9/"
            }
        },
        {
            "flavor_text": "The Pok\u00e9mon is protected\nagainst critical hits.",
            "language": {
                "name": "en",
                "url": "/api/v2/language/9/"
            },
            "version_group": {
                "name": "heartgold-soulsilver",
                "url": "/api/v2/version-group/10/"
            }
        },
        {
            "flavor_text": "Le Pok\u00e9mon est prot\u00e9g\u00e9\ndes coups critiques.",
            "language": {
                "name": "fr",
                "url": "/api/v2/language/5/"
            },
            "version_group": {
                "name": "black-white",
                "url": "/api/v2/version-group/11/"
            }
        },
        {
            "flavor_text": "The Pok\u00e9mon is protected\nagainst critical hits.",
            "language": {
                "name": "en",
                "url": "/api/v2/language/9/"
            },
            "version_group": {
                "name": "black-white",
                "url": "/api/v2/version-group/11/"
            }
        },
        {
            "flavor_text": "The Pok\u00e9mon is protected\nagainst critical hits.",
            "language": {
                "name": "en",
                "url": "/api/v2/language/9/"
            },
            "version_group": {
                "name": "black-2-white-2",
                "url": "/api/v2/version-group/14/"
            }
        },
        {
            "flavor_text": "\u3042\u3044\u3066\u306e\u3000\u3053\u3046\u3052\u304d\u304c\n\u304d\u3085\u3046\u3057\u3087\u306b\u3000\u3042\u305f\u3089\u306a\u3044\u3002",
            "language": {
                "name": "ja-Hrkt",
                "url": "/api/v2/language/1/"
            },
            "version_group": {
                "name": "x-y",
                "url": "/api/v2/version-group/15/"
            }
        },
        {
            "flavor_text": "\uc0c1\ub300\uc758 \uacf5\uaca9\uc774\n\uae09\uc18c\uc5d0 \ub9de\uc9c0 \uc54a\ub294\ub2e4.",
            "language": {
                "name": "ko",
                "url": "/api/v2/language/3/"
            },
            "version_group": {
                "name": "x-y",
                "url": "/api/v2/version-group/15/"
            }
        },
        {
            "flavor_text": "Le Pok\u00e9mon est prot\u00e9g\u00e9 des\ncoups critiques.",
            "language": {
                "name": "fr",
                "url": "/api/v2/language/5/"
            },
            "version_group": {
                "name": "x-y",
                "url": "/api/v2/version-group/15/"
            }
        },
        {
            "flavor_text": "Wehrt gegnerische Volltreffer ab.",
            "language": {
                "name": "de",
                "url": "/api/v2/language/6/"
            },
            "version_group": {
                "name": "x-y",
                "url": "/api/v2/version-group/15/"
            }
        },
        {
            "flavor_text": "Bloquea los golpes cr\u00edticos.",
            "language": {
                "name": "es",
                "url": "/api/v2/language/7/"
            },
            "version_group": {
                "name": "x-y",
                "url": "/api/v2/version-group/15/"
            }
        },
        {
            "flavor_text": "Evita che il Pok\u00e9mon subisca\nbrutti colpi.",
            "language": {
                "name": "it",
                "url": "/api/v2/language/8/"
            },
            "version_group": {
                "name": "x-y",
                "url": "/api/v2/version-group/15/"
            }
        },
        {
            "flavor_text": "Protects the Pok\u00e9mon\nfrom critical hits.",
            "language": {
                "name": "en",
                "url": "/api/v2/language/9/"
            },
            "version_group": {
                "name": "x-y",
                "url": "/api/v2/version-group/15/"
            }
        },
        {
            "flavor_text": "\u76f8\u624b\u306e\u3000\u653b\u6483\u304c\n\u6025\u6240\u306b\u3000\u5f53\u305f\u3089\u306a\u3044\u3002",
            "language": {
                "name": "ja",
                "url": "/api/v2/language/11/"
            },
            "version_group": {
                "name": "x-y",
                "url": "/api/v2/version-group/15/"
            }
        },
        {
            "flavor_text": "\u3042\u3044\u3066\u306e\u3000\u3053\u3046\u3052\u304d\u304c\n\u304d\u3085\u3046\u3057\u3087\u306b\u3000\u3042\u305f\u3089\u306a\u3044\u3002",
            "language": {
                "name": "ja-Hrkt",
                "url": "/api/v2/language/1/"
            },
            "version_group": {
                "name": "omega-ruby-alpha-sapphire",
                "url": "/api/v2/version-group/16/"
            }
        },
        {
            "flavor_text": "\uc0c1\ub300\uc758 \uacf5\uaca9\uc774\n\uae09\uc18c\uc5d0 \ub9de\uc9c0 \uc54a\ub294\ub2e4.",
            "language": {
                "name": "ko",
                "url": "/api/v2/language/3/"
            },
            "version_group": {
                "name": "omega-ruby-alpha-sapphire",
                "url": "/api/v2/version-group/16/"
            }
        },
        {
            "flavor_text": "Le Pok\u00e9mon est prot\u00e9g\u00e9 des\ncoups critiques.",
            "language": {
                "name": "fr",
                "url": "/api/v2/language/5/"
            },
            "version_group": {
                "name": "omega-ruby-alpha-sapphire",
                "url": "/api/v2/version-group/16/"
            }
        },
        {
            "flavor_text": "Wehrt gegnerische Volltreffer ab.",
            "language": {
                "name": "de",
                "url": "/api/v2/language/6/"
            },
            "version_group": {
                "name": "omega-ruby-alpha-sapphire",
                "url": "/api/v2/version-group/16/"
            }
        },
        {
            "flavor_text": "Bloquea los golpes cr\u00edticos.",
            "language": {
                "name": "es",
                "url": "/api/v2/language/7/"
            },
            "version_group": {
                "name": "omega-ruby-alpha-sapphire",
                "url": "/api/v2/version-group/16/"
            }
        },
        {
            "flavor_text": "Evita che il Pok\u00e9mon subisca\nbrutti colpi.",
            "language": {
                "name": "it",
                "url": "/api/v2/language/8/"
            },
            "version_group": {
                "name": "omega-ruby-alpha-sapphire",
                "url": "/api/v2/version-group/16/"
            }
        },
        {
            "flavor_text": "Protects the Pok\u00e9mon\nfrom critical hits.",
            "language": {
                "name": "en",
                "url": "/api/v2/language/9/"
            },
            "version_group": {
                "name": "omega-ruby-alpha-sapphire",
                "url": "/api/v2/version-group/16/"
            }
        },
        {
            "flavor_text": "\u76f8\u624b\u306e\u3000\u653b\u6483\u304c\n\u6025\u6240\u306b\u3000\u5f53\u305f\u3089\u306a\u3044\u3002",
            "language": {
                "name": "ja",
                "url": "/api/v2/language/11/"
            },
            "version_group": {
                "name": "omega-ruby-alpha-sapphire",
                "url": "/api/v2/version-group/16/"
            }
        },
        {
            "flavor_text": "\u304b\u305f\u3044\u3000\u304b\u3089\u306b\u3000\u307e\u3082\u3089\u308c\n\u3042\u3044\u3066\u306e\u3000\u3053\u3046\u3052\u304d\u304c\n\u304d\u3085\u3046\u3057\u3087\u306b\u3000\u3042\u305f\u3089\u306a\u3044\u3002",
            "language": {
                "name": "ja-Hrkt",
                "url": "/api/v2/language/1/"
            },
            "version_group": {
                "name": "sun-moon",
                "url": "/api/v2/version-group/17/"
            }
        },
        {
            "flavor_text": "\ub2e8\ub2e8\ud55c \uaecd\uc9c8\uc758 \ubcf4\ud638\ub97c \ubc1b\uc544\n\uc0c1\ub300\uc758 \uacf5\uaca9\uc774\n\uae09\uc18c\uc5d0 \ub9de\uc9c0 \uc54a\ub294\ub2e4.",
            "language": {
                "name": "ko",
                "url": "/api/v2/language/3/"
            },
            "version_group": {
                "name": "sun-moon",
                "url": "/api/v2/version-group/17/"
            }
        },
        {
            "flavor_text": "\u88ab\u5805\u786c\u7684\u6bbc\u4fdd\u8b77\u8457\uff0c\n\u5c0d\u624b\u7684\u653b\u64ca\u4e0d\u6703\u64ca\u4e2d\u8981\u5bb3\u3002",
            "language": {
                "name": "zh-Hant",
                "url": "/api/v2/language/4/"
            },
            "version_group": {
                "name": "sun-moon",
                "url": "/api/v2/version-group/17/"
            }
        },
        {
            "flavor_text": "Le Pok\u00e9mon est prot\u00e9g\u00e9 des coups critiques\npar sa carapace.",
            "language": {
                "name": "fr",
                "url": "/api/v2/language/5/"
            },
            "version_group": {
                "name": "sun-moon",
                "url": "/api/v2/version-group/17/"
            }
        },
        {
            "flavor_text": "Wehrt gegnerische Volltreffer mit einem harten\nPanzer ab.",
            "language": {
                "name": "de",
                "url": "/api/v2/language/6/"
            },
            "version_group": {
                "name": "sun-moon",
                "url": "/api/v2/version-group/17/"
            }
        },
        {
            "flavor_text": "La robusta coraza que lo protege bloquea los golpes\ncr\u00edticos.",
            "language": {
                "name": "es",
                "url": "/api/v2/language/7/"
            },
            "version_group": {
                "name": "sun-moon",
                "url": "/api/v2/version-group/17/"
            }
        },
        {
            "flavor_text": "Il Pok\u00e9mon \u00e8 protetto da un guscio robusto\nche gli evita di subire brutti colpi.",
            "language": {
                "name": "it",
                "url": "/api/v2/language/8/"
            },
            "version_group": {
                "name": "sun-moon",
                "url": "/api/v2/version-group/17/"
            }
        },
        {
            "flavor_text": "A hard shell protects the Pok\u00e9mon from critical hits.",
            "language": {
                "name": "en",
                "url": "/api/v2/language/9/"
            },
            "version_group": {
                "name": "sun-moon",
                "url": "/api/v2/version-group/17/"
            }
        },
        {
            "flavor_text": "\u786c\u3044\u3000\u6bbb\u306b\u3000\u5b88\u3089\u308c\n\u76f8\u624b\u306e\u3000\u653b\u6483\u304c\n\u6025\u6240\u306b\u3000\u5f53\u305f\u3089\u306a\u3044\u3002",
            "language": {
                "name": "ja",
                "url": "/api/v2/language/11/"
            },
            "version_group": {
                "name": "sun-moon",
                "url": "/api/v2/version-group/17/"
            }
        },
        {
            "flavor_text": "\u88ab\u575a\u786c\u7684\u58f3\u4fdd\u62a4\u7740\uff0c\n\u5bf9\u624b\u7684\u653b\u51fb\u4e0d\u4f1a\u51fb\u4e2d\u8981\u5bb3\u3002",
            "language": {
                "name": "zh-Hans",
                "url": "/api/v2/language/12/"
            },
            "version_group": {
                "name": "sun-moon",
                "url": "/api/v2/version-group/17/"
            }
        },
        {
            "flavor_text": "\u304b\u305f\u3044\u3000\u304b\u3089\u306b\u3000\u307e\u3082\u3089\u308c\n\u3042\u3044\u3066\u306e\u3000\u3053\u3046\u3052\u304d\u304c\n\u304d\u3085\u3046\u3057\u3087\u306b\u3000\u3042\u305f\u3089\u306a\u3044\u3002",
            "language": {
                "name": "ja-Hrkt",
                "url": "/api/v2/language/1/"
            },
            "version_group": {
                "name": "ultra-sun-ultra-moon",
                "url": "/api/v2/version-group/18/"
            }
        },
        {
            "flavor_text": "\ub2e8\ub2e8\ud55c \uaecd\uc9c8\uc758 \ubcf4\ud638\ub97c \ubc1b\uc544\n\uc0c1\ub300\uc758 \uacf5\uaca9\uc774\n\uae09\uc18c\uc5d0 \ub9de\uc9c0 \uc54a\ub294\ub2e4.",
            "language": {
                "name": "ko",
                "url": "/api/v2/language/3/"
            },
            "version_group": {
                "name": "ultra-sun-ultra-moon",
                "url": "/api/v2/version-group/18/"
            }
        },
        {
            "flavor_text": "\u88ab\u5805\u786c\u7684\u6bbc\u4fdd\u8b77\u8457\uff0c\n\u5c0d\u624b\u7684\u653b\u64ca\u4e0d\u6703\u64ca\u4e2d\u8981\u5bb3\u3002",
            "language": {
                "name": "zh-Hant",
                "url": "/api/v2/language/4/"
            },
            "version_group": {
                "name": "ultra-sun-ultra-moon",
                "url": "/api/v2/version-group/18/"
            }
        },
        {
            "flavor_text": "Le Pok\u00e9mon est prot\u00e9g\u00e9 des coups critiques\npar sa carapace.",
            "language": {
                "name": "fr",
                "url": "/api/v2/language/5/"
            },
            "version_group": {
                "name": "ultra-sun-ultra-moon",
                "url": "/api/v2/version-group/18/"
            }
        },
        {
            "flavor_text": "Wehrt gegnerische Volltreffer mit einem harten\nPanzer ab.",
            "language": {
                "name": "de",
                "url": "/api/v2/language/6/"
            },
            "version_group": {
                "name": "ultra-sun-ultra-moon",
                "url": "/api/v2/version-group/18/"
            }
        },
        {
            "flavor_text": "La robusta coraza que lo protege bloquea los golpes\ncr\u00edticos.",
            "language": {
                "name": "es",
                "url": "/api/v2/language/7/"
            },
            "version_group": {
                "name": "ultra-sun-ultra-moon",
                "url": "/api/v2/version-group/18/"
            }
        },
        {
            "flavor_text": "Il Pok\u00e9mon \u00e8 protetto da un guscio robusto\nche gli evita di subire brutti colpi.",
            "language": {
                "name": "it",
                "url": "/api/v2/language/8/"
            },
            "version_group": {
                "name": "ultra-sun-ultra-moon",
                "url": "/api/v2/version-group/18/"
            }
        },
        {
            "flavor_text": "A hard shell protects the Pok\u00e9mon from critical hits.",
            "language": {
                "name": "en",
                "url": "/api/v2/language/9/"
            },
            "version_group": {
                "name": "ultra-sun-ultra-moon",
                "url": "/api/v2/version-group/18/"
            }
        },
        {
            "flavor_text": "\u786c\u3044\u3000\u6bbb\u306b\u3000\u5b88\u3089\u308c\n\u76f8\u624b\u306e\u3000\u653b\u6483\u304c\n\u6025\u6240\u306b\u3000\u5f53\u305f\u3089\u306a\u3044\u3002",
            "language": {
                "name": "ja",
                "url": "/api/v2/language/11/"
            },
            "version_group": {
                "name": "ultra-sun-ultra-moon",
                "url": "/api/v2/version-group/18/"
            }
        },
        {
            "flavor_text": "\u88ab\u575a\u786c\u7684\u58f3\u4fdd\u62a4\u7740\uff0c\n\u5bf9\u624b\u7684\u653b\u51fb\u4e0d\u4f1a\u51fb\u4e2d\u8981\u5bb3\u3002",
            "language": {
                "name": "zh-Hans",
                "url": "/api/v2/language/12/"
            },
            "version_group": {
                "name": "ultra-sun-ultra-moon",
                "url": "/api/v2/version-group/18/"
            }
        },
        {
            "flavor_text": "\u304b\u305f\u3044\u3000\u304b\u3089\u306b\u3000\u307e\u3082\u3089\u308c\n\u3042\u3044\u3066\u306e\u3000\u3053\u3046\u3052\u304d\u304c\n\u304d\u3085\u3046\u3057\u3087\u306b\u3000\u3042\u305f\u3089\u306a\u3044\u3002",
            "language": {
                "name": "ja-Hrkt",
                "url": "/api/v2/language/1/"
            },
            "version_group": {
                "name": "lets-go-pikachu-lets-go-eevee",
                "url": "/api/v2/version-group/19/"
            }
        },
        {
            "flavor_text": "\ub2e8\ub2e8\ud55c \uaecd\uc9c8\uc758 \ubcf4\ud638\ub97c \ubc1b\uc544\n\uc0c1\ub300\uc758 \uacf5\uaca9\uc774\n\uae09\uc18c\uc5d0 \ub9de\uc9c0 \uc54a\ub294\ub2e4.",
            "language": {
                "name": "ko",
                "url": "/api/v2/language/3/"
            },
            "version_group": {
                "name": "lets-go-pikachu-lets-go-eevee",
                "url": "/api/v2/version-group/19/"
            }
        },
        {
            "flavor_text": "\u88ab\u5805\u786c\u7684\u6bbc\u4fdd\u8b77\u8457\uff0c\n\u5c0d\u624b\u7684\u653b\u64ca\u4e0d\u6703\u64ca\u4e2d\u8981\u5bb3\u3002",
            "language": {
                "name": "zh-Hant",
                "url": "/api/v2/language/4/"
            },
            "version_group": {
                "name": "lets-go-pikachu-lets-go-eevee",
                "url": "/api/v2/version-group/19/"
            }
        },
        {
            "flavor_text": "Le Pok\u00e9mon est prot\u00e9g\u00e9 des coups critiques\npar sa carapace.",
            "language": {
                "name": "fr",
                "url": "/api/v2/language/5/"
            },
            "version_group": {
                "name": "lets-go-pikachu-lets-go-eevee",
                "url": "/api/v2/version-group/19/"
            }
        },
        {
            "flavor_text": "Wehrt gegnerische Volltreffer mit einem harten\nPanzer ab.",
            "language": {
                "name": "de",
                "url": "/api/v2/language/6/"
            },
            "version_group": {
                "name": "lets-go-pikachu-lets-go-eevee",
                "url": "/api/v2/version-group/19/"
            }
        },
        {
            "flavor_text": "La robusta coraza que lo protege bloquea los golpes\ncr\u00edticos.",
            "language": {
                "name": "es",
                "url": "/api/v2/language/7/"
            },
            "version_group": {
                "name": "lets-go-pikachu-lets-go-eevee",
                "url": "/api/v2/version-group/19/"
            }
        },
        {
            "flavor_text": "Il Pok\u00e9mon \u00e8 protetto da un guscio robusto\nche gli evita di subire brutti colpi.",
            "language": {
                "name": "it",
                "url": "/api/v2/language/8/"
            },
            "version_group": {
                "name": "lets-go-pikachu-lets-go-eevee",
                "url": "/api/v2/version-group/19/"
            }
        },
        {
            "flavor_text": "A hard shell protects the Pok\u00e9mon from critical hits.",
            "language": {
                "name": "en",
                "url": "/api/v2/language/9/"
            },
            "version_group": {
                "name": "lets-go-pikachu-lets-go-eevee",
                "url": "/api/v2/version-group/19/"
            }
        },
        {
            "flavor_text": "\u786c\u3044\u3000\u6bbb\u306b\u3000\u5b88\u3089\u308c\n\u76f8\u624b\u306e\u3000\u653b\u6483\u304c\n\u6025\u6240\u306b\u3000\u5f53\u305f\u3089\u306a\u3044\u3002",
            "language": {
                "name": "ja",
                "url": "/api/v2/language/11/"
            },
            "version_group": {
                "name": "lets-go-pikachu-lets-go-eevee",
                "url": "/api/v2/version-group/19/"
            }
        },
        {
            "flavor_text": "\u88ab\u575a\u786c\u7684\u58f3\u4fdd\u62a4\u7740\uff0c\n\u5bf9\u624b\u7684\u653b\u51fb\u4e0d\u4f1a\u51fb\u4e2d\u8981\u5bb3\u3002",
            "language": {
                "name": "zh-Hans",
                "url": "/api/v2/language/12/"
            },
            "version_group": {
                "name": "lets-go-pikachu-lets-go-eevee",
                "url": "/api/v2/version-group/19/"
            }
        },
        {
            "flavor_text": "\u304b\u305f\u3044\u3000\u304b\u3089\u306b\u3000\u307e\u3082\u3089\u308c\n\u3042\u3044\u3066\u306e\u3000\u3053\u3046\u3052\u304d\u304c\n\u304d\u3085\u3046\u3057\u3087\u306b\u3000\u3042\u305f\u3089\u306a\u3044\u3002",
            "language": {
                "name": "ja-Hrkt",
                "url": "/api/v2/language/1/"
            },
            "version_group": {
                "name": "sword-shield",
                "url": "/api/v2/version-group/20/"
            }
        },
        {
            "flavor_text": "\ub2e8\ub2e8\ud55c \uaecd\uc9c8\uc758 \ubcf4\ud638\ub97c \ubc1b\uc544\n\uc0c1\ub300\uc758 \uacf5\uaca9\uc774\n\uae09\uc18c\uc5d0 \ub9de\uc9c0 \uc54a\ub294\ub2e4.",
            "language": {
                "name": "ko",
                "url": "/api/v2/language/3/"
            },
            "version_group": {
                "name": "sword-shield",
                "url": "/api/v2/version-group/20/"
            }
        },
        {
            "flavor_text": "\u88ab\u5805\u786c\u7684\u6bbc\u4fdd\u8b77\u8457\uff0c\n\u5c0d\u624b\u7684\u653b\u64ca\u4e0d\u6703\u64ca\u4e2d\u8981\u5bb3\u3002",
            "language": {
                "name": "zh-Hant",
                "url": "/api/v2/language/4/"
            },
            "version_group": {
                "name": "sword-shield",
                "url": "/api/v2/version-group/20/"
            }
        },
        {
            "flavor_text": "Le Pok\u00e9mon est prot\u00e9g\u00e9 des coups critiques\npar sa carapace.",
            "language": {
                "name": "fr",
                "url": "/api/v2/language/5/"
            },
            "version_group": {
                "name": "sword-shield",
                "url": "/api/v2/version-group/20/"
            }
        },
        {
            "flavor_text": "Wehrt gegnerische Volltreffer mit einem harten\nPanzer ab.",
            "language": {
                "name": "de",
                "url": "/api/v2/language/6/"
            },
            "version_group": {
                "name": "sword-shield",
                "url": "/api/v2/version-group/20/"
            }
        },
        {
            "flavor_text": "La robusta coraza que lo protege bloquea los golpes\ncr\u00edticos.",
            "language": {
                "name": "es",
                "url": "/api/v2/language/7/"
            },
            "version_group": {
                "name": "sword-shield",
                "url": "/api/v2/version-group/20/"
            }
        },
        {
            "flavor_text": "Il Pok\u00e9mon \u00e8 protetto da un guscio robusto\nche gli evita di subire brutti colpi.",
            "language": {
                "name": "it",
                "url": "/api/v2/language/8/"
            },
            "version_group": {
                "name": "sword-shield",
                "url": "/api/v2/version-group/20/"
            }
        },
        {
            "flavor_text": "A hard shell protects the Pok\u00e9mon from critical hits.",
            "language": {
                "name": "en",
                "url": "/api/v2/language/9/"
            },
            "version_group": {
                "name": "sword-shield",
                "url": "/api/v2/version-group/20/"
            }
        },
        {
            "flavor_text": "\u786c\u3044\u3000\u6bbb\u306b\u3000\u5b88\u3089\u308c\n\u76f8\u624b\u306e\u3000\u653b\u6483\u304c\n\u6025\u6240\u306b\u3000\u5f53\u305f\u3089\u306a\u3044\u3002",
            "language": {
                "name": "ja",
                "url": "/api/v2/language/11/"
            },
            "version_group": {
                "name": "sword-shield",
                "url": "/api/v2/version-group/20/"
            }
        },
        {
            "flavor_text": "\u88ab\u575a\u786c\u7684\u58f3\u4fdd\u62a4\u7740\uff0c\n\u5bf9\u624b\u7684\u653b\u51fb\u4e0d\u4f1a\u51fb\u4e2d\u8981\u5bb3\u3002",
            "language": {
                "name": "zh-Hans",
                "url": "/api/v2/language/12/"
            },
            "version_group": {
                "name": "sword-shield",
                "url": "/api/v2/version-group/20/"
            }
        }
    ],
    "generation": {
        "name": "generation-iii",
        "url": "/api/v2/generation/3/"
    },
    "id": 75,
    "is_main_series": true,
    "name": "shell-armor",
    "names": [
        {
            "language": {
                "name": "ja-Hrkt",
                "url": "/api/v2/language/1/"
            },
            "name": "\u30b7\u30a7\u30eb\u30a2\u30fc\u30de\u30fc"
        },
        {
            "language": {
                "name": "ko",
                "url": "/api/v2/language/3/"
            },
            "name": "\uc870\uac00\ube44\uac11\uc637"
        },
        {
            "language": {
                "name": "zh-Hant",
                "url": "/api/v2/language/4/"
            },
            "name": "\u786c\u6bbc\u76d4\u7532"
        },
        {
            "language": {
                "name": "fr",
                "url": "/api/v2/language/5/"
            },
            "name": "Coque Armure"
        },
        {
            "language": {
                "name": "de",
                "url": "/api/v2/language/6/"
            },
            "name": "Panzerhaut"
        },
        {
            "language": {
                "name": "es",
                "url": "/api/v2/language/7/"
            },
            "name": "Caparaz\u00f3n"
        },
        {
            "language": {
                "name": "it",
                "url": "/api/v2/language/8/"
            },
            "name": "Guscioscudo"
        },
        {
            "language": {
                "name": "en",
                "url": "/api/v2/language/9/"
            },
            "name": "Shell Armor"
        },
        {
            "language": {
                "name": "ja",
                "url": "/api/v2/language/11/"
            },
            "name": "\u30b7\u30a7\u30eb\u30a2\u30fc\u30de\u30fc"
        },
        {
            "language": {
                "name": "zh-Hans",
                "url": "/api/v2/language/12/"
            },
            "name": "\u786c\u58f3\u76d4\u7532"
        }
    ],
    "pokemon": [
        {
            "is_hidden": false,
            "pokemon": {
                "name": "shellder",
                "url": "/api/v2/pokemon/90/"
            },
            "slot": 1
        },
        {
            "is_hidden": false,
            "pokemon": {
                "name": "cloyster",
                "url": "/api/v2/pokemon/91/"
            },
            "slot": 1
        },
        {
            "is_hidden": false,
            "pokemon": {
                "name": "krabby",
                "url": "/api/v2/pokemon/98/"
            },
            "slot": 2
        },
        {
            "is_hidden": false,
            "pokemon": {
                "name": "kingler",
                "url": "/api/v2/pokemon/99/"
            },
            "slot": 2
        },
        {
            "is_hidden": false,
            "pokemon": {
                "name": "lapras",
                "url": "/api/v2/pokemon/131/"
            },
            "slot": 2
        },
        {
            "is_hidden": false,
            "pokemon": {
                "name": "omanyte",
                "url": "/api/v2/pokemon/138/"
            },
            "slot": 2
        },
        {
            "is_hidden": false,
            "pokemon": {
                "name": "omastar",
                "url": "/api/v2/pokemon/139/"
            },
            "slot": 2
        },
        {
            "is_hidden": true,
            "pokemon": {
                "name": "torkoal",
                "url": "/api/v2/pokemon/324/"
            },
            "slot": 3
        },
        {
            "is_hidden": false,
            "pokemon": {
                "name": "corphish",
                "url": "/api/v2/pokemon/341/"
            },
            "slot": 2
        },
        {
            "is_hidden": false,
            "pokemon": {
                "name": "crawdaunt",
                "url": "/api/v2/pokemon/342/"
            },
            "slot": 2
        },
        {
            "is_hidden": false,
            "pokemon": {
                "name": "clamperl",
                "url": "/api/v2/pokemon/366/"
            },
            "slot": 1
        },
        {
            "is_hidden": true,
            "pokemon": {
                "name": "turtwig",
                "url": "/api/v2/pokemon/387/"
            },
            "slot": 3
        },
        {
            "is_hidden": true,
            "pokemon": {
                "name": "grotle",
                "url": "/api/v2/pokemon/388/"
            },
            "slot": 3
        },
        {
            "is_hidden": true,
            "pokemon": {
                "name": "torterra",
                "url": "/api/v2/pokemon/389/"
            },
            "slot": 3
        },
        {
            "is_hidden": true,
            "pokemon": {
                "name": "oshawott",
                "url": "/api/v2/pokemon/501/"
            },
            "slot": 3
        },
        {
            "is_hidden": true,
            "pokemon": {
                "name": "dewott",
                "url": "/api/v2/pokemon/502/"
            },
            "slot": 3
        },
        {
            "is_hidden": true,
            "pokemon": {
                "name": "samurott",
                "url": "/api/v2/pokemon/503/"
            },
            "slot": 3
        },
        {
            "is_hidden": false,
            "pokemon": {
                "name": "dwebble",
                "url": "/api/v2/pokemon/557/"
            },
            "slot": 2
        },
        {
            "is_hidden": false,
            "pokemon": {
                "name": "crustle",
                "url": "/api/v2/pokemon/558/"
            },
            "slot": 2
        },
        {
            "is_hidden": false,
            "pokemon": {
                "name": "escavalier",
                "url": "/api/v2/pokemon/589/"
            },
            "slot": 2
        },
        {
            "is_hidden": false,
            "pokemon": {
                "name": "shelmet",
                "url": "/api/v2/pokemon/616/"
            },
            "slot": 2
        },
        {
            "is_hidden": false,
            "pokemon": {
                "name": "turtonator",
                "url": "/api/v2/pokemon/776/"
            },
            "slot": 1
        },
        {
            "is_hidden": false,
            "pokemon": {
                "name": "chewtle",
                "url": "/api/v2/pokemon/833/"
            },
            "slot": 2
        },
        {
            "is_hidden": false,
            "pokemon": {
                "name": "drednaw",
                "url": "/api/v2/pokemon/834/"
            },
            "slot": 2
        },
        {
            "is_hidden": false,
            "pokemon": {
                "name": "klawf",
                "url": "/api/v2/pokemon/950/"
            },
            "slot": 2
        },
        {
            "is_hidden": false,
            "pokemon": {
                "name": "slowbro-mega",
                "url": "/api/v2/pokemon/10071/"
            },
            "slot": 1
        },
        {
            "is_hidden": false,
            "pokemon": {
                "name": "kingler-gmax",
                "url": "/api/v2/pokemon/10203/"
            },
            "slot": 2
        },
        {
            "is_hidden": false,
            "pokemon": {
                "name": "lapras-gmax",
                "url": "/api/v2/pokemon/10204/"
            },
            "slot": 2
        },
        {
            "is_hidden": false,
            "pokemon": {
                "name": "drednaw-gmax",
                "url": "/api/v2/pokemon/10214/"
            },
            "slot": 2
        },
        {
            "is_hidden": false,
            "pokemon": {
                "name": "sliggoo-hisui",
                "url": "/api/v2/pokemon/10241/"
            },
            "slot": 2
        },
        {
            "is_hidden": false,
            "pokemon": {
                "name": "goodra-hisui",
                "url": "/api/v2/pokemon/10242/"
            },
            "slot": 2
        }
    ]
}