{
    "effect_changes": [],
    "effect_entries": [
        {
            "effect": "Die speed erh\u00f6ht sich mit jedem Treffer einer dark, ghost oder bug Attacke um 1 Stufe.",
            "language": {
                "name": "de",
                "url": "/api/v2/language/6/"
            },
            "short_effect": "Erh\u00f6ht die speed um 1 Stufe, wenn es von dark, ghost oder bug Attacken getroffen wird."
        },
        {
            "effect": "This Pok\u00e9mon's Speed rises one stage with each hit from a damaging dark-, ghost-, or bug-type move.",
            "language": {
                "name": "en",
                "url": "/api/v2/language/9/"
            },
            "short_effect": "Raises Speed one stage upon being hit by a dark, ghost, or bug move."
        }
    ],
    "flavor_text_entries": [
        {
            "flavor_text": "Sa peur de certains types\naugmente sa Vitesse.",
            "language": {
                "name": "fr",
                "url": "/api/v2/language/5/"
            },
            "version_group": {
                "name": "black-white",
                "url": "/api/v2/version-group/11/"
            }
        },
        {
            "flavor_text": "Some move types scare\nit and boost its Speed.",
            "language": {
                "name": "en",
                "url": "/api/v2/language/9/"
            },
            "version_group": {
                "name": "black-white",
                "url": "/api/v2/version-group/11/"
            }
        },
        {
            "flavor_text": "Some move types scare\nit and boost its Speed.",
            "language": {
                "name": "en",
                "url": "/api/v2/language/9/"
            },
            "version_group": {
                "name": "black-2-white-2",
                "url": "/api/v2/version-group/14/"
            }
        },
        {
            "flavor_text": "\u3073\u3073\u3063\u3066\u3000\u3059\u3070\u3084\u3055\u304c\n\u3042\u304c\u308b\u3000\u30bf\u30a4\u30d7\u304c\u3042\u308b\u3002",
            "language": {
                "name": "ja-Hrkt",
                "url": "/api/v2/language/1/"
            },
            "version_group": {
                "name": "x-y",
                "url": "/api/v2/version-group/15/"
            }
        },
        {
            "flavor_text": "\uc8fc\ub205\uc774 \ub4e4\uc5b4 \uc2a4\ud53c\ub4dc\uac00\n\uc62c\ub77c\uac00\ub294 \ud0c0\uc785\uc774 \uc788\ub2e4.",
            "language": {
                "name": "ko",
                "url": "/api/v2/language/3/"
            },
            "version_group": {
                "name": "x-y",
                "url": "/api/v2/version-group/15/"
            }
        },
        {
            "flavor_text": "Sa peur de certains types\naugmente sa Vitesse.",
            "language": {
                "name": "fr",
                "url": "/api/v2/language/5/"
            },
            "version_group": {
                "name": "x-y",
                "url": "/api/v2/version-group/15/"
            }
        },
        {
            "flavor_text": "Aus Angst vor manchen Attacken\nsteigt die Initiative.",
            "language": {
                "name": "de",
                "url": "/api/v2/language/6/"
            },
            "version_group": {
                "name": "x-y",
                "url": "/api/v2/version-group/15/"
            }
        },
        {
            "flavor_text": "El miedo a algunos ataques sube\nsu Velocidad.",
            "language": {
                "name": "es",
                "url": "/api/v2/language/7/"
            },
            "version_group": {
                "name": "x-y",
                "url": "/api/v2/version-group/15/"
            }
        },
        {
            "flavor_text": "Per paura di certi tipi di mosse,\nla Velocit\u00e0 sale.",
            "language": {
                "name": "it",
                "url": "/api/v2/language/8/"
            },
            "version_group": {
                "name": "x-y",
                "url": "/api/v2/version-group/15/"
            }
        },
        {
            "flavor_text": "Some move types scare\nit and boost its Speed stat.",
            "language": {
                "name": "en",
                "url": "/api/v2/language/9/"
            },
            "version_group": {
                "name": "x-y",
                "url": "/api/v2/version-group/15/"
            }
        },
        {
            "flavor_text": "\u3073\u3073\u3063\u3066\u3000\u7d20\u65e9\u3055\u304c\n\u3042\u304c\u308b\u3000\u30bf\u30a4\u30d7\u304c\u3042\u308b\u3002",
            "language": {
                "name": "ja",
                "url": "/api/v2/language/11/"
            },
            "version_group": {
                "name": "x-y",
                "url": "/api/v2/version-group/15/"
            }
        },
        {
            "flavor_text": "\u3073\u3073\u3063\u3066\u3000\u3059\u3070\u3084\u3055\u304c\n\u3042\u304c\u308b\u3000\u30bf\u30a4\u30d7\u304c\u3042\u308b\u3002",
            "language": {
                "name": "ja-Hrkt",
                "url": "/api/v2/language/1/"
            },
            "version_group": {
                "name": "omega-ruby-alpha-sapphire",
                "url": "/api/v2/version-group/16/"
            }
        },
        {
            "flavor_text": "\uc8fc\ub205\uc774 \ub4e4\uc5b4 \uc2a4\ud53c\ub4dc\uac00\n\uc62c\ub77c\uac00\ub294 \ud0c0\uc785\uc774 \uc788\ub2e4.",
            "language": {
                "name": "ko",
                "url": "/api/v2/language/3/"
            },
            "version_group": {
                "name": "omega-ruby-alpha-sapphire",
                "url": "/api/v2/version-group/16/"
            }
        },
        {
            "flavor_text": "Sa peur de certains types\naugmente sa Vitesse.",
            "language": {
                "name": "fr",
                "url": "/api/v2/language/5/"
            },
            "version_group": {
                "name": "omega-ruby-alpha-sapphire",
                "url": "/api/v2/version-group/16/"
            }
        },
        {
            "flavor_text": "Aus Angst vor manchen Attacken\nsteigt die Initiative.",
            "language": {
                "name": "de",
                "url": "/api/v2/language/6/"
            },
            "version_group": {
                "name": "omega-ruby-alpha-sapphire",
                "url": "/api/v2/version-group/16/"
            }
        },
        {
            "flavor_text": "El miedo a algunos ataques sube\nsu Velocidad.",
            "language": {
                "name": "es",
                "url": "/api/v2/language/7/"
            },
            "version_group": {
                "name": "omega-ruby-alpha-sapphire",
                "url": "/api/v2/version-group/16/"
            }
        },
        {
            "flavor_text": "Per paura di certi tipi di mosse,\nla Velocit\u00e0 sale.",
            "language": {
                "name": "it",
                "url": "/api/v2/language/8/"
            },
            "version_group": {
                "name": "omega-ruby-alpha-sapphire",
                "url": "/api/v2/version-group/16/"
            }
        },
        {
            "flavor_text": "Some move types scare\nit and boost its Speed stat.",
            "language": {
                "name": "en",
                "url": "/api/v2/language/9/"
            },
            "version_group": {
                "name": "omega-ruby-alpha-sapphire",
                "url": "/api/v2/version-group/16/"
            }
        },
        {
            "flavor_text": "\u3073\u3073\u3063\u3066\u3000\u7d20\u65e9\u3055\u304c\n\u3042\u304c\u308b\u3000\u30bf\u30a4\u30d7\u304c\u3042\u308b\u3002",
            "language": {
                "name": "ja",
                "url": "/api/v2/language/11/"
            },
            "version_group": {
                "name": "omega-ruby-alpha-sapphire",
                "url": "/api/v2/version-group/16/"
            }
        },
        {
            "flavor_text": "\u3042\u304f\u30bf\u30a4\u30d7\u3068\u3000\u30b4\u30fc\u30b9\u30c8\u30bf\u30a4\u30d7\u3068\n\u3080\u3057\u30bf\u30a4\u30d7\u306e\u3000\u308f\u3056\u3092\u3000\u3046\u3051\u308b\u3068\n\u3073\u3073\u3063\u3066\u3000\u3059\u3070\u3084\u3055\u304c\u3000\u3042\u304c\u308b\u3002",
            "language": {
                "name": "ja-Hrkt",
                "url": "/api/v2/language/1/"
            },
            "version_group": {
                "name": "sun-moon",
                "url": "/api/v2/version-group/17/"
            }
        },
        {
            "flavor_text": "\uc545\ud0c0\uc785\uacfc \uace0\uc2a4\ud2b8\ud0c0\uc785\uacfc\n\ubc8c\ub808\ud0c0\uc785\uc758 \uae30\uc220\uc744 \ubc1b\uc73c\uba74\n\uc8fc\ub205\uc774 \ub4e4\uc5b4 \uc2a4\ud53c\ub4dc\uac00 \uc62c\ub77c\uac04\ub2e4.",
            "language": {
                "name": "ko",
                "url": "/api/v2/language/3/"
            },
            "version_group": {
                "name": "sun-moon",
                "url": "/api/v2/version-group/17/"
            }
        },
        {
            "flavor_text": "\u53d7\u5230\u60e1\u5c6c\u6027\u3001\u5e7d\u9748\u5c6c\u6027\n\u548c\u87f2\u5c6c\u6027\u7684\u62db\u5f0f\u653b\u64ca\u6642\uff0c\n\u6703\u56e0\u81bd\u602f\u800c\u4f7f\u5f97\u901f\u5ea6\u63d0\u9ad8\u3002",
            "language": {
                "name": "zh-Hant",
                "url": "/api/v2/language/4/"
            },
            "version_group": {
                "name": "sun-moon",
                "url": "/api/v2/version-group/17/"
            }
        },
        {
            "flavor_text": "Si le Pok\u00e9mon est touch\u00e9 par une capacit\u00e9 de type\nT\u00e9n\u00e8bres, Spectre ou Insecte, sa phobie se r\u00e9v\u00e8le\net sa Vitesse augmente.",
            "language": {
                "name": "fr",
                "url": "/api/v2/language/5/"
            },
            "version_group": {
                "name": "sun-moon",
                "url": "/api/v2/version-group/17/"
            }
        },
        {
            "flavor_text": "Wird es von einer Unlicht-, Geister- oder K\u00e4fer-\nAttacke getroffen, bekommt es Angst und seine\nInitiative steigt.",
            "language": {
                "name": "de",
                "url": "/api/v2/language/6/"
            },
            "version_group": {
                "name": "sun-moon",
                "url": "/api/v2/version-group/17/"
            }
        },
        {
            "flavor_text": "Si le alcanza un movimiento de tipo Siniestro, Bicho o\nFantasma, el miedo hace que le suba la Velocidad.",
            "language": {
                "name": "es",
                "url": "/api/v2/language/7/"
            },
            "version_group": {
                "name": "sun-moon",
                "url": "/api/v2/version-group/17/"
            }
        },
        {
            "flavor_text": "Le mosse di tipo Buio, Spettro e Coleottero\nspaventano il Pok\u00e9mon aumentandone la Velocit\u00e0.",
            "language": {
                "name": "it",
                "url": "/api/v2/language/8/"
            },
            "version_group": {
                "name": "sun-moon",
                "url": "/api/v2/version-group/17/"
            }
        },
        {
            "flavor_text": "Dark-, Ghost-, and Bug-type moves scare the\nPok\u00e9mon and boost its Speed stat.",
            "language": {
                "name": "en",
                "url": "/api/v2/language/9/"
            },
            "version_group": {
                "name": "sun-moon",
                "url": "/api/v2/version-group/17/"
            }
        },
        {
            "flavor_text": "\u3042\u304f\u30bf\u30a4\u30d7\u3068\u3000\u30b4\u30fc\u30b9\u30c8\u30bf\u30a4\u30d7\u3068\n\u3080\u3057\u30bf\u30a4\u30d7\u306e\u3000\u6280\u3092\u3000\u53d7\u3051\u308b\u3068\n\u3073\u3073\u3063\u3066\u3000\u7d20\u65e9\u3055\u304c\u3000\u4e0a\u304c\u308b\u3002",
            "language": {
                "name": "ja",
                "url": "/api/v2/language/11/"
            },
            "version_group": {
                "name": "sun-moon",
                "url": "/api/v2/version-group/17/"
            }
        },
        {
            "flavor_text": "\u53d7\u5230\u6076\u5c5e\u6027\u3001\u5e7d\u7075\u5c5e\u6027\n\u548c\u866b\u5c5e\u6027\u7684\u62db\u5f0f\u653b\u51fb\u65f6\uff0c\n\u4f1a\u56e0\u80c6\u602f\u800c\u901f\u5ea6\u63d0\u9ad8\u3002",
            "language": {
                "name": "zh-Hans",
                "url": "/api/v2/language/12/"
            },
            "version_group": {
                "name": "sun-moon",
                "url": "/api/v2/version-group/17/"
            }
        },
        {
            "flavor_text": "\u3042\u304f\u30bf\u30a4\u30d7\u3068\u3000\u30b4\u30fc\u30b9\u30c8\u30bf\u30a4\u30d7\u3068\n\u3080\u3057\u30bf\u30a4\u30d7\u306e\u3000\u308f\u3056\u3092\u3000\u3046\u3051\u308b\u3068\n\u3073\u3073\u3063\u3066\u3000\u3059\u3070\u3084\u3055\u304c\u3000\u3042\u304c\u308b\u3002",
            "language": {
                "name": "ja-Hrkt",
                "url": "/api/v2/language/1/"
            },
            "version_group": {
                "name": "ultra-sun-ultra-moon",
                "url": "/api/v2/version-group/18/"
            }
        },
        {
            "flavor_text": "\uc545\ud0c0\uc785\uacfc \uace0\uc2a4\ud2b8\ud0c0\uc785\uacfc\n\ubc8c\ub808\ud0c0\uc785\uc758 \uae30\uc220\uc744 \ubc1b\uc73c\uba74\n\uc8fc\ub205\uc774 \ub4e4\uc5b4 \uc2a4\ud53c\ub4dc\uac00 \uc62c\ub77c\uac04\ub2e4.",
            "language": {
                "name": "ko",
                "url": "/api/v2/language/3/"
            },
            "version_group": {
                "name": "ultra-sun-ultra-moon",
                "url": "/api/v2/version-group/18/"
            }
        },
        {
            "flavor_text": "\u53d7\u5230\u60e1\u5c6c\u6027\u3001\u5e7d\u9748\u5c6c\u6027\n\u548c\u87f2\u5c6c\u6027\u7684\u62db\u5f0f\u653b\u64ca\u6642\uff0c\n\u6703\u56e0\u81bd\u602f\u800c\u4f7f\u5f97\u901f\u5ea6\u63d0\u9ad8\u3002",
            "language": {
                "name": "zh-Hant",
                "url": "/api/v2/language/4/"
            },
            "version_group": {
                "name": "ultra-sun-ultra-moon",
                "url": "/api/v2/version-group/18/"
            }
        },
        {
            "flavor_text": "Si le Pok\u00e9mon est touch\u00e9 par une capacit\u00e9 de type\nT\u00e9n\u00e8bres, Spectre ou Insecte, sa phobie se r\u00e9v\u00e8le\net sa Vitesse augmente.",
            "language": {
                "name": "fr",
                "url": "/api/v2/language/5/"
            },
            "version_group": {
                "name": "ultra-sun-ultra-moon",
                "url": "/api/v2/version-group/18/"
            }
        },
        {
            "flavor_text": "Wird es von einer Unlicht-, Geister- oder K\u00e4fer-\nAttacke getroffen, bekommt es Angst und seine\nInitiative steigt.",
            "language": {
                "name": "de",
                "url": "/api/v2/language/6/"
            },
            "version_group": {
                "name": "ultra-sun-ultra-moon",
                "url": "/api/v2/version-group/18/"
            }
        },
        {
            "flavor_text": "Si le alcanza un movimiento de tipo Siniestro, Bicho o\nFantasma, el miedo hace que le suba la Velocidad.",
            "language": {
                "name": "es",
                "url": "/api/v2/language/7/"
            },
            "version_group": {
                "name": "ultra-sun-ultra-moon",
                "url": "/api/v2/version-group/18/"
            }
        },
        {
            "flavor_text": "Le mosse di tipo Buio, Spettro e Coleottero\nspaventano il Pok\u00e9mon aumentandone la Velocit\u00e0.",
            "language": {
                "name": "it",
                "url": "/api/v2/language/8/"
            },
            "version_group": {
                "name": "ultra-sun-ultra-moon",
                "url": "/api/v2/version-group/18/"
            }
        },
        {
            "flavor_text": "Dark-, Ghost-, and Bug-type moves scare the\nPok\u00e9mon and boost its Speed stat.",
            "language": {
                "name": "en",
                "url": "/api/v2/language/9/"
            },
            "version_group": {
                "name": "ultra-sun-ultra-moon",
                "url": "/api/v2/version-group/18/"
            }
        },
        {
            "flavor_text": "\u3042\u304f\u30bf\u30a4\u30d7\u3068\u3000\u30b4\u30fc\u30b9\u30c8\u30bf\u30a4\u30d7\u3068\n\u3080\u3057\u30bf\u30a4\u30d7\u306e\u3000\u6280\u3092\u3000\u53d7\u3051\u308b\u3068\n\u3073\u3073\u3063\u3066\u3000\u7d20\u65e9\u3055\u304c\u3000\u4e0a\u304c\u308b\u3002",
            "language": {
                "name": "ja",
                "url": "/api/v2/language/11/"
            },
            "version_group": {
                "name": "ultra-sun-ultra-moon",
                "url": "/api/v2/version-group/18/"
            }
        },
        {
            "flavor_text": "\u53d7\u5230\u6076\u5c5e\u6027\u3001\u5e7d\u7075\u5c5e\u6027\n\u548c\u866b\u5c5e\u6027\u7684\u62db\u5f0f\u653b\u51fb\u65f6\uff0c\n\u4f1a\u56e0\u80c6\u602f\u800c\u901f\u5ea6\u63d0\u9ad8\u3002",
            "language": {
                "name": "zh-Hans",
                "url": "/api/v2/language/12/"
            },
            "version_group": {
                "name": "ultra-sun-ultra-moon",
                "url": "/api/v2/version-group/18/"
            }
        },
        {
            "flavor_text": "\u3042\u304f\u30bf\u30a4\u30d7\u3068\u3000\u30b4\u30fc\u30b9\u30c8\u30bf\u30a4\u30d7\u3068\n\u3080\u3057\u30bf\u30a4\u30d7\u306e\u3000\u308f\u3056\u3092\u3000\u3046\u3051\u308b\u3068\n\u3073\u3073\u3063\u3066\u3000\u3059\u3070\u3084\u3055\u304c\u3000\u3042\u304c\u308b\u3002",
            "language": {
                "name": "ja-Hrkt",
                "url": "/api/v2/language/1/"
            },
            "version_group": {
                "name": "lets-go-pikachu-lets-go-eevee",
                "url": "/api/v2/version-group/19/"
            }
        },
        {
            "flavor_text": "\uc545\ud0c0\uc785\uacfc \uace0\uc2a4\ud2b8\ud0c0\uc785\uacfc\n\ubc8c\ub808\ud0c0\uc785\uc758 \uae30\uc220\uc744 \ubc1b\uc73c\uba74\n\uc8fc\ub205\uc774 \ub4e4\uc5b4 \uc2a4\ud53c\ub4dc\uac00 \uc62c\ub77c\uac04\ub2e4.",
            "language": {
                "name": "ko",
                "url": "/api/v2/language/3/"
            },
            "version_group": {
                "name": "lets-go-pikachu-lets-go-eevee",
                "url": "/api/v2/version-group/19/"
            }
        },
        {
            "flavor_text": "\u53d7\u5230\u60e1\u5c6c\u6027\u3001\u5e7d\u9748\u5c6c\u6027\n\u548c\u87f2\u5c6c\u6027\u7684\u62db\u5f0f\u653b\u64ca\u6642\uff0c\n\u6703\u56e0\u81bd\u602f\u800c\u4f7f\u5f97\u901f\u5ea6\u63d0\u9ad8\u3002",
            "language": {
                "name": "zh-Hant",
                "url": "/api/v2/language/4/"
            },
            "version_group": {
                "name": "lets-go-pikachu-lets-go-eevee",
                "url": "/api/v2/version-group/19/"
            }
        },
        {
            "flavor_text": "Si le Pok\u00e9mon est touch\u00e9 par une capacit\u00e9 de type\nT\u00e9n\u00e8bres, Spectre ou Insecte, sa phobie se r\u00e9v\u00e8le\net sa Vitesse augmente.",
            "language": {
                "name": "fr",
                "url": "/api/v2/language/5/"
            },
            "version_group": {
                "name": "lets-go-pikachu-lets-go-eevee",
                "url": "/api/v2/version-group/19/"
            }
        },
        {
            "flavor_text": "Wird es von einer Unlicht-, Geister- oder K\u00e4fer-\nAttacke getroffen, bekommt es Angst und seine\nInitiative steigt.",
            "language": {
                "name": "de",
                "url": "/api/v2/language/6/"
            },
            "version_group": {
                "name": "lets-go-pikachu-lets-go-eevee",
                "url": "/api/v2/version-group/19/"
            }
        },
        {
            "flavor_text": "Si le alcanza un movimiento de tipo Siniestro, Bicho o\nFantasma, el miedo hace que le suba la Velocidad.",
            "language": {
                "name": "es",
                "url": "/api/v2/language/7/"
            },
            "version_group": {
                "name": "lets-go-pikachu-lets-go-eevee",
                "url": "/api/v2/version-group/19/"
            }
        },
        {
            "flavor_text": "Le mosse di tipo Buio, Spettro e Coleottero\nspaventano il Pok\u00e9mon aumentandone la Velocit\u00e0.",
            "language": {
                "name": "it",
                "url": "/api/v2/language/8/"
            },
            "version_group": {
                "name": "lets-go-pikachu-lets-go-eevee",
                "url": "/api/v2/version-group/19/"
            }
        },
        {
            "flavor_text": "Dark-, Ghost-, and Bug-type moves scare the\nPok\u00e9mon and boost its Speed stat.",
            "language": {
                "name": "en",
                "url": "/api/v2/language/9/"
            },
            "version_group": {
                "name": "lets-go-pikachu-lets-go-eevee",
                "url": "/api/v2/version-group/19/"
            }
        },
        {
            "flavor_text": "\u3042\u304f\u30bf\u30a4\u30d7\u3068\u3000\u30b4\u30fc\u30b9\u30c8\u30bf\u30a4\u30d7\u3068\n\u3080\u3057\u30bf\u30a4\u30d7\u306e\u3000\u6280\u3092\u3000\u53d7\u3051\u308b\u3068\n\u3073\u3073\u3063\u3066\u3000\u7d20\u65e9\u3055\u304c\u3000\u4e0a\u304c\u308b\u3002",
            "language": {
                "name": "ja",
                "url": "/api/v2/language/11/"
            },
            "version_group": {
                "name": "lets-go-pikachu-lets-go-eevee",
                "url": "/api/v2/version-group/19/"
            }
        },
        {
            "flavor_text": "\u53d7\u5230\u6076\u5c5e\u6027\u3001\u5e7d\u7075\u5c5e\u6027\n\u548c\u866b\u5c5e\u6027\u7684\u62db\u5f0f\u653b\u51fb\u65f6\uff0c\n\u4f1a\u56e0\u80c6\u602f\u800c\u901f\u5ea6\u63d0\u9ad8\u3002",
            "language": {
                "name": "zh-Hans",
                "url": "/api/v2/language/12/"
            },
            "version_group": {
                "name": "lets-go-pikachu-lets-go-eevee",
                "url": "/api/v2/version-group/19/"
            }
        },
        {
            "flavor_text": "\u3042\u304f\u30bf\u30a4\u30d7\u3068\u3000\u30b4\u30fc\u30b9\u30c8\u30bf\u30a4\u30d7\u3068\n\u3080\u3057\u30bf\u30a4\u30d7\u306e\u3000\u308f\u3056\u3092\u3000\u3046\u3051\u308b\u3068\n\u3073\u3073\u3063\u3066\u3000\u3059\u3070\u3084\u3055\u304c\u3000\u3042\u304c\u308b\u3002",
            "language": {
                "name": "ja-Hrkt",
                "url": "/api/v2/language/1/"
            },
            "version_group": {
                "name": "sword-shield",
                "url": "/api/v2/version-group/20/"
            }
        },
        {
            "flavor_text": "\uc545\ud0c0\uc785\uacfc \uace0\uc2a4\ud2b8\ud0c0\uc785\uacfc\n\ubc8c\ub808\ud0c0\uc785\uc758 \uae30\uc220\uc744 \ubc1b\uc73c\uba74\n\uc8fc\ub205\uc774 \ub4e4\uc5b4 \uc2a4\ud53c\ub4dc\uac00 \uc62c\ub77c\uac04\ub2e4.",
            "language": {
                "name": "ko",
                "url": "/api/v2/language/3/"
            },
            "version_group": {
                "name": "sword-shield",
                "url": "/api/v2/version-group/20/"
            }
        },
        {
            "flavor_text": "\u53d7\u5230\u60e1\u5c6c\u6027\u3001\u5e7d\u9748\u5c6c\u6027\n\u548c\u87f2\u5c6c\u6027\u7684\u62db\u5f0f\u653b\u64ca\u6642\uff0c\n\u6703\u56e0\u81bd\u602f\u800c\u4f7f\u5f97\u901f\u5ea6\u63d0\u9ad8\u3002",
            "language": {
                "name": "zh-Hant",
                "url": "/api/v2/language/4/"
            },
            "version_group": {
                "name": "sword-shield",
                "url": "/api/v2/version-group/20/"
            }
        },
        {
            "flavor_text": "Si le Pok\u00e9mon est touch\u00e9 par une capacit\u00e9 de type\nT\u00e9n\u00e8bres, Spectre ou Insecte, sa phobie se r\u00e9v\u00e8le\net sa Vitesse augmente.",
            "language": {
                "name": "fr",
                "url": "/api/v2/language/5/"
            },
            "version_group": {
                "name": "sword-shield",
                "url": "/api/v2/version-group/20/"
            }
        },
        {
            "flavor_text": "Wird es von einer Unlicht-, Geister- oder K\u00e4fer-Attacke\ngetroffen, bekommt es Angst und seine Initiative steigt.",
            "language": {
                "name": "de",
                "url": "/api/v2/language/6/"
            },
            "version_group": {
                "name": "sword-shield",
                "url": "/api/v2/version-group/20/"
            }
        },
        {
            "flavor_text": "Si le alcanza un movimiento de tipo Siniestro, Bicho o\nFantasma, el miedo hace que le suba la Velocidad.",
            "language": {
                "name": "es",
                "url": "/api/v2/language/7/"
            },
            "version_group": {
                "name": "sword-shield",
                "url": "/api/v2/version-group/20/"
            }
        },
        {
            "flavor_text": "Le mosse di tipo Buio, Spettro e Coleottero\nspaventano il Pok\u00e9mon aumentandone la Velocit\u00e0.",
            "language": {
                "name": "it",
                "url": "/api/v2/language/8/"
            },
            "version_group": {
                "name": "sword-shield",
                "url": "/api/v2/version-group/20/"
            }
        },
        {
            "flavor_text": "Dark-, Ghost-, and Bug-type moves scare the\nPok\u00e9mon and boost its Speed stat.",
            "language": {
                "name": "en",
                "url": "/api/v2/language/9/"
            },
            "version_group": {
                "name": "sword-shield",
                "url": "/api/v2/version-group/20/"
            }
        },
        {
            "flavor_text": "\u3042\u304f\u30bf\u30a4\u30d7\u3068\u3000\u30b4\u30fc\u30b9\u30c8\u30bf\u30a4\u30d7\u3068\n\u3080\u3057\u30bf\u30a4\u30d7\u306e\u3000\u6280\u3092\u3000\u53d7\u3051\u308b\u3068\n\u3073\u3073\u3063\u3066\u3000\u7d20\u65e9\u3055\u304c\u3000\u4e0a\u304c\u308b\u3002",
            "language": {
                "name": "ja",
                "url": "/api/v2/language/11/"
            },
            "version_group": {
                "name": "sword-shield",
                "url": "/api/v2/version-group/20/"
            }
        },
        {
            "flavor_text": "\u53d7\u5230\u6076\u5c5e\u6027\u3001\u5e7d\u7075\u5c5e\u6027\n\u548c\u866b\u5c5e\u6027\u7684\u62db\u5f0f\u653b\u51fb\u65f6\uff0c\n\u4f1a\u56e0\u80c6\u602f\u800c\u901f\u5ea6\u63d0\u9ad8\u3002",
            "language": {
                "name": "zh-Hans",
                "url": "/api/v2/language/12/"
            },
            "version_group": {
                "name": "sword-shield",
                "url": "/api/v2/version-group/20/"
            }
        }
    ],
    "generation": {
        "name": "generation-v",
        "url": "/api/v2/generation/5/"
    },
    "id": 155,
    "is_main_series": true,
    "name": "rattled",
    "names": [
        {
            "language": {
                "name": "ja-Hrkt",
                "url": "/api/v2/language/1/"
            },
            "name": "\u3073\u3073\u308a"
        },
        {
            "language": {
                "name": "ko",
                "url": "/api/v2/language/3/"
            },
            "name": "\uc8fc\ub205"
        },
        {
            "language": {
                "name": "zh-Hant",
                "url": "/api/v2/language/4/"
            },
            "name": "\u81bd\u602f"
        },
        {
            "language": {
                "name": "fr",
                "url": "/api/v2/language/5/"
            },
            "name": "Phobique"
        },
        {
            "language": {
                "name": "de",
                "url": "/api/v2/language/6/"
            },
            "name": "Hasenfu\u00df"
        },
        {
            "language": {
                "name": "es",
                "url": "/api/v2/language/7/"
            },
            "name": "Cobard\u00eda"
        },
        {
            "language": {
                "name": "it",
                "url": "/api/v2/language/8/"
            },
            "name": "Paura"
        },
        {
            "language": {
                "name": "en",
                "url": "/api/v2/language/9/"
            },
            "name": "Rattled"
        },
        {
            "language": {
                "name": "ja",
                "url": "/api/v2/language/11/"
            },
            "name": "\u3073\u3073\u308a"
        },
        {
            "language": {
                "name": "zh-Hans",
                "url": "/api/v2/language/12/"
            },
            "name": "\u80c6\u602f"
        }
    ],
    "pokemon": [
        {
            "is_hidden": true,
            "pokemon": {
                "name": "magikarp",
                "url": "/api/v2/pokemon/129/"
            },
            "slot": 3
        },
        {
            "is_hidden": true,
            "pokemon": {
                "name": "ledyba",
                "url": "/api/v2/pokemon/165/"
            },
            "slot": 3
        },
        {
            "is_hidden": true,
            "pokemon": {
                "name": "sudowoodo",
                "url": "/api/v2/pokemon/185/"
            },
            "slot": 3
        },
        {
            "is_hidden": true,
            "pokemon": {
                "name": "dunsparce",
                "url": "/api/v2/pokemon/206/"
            },
            "slot": 3
        },
        {
            "is_hidden": true,
            "pokemon": {
                "name": "snubbull",
                "url": "/api/v2/pokemon/209/"
            },
            "slot": 3
        },
        {
            "is_hidden": true,
            "pokemon": {
                "name": "granbull",
                "url": "/api/v2/pokemon/210/"
            },
            "slot": 3
        },
        {
            "is_hidden": true,
            "pokemon": {
                "name": "poochyena",
                "url": "/api/v2/pokemon/261/"
            },
            "slot": 3
        },
        {
            "is_hidden": true,
            "pokemon": {
                "name": "whismur",
                "url": "/api/v2/pokemon/293/"
            },
            "slot": 3
        },
        {
            "is_hidden": true,
            "pokemon": {
                "name": "clamperl",
                "url": "/api/v2/pokemon/366/"
            },
            "slot": 3
        },
        {
            "is_hidden": true,
            "pokemon": {
                "name": "bonsly",
                "url": "/api/v2/pokemon/438/"
            },
            "slot": 3
        },
        {
            "is_hidden": true,
            "pokemon": {
                "name": "cubchoo",
                "url": "/api/v2/pokemon/613/"
            },
            "slot": 3
        },
        {
            "is_hidden": true,
            "pokemon": {
                "name": "yamper",
                "url": "/api/v2/pokemon/835/"
            },
            "slot": 3
        },
        {
            "is_hidden": false,
            "pokemon": {
                "name": "toxel",
                "url": "/api/v2/pokemon/848/"
            },
            "slot": 1
        },
        {
            "is_hidden": false,
            "pokemon": {
                "name": "wiglett",
                "url": "/api/v2/pokemon/960/"
            },
            "slot": 2
        },
        {
            "is_hidden": false,
            "pokemon": {
                "name": "wugtrio",
                "url": "/api/v2/pokemon/961/"
            },
            "slot": 2
        },
        {
            "is_hidden": true,
            "pokemon": {
                "name": "dudunsparce",
                "url": "/api/v2/pokemon/982/"
            },
            "slot": 3
        },
        {
            "is_hidden": false,
            "pokemon": {
                "name": "gimmighoul",
                "url": "/api/v2/pokemon/999/"
            },
            "slot": 1
        },
        {
            "is_hidden": true,
            "pokemon": {
                "name": "gimmighoul",
                "url": "/api/v2/pokemon/999/"
            },
            "slot": 3
        },
        {
            "is_hidden": true,
            "pokemon": {
                "name": "meowth-alola",
                "url": "/api/v2/pokemon/10107/"
            },
            "slot": 3
        },
        {
            "is_hidden": true,
            "pokemon": {
                "name": "persian-alola",
                "url": "/api/v2/pokemon/10108/"
            },
            "slot": 3
        },
        {
            "is_hidden": false,
            "pokemon": {
                "name": "basculin-white-striped",
                "url": "/api/v2/pokemon/10247/"
            },
            "slot": 1
        },
        {
            "is_hidden": true,
            "pokemon": {
                "name": "dudunsparce-three-segment",
                "url": "/api/v2/pokemon/10255/"
            },
            "slot": 3
        }
    ]
}