{
    "effect_changes": [],
    "effect_entries": [
        {
            "effect": "Transforms 10% or 50% Zygarde into Complete Forme when its HP is below 50%.\n\nThis ability cannot be copied or replaced.  This ability only takes effect for Zygarde.",
            "language": {
                "name": "en",
                "url": "/api/v2/language/9/"
            },
            "short_effect": "Transforms 10% or 50% Zygarde into Complete Forme when its HP is below 50%."
        }
    ],
    "flavor_text_entries": [
        {
            "flavor_text": "\uff28\uff30\u304c\u3000\u306f\u3093\u3076\u3093\u306b\u3000\u306a\u308b\u3068\n\u30bb\u30eb\u305f\u3061\u304c\u3000\u304a\u3046\u3048\u3093\u306b\u3000\u304b\u3051\u3064\u3051\n\u30d1\u30fc\u30d5\u30a7\u30af\u30c8\u30d5\u30a9\u30eb\u30e0\u306b\u3000\u3059\u304c\u305f\u3092\u3000\u304b\u3048\u308b\u3002",
            "language": {
                "name": "ja-Hrkt",
                "url": "/api/v2/language/1/"
            },
            "version_group": {
                "name": "sun-moon",
                "url": "/api/v2/version-group/17/"
            }
        },
        {
            "flavor_text": "HP\uac00 \uc808\ubc18\uc774 \ub418\uba74\n\uc140\ub4e4\uc774 \uc751\uc6d0\ud558\ub7ec \ub2ec\ub824\uc640\n\ud37c\ud399\ud2b8\ud3fc\uc73c\ub85c \ubaa8\uc2b5\uc774 \ubcc0\ud55c\ub2e4.",
            "language": {
                "name": "ko",
                "url": "/api/v2/language/3/"
            },
            "version_group": {
                "name": "sun-moon",
                "url": "/api/v2/version-group/17/"
            }
        },
        {
            "flavor_text": "\uff28\uff30\u8b8a\u70ba\u4e00\u534a\u6642\uff0c\n\u7d30\u80de\u5011\u6703\u8d95\u4f86\u652f\u63f4\uff0c\n\u8b8a\u70ba\u5b8c\u5168\u9ad4\u5f62\u614b\u3002",
            "language": {
                "name": "zh-Hant",
                "url": "/api/v2/language/4/"
            },
            "version_group": {
                "name": "sun-moon",
                "url": "/api/v2/version-group/17/"
            }
        },
        {
            "flavor_text": "Lorsque le Pok\u00e9mon perd la moiti\u00e9 de ses PV,\nses Cellules se rassemblent pour l\u2019encourager,\nce qui lui permet de prendre sa Forme Parfaite.",
            "language": {
                "name": "fr",
                "url": "/api/v2/language/5/"
            },
            "version_group": {
                "name": "sun-moon",
                "url": "/api/v2/version-group/17/"
            }
        },
        {
            "flavor_text": "Fallen seine KP auf die H\u00e4lfte des Maximalwerts oder\nweniger, eilen ihm weitere Zellen zu Hilfe und es\nnimmt die Optimumform an.",
            "language": {
                "name": "de",
                "url": "/api/v2/language/6/"
            },
            "version_group": {
                "name": "sun-moon",
                "url": "/api/v2/version-group/17/"
            }
        },
        {
            "flavor_text": "Cuando sus PS se ven reducidos a la mitad, las\nc\u00e9lulas se reagrupan y adopta su Forma Completa.",
            "language": {
                "name": "es",
                "url": "/api/v2/language/7/"
            },
            "version_group": {
                "name": "sun-moon",
                "url": "/api/v2/version-group/17/"
            }
        },
        {
            "flavor_text": "Se i PS del Pok\u00e9mon scendono a met\u00e0 o meno, le\ncellule si raggruppano e gli permettono di assumere\nla Forma Perfetta.",
            "language": {
                "name": "it",
                "url": "/api/v2/language/8/"
            },
            "version_group": {
                "name": "sun-moon",
                "url": "/api/v2/version-group/17/"
            }
        },
        {
            "flavor_text": "Other Cells gather to aid when its HP becomes\nhalf or less. Then the Pok\u00e9mon changes\nits form to Complete Forme.",
            "language": {
                "name": "en",
                "url": "/api/v2/language/9/"
            },
            "version_group": {
                "name": "sun-moon",
                "url": "/api/v2/version-group/17/"
            }
        },
        {
            "flavor_text": "\uff28\uff30\u304c\u3000\u534a\u5206\u306b\u3000\u306a\u308b\u3068\n\u30bb\u30eb\u305f\u3061\u304c\u3000\u5fdc\u63f4\u306b\u3000\u99c6\u3051\u3064\u3051\n\u30d1\u30fc\u30d5\u30a7\u30af\u30c8\u30d5\u30a9\u30eb\u30e0\u306b\u3000\u59ff\u3092\u3000\u5909\u3048\u308b\u3002",
            "language": {
                "name": "ja",
                "url": "/api/v2/language/11/"
            },
            "version_group": {
                "name": "sun-moon",
                "url": "/api/v2/version-group/17/"
            }
        },
        {
            "flavor_text": "\uff28\uff30\u53d8\u4e3a\u4e00\u534a\u65f6\uff0c\n\u7ec6\u80de\u4eec\u4f1a\u8d76\u6765\u652f\u63f4\uff0c\n\u53d8\u4e3a\u5b8c\u5168\u4f53\u5f62\u6001\u3002",
            "language": {
                "name": "zh-Hans",
                "url": "/api/v2/language/12/"
            },
            "version_group": {
                "name": "sun-moon",
                "url": "/api/v2/version-group/17/"
            }
        },
        {
            "flavor_text": "\uff28\uff30\u304c\u3000\u306f\u3093\u3076\u3093\u306b\u3000\u306a\u308b\u3068\n\u30bb\u30eb\u305f\u3061\u304c\u3000\u304a\u3046\u3048\u3093\u306b\u3000\u304b\u3051\u3064\u3051\n\u30d1\u30fc\u30d5\u30a7\u30af\u30c8\u30d5\u30a9\u30eb\u30e0\u306b\u3000\u3059\u304c\u305f\u3092\u3000\u304b\u3048\u308b\u3002",
            "language": {
                "name": "ja-Hrkt",
                "url": "/api/v2/language/1/"
            },
            "version_group": {
                "name": "ultra-sun-ultra-moon",
                "url": "/api/v2/version-group/18/"
            }
        },
        {
            "flavor_text": "HP\uac00 \uc808\ubc18\uc774 \ub418\uba74\n\uc140\ub4e4\uc774 \uc751\uc6d0\ud558\ub7ec \ub2ec\ub824\uc640\n\ud37c\ud399\ud2b8\ud3fc\uc73c\ub85c \ubaa8\uc2b5\uc774 \ubcc0\ud55c\ub2e4.",
            "language": {
                "name": "ko",
                "url": "/api/v2/language/3/"
            },
            "version_group": {
                "name": "ultra-sun-ultra-moon",
                "url": "/api/v2/version-group/18/"
            }
        },
        {
            "flavor_text": "\uff28\uff30\u8b8a\u70ba\u4e00\u534a\u6642\uff0c\n\u7d30\u80de\u5011\u6703\u8d95\u4f86\u652f\u63f4\uff0c\n\u8b8a\u70ba\u5b8c\u5168\u9ad4\u5f62\u614b\u3002",
            "language": {
                "name": "zh-Hant",
                "url": "/api/v2/language/4/"
            },
            "version_group": {
                "name": "ultra-sun-ultra-moon",
                "url": "/api/v2/version-group/18/"
            }
        },
        {
            "flavor_text": "Lorsque le Pok\u00e9mon perd la moiti\u00e9 de ses PV,\nses Cellules se rassemblent pour l\u2019encourager,\nce qui lui permet de prendre sa Forme Parfaite.",
            "language": {
                "name": "fr",
                "url": "/api/v2/language/5/"
            },
            "version_group": {
                "name": "ultra-sun-ultra-moon",
                "url": "/api/v2/version-group/18/"
            }
        },
        {
            "flavor_text": "Fallen seine KP auf die H\u00e4lfte des Maximalwerts oder\nweniger, eilen ihm weitere Zellen zu Hilfe und es\nnimmt die Optimumform an.",
            "language": {
                "name": "de",
                "url": "/api/v2/language/6/"
            },
            "version_group": {
                "name": "ultra-sun-ultra-moon",
                "url": "/api/v2/version-group/18/"
            }
        },
        {
            "flavor_text": "Cuando sus PS se ven reducidos a la mitad, las\nc\u00e9lulas se reagrupan y adopta su Forma Completa.",
            "language": {
                "name": "es",
                "url": "/api/v2/language/7/"
            },
            "version_group": {
                "name": "ultra-sun-ultra-moon",
                "url": "/api/v2/version-group/18/"
            }
        },
        {
            "flavor_text": "Se i PS del Pok\u00e9mon scendono a met\u00e0 o meno, le\ncellule si raggruppano e gli permettono di assumere\nla Forma Perfetta.",
            "language": {
                "name": "it",
                "url": "/api/v2/language/8/"
            },
            "version_group": {
                "name": "ultra-sun-ultra-moon",
                "url": "/api/v2/version-group/18/"
            }
        },
        {
            "flavor_text": "Other Cells gather to aid when its HP becomes\nhalf or less. Then the Pok\u00e9mon changes\nits form to Complete Forme.",
            "language": {
                "name": "en",
                "url": "/api/v2/language/9/"
            },
            "version_group": {
                "name": "ultra-sun-ultra-moon",
                "url": "/api/v2/version-group/18/"
            }
        },
        {
            "flavor_text": "\uff28\uff30\u304c\u3000\u534a\u5206\u306b\u3000\u306a\u308b\u3068\n\u30bb\u30eb\u305f\u3061\u304c\u3000\u5fdc\u63f4\u306b\u3000\u99c6\u3051\u3064\u3051\n\u30d1\u30fc\u30d5\u30a7\u30af\u30c8\u30d5\u30a9\u30eb\u30e0\u306b\u3000\u59ff\u3092\u3000\u5909\u3048\u308b\u3002",
            "language": {
                "name": "ja",
                "url": "/api/v2/language/11/"
            },
            "version_group": {
                "name": "ultra-sun-ultra-moon",
                "url": "/api/v2/version-group/18/"
            }
        },
        {
            "flavor_text": "\uff28\uff30\u53d8\u4e3a\u4e00\u534a\u65f6\uff0c\n\u7ec6\u80de\u4eec\u4f1a\u8d76\u6765\u652f\u63f4\uff0c\n\u53d8\u4e3a\u5b8c\u5168\u4f53\u5f62\u6001\u3002",
            "language": {
                "name": "zh-Hans",
                "url": "/api/v2/language/12/"
            },
            "version_group": {
                "name": "ultra-sun-ultra-moon",
                "url": "/api/v2/version-group/18/"
            }
        },
        {
            "flavor_text": "\uff28\uff30\u304c\u3000\u306f\u3093\u3076\u3093\u306b\u3000\u306a\u308b\u3068\n\u30bb\u30eb\u305f\u3061\u304c\u3000\u304a\u3046\u3048\u3093\u306b\u3000\u304b\u3051\u3064\u3051\n\u30d1\u30fc\u30d5\u30a7\u30af\u30c8\u30d5\u30a9\u30eb\u30e0\u306b\u3000\u3059\u304c\u305f\u3092\u3000\u304b\u3048\u308b\u3002",
            "language": {
                "name": "ja-Hrkt",
                "url": "/api/v2/language/1/"
            },
            "version_group": {
                "name": "lets-go-pikachu-lets-go-eevee",
                "url": "/api/v2/version-group/19/"
            }
        },
        {
            "flavor_text": "HP\uac00 \uc808\ubc18\uc774 \ub418\uba74\n\uc140\ub4e4\uc774 \uc751\uc6d0\ud558\ub7ec \ub2ec\ub824\uc640\n\ud37c\ud399\ud2b8\ud3fc\uc73c\ub85c \ubaa8\uc2b5\uc774 \ubcc0\ud55c\ub2e4.",
            "language": {
                "name": "ko",
                "url": "/api/v2/language/3/"
            },
            "version_group": {
                "name": "lets-go-pikachu-lets-go-eevee",
                "url": "/api/v2/version-group/19/"
            }
        },
        {
            "flavor_text": "HP\u8b8a\u70ba\u4e00\u534a\u6642\uff0c\n\u7d30\u80de\u5011\u6703\u8d95\u4f86\u652f\u63f4\uff0c\n\u8b8a\u70ba\u5b8c\u5168\u9ad4\u5f62\u614b\u3002",
            "language": {
                "name": "zh-Hant",
                "url": "/api/v2/language/4/"
            },
            "version_group": {
                "name": "lets-go-pikachu-lets-go-eevee",
                "url": "/api/v2/version-group/19/"
            }
        },
        {
            "flavor_text": "Lorsque le Pok\u00e9mon perd la moiti\u00e9 de ses PV,\nses Cellules se rassemblent pour l\u2019encourager,\nce qui lui permet de prendre sa Forme Parfaite.",
            "language": {
                "name": "fr",
                "url": "/api/v2/language/5/"
            },
            "version_group": {
                "name": "lets-go-pikachu-lets-go-eevee",
                "url": "/api/v2/version-group/19/"
            }
        },
        {
            "flavor_text": "Fallen seine KP auf die H\u00e4lfte des Maximalwerts oder\nweniger, eilen ihm weitere Zellen zu Hilfe und es\nnimmt die Optimumform an.",
            "language": {
                "name": "de",
                "url": "/api/v2/language/6/"
            },
            "version_group": {
                "name": "lets-go-pikachu-lets-go-eevee",
                "url": "/api/v2/version-group/19/"
            }
        },
        {
            "flavor_text": "Cuando sus PS se ven reducidos a la mitad, las\nc\u00e9lulas se reagrupan y adopta su Forma Completa.",
            "language": {
                "name": "es",
                "url": "/api/v2/language/7/"
            },
            "version_group": {
                "name": "lets-go-pikachu-lets-go-eevee",
                "url": "/api/v2/version-group/19/"
            }
        },
        {
            "flavor_text": "Se i PS del Pok\u00e9mon scendono a met\u00e0 o meno, le\ncellule si raggruppano e gli permettono di assumere\nla Forma Perfetta.",
            "language": {
                "name": "it",
                "url": "/api/v2/language/8/"
            },
            "version_group": {
                "name": "lets-go-pikachu-lets-go-eevee",
                "url": "/api/v2/version-group/19/"
            }
        },
        {
            "flavor_text": "Other Cells gather to aid when its HP becomes\nhalf or less. Then the Pok\u00e9mon changes\nits form to Complete Forme.",
            "language": {
                "name": "en",
                "url": "/api/v2/language/9/"
            },
            "version_group": {
                "name": "lets-go-pikachu-lets-go-eevee",
                "url": "/api/v2/version-group/19/"
            }
        },
        {
            "flavor_text": "\uff28\uff30\u304c\u3000\u534a\u5206\u306b\u3000\u306a\u308b\u3068\n\u30bb\u30eb\u305f\u3061\u304c\u3000\u5fdc\u63f4\u306b\u3000\u99c6\u3051\u3064\u3051\n\u30d1\u30fc\u30d5\u30a7\u30af\u30c8\u30d5\u30a9\u30eb\u30e0\u306b\u3000\u59ff\u3092\u3000\u5909\u3048\u308b\u3002",
            "language": {
                "name": "ja",
                "url": "/api/v2/language/11/"
            },
            "version_group": {
                "name": "lets-go-pikachu-lets-go-eevee",
                "url": "/api/v2/version-group/19/"
            }
        },
        {
            "flavor_text": "HP\u53d8\u4e3a\u4e00\u534a\u65f6\uff0c\n\u7ec6\u80de\u4eec\u4f1a\u8d76\u6765\u652f\u63f4\uff0c\n\u53d8\u4e3a\u5b8c\u5168\u4f53\u5f62\u6001\u3002",
            "language": {
                "name": "zh-Hans",
                "url": "/api/v2/language/12/"
            },
            "version_group": {
                "name": "lets-go-pikachu-lets-go-eevee",
                "url": "/api/v2/version-group/19/"
            }
        },
        {
            "flavor_text": "\uff28\uff30\u304c\u3000\u306f\u3093\u3076\u3093\u306b\u3000\u306a\u308b\u3068\n\u30bb\u30eb\u305f\u3061\u304c\u3000\u304a\u3046\u3048\u3093\u306b\u3000\u304b\u3051\u3064\u3051\n\u30d1\u30fc\u30d5\u30a7\u30af\u30c8\u30d5\u30a9\u30eb\u30e0\u306b\u3000\u3059\u304c\u305f\u3092\u3000\u304b\u3048\u308b\u3002",
            "language": {
                "name": "ja-Hrkt",
                "url": "/api/v2/language/1/"
            },
            "version_group": {
                "name": "sword-shield",
                "url": "/api/v2/version-group/20/"
            }
        },
        {
            "flavor_text": "HP\uac00 \uc808\ubc18\uc774 \ub418\uba74\n\uc140\ub4e4\uc774 \uc751\uc6d0\ud558\ub7ec \ub2ec\ub824\uc640\n\ud37c\ud399\ud2b8\ud3fc\uc73c\ub85c \ubaa8\uc2b5\uc774 \ubcc0\ud55c\ub2e4.",
            "language": {
                "name": "ko",
                "url": "/api/v2/language/3/"
            },
            "version_group": {
                "name": "sword-shield",
                "url": "/api/v2/version-group/20/"
            }
        },
        {
            "flavor_text": "\uff28\uff30\u8b8a\u70ba\u4e00\u534a\u6642\uff0c\n\u7d30\u80de\u5011\u6703\u8d95\u4f86\u652f\u63f4\uff0c\n\u8b8a\u70ba\u5b8c\u5168\u9ad4\u5f62\u614b\u3002",
            "language": {
                "name": "zh-Hant",
                "url": "/api/v2/language/4/"
            },
            "version_group": {
                "name": "sword-shield",
                "url": "/api/v2/version-group/20/"
            }
        },
        {
            "flavor_text": "Lorsque le Pok\u00e9mon perd la moiti\u00e9 de ses PV,\nses Cellules se rassemblent pour l\u2019encourager,\nce qui lui permet de prendre sa Forme Parfaite.",
            "language": {
                "name": "fr",
                "url": "/api/v2/language/5/"
            },
            "version_group": {
                "name": "sword-shield",
                "url": "/api/v2/version-group/20/"
            }
        },
        {
            "flavor_text": "Fallen seine KP auf die H\u00e4lfte des Maximalwerts oder\nweniger, eilen ihm weitere Zellen zu Hilfe und es\nnimmt die Optimumform an.",
            "language": {
                "name": "de",
                "url": "/api/v2/language/6/"
            },
            "version_group": {
                "name": "sword-shield",
                "url": "/api/v2/version-group/20/"
            }
        },
        {
            "flavor_text": "Cuando sus PS se ven reducidos a la mitad, las c\u00e9lulas\nse reagrupan y adopta su Forma Completa.",
            "language": {
                "name": "es",
                "url": "/api/v2/language/7/"
            },
            "version_group": {
                "name": "sword-shield",
                "url": "/api/v2/version-group/20/"
            }
        },
        {
            "flavor_text": "Se i PS del Pok\u00e9mon scendono a met\u00e0 o meno, le\ncellule si raggruppano e gli permettono di assumere\nla Forma Perfetta.",
            "language": {
                "name": "it",
                "url": "/api/v2/language/8/"
            },
            "version_group": {
                "name": "sword-shield",
                "url": "/api/v2/version-group/20/"
            }
        },
        {
            "flavor_text": "Other Cells gather to aid when its HP becomes\nhalf or less. Then the Pok\u00e9mon changes\nits form to Complete Forme.",
            "language": {
                "name": "en",
                "url": "/api/v2/language/9/"
            },
            "version_group": {
                "name": "sword-shield",
                "url": "/api/v2/version-group/20/"
            }
        },
        {
            "flavor_text": "\uff28\uff30\u304c\u3000\u534a\u5206\u306b\u3000\u306a\u308b\u3068\n\u30bb\u30eb\u305f\u3061\u304c\u3000\u5fdc\u63f4\u306b\u3000\u99c6\u3051\u3064\u3051\n\u30d1\u30fc\u30d5\u30a7\u30af\u30c8\u30d5\u30a9\u30eb\u30e0\u306b\u3000\u59ff\u3092\u3000\u5909\u3048\u308b\u3002",
            "language": {
                "name": "ja",
                "url": "/api/v2/language/11/"
            },
            "version_group": {
                "name": "sword-shield",
                "url": "/api/v2/version-group/20/"
            }
        },
        {
            "flavor_text": "\uff28\uff30\u53d8\u4e3a\u4e00\u534a\u65f6\uff0c\n\u7ec6\u80de\u4eec\u4f1a\u8d76\u6765\u652f\u63f4\uff0c\n\u53d8\u4e3a\u5b8c\u5168\u4f53\u5f62\u6001\u3002",
            "language": {
                "name": "zh-Hans",
                "url": "/api/v2/language/12/"
            },
            "version_group": {
                "name": "sword-shield",
                "url": "/api/v2/version-group/20/"
            }
        }
    ],
    "generation": {
        "name": "generation-vii",
        "url": "/api/v2/generation/7/"
    },
    "id": 211,
    "is_main_series": true,
    "name": "power-construct",
    "names": [
        {
            "language": {
                "name": "ja-Hrkt",
                "url": "/api/v2/language/1/"
            },
            "name": "\u30b9\u30ef\u30fc\u30e0\u30c1\u30a7\u30f3\u30b8"
        },
        {
            "language": {
                "name": "ko",
                "url": "/api/v2/language/3/"
            },
            "name": "\uc2a4\uc6dc\uccb4\uc778\uc9c0"
        },
        {
            "language": {
                "name": "zh-Hant",
                "url": "/api/v2/language/4/"
            },
            "name": "\u7fa4\u805a\u8b8a\u5f62"
        },
        {
            "language": {
                "name": "fr",
                "url": "/api/v2/language/5/"
            },
            "name": "Rassemblement"
        },
        {
            "language": {
                "name": "de",
                "url": "/api/v2/language/6/"
            },
            "name": "Scharwandel"
        },
        {
            "language": {
                "name": "es",
                "url": "/api/v2/language/7/"
            },
            "name": "Agrupamiento"
        },
        {
            "language": {
                "name": "it",
                "url": "/api/v2/language/8/"
            },
            "name": "Sciamefusione"
        },
        {
            "language": {
                "name": "en",
                "url": "/api/v2/language/9/"
            },
            "name": "Power Construct"
        },
        {
            "language": {
                "name": "ja",
                "url": "/api/v2/language/11/"
            },
            "name": "\u30b9\u30ef\u30fc\u30e0\u30c1\u30a7\u30f3\u30b8"
        },
        {
            "language": {
                "name": "zh-Hans",
                "url": "/api/v2/language/12/"
            },
            "name": "\u7fa4\u805a\u53d8\u5f62"
        }
    ],
    "pokemon": [
        {
            "is_hidden": false,
            "pokemon": {
                "name": "zygarde-10-power-construct",
                "url": "/api/v2/pokemon/10118/"
            },
            "slot": 1
        },
        {
            "is_hidden": false,
            "pokemon": {
                "name": "zygarde-50-power-construct",
                "url": "/api/v2/pokemon/10119/"
            },
            "slot": 1
        },
        {
            "is_hidden": false,
            "pokemon": {
                "name": "zygarde-complete",
                "url": "/api/v2/pokemon/10120/"
            },
            "slot": 1
        }
    ]
}