{
    "effect_changes": [],
    "effect_entries": [
        {
            "effect": "Benachbarte Teampartner von Pok\u00e9mon mit dieser F\u00e4higkeit, haben eine 30% Chance am Ende jeder Runde von einer major status ailment geheilt zu werden.",
            "language": {
                "name": "de",
                "url": "/api/v2/language/6/"
            },
            "short_effect": "30% Chance angrenzende Teampartner jede Runde von einer major status ailment zu heilen."
        },
        {
            "effect": "Friendly Pok\u00e9mon next to this Pok\u00e9mon in double and triple battles each have a 30% chance of being cured of any major status ailment after each turn.",
            "language": {
                "name": "en",
                "url": "/api/v2/language/9/"
            },
            "short_effect": "Has a 30% chance of curing each adjacent ally of any major status ailment after each turn."
        }
    ],
    "flavor_text_entries": [
        {
            "flavor_text": "Gu\u00e9rit parfois le statut\ndes alli\u00e9s alentour.",
            "language": {
                "name": "fr",
                "url": "/api/v2/language/5/"
            },
            "version_group": {
                "name": "black-white",
                "url": "/api/v2/version-group/11/"
            }
        },
        {
            "flavor_text": "May heal an ally\u2019s status\nconditions.",
            "language": {
                "name": "en",
                "url": "/api/v2/language/9/"
            },
            "version_group": {
                "name": "black-white",
                "url": "/api/v2/version-group/11/"
            }
        },
        {
            "flavor_text": "May heal an ally\u2019s status\nconditions.",
            "language": {
                "name": "en",
                "url": "/api/v2/language/9/"
            },
            "version_group": {
                "name": "black-2-white-2",
                "url": "/api/v2/version-group/14/"
            }
        },
        {
            "flavor_text": "\u3058\u3087\u3046\u305f\u3044\u3000\u3044\u3058\u3087\u3046\u306e\n\u307f\u304b\u305f\u3092\u3000\u305f\u307e\u306b\u3000\u306a\u304a\u3059\u3002",
            "language": {
                "name": "ja-Hrkt",
                "url": "/api/v2/language/1/"
            },
            "version_group": {
                "name": "x-y",
                "url": "/api/v2/version-group/15/"
            }
        },
        {
            "flavor_text": "\uac19\uc740 \ud3b8\uc758 \uc0c1\ud0dc \uc774\uc0c1\uc744\n\uac00\ub054 \ud68c\ubcf5\uc2dc\ud0a8\ub2e4.",
            "language": {
                "name": "ko",
                "url": "/api/v2/language/3/"
            },
            "version_group": {
                "name": "x-y",
                "url": "/api/v2/version-group/15/"
            }
        },
        {
            "flavor_text": "Gu\u00e9rit parfois le statut des alli\u00e9s\nalentour.",
            "language": {
                "name": "fr",
                "url": "/api/v2/language/5/"
            },
            "version_group": {
                "name": "x-y",
                "url": "/api/v2/version-group/15/"
            }
        },
        {
            "flavor_text": "Befreit Mitstreiter gelegentlich\nvon Statusproblemen.",
            "language": {
                "name": "de",
                "url": "/api/v2/language/6/"
            },
            "version_group": {
                "name": "x-y",
                "url": "/api/v2/version-group/15/"
            }
        },
        {
            "flavor_text": "A veces cura los cambios\nde estado de un aliado.",
            "language": {
                "name": "es",
                "url": "/api/v2/language/7/"
            },
            "version_group": {
                "name": "x-y",
                "url": "/api/v2/version-group/15/"
            }
        },
        {
            "flavor_text": "A volte cura i problemi di stato\ndegli alleati.",
            "language": {
                "name": "it",
                "url": "/api/v2/language/8/"
            },
            "version_group": {
                "name": "x-y",
                "url": "/api/v2/version-group/15/"
            }
        },
        {
            "flavor_text": "Sometimes heals an\nally\u2019s status condition.",
            "language": {
                "name": "en",
                "url": "/api/v2/language/9/"
            },
            "version_group": {
                "name": "x-y",
                "url": "/api/v2/version-group/15/"
            }
        },
        {
            "flavor_text": "\u72b6\u614b\u7570\u5e38\u306e\n\u5473\u65b9\u3092\u3000\u305f\u307e\u306b\u3000\u6cbb\u3059\u3002",
            "language": {
                "name": "ja",
                "url": "/api/v2/language/11/"
            },
            "version_group": {
                "name": "x-y",
                "url": "/api/v2/version-group/15/"
            }
        },
        {
            "flavor_text": "\u3058\u3087\u3046\u305f\u3044\u3000\u3044\u3058\u3087\u3046\u306e\n\u202f\u304b\u305f\u3092\u3000\u305f\u307e\u306b\u3000\u306a\u304a\u3059\u3002",
            "language": {
                "name": "ja-Hrkt",
                "url": "/api/v2/language/1/"
            },
            "version_group": {
                "name": "omega-ruby-alpha-sapphire",
                "url": "/api/v2/version-group/16/"
            }
        },
        {
            "flavor_text": "\uac19\uc740 \ud3b8\uc758 \uc0c1\ud0dc \uc774\uc0c1\uc744\n\uac00\ub054 \ud68c\ubcf5\uc2dc\ud0a8\ub2e4.",
            "language": {
                "name": "ko",
                "url": "/api/v2/language/3/"
            },
            "version_group": {
                "name": "omega-ruby-alpha-sapphire",
                "url": "/api/v2/version-group/16/"
            }
        },
        {
            "flavor_text": "Gu\u00e9rit parfois le statut des alli\u00e9s\nalentour.",
            "language": {
                "name": "fr",
                "url": "/api/v2/language/5/"
            },
            "version_group": {
                "name": "omega-ruby-alpha-sapphire",
                "url": "/api/v2/version-group/16/"
            }
        },
        {
            "flavor_text": "Befreit Mitstreiter gelegentlich\nvon Statusproblemen.",
            "language": {
                "name": "de",
                "url": "/api/v2/language/6/"
            },
            "version_group": {
                "name": "omega-ruby-alpha-sapphire",
                "url": "/api/v2/version-group/16/"
            }
        },
        {
            "flavor_text": "A veces cura los cambios\nde estado de un aliado.",
            "language": {
                "name": "es",
                "url": "/api/v2/language/7/"
            },
            "version_group": {
                "name": "omega-ruby-alpha-sapphire",
                "url": "/api/v2/version-group/16/"
            }
        },
        {
            "flavor_text": "A volte cura i problemi di stato\ndegli alleati.",
            "language": {
                "name": "it",
                "url": "/api/v2/language/8/"
            },
            "version_group": {
                "name": "omega-ruby-alpha-sapphire",
                "url": "/api/v2/version-group/16/"
            }
        },
        {
            "flavor_text": "Sometimes heals an\nally\u2019s status condition.",
            "language": {
                "name": "en",
                "url": "/api/v2/language/9/"
            },
            "version_group": {
                "name": "omega-ruby-alpha-sapphire",
                "url": "/api/v2/version-group/16/"
            }
        },
        {
            "flavor_text": "\u72b6\u614b\u7570\u5e38\u306e\n\u5473\u65b9\u3092\u3000\u305f\u307e\u306b\u3000\u6cbb\u3059\u3002",
            "language": {
                "name": "ja",
                "url": "/api/v2/language/11/"
            },
            "version_group": {
                "name": "omega-ruby-alpha-sapphire",
                "url": "/api/v2/version-group/16/"
            }
        },
        {
            "flavor_text": "\u3058\u3087\u3046\u305f\u3044\u3000\u3044\u3058\u3087\u3046\u306e\u3000\u307f\u304b\u305f\u3092\n\u305f\u307e\u306b\u3000\u306a\u304a\u3057\u3066\u3042\u3052\u308b\u3002",
            "language": {
                "name": "ja-Hrkt",
                "url": "/api/v2/language/1/"
            },
            "version_group": {
                "name": "sun-moon",
                "url": "/api/v2/version-group/17/"
            }
        },
        {
            "flavor_text": "\uac19\uc740 \ud3b8\uc758 \uc0c1\ud0dc \uc774\uc0c1\uc744\n\uac00\ub054 \ud68c\ubcf5\uc2dc\ud0a8\ub2e4.",
            "language": {
                "name": "ko",
                "url": "/api/v2/language/3/"
            },
            "version_group": {
                "name": "sun-moon",
                "url": "/api/v2/version-group/17/"
            }
        },
        {
            "flavor_text": "\u6709\u6642\u6703\u6cbb\u7652\u540c\u4f34\u7684\u7570\u5e38\u72c0\u614b\u3002",
            "language": {
                "name": "zh-Hant",
                "url": "/api/v2/language/4/"
            },
            "version_group": {
                "name": "sun-moon",
                "url": "/api/v2/version-group/17/"
            }
        },
        {
            "flavor_text": "Soigne parfois une alt\u00e9ration de statut d\u2019un alli\u00e9\nproche.",
            "language": {
                "name": "fr",
                "url": "/api/v2/language/5/"
            },
            "version_group": {
                "name": "sun-moon",
                "url": "/api/v2/version-group/17/"
            }
        },
        {
            "flavor_text": "Befreit Mitstreiter gelegentlich von Statusproblemen.",
            "language": {
                "name": "de",
                "url": "/api/v2/language/6/"
            },
            "version_group": {
                "name": "sun-moon",
                "url": "/api/v2/version-group/17/"
            }
        },
        {
            "flavor_text": "A veces cura los problemas de estado de un aliado.",
            "language": {
                "name": "es",
                "url": "/api/v2/language/7/"
            },
            "version_group": {
                "name": "sun-moon",
                "url": "/api/v2/version-group/17/"
            }
        },
        {
            "flavor_text": "A volte cura i problemi di stato degli alleati.",
            "language": {
                "name": "it",
                "url": "/api/v2/language/8/"
            },
            "version_group": {
                "name": "sun-moon",
                "url": "/api/v2/version-group/17/"
            }
        },
        {
            "flavor_text": "Sometimes heals an ally\u2019s status condition.",
            "language": {
                "name": "en",
                "url": "/api/v2/language/9/"
            },
            "version_group": {
                "name": "sun-moon",
                "url": "/api/v2/version-group/17/"
            }
        },
        {
            "flavor_text": "\u72b6\u614b\u7570\u5e38\u306e\u3000\u5473\u65b9\u3092\n\u305f\u307e\u306b\u3000\u6cbb\u3057\u3066\u3042\u3052\u308b\u3002",
            "language": {
                "name": "ja",
                "url": "/api/v2/language/11/"
            },
            "version_group": {
                "name": "sun-moon",
                "url": "/api/v2/version-group/17/"
            }
        },
        {
            "flavor_text": "\u6709\u65f6\u4f1a\u6cbb\u6108\u5f02\u5e38\u72b6\u6001\u7684\u540c\u4f34\u3002",
            "language": {
                "name": "zh-Hans",
                "url": "/api/v2/language/12/"
            },
            "version_group": {
                "name": "sun-moon",
                "url": "/api/v2/version-group/17/"
            }
        },
        {
            "flavor_text": "\u3058\u3087\u3046\u305f\u3044\u3000\u3044\u3058\u3087\u3046\u306e\u3000\u307f\u304b\u305f\u3092\n\u305f\u307e\u306b\u3000\u306a\u304a\u3057\u3066\u3042\u3052\u308b\u3002",
            "language": {
                "name": "ja-Hrkt",
                "url": "/api/v2/language/1/"
            },
            "version_group": {
                "name": "ultra-sun-ultra-moon",
                "url": "/api/v2/version-group/18/"
            }
        },
        {
            "flavor_text": "\uac19\uc740 \ud3b8\uc758 \uc0c1\ud0dc \uc774\uc0c1\uc744\n\uac00\ub054 \ud68c\ubcf5\uc2dc\ud0a8\ub2e4.",
            "language": {
                "name": "ko",
                "url": "/api/v2/language/3/"
            },
            "version_group": {
                "name": "ultra-sun-ultra-moon",
                "url": "/api/v2/version-group/18/"
            }
        },
        {
            "flavor_text": "\u6709\u6642\u6703\u6cbb\u7652\u540c\u4f34\u7684\u7570\u5e38\u72c0\u614b\u3002",
            "language": {
                "name": "zh-Hant",
                "url": "/api/v2/language/4/"
            },
            "version_group": {
                "name": "ultra-sun-ultra-moon",
                "url": "/api/v2/version-group/18/"
            }
        },
        {
            "flavor_text": "Soigne parfois une alt\u00e9ration de statut d\u2019un alli\u00e9\nproche.",
            "language": {
                "name": "fr",
                "url": "/api/v2/language/5/"
            },
            "version_group": {
                "name": "ultra-sun-ultra-moon",
                "url": "/api/v2/version-group/18/"
            }
        },
        {
            "flavor_text": "Befreit Mitstreiter gelegentlich von Statusproblemen.",
            "language": {
                "name": "de",
                "url": "/api/v2/language/6/"
            },
            "version_group": {
                "name": "ultra-sun-ultra-moon",
                "url": "/api/v2/version-group/18/"
            }
        },
        {
            "flavor_text": "A veces cura los problemas de estado de un aliado.",
            "language": {
                "name": "es",
                "url": "/api/v2/language/7/"
            },
            "version_group": {
                "name": "ultra-sun-ultra-moon",
                "url": "/api/v2/version-group/18/"
            }
        },
        {
            "flavor_text": "A volte cura i problemi di stato degli alleati.",
            "language": {
                "name": "it",
                "url": "/api/v2/language/8/"
            },
            "version_group": {
                "name": "ultra-sun-ultra-moon",
                "url": "/api/v2/version-group/18/"
            }
        },
        {
            "flavor_text": "Sometimes heals an ally\u2019s status condition.",
            "language": {
                "name": "en",
                "url": "/api/v2/language/9/"
            },
            "version_group": {
                "name": "ultra-sun-ultra-moon",
                "url": "/api/v2/version-group/18/"
            }
        },
        {
            "flavor_text": "\u72b6\u614b\u7570\u5e38\u306e\u3000\u5473\u65b9\u3092\n\u305f\u307e\u306b\u3000\u6cbb\u3057\u3066\u3042\u3052\u308b\u3002",
            "language": {
                "name": "ja",
                "url": "/api/v2/language/11/"
            },
            "version_group": {
                "name": "ultra-sun-ultra-moon",
                "url": "/api/v2/version-group/18/"
            }
        },
        {
            "flavor_text": "\u6709\u65f6\u4f1a\u6cbb\u6108\u5f02\u5e38\u72b6\u6001\u7684\u540c\u4f34\u3002",
            "language": {
                "name": "zh-Hans",
                "url": "/api/v2/language/12/"
            },
            "version_group": {
                "name": "ultra-sun-ultra-moon",
                "url": "/api/v2/version-group/18/"
            }
        },
        {
            "flavor_text": "\u3058\u3087\u3046\u305f\u3044\u3000\u3044\u3058\u3087\u3046\u306e\u3000\u307f\u304b\u305f\u3092\n\u305f\u307e\u306b\u3000\u306a\u304a\u3057\u3066\u3042\u3052\u308b\u3002",
            "language": {
                "name": "ja-Hrkt",
                "url": "/api/v2/language/1/"
            },
            "version_group": {
                "name": "lets-go-pikachu-lets-go-eevee",
                "url": "/api/v2/version-group/19/"
            }
        },
        {
            "flavor_text": "\uac19\uc740 \ud3b8\uc758 \uc0c1\ud0dc \uc774\uc0c1\uc744\n\uac00\ub054 \ud68c\ubcf5\uc2dc\ud0a8\ub2e4.",
            "language": {
                "name": "ko",
                "url": "/api/v2/language/3/"
            },
            "version_group": {
                "name": "lets-go-pikachu-lets-go-eevee",
                "url": "/api/v2/version-group/19/"
            }
        },
        {
            "flavor_text": "\u6709\u6642\u6703\u6cbb\u7652\u540c\u4f34\u7684\u7570\u5e38\u72c0\u614b\u3002",
            "language": {
                "name": "zh-Hant",
                "url": "/api/v2/language/4/"
            },
            "version_group": {
                "name": "lets-go-pikachu-lets-go-eevee",
                "url": "/api/v2/version-group/19/"
            }
        },
        {
            "flavor_text": "Soigne parfois une alt\u00e9ration de statut d\u2019un alli\u00e9\nproche.",
            "language": {
                "name": "fr",
                "url": "/api/v2/language/5/"
            },
            "version_group": {
                "name": "lets-go-pikachu-lets-go-eevee",
                "url": "/api/v2/version-group/19/"
            }
        },
        {
            "flavor_text": "Befreit Mitstreiter gelegentlich von Statusproblemen.",
            "language": {
                "name": "de",
                "url": "/api/v2/language/6/"
            },
            "version_group": {
                "name": "lets-go-pikachu-lets-go-eevee",
                "url": "/api/v2/version-group/19/"
            }
        },
        {
            "flavor_text": "A veces cura los problemas de estado de un aliado.",
            "language": {
                "name": "es",
                "url": "/api/v2/language/7/"
            },
            "version_group": {
                "name": "lets-go-pikachu-lets-go-eevee",
                "url": "/api/v2/version-group/19/"
            }
        },
        {
            "flavor_text": "A volte cura i problemi di stato degli alleati.",
            "language": {
                "name": "it",
                "url": "/api/v2/language/8/"
            },
            "version_group": {
                "name": "lets-go-pikachu-lets-go-eevee",
                "url": "/api/v2/version-group/19/"
            }
        },
        {
            "flavor_text": "Sometimes heals an ally\u2019s status condition.",
            "language": {
                "name": "en",
                "url": "/api/v2/language/9/"
            },
            "version_group": {
                "name": "lets-go-pikachu-lets-go-eevee",
                "url": "/api/v2/version-group/19/"
            }
        },
        {
            "flavor_text": "\u72b6\u614b\u7570\u5e38\u306e\u3000\u5473\u65b9\u3092\n\u305f\u307e\u306b\u3000\u6cbb\u3057\u3066\u3042\u3052\u308b\u3002",
            "language": {
                "name": "ja",
                "url": "/api/v2/language/11/"
            },
            "version_group": {
                "name": "lets-go-pikachu-lets-go-eevee",
                "url": "/api/v2/version-group/19/"
            }
        },
        {
            "flavor_text": "\u6709\u65f6\u4f1a\u6cbb\u6108\u5f02\u5e38\u72b6\u6001\u7684\u540c\u4f34\u3002",
            "language": {
                "name": "zh-Hans",
                "url": "/api/v2/language/12/"
            },
            "version_group": {
                "name": "lets-go-pikachu-lets-go-eevee",
                "url": "/api/v2/version-group/19/"
            }
        },
        {
            "flavor_text": "\u3058\u3087\u3046\u305f\u3044\u3000\u3044\u3058\u3087\u3046\u306e\u3000\u307f\u304b\u305f\u3092\n\u305f\u307e\u306b\u3000\u306a\u304a\u3057\u3066\u3042\u3052\u308b\u3002",
            "language": {
                "name": "ja-Hrkt",
                "url": "/api/v2/language/1/"
            },
            "version_group": {
                "name": "sword-shield",
                "url": "/api/v2/version-group/20/"
            }
        },
        {
            "flavor_text": "\uac19\uc740 \ud3b8\uc758 \uc0c1\ud0dc \uc774\uc0c1\uc744\n\uac00\ub054 \ud68c\ubcf5\uc2dc\ud0a8\ub2e4.",
            "language": {
                "name": "ko",
                "url": "/api/v2/language/3/"
            },
            "version_group": {
                "name": "sword-shield",
                "url": "/api/v2/version-group/20/"
            }
        },
        {
            "flavor_text": "\u6709\u6642\u6703\u6cbb\u7652\u540c\u4f34\u7684\u7570\u5e38\u72c0\u614b\u3002",
            "language": {
                "name": "zh-Hant",
                "url": "/api/v2/language/4/"
            },
            "version_group": {
                "name": "sword-shield",
                "url": "/api/v2/version-group/20/"
            }
        },
        {
            "flavor_text": "Soigne parfois une alt\u00e9ration de statut d\u2019un alli\u00e9 proche.",
            "language": {
                "name": "fr",
                "url": "/api/v2/language/5/"
            },
            "version_group": {
                "name": "sword-shield",
                "url": "/api/v2/version-group/20/"
            }
        },
        {
            "flavor_text": "Befreit Mitstreiter gelegentlich von Statusproblemen.",
            "language": {
                "name": "de",
                "url": "/api/v2/language/6/"
            },
            "version_group": {
                "name": "sword-shield",
                "url": "/api/v2/version-group/20/"
            }
        },
        {
            "flavor_text": "A veces cura los problemas de estado de un aliado.",
            "language": {
                "name": "es",
                "url": "/api/v2/language/7/"
            },
            "version_group": {
                "name": "sword-shield",
                "url": "/api/v2/version-group/20/"
            }
        },
        {
            "flavor_text": "A volte cura i problemi di stato degli alleati.",
            "language": {
                "name": "it",
                "url": "/api/v2/language/8/"
            },
            "version_group": {
                "name": "sword-shield",
                "url": "/api/v2/version-group/20/"
            }
        },
        {
            "flavor_text": "Sometimes heals an ally\u2019s status condition.",
            "language": {
                "name": "en",
                "url": "/api/v2/language/9/"
            },
            "version_group": {
                "name": "sword-shield",
                "url": "/api/v2/version-group/20/"
            }
        },
        {
            "flavor_text": "\u72b6\u614b\u7570\u5e38\u306e\u3000\u5473\u65b9\u3092\n\u305f\u307e\u306b\u3000\u6cbb\u3057\u3066\u3042\u3052\u308b\u3002",
            "language": {
                "name": "ja",
                "url": "/api/v2/language/11/"
            },
            "version_group": {
                "name": "sword-shield",
                "url": "/api/v2/version-group/20/"
            }
        },
        {
            "flavor_text": "\u6709\u65f6\u4f1a\u6cbb\u6108\u5f02\u5e38\u72b6\u6001\u7684\u540c\u4f34\u3002",
            "language": {
                "name": "zh-Hans",
                "url": "/api/v2/language/12/"
            },
            "version_group": {
                "name": "sword-shield",
                "url": "/api/v2/version-group/20/"
            }
        }
    ],
    "generation": {
        "name": "generation-v",
        "url": "/api/v2/generation/5/"
    },
    "id": 131,
    "is_main_series": true,
    "name": "healer",
    "names": [
        {
            "language": {
                "name": "ja-Hrkt",
                "url": "/api/v2/language/1/"
            },
            "name": "\u3044\u3084\u3057\u306e\u3053\u3053\u308d"
        },
        {
            "language": {
                "name": "ko",
                "url": "/api/v2/language/3/"
            },
            "name": "\uce58\uc720\uc758\ub9c8\uc74c"
        },
        {
            "language": {
                "name": "zh-Hant",
                "url": "/api/v2/language/4/"
            },
            "name": "\u6cbb\u7652\u4e4b\u5fc3"
        },
        {
            "language": {
                "name": "fr",
                "url": "/api/v2/language/5/"
            },
            "name": "C\u0153ur Soin"
        },
        {
            "language": {
                "name": "de",
                "url": "/api/v2/language/6/"
            },
            "name": "Heilherz"
        },
        {
            "language": {
                "name": "es",
                "url": "/api/v2/language/7/"
            },
            "name": "Alma Cura"
        },
        {
            "language": {
                "name": "it",
                "url": "/api/v2/language/8/"
            },
            "name": "Curacuore"
        },
        {
            "language": {
                "name": "en",
                "url": "/api/v2/language/9/"
            },
            "name": "Healer"
        },
        {
            "language": {
                "name": "ja",
                "url": "/api/v2/language/11/"
            },
            "name": "\u3044\u3084\u3057\u306e\u3053\u3053\u308d"
        },
        {
            "language": {
                "name": "zh-Hans",
                "url": "/api/v2/language/12/"
            },
            "name": "\u6cbb\u6108\u4e4b\u5fc3"
        }
    ],
    "pokemon": [
        {
            "is_hidden": true,
            "pokemon": {
                "name": "chansey",
                "url": "/api/v2/pokemon/113/"
            },
            "slot": 3
        },
        {
            "is_hidden": true,
            "pokemon": {
                "name": "bellossom",
                "url": "/api/v2/pokemon/182/"
            },
            "slot": 3
        },
        {
            "is_hidden": true,
            "pokemon": {
                "name": "blissey",
                "url": "/api/v2/pokemon/242/"
            },
            "slot": 3
        },
        {
            "is_hidden": false,
            "pokemon": {
                "name": "audino",
                "url": "/api/v2/pokemon/531/"
            },
            "slot": 1
        },
        {
            "is_hidden": false,
            "pokemon": {
                "name": "alomomola",
                "url": "/api/v2/pokemon/594/"
            },
            "slot": 1
        },
        {
            "is_hidden": false,
            "pokemon": {
                "name": "spritzee",
                "url": "/api/v2/pokemon/682/"
            },
            "slot": 1
        },
        {
            "is_hidden": false,
            "pokemon": {
                "name": "aromatisse",
                "url": "/api/v2/pokemon/683/"
            },
            "slot": 1
        },
        {
            "is_hidden": false,
            "pokemon": {
                "name": "hatenna",
                "url": "/api/v2/pokemon/856/"
            },
            "slot": 1
        },
        {
            "is_hidden": false,
            "pokemon": {
                "name": "hattrem",
                "url": "/api/v2/pokemon/857/"
            },
            "slot": 1
        },
        {
            "is_hidden": false,
            "pokemon": {
                "name": "hatterene",
                "url": "/api/v2/pokemon/858/"
            },
            "slot": 1
        },
        {
            "is_hidden": false,
            "pokemon": {
                "name": "audino-mega",
                "url": "/api/v2/pokemon/10069/"
            },
            "slot": 1
        },
        {
            "is_hidden": false,
            "pokemon": {
                "name": "hatterene-gmax",
                "url": "/api/v2/pokemon/10221/"
            },
            "slot": 1
        }
    ]
}