{
    "effect_changes": [],
    "effect_entries": [
        {
            "effect": "Wenn sich ein Pok\u00e9mon mit dieser F\u00e4higkeit im Kampf befindet, werden die Attacken die normalerweise durch dark aura und fairy aura verst\u00e4rkt werden, stattdessen um 2/3 Basisst\u00e4rke gesenkt.",
            "language": {
                "name": "de",
                "url": "/api/v2/language/6/"
            },
            "short_effect": "Schw\u00e4cht die von dark aura und fairy aura gest\u00e4rkten Attacken."
        },
        {
            "effect": "While this Pok\u00e9mon is on the field, dark aura and fairy aura weaken moves of their respective types to 2/3 their power, rather than strengthening them.",
            "language": {
                "name": "en",
                "url": "/api/v2/language/9/"
            },
            "short_effect": "Makes dark aura and fairy aura weaken moves of their respective types."
        }
    ],
    "flavor_text_entries": [
        {
            "flavor_text": "\u30aa\u30fc\u30e9\u306e\u3000\u3053\u3046\u304b\u304c\n\u304e\u3083\u304f\u306b\u3000\u306a\u308b\u3002",
            "language": {
                "name": "ja-Hrkt",
                "url": "/api/v2/language/1/"
            },
            "version_group": {
                "name": "x-y",
                "url": "/api/v2/version-group/15/"
            }
        },
        {
            "flavor_text": "\uc624\ub77c\uc758 \ud6a8\uacfc\uac00\n\ubc18\ub300\uac00 \ub41c\ub2e4.",
            "language": {
                "name": "ko",
                "url": "/api/v2/language/3/"
            },
            "version_group": {
                "name": "x-y",
                "url": "/api/v2/version-group/15/"
            }
        },
        {
            "flavor_text": "L\u2019effet des auras est invers\u00e9.",
            "language": {
                "name": "fr",
                "url": "/api/v2/language/5/"
            },
            "version_group": {
                "name": "x-y",
                "url": "/api/v2/version-group/15/"
            }
        },
        {
            "flavor_text": "Kehrt die Wirkung von Auren um.",
            "language": {
                "name": "de",
                "url": "/api/v2/language/6/"
            },
            "version_group": {
                "name": "x-y",
                "url": "/api/v2/version-group/15/"
            }
        },
        {
            "flavor_text": "Invierte los efectos que causan\nlas auras.",
            "language": {
                "name": "es",
                "url": "/api/v2/language/7/"
            },
            "version_group": {
                "name": "x-y",
                "url": "/api/v2/version-group/15/"
            }
        },
        {
            "flavor_text": "Inverte gli effetti di tutte\nle aure.",
            "language": {
                "name": "it",
                "url": "/api/v2/language/8/"
            },
            "version_group": {
                "name": "x-y",
                "url": "/api/v2/version-group/15/"
            }
        },
        {
            "flavor_text": "The effects of \u201cAura\u201d Abilities\nare reversed.",
            "language": {
                "name": "en",
                "url": "/api/v2/language/9/"
            },
            "version_group": {
                "name": "x-y",
                "url": "/api/v2/version-group/15/"
            }
        },
        {
            "flavor_text": "\u30aa\u30fc\u30e9\u306e\u3000\u52b9\u679c\u304c\n\u9006\u306b\u3000\u306a\u308b\u3002",
            "language": {
                "name": "ja",
                "url": "/api/v2/language/11/"
            },
            "version_group": {
                "name": "x-y",
                "url": "/api/v2/version-group/15/"
            }
        },
        {
            "flavor_text": "\u30aa\u30fc\u30e9\u306e\u3000\u3053\u3046\u304b\u304c\n\u304e\u3083\u304f\u306b\u3000\u306a\u308b\u3002",
            "language": {
                "name": "ja-Hrkt",
                "url": "/api/v2/language/1/"
            },
            "version_group": {
                "name": "omega-ruby-alpha-sapphire",
                "url": "/api/v2/version-group/16/"
            }
        },
        {
            "flavor_text": "\uc624\ub77c\uc758 \ud6a8\uacfc\uac00\n\ubc18\ub300\uac00 \ub41c\ub2e4.",
            "language": {
                "name": "ko",
                "url": "/api/v2/language/3/"
            },
            "version_group": {
                "name": "omega-ruby-alpha-sapphire",
                "url": "/api/v2/version-group/16/"
            }
        },
        {
            "flavor_text": "L\u2019effet des auras est invers\u00e9.",
            "language": {
                "name": "fr",
                "url": "/api/v2/language/5/"
            },
            "version_group": {
                "name": "omega-ruby-alpha-sapphire",
                "url": "/api/v2/version-group/16/"
            }
        },
        {
            "flavor_text": "Kehrt die Wirkung von Auren um.",
            "language": {
                "name": "de",
                "url": "/api/v2/language/6/"
            },
            "version_group": {
                "name": "omega-ruby-alpha-sapphire",
                "url": "/api/v2/version-group/16/"
            }
        },
        {
            "flavor_text": "Invierte los efectos que causan\nlas auras.",
            "language": {
                "name": "es",
                "url": "/api/v2/language/7/"
            },
            "version_group": {
                "name": "omega-ruby-alpha-sapphire",
                "url": "/api/v2/version-group/16/"
            }
        },
        {
            "flavor_text": "Inverte gli effetti di tutte\nle aure.",
            "language": {
                "name": "it",
                "url": "/api/v2/language/8/"
            },
            "version_group": {
                "name": "omega-ruby-alpha-sapphire",
                "url": "/api/v2/version-group/16/"
            }
        },
        {
            "flavor_text": "The effects of \u201cAura\u201d Abilities\nare reversed.",
            "language": {
                "name": "en",
                "url": "/api/v2/language/9/"
            },
            "version_group": {
                "name": "omega-ruby-alpha-sapphire",
                "url": "/api/v2/version-group/16/"
            }
        },
        {
            "flavor_text": "\u30aa\u30fc\u30e9\u306e\u3000\u52b9\u679c\u304c\n\u9006\u306b\u3000\u306a\u308b\u3002",
            "language": {
                "name": "ja",
                "url": "/api/v2/language/11/"
            },
            "version_group": {
                "name": "omega-ruby-alpha-sapphire",
                "url": "/api/v2/version-group/16/"
            }
        },
        {
            "flavor_text": "\u30aa\u30fc\u30e9\u306e\u3000\u3053\u3046\u304b\u3092\u3000\u304e\u3083\u304f\u3066\u3093\u3055\u305b\u3066\n\u3044\u308a\u3087\u304f\u3092\u3000\u3055\u3052\u308b\u3002",
            "language": {
                "name": "ja-Hrkt",
                "url": "/api/v2/language/1/"
            },
            "version_group": {
                "name": "sun-moon",
                "url": "/api/v2/version-group/17/"
            }
        },
        {
            "flavor_text": "\uc624\ub77c\uc758 \ud6a8\uacfc\ub97c \uc5ed\uc804\uc2dc\ucf1c\n\uc704\ub825\uc744 \ub5a8\uc5b4\ub728\ub9b0\ub2e4.",
            "language": {
                "name": "ko",
                "url": "/api/v2/language/3/"
            },
            "version_group": {
                "name": "sun-moon",
                "url": "/api/v2/version-group/17/"
            }
        },
        {
            "flavor_text": "\u8b93\u6c23\u5834\u7684\u6548\u679c\u9006\u8f49\uff0c\n\u4e26\u964d\u4f4e\u5a01\u529b\u3002",
            "language": {
                "name": "zh-Hant",
                "url": "/api/v2/language/4/"
            },
            "version_group": {
                "name": "sun-moon",
                "url": "/api/v2/version-group/17/"
            }
        },
        {
            "flavor_text": "Inverse l\u2019effet des auras en baissant leur puissance.",
            "language": {
                "name": "fr",
                "url": "/api/v2/language/5/"
            },
            "version_group": {
                "name": "sun-moon",
                "url": "/api/v2/version-group/17/"
            }
        },
        {
            "flavor_text": "Kehrt die Wirkung von Auren um und senkt so die\nSt\u00e4rke bestimmter Attacken, anstatt sie zu erh\u00f6hen.",
            "language": {
                "name": "de",
                "url": "/api/v2/language/6/"
            },
            "version_group": {
                "name": "sun-moon",
                "url": "/api/v2/version-group/17/"
            }
        },
        {
            "flavor_text": "Invierte los efectos de las auras, por lo que baja la\npotencia de ciertos movimientos en vez de subirla.",
            "language": {
                "name": "es",
                "url": "/api/v2/language/7/"
            },
            "version_group": {
                "name": "sun-moon",
                "url": "/api/v2/version-group/17/"
            }
        },
        {
            "flavor_text": "Inverte gli effetti di tutte le aure riducendone\nla potenza.",
            "language": {
                "name": "it",
                "url": "/api/v2/language/8/"
            },
            "version_group": {
                "name": "sun-moon",
                "url": "/api/v2/version-group/17/"
            }
        },
        {
            "flavor_text": "The effects of \u201cAura\u201d Abilities are reversed\nto lower the power of affected moves.",
            "language": {
                "name": "en",
                "url": "/api/v2/language/9/"
            },
            "version_group": {
                "name": "sun-moon",
                "url": "/api/v2/version-group/17/"
            }
        },
        {
            "flavor_text": "\u30aa\u30fc\u30e9\u306e\u3000\u52b9\u679c\u3092\u3000\u9006\u8ee2\u3055\u305b\u3066\n\u5a01\u529b\u3092\u3000\u4e0b\u3052\u308b\u3002",
            "language": {
                "name": "ja",
                "url": "/api/v2/language/11/"
            },
            "version_group": {
                "name": "sun-moon",
                "url": "/api/v2/version-group/17/"
            }
        },
        {
            "flavor_text": "\u8ba9\u6c14\u573a\u7684\u6548\u679c\u53d1\u751f\u9006\u8f6c\uff0c\n\u964d\u4f4e\u5a01\u529b\u3002",
            "language": {
                "name": "zh-Hans",
                "url": "/api/v2/language/12/"
            },
            "version_group": {
                "name": "sun-moon",
                "url": "/api/v2/version-group/17/"
            }
        },
        {
            "flavor_text": "\u30aa\u30fc\u30e9\u306e\u3000\u3053\u3046\u304b\u3092\u3000\u304e\u3083\u304f\u3066\u3093\u3055\u305b\u3066\n\u3044\u308a\u3087\u304f\u3092\u3000\u3055\u3052\u308b\u3002",
            "language": {
                "name": "ja-Hrkt",
                "url": "/api/v2/language/1/"
            },
            "version_group": {
                "name": "ultra-sun-ultra-moon",
                "url": "/api/v2/version-group/18/"
            }
        },
        {
            "flavor_text": "\uc624\ub77c\uc758 \ud6a8\uacfc\ub97c \uc5ed\uc804\uc2dc\ucf1c\n\uc704\ub825\uc744 \ub5a8\uc5b4\ub728\ub9b0\ub2e4.",
            "language": {
                "name": "ko",
                "url": "/api/v2/language/3/"
            },
            "version_group": {
                "name": "ultra-sun-ultra-moon",
                "url": "/api/v2/version-group/18/"
            }
        },
        {
            "flavor_text": "\u8b93\u6c23\u5834\u7684\u6548\u679c\u9006\u8f49\uff0c\n\u4e26\u964d\u4f4e\u5a01\u529b\u3002",
            "language": {
                "name": "zh-Hant",
                "url": "/api/v2/language/4/"
            },
            "version_group": {
                "name": "ultra-sun-ultra-moon",
                "url": "/api/v2/version-group/18/"
            }
        },
        {
            "flavor_text": "Inverse l\u2019effet des auras en baissant leur puissance.",
            "language": {
                "name": "fr",
                "url": "/api/v2/language/5/"
            },
            "version_group": {
                "name": "ultra-sun-ultra-moon",
                "url": "/api/v2/version-group/18/"
            }
        },
        {
            "flavor_text": "Kehrt die Wirkung von Auren um und senkt so die\nSt\u00e4rke bestimmter Attacken, anstatt sie zu erh\u00f6hen.",
            "language": {
                "name": "de",
                "url": "/api/v2/language/6/"
            },
            "version_group": {
                "name": "ultra-sun-ultra-moon",
                "url": "/api/v2/version-group/18/"
            }
        },
        {
            "flavor_text": "Invierte los efectos de las auras, por lo que baja la\npotencia de ciertos movimientos en vez de subirla.",
            "language": {
                "name": "es",
                "url": "/api/v2/language/7/"
            },
            "version_group": {
                "name": "ultra-sun-ultra-moon",
                "url": "/api/v2/version-group/18/"
            }
        },
        {
            "flavor_text": "Inverte gli effetti di tutte le aure riducendone\nla potenza.",
            "language": {
                "name": "it",
                "url": "/api/v2/language/8/"
            },
            "version_group": {
                "name": "ultra-sun-ultra-moon",
                "url": "/api/v2/version-group/18/"
            }
        },
        {
            "flavor_text": "The effects of \u201cAura\u201d Abilities are reversed\nto lower the power of affected moves.",
            "language": {
                "name": "en",
                "url": "/api/v2/language/9/"
            },
            "version_group": {
                "name": "ultra-sun-ultra-moon",
                "url": "/api/v2/version-group/18/"
            }
        },
        {
            "flavor_text": "\u30aa\u30fc\u30e9\u306e\u3000\u52b9\u679c\u3092\u3000\u9006\u8ee2\u3055\u305b\u3066\n\u5a01\u529b\u3092\u3000\u4e0b\u3052\u308b\u3002",
            "language": {
                "name": "ja",
                "url": "/api/v2/language/11/"
            },
            "version_group": {
                "name": "ultra-sun-ultra-moon",
                "url": "/api/v2/version-group/18/"
            }
        },
        {
            "flavor_text": "\u8ba9\u6c14\u573a\u7684\u6548\u679c\u53d1\u751f\u9006\u8f6c\uff0c\n\u964d\u4f4e\u5a01\u529b\u3002",
            "language": {
                "name": "zh-Hans",
                "url": "/api/v2/language/12/"
            },
            "version_group": {
                "name": "ultra-sun-ultra-moon",
                "url": "/api/v2/version-group/18/"
            }
        },
        {
            "flavor_text": "\u30aa\u30fc\u30e9\u306e\u3000\u3053\u3046\u304b\u3092\u3000\u304e\u3083\u304f\u3066\u3093\u3055\u305b\u3066\n\u3044\u308a\u3087\u304f\u3092\u3000\u3055\u3052\u308b\u3002",
            "language": {
                "name": "ja-Hrkt",
                "url": "/api/v2/language/1/"
            },
            "version_group": {
                "name": "lets-go-pikachu-lets-go-eevee",
                "url": "/api/v2/version-group/19/"
            }
        },
        {
            "flavor_text": "\uc624\ub77c\uc758 \ud6a8\uacfc\ub97c \uc5ed\uc804\uc2dc\ucf1c\n\uc704\ub825\uc744 \ub5a8\uc5b4\ub728\ub9b0\ub2e4.",
            "language": {
                "name": "ko",
                "url": "/api/v2/language/3/"
            },
            "version_group": {
                "name": "lets-go-pikachu-lets-go-eevee",
                "url": "/api/v2/version-group/19/"
            }
        },
        {
            "flavor_text": "\u8b93\u6c23\u5834\u7684\u6548\u679c\u9006\u8f49\uff0c\n\u4e26\u964d\u4f4e\u5a01\u529b\u3002",
            "language": {
                "name": "zh-Hant",
                "url": "/api/v2/language/4/"
            },
            "version_group": {
                "name": "lets-go-pikachu-lets-go-eevee",
                "url": "/api/v2/version-group/19/"
            }
        },
        {
            "flavor_text": "Inverse l\u2019effet des auras en baissant leur puissance.",
            "language": {
                "name": "fr",
                "url": "/api/v2/language/5/"
            },
            "version_group": {
                "name": "lets-go-pikachu-lets-go-eevee",
                "url": "/api/v2/version-group/19/"
            }
        },
        {
            "flavor_text": "Kehrt die Wirkung von Auren um und senkt so die\nSt\u00e4rke bestimmter Attacken, anstatt sie zu erh\u00f6hen.",
            "language": {
                "name": "de",
                "url": "/api/v2/language/6/"
            },
            "version_group": {
                "name": "lets-go-pikachu-lets-go-eevee",
                "url": "/api/v2/version-group/19/"
            }
        },
        {
            "flavor_text": "Invierte los efectos de las auras, por lo que baja la\npotencia de ciertos movimientos en vez de subirla.",
            "language": {
                "name": "es",
                "url": "/api/v2/language/7/"
            },
            "version_group": {
                "name": "lets-go-pikachu-lets-go-eevee",
                "url": "/api/v2/version-group/19/"
            }
        },
        {
            "flavor_text": "Inverte gli effetti di tutte le aure riducendone\nla potenza.",
            "language": {
                "name": "it",
                "url": "/api/v2/language/8/"
            },
            "version_group": {
                "name": "lets-go-pikachu-lets-go-eevee",
                "url": "/api/v2/version-group/19/"
            }
        },
        {
            "flavor_text": "The effects of \u201cAura\u201d Abilities are reversed\nto lower the power of affected moves.",
            "language": {
                "name": "en",
                "url": "/api/v2/language/9/"
            },
            "version_group": {
                "name": "lets-go-pikachu-lets-go-eevee",
                "url": "/api/v2/version-group/19/"
            }
        },
        {
            "flavor_text": "\u30aa\u30fc\u30e9\u306e\u3000\u52b9\u679c\u3092\u3000\u9006\u8ee2\u3055\u305b\u3066\n\u5a01\u529b\u3092\u3000\u4e0b\u3052\u308b\u3002",
            "language": {
                "name": "ja",
                "url": "/api/v2/language/11/"
            },
            "version_group": {
                "name": "lets-go-pikachu-lets-go-eevee",
                "url": "/api/v2/version-group/19/"
            }
        },
        {
            "flavor_text": "\u8ba9\u6c14\u573a\u7684\u6548\u679c\u53d1\u751f\u9006\u8f6c\uff0c\n\u964d\u4f4e\u5a01\u529b\u3002",
            "language": {
                "name": "zh-Hans",
                "url": "/api/v2/language/12/"
            },
            "version_group": {
                "name": "lets-go-pikachu-lets-go-eevee",
                "url": "/api/v2/version-group/19/"
            }
        },
        {
            "flavor_text": "\u30aa\u30fc\u30e9\u306e\u3000\u3053\u3046\u304b\u3092\u3000\u304e\u3083\u304f\u3066\u3093\u3055\u305b\u3066\n\u3044\u308a\u3087\u304f\u3092\u3000\u3055\u3052\u308b\u3002",
            "language": {
                "name": "ja-Hrkt",
                "url": "/api/v2/language/1/"
            },
            "version_group": {
                "name": "sword-shield",
                "url": "/api/v2/version-group/20/"
            }
        },
        {
            "flavor_text": "\uc624\ub77c\uc758 \ud6a8\uacfc\ub97c \uc5ed\uc804\uc2dc\ucf1c\n\uc704\ub825\uc744 \ub5a8\uc5b4\ub728\ub9b0\ub2e4.",
            "language": {
                "name": "ko",
                "url": "/api/v2/language/3/"
            },
            "version_group": {
                "name": "sword-shield",
                "url": "/api/v2/version-group/20/"
            }
        },
        {
            "flavor_text": "\u8b93\u6c23\u5834\u7684\u6548\u679c\u9006\u8f49\uff0c\n\u4e26\u964d\u4f4e\u5a01\u529b\u3002",
            "language": {
                "name": "zh-Hant",
                "url": "/api/v2/language/4/"
            },
            "version_group": {
                "name": "sword-shield",
                "url": "/api/v2/version-group/20/"
            }
        },
        {
            "flavor_text": "Inverse l\u2019effet des auras en baissant leur puissance.",
            "language": {
                "name": "fr",
                "url": "/api/v2/language/5/"
            },
            "version_group": {
                "name": "sword-shield",
                "url": "/api/v2/version-group/20/"
            }
        },
        {
            "flavor_text": "Kehrt die Wirkung von Auren um und senkt so die\nSt\u00e4rke bestimmter Attacken, anstatt sie zu erh\u00f6hen.",
            "language": {
                "name": "de",
                "url": "/api/v2/language/6/"
            },
            "version_group": {
                "name": "sword-shield",
                "url": "/api/v2/version-group/20/"
            }
        },
        {
            "flavor_text": "Invierte los efectos de las auras, por lo que baja la\npotencia de ciertos movimientos en vez de subirla.",
            "language": {
                "name": "es",
                "url": "/api/v2/language/7/"
            },
            "version_group": {
                "name": "sword-shield",
                "url": "/api/v2/version-group/20/"
            }
        },
        {
            "flavor_text": "Inverte gli effetti di tutte le aure riducendone\nla potenza.",
            "language": {
                "name": "it",
                "url": "/api/v2/language/8/"
            },
            "version_group": {
                "name": "sword-shield",
                "url": "/api/v2/version-group/20/"
            }
        },
        {
            "flavor_text": "The effects of \u201cAura\u201d Abilities are reversed\nto lower the power of affected moves.",
            "language": {
                "name": "en",
                "url": "/api/v2/language/9/"
            },
            "version_group": {
                "name": "sword-shield",
                "url": "/api/v2/version-group/20/"
            }
        },
        {
            "flavor_text": "\u30aa\u30fc\u30e9\u306e\u3000\u52b9\u679c\u3092\u3000\u9006\u8ee2\u3055\u305b\u3066\n\u5a01\u529b\u3092\u3000\u4e0b\u3052\u308b\u3002",
            "language": {
                "name": "ja",
                "url": "/api/v2/language/11/"
            },
            "version_group": {
                "name": "sword-shield",
                "url": "/api/v2/version-group/20/"
            }
        },
        {
            "flavor_text": "\u8ba9\u6c14\u573a\u7684\u6548\u679c\u53d1\u751f\u9006\u8f6c\uff0c\n\u964d\u4f4e\u5a01\u529b\u3002",
            "language": {
                "name": "zh-Hans",
                "url": "/api/v2/language/12/"
            },
            "version_group": {
                "name": "sword-shield",
                "url": "/api/v2/version-group/20/"
            }
        }
    ],
    "generation": {
        "name": "generation-vi",
        "url": "/api/v2/generation/6/"
    },
    "id": 188,
    "is_main_series": true,
    "name": "aura-break",
    "names": [
        {
            "language": {
                "name": "ja-Hrkt",
                "url": "/api/v2/language/1/"
            },
            "name": "\u30aa\u30fc\u30e9\u30d6\u30ec\u30a4\u30af"
        },
        {
            "language": {
                "name": "ko",
                "url": "/api/v2/language/3/"
            },
            "name": "\uc624\ub77c\ube0c\ub808\uc774\ud06c"
        },
        {
            "language": {
                "name": "zh-Hant",
                "url": "/api/v2/language/4/"
            },
            "name": "\u6c23\u5834\u7834\u58de"
        },
        {
            "language": {
                "name": "fr",
                "url": "/api/v2/language/5/"
            },
            "name": "Aura Invers\u00e9e"
        },
        {
            "language": {
                "name": "de",
                "url": "/api/v2/language/6/"
            },
            "name": "Aura-Umkehr"
        },
        {
            "language": {
                "name": "es",
                "url": "/api/v2/language/7/"
            },
            "name": "Rompeaura"
        },
        {
            "language": {
                "name": "it",
                "url": "/api/v2/language/8/"
            },
            "name": "Frangiaura"
        },
        {
            "language": {
                "name": "en",
                "url": "/api/v2/language/9/"
            },
            "name": "Aura Break"
        },
        {
            "language": {
                "name": "ja",
                "url": "/api/v2/language/11/"
            },
            "name": "\u30aa\u30fc\u30e9\u30d6\u30ec\u30a4\u30af"
        },
        {
            "language": {
                "name": "zh-Hans",
                "url": "/api/v2/language/12/"
            },
            "name": "\u6c14\u573a\u7834\u574f"
        }
    ],
    "pokemon": [
        {
            "is_hidden": false,
            "pokemon": {
                "name": "zygarde-50",
                "url": "/api/v2/pokemon/718/"
            },
            "slot": 1
        },
        {
            "is_hidden": false,
            "pokemon": {
                "name": "zygarde-10",
                "url": "/api/v2/pokemon/10181/"
            },
            "slot": 1
        }
    ]
}