{
    "effect_changes": [
        {
            "effect_entries": [
                {
                    "effect": "Hat au\u00dferhalb vom Kampf keinen Effekt.",
                    "language": {
                        "name": "de",
                        "url": "/api/v2/language/6/"
                    }
                },
                {
                    "effect": "Has no overworld effect.",
                    "language": {
                        "name": "en",
                        "url": "/api/v2/language/9/"
                    }
                }
            ],
            "version_group": {
                "name": "emerald",
                "url": "/api/v2/version-group/6/"
            }
        }
    ],
    "effect_entries": [
        {
            "effect": "Ein Pok\u00e9mon mit dieser F\u00e4higkeit kann nicht einfrieren.\n\nErh\u00e4lt ein eingefrorenes Pok\u00e9mon diese F\u00e4higkeit, taut es sofort auf. Das bezieht das Wiedererlangen dieser F\u00e4higkeit nach dem Kampf mit ein.\n\nAu\u00dferhalb vom Kampf: Wenn ein Pok\u00e9mon im Team diese F\u00e4higkeit hat, wird der hatch counter um 2 statt um 1 pro step cycle reduziert, was dazu f\u00fchrt, dass Eier doppelt so schnell schl\u00fcpfen. Dieser Effekt stapelt sich nicht, wenn mehrere Pok\u00e9mon diese F\u00e4higkeit oder flame body haben.",
            "language": {
                "name": "de",
                "url": "/api/v2/language/6/"
            },
            "short_effect": "Verhindert einfrieren."
        },
        {
            "effect": "This Pok\u00e9mon cannot be frozen.\n\nIf a Pok\u00e9mon is frozen and acquires this ability, it will immediately thaw out; this includes when regaining a lost ability upon leaving battle.\n\nOverworld: If any Pok\u00e9mon in the party has this ability, each egg in the party has its hatch counter decreased by 2 (rather than 1) each step cycle, making eggs hatch roughly twice as quickly.  This effect does not stack if multiple Pok\u00e9mon have this ability or flame body.",
            "language": {
                "name": "en",
                "url": "/api/v2/language/9/"
            },
            "short_effect": "Prevents freezing."
        }
    ],
    "flavor_text_entries": [
        {
            "flavor_text": "Prevents freezing.",
            "language": {
                "name": "en",
                "url": "/api/v2/language/9/"
            },
            "version_group": {
                "name": "ruby-sapphire",
                "url": "/api/v2/version-group/5/"
            }
        },
        {
            "flavor_text": "Prevents freezing.",
            "language": {
                "name": "en",
                "url": "/api/v2/language/9/"
            },
            "version_group": {
                "name": "emerald",
                "url": "/api/v2/version-group/6/"
            }
        },
        {
            "flavor_text": "Prevents freezing.",
            "language": {
                "name": "en",
                "url": "/api/v2/language/9/"
            },
            "version_group": {
                "name": "firered-leafgreen",
                "url": "/api/v2/version-group/7/"
            }
        },
        {
            "flavor_text": "Prevents the Pok\u00e9mon\nfrom becoming frozen.",
            "language": {
                "name": "en",
                "url": "/api/v2/language/9/"
            },
            "version_group": {
                "name": "diamond-pearl",
                "url": "/api/v2/version-group/8/"
            }
        },
        {
            "flavor_text": "Prevents the Pok\u00e9mon\nfrom becoming frozen.",
            "language": {
                "name": "en",
                "url": "/api/v2/language/9/"
            },
            "version_group": {
                "name": "platinum",
                "url": "/api/v2/version-group/9/"
            }
        },
        {
            "flavor_text": "Prevents the Pok\u00e9mon\nfrom becoming frozen.",
            "language": {
                "name": "en",
                "url": "/api/v2/language/9/"
            },
            "version_group": {
                "name": "heartgold-soulsilver",
                "url": "/api/v2/version-group/10/"
            }
        },
        {
            "flavor_text": "Prot\u00e8ge le Pok\u00e9mon\ncontre le gel.",
            "language": {
                "name": "fr",
                "url": "/api/v2/language/5/"
            },
            "version_group": {
                "name": "black-white",
                "url": "/api/v2/version-group/11/"
            }
        },
        {
            "flavor_text": "Prevents the Pok\u00e9mon\nfrom becoming frozen.",
            "language": {
                "name": "en",
                "url": "/api/v2/language/9/"
            },
            "version_group": {
                "name": "black-white",
                "url": "/api/v2/version-group/11/"
            }
        },
        {
            "flavor_text": "Prevents the Pok\u00e9mon\nfrom becoming frozen.",
            "language": {
                "name": "en",
                "url": "/api/v2/language/9/"
            },
            "version_group": {
                "name": "black-2-white-2",
                "url": "/api/v2/version-group/14/"
            }
        },
        {
            "flavor_text": "\u3053\u304a\u308a\u3000\u3058\u3087\u3046\u305f\u3044\u306b\n\u306a\u3089\u306a\u3044\u3002",
            "language": {
                "name": "ja-Hrkt",
                "url": "/api/v2/language/1/"
            },
            "version_group": {
                "name": "x-y",
                "url": "/api/v2/version-group/15/"
            }
        },
        {
            "flavor_text": "\uc5bc\uc74c \uc0c1\ud0dc\uac00\n\ub418\uc9c0 \uc54a\ub294\ub2e4.",
            "language": {
                "name": "ko",
                "url": "/api/v2/language/3/"
            },
            "version_group": {
                "name": "x-y",
                "url": "/api/v2/version-group/15/"
            }
        },
        {
            "flavor_text": "Prot\u00e8ge le Pok\u00e9mon contre le\ngel.",
            "language": {
                "name": "fr",
                "url": "/api/v2/language/5/"
            },
            "version_group": {
                "name": "x-y",
                "url": "/api/v2/version-group/15/"
            }
        },
        {
            "flavor_text": "Verhindert Einfrieren.",
            "language": {
                "name": "de",
                "url": "/api/v2/language/6/"
            },
            "version_group": {
                "name": "x-y",
                "url": "/api/v2/version-group/15/"
            }
        },
        {
            "flavor_text": "Evita la congelaci\u00f3n.",
            "language": {
                "name": "es",
                "url": "/api/v2/language/7/"
            },
            "version_group": {
                "name": "x-y",
                "url": "/api/v2/version-group/15/"
            }
        },
        {
            "flavor_text": "Evita che il Pok\u00e9mon\nvenga congelato.",
            "language": {
                "name": "it",
                "url": "/api/v2/language/8/"
            },
            "version_group": {
                "name": "x-y",
                "url": "/api/v2/version-group/15/"
            }
        },
        {
            "flavor_text": "Prevents the Pok\u00e9mon\nfrom becoming frozen.",
            "language": {
                "name": "en",
                "url": "/api/v2/language/9/"
            },
            "version_group": {
                "name": "x-y",
                "url": "/api/v2/version-group/15/"
            }
        },
        {
            "flavor_text": "\u3053\u304a\u308a\u72b6\u614b\u306b\n\u306a\u3089\u306a\u3044\u3002",
            "language": {
                "name": "ja",
                "url": "/api/v2/language/11/"
            },
            "version_group": {
                "name": "x-y",
                "url": "/api/v2/version-group/15/"
            }
        },
        {
            "flavor_text": "\u3053\u304a\u308a\u3000\u3058\u3087\u3046\u305f\u3044\u306b\n\u306a\u3089\u306a\u3044\u3002",
            "language": {
                "name": "ja-Hrkt",
                "url": "/api/v2/language/1/"
            },
            "version_group": {
                "name": "omega-ruby-alpha-sapphire",
                "url": "/api/v2/version-group/16/"
            }
        },
        {
            "flavor_text": "\uc5bc\uc74c \uc0c1\ud0dc\uac00\n\ub418\uc9c0 \uc54a\ub294\ub2e4.",
            "language": {
                "name": "ko",
                "url": "/api/v2/language/3/"
            },
            "version_group": {
                "name": "omega-ruby-alpha-sapphire",
                "url": "/api/v2/version-group/16/"
            }
        },
        {
            "flavor_text": "Prot\u00e8ge le Pok\u00e9mon contre le\ngel.",
            "language": {
                "name": "fr",
                "url": "/api/v2/language/5/"
            },
            "version_group": {
                "name": "omega-ruby-alpha-sapphire",
                "url": "/api/v2/version-group/16/"
            }
        },
        {
            "flavor_text": "Verhindert Einfrieren.",
            "language": {
                "name": "de",
                "url": "/api/v2/language/6/"
            },
            "version_group": {
                "name": "omega-ruby-alpha-sapphire",
                "url": "/api/v2/version-group/16/"
            }
        },
        {
            "flavor_text": "Evita la congelaci\u00f3n.",
            "language": {
                "name": "es",
                "url": "/api/v2/language/7/"
            },
            "version_group": {
                "name": "omega-ruby-alpha-sapphire",
                "url": "/api/v2/version-group/16/"
            }
        },
        {
            "flavor_text": "Evita che il Pok\u00e9mon\nvenga congelato.",
            "language": {
                "name": "it",
                "url": "/api/v2/language/8/"
            },
            "version_group": {
                "name": "omega-ruby-alpha-sapphire",
                "url": "/api/v2/version-group/16/"
            }
        },
        {
            "flavor_text": "Prevents the Pok\u00e9mon\nfrom becoming frozen.",
            "language": {
                "name": "en",
                "url": "/api/v2/language/9/"
            },
            "version_group": {
                "name": "omega-ruby-alpha-sapphire",
                "url": "/api/v2/version-group/16/"
            }
        },
        {
            "flavor_text": "\u3053\u304a\u308a\u72b6\u614b\u306b\n\u306a\u3089\u306a\u3044\u3002",
            "language": {
                "name": "ja",
                "url": "/api/v2/language/11/"
            },
            "version_group": {
                "name": "omega-ruby-alpha-sapphire",
                "url": "/api/v2/version-group/16/"
            }
        },
        {
            "flavor_text": "\u3042\u3064\u3044\u3000\u30de\u30b0\u30de\u3092\u3000\u307f\u306b\u307e\u3068\u3044\n\u3053\u304a\u308a\u3000\u3058\u3087\u3046\u305f\u3044\u306b\u3000\u306a\u3089\u306a\u3044\u3002",
            "language": {
                "name": "ja-Hrkt",
                "url": "/api/v2/language/1/"
            },
            "version_group": {
                "name": "sun-moon",
                "url": "/api/v2/version-group/17/"
            }
        },
        {
            "flavor_text": "\ub728\uac70\uc6b4 \ub9c8\uadf8\ub9c8\ub97c \ubab8\uc5d0 \ub458\ub7ec\uc11c\n\uc5bc\uc74c \uc0c1\ud0dc\uac00 \ub418\uc9c0 \uc54a\ub294\ub2e4.",
            "language": {
                "name": "ko",
                "url": "/api/v2/language/3/"
            },
            "version_group": {
                "name": "sun-moon",
                "url": "/api/v2/version-group/17/"
            }
        },
        {
            "flavor_text": "\u5c07\u71be\u71b1\u7684\u7194\u5ca9\u8986\u84cb\u5728\u8eab\u4e0a\uff0c\n\u4e0d\u6703\u9677\u5165\u51b0\u51cd\u72c0\u614b\u3002",
            "language": {
                "name": "zh-Hant",
                "url": "/api/v2/language/4/"
            },
            "version_group": {
                "name": "sun-moon",
                "url": "/api/v2/version-group/17/"
            }
        },
        {
            "flavor_text": "Le magma qui recouvre le corps du Pok\u00e9mon\nle prot\u00e8ge contre le gel.",
            "language": {
                "name": "fr",
                "url": "/api/v2/language/5/"
            },
            "version_group": {
                "name": "sun-moon",
                "url": "/api/v2/version-group/17/"
            }
        },
        {
            "flavor_text": "Dank eines Panzers aus Magma kann dieses\nPok\u00e9mon nicht eingefroren werden.",
            "language": {
                "name": "de",
                "url": "/api/v2/language/6/"
            },
            "version_group": {
                "name": "sun-moon",
                "url": "/api/v2/version-group/17/"
            }
        },
        {
            "flavor_text": "Gracias al magma candente que lo envuelve, evita la\ncongelaci\u00f3n.",
            "language": {
                "name": "es",
                "url": "/api/v2/language/7/"
            },
            "version_group": {
                "name": "sun-moon",
                "url": "/api/v2/version-group/17/"
            }
        },
        {
            "flavor_text": "Il magma riveste il corpo del Pok\u00e9mon\nimpedendogli di venire congelato.",
            "language": {
                "name": "it",
                "url": "/api/v2/language/8/"
            },
            "version_group": {
                "name": "sun-moon",
                "url": "/api/v2/version-group/17/"
            }
        },
        {
            "flavor_text": "The Pok\u00e9mon is covered with hot magma, which\nprevents the Pok\u00e9mon from becoming frozen.",
            "language": {
                "name": "en",
                "url": "/api/v2/language/9/"
            },
            "version_group": {
                "name": "sun-moon",
                "url": "/api/v2/version-group/17/"
            }
        },
        {
            "flavor_text": "\u71b1\u3044\u3000\u30de\u30b0\u30de\u3092\u3000\u8eab\u306b\u307e\u3068\u3044\n\u3053\u304a\u308a\u72b6\u614b\u306b\u3000\u306a\u3089\u306a\u3044\u3002",
            "language": {
                "name": "ja",
                "url": "/api/v2/language/11/"
            },
            "version_group": {
                "name": "sun-moon",
                "url": "/api/v2/version-group/17/"
            }
        },
        {
            "flavor_text": "\u5c06\u70bd\u70ed\u7684\u7194\u5ca9\u8986\u76d6\u5728\u8eab\u4e0a\uff0c\n\u4e0d\u4f1a\u53d8\u4e3a\u51b0\u51bb\u72b6\u6001\u3002",
            "language": {
                "name": "zh-Hans",
                "url": "/api/v2/language/12/"
            },
            "version_group": {
                "name": "sun-moon",
                "url": "/api/v2/version-group/17/"
            }
        },
        {
            "flavor_text": "\u3042\u3064\u3044\u3000\u30de\u30b0\u30de\u3092\u3000\u307f\u306b\u307e\u3068\u3044\n\u3053\u304a\u308a\u3000\u3058\u3087\u3046\u305f\u3044\u306b\u3000\u306a\u3089\u306a\u3044\u3002",
            "language": {
                "name": "ja-Hrkt",
                "url": "/api/v2/language/1/"
            },
            "version_group": {
                "name": "ultra-sun-ultra-moon",
                "url": "/api/v2/version-group/18/"
            }
        },
        {
            "flavor_text": "\ub728\uac70\uc6b4 \ub9c8\uadf8\ub9c8\ub97c \ubab8\uc5d0 \ub458\ub7ec\uc11c\n\uc5bc\uc74c \uc0c1\ud0dc\uac00 \ub418\uc9c0 \uc54a\ub294\ub2e4.",
            "language": {
                "name": "ko",
                "url": "/api/v2/language/3/"
            },
            "version_group": {
                "name": "ultra-sun-ultra-moon",
                "url": "/api/v2/version-group/18/"
            }
        },
        {
            "flavor_text": "\u5c07\u71be\u71b1\u7684\u7194\u5ca9\u8986\u84cb\u5728\u8eab\u4e0a\uff0c\n\u4e0d\u6703\u9677\u5165\u51b0\u51cd\u72c0\u614b\u3002",
            "language": {
                "name": "zh-Hant",
                "url": "/api/v2/language/4/"
            },
            "version_group": {
                "name": "ultra-sun-ultra-moon",
                "url": "/api/v2/version-group/18/"
            }
        },
        {
            "flavor_text": "Le magma qui recouvre le corps du Pok\u00e9mon\nle prot\u00e8ge contre le gel.",
            "language": {
                "name": "fr",
                "url": "/api/v2/language/5/"
            },
            "version_group": {
                "name": "ultra-sun-ultra-moon",
                "url": "/api/v2/version-group/18/"
            }
        },
        {
            "flavor_text": "Dank eines Panzers aus Magma kann dieses\nPok\u00e9mon nicht eingefroren werden.",
            "language": {
                "name": "de",
                "url": "/api/v2/language/6/"
            },
            "version_group": {
                "name": "ultra-sun-ultra-moon",
                "url": "/api/v2/version-group/18/"
            }
        },
        {
            "flavor_text": "Gracias al magma candente que lo envuelve, evita la\ncongelaci\u00f3n.",
            "language": {
                "name": "es",
                "url": "/api/v2/language/7/"
            },
            "version_group": {
                "name": "ultra-sun-ultra-moon",
                "url": "/api/v2/version-group/18/"
            }
        },
        {
            "flavor_text": "Il magma riveste il corpo del Pok\u00e9mon\nimpedendogli di venire congelato.",
            "language": {
                "name": "it",
                "url": "/api/v2/language/8/"
            },
            "version_group": {
                "name": "ultra-sun-ultra-moon",
                "url": "/api/v2/version-group/18/"
            }
        },
        {
            "flavor_text": "The Pok\u00e9mon is covered with hot magma, which\nprevents the Pok\u00e9mon from becoming frozen.",
            "language": {
                "name": "en",
                "url": "/api/v2/language/9/"
            },
            "version_group": {
                "name": "ultra-sun-ultra-moon",
                "url": "/api/v2/version-group/18/"
            }
        },
        {
            "flavor_text": "\u71b1\u3044\u3000\u30de\u30b0\u30de\u3092\u3000\u8eab\u306b\u307e\u3068\u3044\n\u3053\u304a\u308a\u72b6\u614b\u306b\u3000\u306a\u3089\u306a\u3044\u3002",
            "language": {
                "name": "ja",
                "url": "/api/v2/language/11/"
            },
            "version_group": {
                "name": "ultra-sun-ultra-moon",
                "url": "/api/v2/version-group/18/"
            }
        },
        {
            "flavor_text": "\u5c06\u70bd\u70ed\u7684\u7194\u5ca9\u8986\u76d6\u5728\u8eab\u4e0a\uff0c\n\u4e0d\u4f1a\u53d8\u4e3a\u51b0\u51bb\u72b6\u6001\u3002",
            "language": {
                "name": "zh-Hans",
                "url": "/api/v2/language/12/"
            },
            "version_group": {
                "name": "ultra-sun-ultra-moon",
                "url": "/api/v2/version-group/18/"
            }
        },
        {
            "flavor_text": "\u3042\u3064\u3044\u3000\u30de\u30b0\u30de\u3092\u3000\u307f\u306b\u307e\u3068\u3044\n\u3053\u304a\u308a\u3000\u3058\u3087\u3046\u305f\u3044\u306b\u3000\u306a\u3089\u306a\u3044\u3002",
            "language": {
                "name": "ja-Hrkt",
                "url": "/api/v2/language/1/"
            },
            "version_group": {
                "name": "lets-go-pikachu-lets-go-eevee",
                "url": "/api/v2/version-group/19/"
            }
        },
        {
            "flavor_text": "\ub728\uac70\uc6b4 \ub9c8\uadf8\ub9c8\ub97c \ubab8\uc5d0 \ub458\ub7ec\uc11c\n\uc5bc\uc74c \uc0c1\ud0dc\uac00 \ub418\uc9c0 \uc54a\ub294\ub2e4.",
            "language": {
                "name": "ko",
                "url": "/api/v2/language/3/"
            },
            "version_group": {
                "name": "lets-go-pikachu-lets-go-eevee",
                "url": "/api/v2/version-group/19/"
            }
        },
        {
            "flavor_text": "\u5c07\u71be\u71b1\u7684\u7194\u5ca9\u8986\u84cb\u5728\u8eab\u4e0a\uff0c\n\u4e0d\u6703\u9677\u5165\u51b0\u51cd\u72c0\u614b\u3002",
            "language": {
                "name": "zh-Hant",
                "url": "/api/v2/language/4/"
            },
            "version_group": {
                "name": "lets-go-pikachu-lets-go-eevee",
                "url": "/api/v2/version-group/19/"
            }
        },
        {
            "flavor_text": "Le magma qui recouvre le corps du Pok\u00e9mon\nle prot\u00e8ge contre le gel.",
            "language": {
                "name": "fr",
                "url": "/api/v2/language/5/"
            },
            "version_group": {
                "name": "lets-go-pikachu-lets-go-eevee",
                "url": "/api/v2/version-group/19/"
            }
        },
        {
            "flavor_text": "Dank eines Panzers aus Magma kann dieses\nPok\u00e9mon nicht eingefroren werden.",
            "language": {
                "name": "de",
                "url": "/api/v2/language/6/"
            },
            "version_group": {
                "name": "lets-go-pikachu-lets-go-eevee",
                "url": "/api/v2/version-group/19/"
            }
        },
        {
            "flavor_text": "Gracias al magma candente que lo envuelve, evita la\ncongelaci\u00f3n.",
            "language": {
                "name": "es",
                "url": "/api/v2/language/7/"
            },
            "version_group": {
                "name": "lets-go-pikachu-lets-go-eevee",
                "url": "/api/v2/version-group/19/"
            }
        },
        {
            "flavor_text": "Il magma riveste il corpo del Pok\u00e9mon\nimpedendogli di venire congelato.",
            "language": {
                "name": "it",
                "url": "/api/v2/language/8/"
            },
            "version_group": {
                "name": "lets-go-pikachu-lets-go-eevee",
                "url": "/api/v2/version-group/19/"
            }
        },
        {
            "flavor_text": "The Pok\u00e9mon is covered with hot magma, which\nprevents the Pok\u00e9mon from becoming frozen.",
            "language": {
                "name": "en",
                "url": "/api/v2/language/9/"
            },
            "version_group": {
                "name": "lets-go-pikachu-lets-go-eevee",
                "url": "/api/v2/version-group/19/"
            }
        },
        {
            "flavor_text": "\u71b1\u3044\u3000\u30de\u30b0\u30de\u3092\u3000\u8eab\u306b\u307e\u3068\u3044\n\u3053\u304a\u308a\u72b6\u614b\u306b\u3000\u306a\u3089\u306a\u3044\u3002",
            "language": {
                "name": "ja",
                "url": "/api/v2/language/11/"
            },
            "version_group": {
                "name": "lets-go-pikachu-lets-go-eevee",
                "url": "/api/v2/version-group/19/"
            }
        },
        {
            "flavor_text": "\u5c06\u70bd\u70ed\u7684\u7194\u5ca9\u8986\u76d6\u5728\u8eab\u4e0a\uff0c\n\u4e0d\u4f1a\u53d8\u4e3a\u51b0\u51bb\u72b6\u6001\u3002",
            "language": {
                "name": "zh-Hans",
                "url": "/api/v2/language/12/"
            },
            "version_group": {
                "name": "lets-go-pikachu-lets-go-eevee",
                "url": "/api/v2/version-group/19/"
            }
        },
        {
            "flavor_text": "\u3042\u3064\u3044\u3000\u30de\u30b0\u30de\u3092\u3000\u307f\u306b\u307e\u3068\u3044\n\u3053\u304a\u308a\u3000\u3058\u3087\u3046\u305f\u3044\u306b\u3000\u306a\u3089\u306a\u3044\u3002",
            "language": {
                "name": "ja-Hrkt",
                "url": "/api/v2/language/1/"
            },
            "version_group": {
                "name": "sword-shield",
                "url": "/api/v2/version-group/20/"
            }
        },
        {
            "flavor_text": "\ub728\uac70\uc6b4 \ub9c8\uadf8\ub9c8\ub97c \ubab8\uc5d0 \ub458\ub7ec\uc11c\n\uc5bc\uc74c \uc0c1\ud0dc\uac00 \ub418\uc9c0 \uc54a\ub294\ub2e4.",
            "language": {
                "name": "ko",
                "url": "/api/v2/language/3/"
            },
            "version_group": {
                "name": "sword-shield",
                "url": "/api/v2/version-group/20/"
            }
        },
        {
            "flavor_text": "\u5c07\u71be\u71b1\u7684\u7194\u5ca9\u8986\u84cb\u5728\u8eab\u4e0a\uff0c\n\u4e0d\u6703\u9677\u5165\u51b0\u51cd\u72c0\u614b\u3002",
            "language": {
                "name": "zh-Hant",
                "url": "/api/v2/language/4/"
            },
            "version_group": {
                "name": "sword-shield",
                "url": "/api/v2/version-group/20/"
            }
        },
        {
            "flavor_text": "Le magma qui recouvre le corps du Pok\u00e9mon le prot\u00e8ge\ncontre le gel.",
            "language": {
                "name": "fr",
                "url": "/api/v2/language/5/"
            },
            "version_group": {
                "name": "sword-shield",
                "url": "/api/v2/version-group/20/"
            }
        },
        {
            "flavor_text": "Dank eines Panzers aus Magma kann dieses Pok\u00e9mon\nnicht eingefroren werden.",
            "language": {
                "name": "de",
                "url": "/api/v2/language/6/"
            },
            "version_group": {
                "name": "sword-shield",
                "url": "/api/v2/version-group/20/"
            }
        },
        {
            "flavor_text": "Gracias al magma candente que lo envuelve, no puede\nser congelado.",
            "language": {
                "name": "es",
                "url": "/api/v2/language/7/"
            },
            "version_group": {
                "name": "sword-shield",
                "url": "/api/v2/version-group/20/"
            }
        },
        {
            "flavor_text": "Il magma riveste il corpo del Pok\u00e9mon\nimpedendogli di venire congelato.",
            "language": {
                "name": "it",
                "url": "/api/v2/language/8/"
            },
            "version_group": {
                "name": "sword-shield",
                "url": "/api/v2/version-group/20/"
            }
        },
        {
            "flavor_text": "The Pok\u00e9mon is covered with hot magma, which\nprevents the Pok\u00e9mon from becoming frozen.",
            "language": {
                "name": "en",
                "url": "/api/v2/language/9/"
            },
            "version_group": {
                "name": "sword-shield",
                "url": "/api/v2/version-group/20/"
            }
        },
        {
            "flavor_text": "\u71b1\u3044\u3000\u30de\u30b0\u30de\u3092\u3000\u8eab\u306b\u307e\u3068\u3044\n\u3053\u304a\u308a\u72b6\u614b\u306b\u3000\u306a\u3089\u306a\u3044\u3002",
            "language": {
                "name": "ja",
                "url": "/api/v2/language/11/"
            },
            "version_group": {
                "name": "sword-shield",
                "url": "/api/v2/version-group/20/"
            }
        },
        {
            "flavor_text": "\u5c06\u70bd\u70ed\u7684\u7194\u5ca9\u8986\u76d6\u5728\u8eab\u4e0a\uff0c\n\u4e0d\u4f1a\u53d8\u4e3a\u51b0\u51bb\u72b6\u6001\u3002",
            "language": {
                "name": "zh-Hans",
                "url": "/api/v2/language/12/"
            },
            "version_group": {
                "name": "sword-shield",
                "url": "/api/v2/version-group/20/"
            }
        }
    ],
    "generation": {
        "name": "generation-iii",
        "url": "/api/v2/generation/3/"
    },
    "id": 40,
    "is_main_series": true,
    "name": "magma-armor",
    "names": [
        {
            "language": {
                "name": "ja-Hrkt",
                "url": "/api/v2/language/1/"
            },
            "name": "\u30de\u30b0\u30de\u306e\u3088\u308d\u3044"
        },
        {
            "language": {
                "name": "ko",
                "url": "/api/v2/language/3/"
            },
            "name": "\ub9c8\uadf8\ub9c8\uc758\ubb34\uc7a5"
        },
        {
            "language": {
                "name": "zh-Hant",
                "url": "/api/v2/language/4/"
            },
            "name": "\u7194\u5ca9\u93a7\u7532"
        },
        {
            "language": {
                "name": "fr",
                "url": "/api/v2/language/5/"
            },
            "name": "Armumagma"
        },
        {
            "language": {
                "name": "de",
                "url": "/api/v2/language/6/"
            },
            "name": "Magmapanzer"
        },
        {
            "language": {
                "name": "es",
                "url": "/api/v2/language/7/"
            },
            "name": "Escudo Magma"
        },
        {
            "language": {
                "name": "it",
                "url": "/api/v2/language/8/"
            },
            "name": "Magmascudo"
        },
        {
            "language": {
                "name": "en",
                "url": "/api/v2/language/9/"
            },
            "name": "Magma Armor"
        },
        {
            "language": {
                "name": "ja",
                "url": "/api/v2/language/11/"
            },
            "name": "\u30de\u30b0\u30de\u306e\u3088\u308d\u3044"
        },
        {
            "language": {
                "name": "zh-Hans",
                "url": "/api/v2/language/12/"
            },
            "name": "\u7194\u5ca9\u94e0\u7532"
        }
    ],
    "pokemon": [
        {
            "is_hidden": false,
            "pokemon": {
                "name": "slugma",
                "url": "/api/v2/pokemon/218/"
            },
            "slot": 1
        },
        {
            "is_hidden": false,
            "pokemon": {
                "name": "magcargo",
                "url": "/api/v2/pokemon/219/"
            },
            "slot": 1
        },
        {
            "is_hidden": false,
            "pokemon": {
                "name": "camerupt",
                "url": "/api/v2/pokemon/323/"
            },
            "slot": 1
        }
    ]
}