{
    "effect_changes": [
        {
            "effect_entries": [
                {
                    "effect": "Hat au\u00dferhalb vom Kampf keinen Effekt.",
                    "language": {
                        "name": "de",
                        "url": "/api/v2/language/6/"
                    }
                },
                {
                    "effect": "Has no overworld effect.",
                    "language": {
                        "name": "en",
                        "url": "/api/v2/language/9/"
                    }
                }
            ],
            "version_group": {
                "name": "emerald",
                "url": "/api/v2/version-group/6/"
            }
        }
    ],
    "effect_entries": [
        {
            "effect": "Ein Pok\u00e9mon mit dieser F\u00e4higkeit kann nicht mit Attacken wie whirlwind ausgetauscht werden.\n\ndragon tail und circle throw verursachen trotzdem Schaden.\n\nAu\u00dferhalb vom Kampf: Wenn ein Pok\u00e9mon mit dieser F\u00e4higkeit an erster Stelle im Team steht, erh\u00f6ht sich die Erfolgsrate beim Angeln.",
            "language": {
                "name": "de",
                "url": "/api/v2/language/6/"
            },
            "short_effect": "Verhindert den Austausch von Pok\u00e9mon durch Attacken."
        },
        {
            "effect": "This Pok\u00e9mon cannot be forced out of battle by moves such as whirlwind.\n\ndragon tail and circle throw still inflict damage against this Pok\u00e9mon.\n\nOverworld: If the lead Pok\u00e9mon has this ability, the success rate while fishing is increased.",
            "language": {
                "name": "en",
                "url": "/api/v2/language/9/"
            },
            "short_effect": "Prevents being forced out of battle by other Pok\u00e9mon's moves."
        }
    ],
    "flavor_text_entries": [
        {
            "flavor_text": "Firmly anchors the body.",
            "language": {
                "name": "en",
                "url": "/api/v2/language/9/"
            },
            "version_group": {
                "name": "ruby-sapphire",
                "url": "/api/v2/version-group/5/"
            }
        },
        {
            "flavor_text": "Firmly anchors the body.",
            "language": {
                "name": "en",
                "url": "/api/v2/language/9/"
            },
            "version_group": {
                "name": "emerald",
                "url": "/api/v2/version-group/6/"
            }
        },
        {
            "flavor_text": "Firmly anchors the body.",
            "language": {
                "name": "en",
                "url": "/api/v2/language/9/"
            },
            "version_group": {
                "name": "firered-leafgreen",
                "url": "/api/v2/version-group/7/"
            }
        },
        {
            "flavor_text": "Negates moves that\nforce switching out.",
            "language": {
                "name": "en",
                "url": "/api/v2/language/9/"
            },
            "version_group": {
                "name": "diamond-pearl",
                "url": "/api/v2/version-group/8/"
            }
        },
        {
            "flavor_text": "Negates moves that\nforce switching out.",
            "language": {
                "name": "en",
                "url": "/api/v2/language/9/"
            },
            "version_group": {
                "name": "platinum",
                "url": "/api/v2/version-group/9/"
            }
        },
        {
            "flavor_text": "Negates foes\u2019 moves that\nforce switching out.",
            "language": {
                "name": "en",
                "url": "/api/v2/language/9/"
            },
            "version_group": {
                "name": "heartgold-soulsilver",
                "url": "/api/v2/version-group/10/"
            }
        },
        {
            "flavor_text": "Annule les cap. et obj. qui\nfont changer de Pok\u00e9mon.",
            "language": {
                "name": "fr",
                "url": "/api/v2/language/5/"
            },
            "version_group": {
                "name": "black-white",
                "url": "/api/v2/version-group/11/"
            }
        },
        {
            "flavor_text": "Negates all moves that\nforce switching out.",
            "language": {
                "name": "en",
                "url": "/api/v2/language/9/"
            },
            "version_group": {
                "name": "black-white",
                "url": "/api/v2/version-group/11/"
            }
        },
        {
            "flavor_text": "Negates all moves that\nforce switching out.",
            "language": {
                "name": "en",
                "url": "/api/v2/language/9/"
            },
            "version_group": {
                "name": "black-2-white-2",
                "url": "/api/v2/version-group/14/"
            }
        },
        {
            "flavor_text": "\u3044\u308c\u304b\u3048\u3055\u305b\u308b\u3000\u308f\u3056\u3084\n\u3069\u3046\u3050\u304c\u3000\u304d\u304b\u306a\u3044\u3002",
            "language": {
                "name": "ja-Hrkt",
                "url": "/api/v2/language/1/"
            },
            "version_group": {
                "name": "x-y",
                "url": "/api/v2/version-group/15/"
            }
        },
        {
            "flavor_text": "\uad50\uccb4\uc2dc\ud0a4\ub294 \uae30\uc220\uc774\ub098 \ub3c4\uad6c\uc758\n\ud6a8\uacfc\ub97c \ubc1b\uc9c0 \uc54a\ub294\ub2e4.",
            "language": {
                "name": "ko",
                "url": "/api/v2/language/3/"
            },
            "version_group": {
                "name": "x-y",
                "url": "/api/v2/version-group/15/"
            }
        },
        {
            "flavor_text": "Annule les capacit\u00e9s ou objets\nqui font changer de Pok\u00e9mon.",
            "language": {
                "name": "fr",
                "url": "/api/v2/language/5/"
            },
            "version_group": {
                "name": "x-y",
                "url": "/api/v2/version-group/15/"
            }
        },
        {
            "flavor_text": "Blockt Attacken und Items,\ndie Pok\u00e9mon austauschen.",
            "language": {
                "name": "de",
                "url": "/api/v2/language/6/"
            },
            "version_group": {
                "name": "x-y",
                "url": "/api/v2/version-group/15/"
            }
        },
        {
            "flavor_text": "Anula movimientos y objetos que\nfuerzan el relevo.",
            "language": {
                "name": "es",
                "url": "/api/v2/language/7/"
            },
            "version_group": {
                "name": "x-y",
                "url": "/api/v2/version-group/15/"
            }
        },
        {
            "flavor_text": "Resiste a strumenti e mosse\ndi sostituzione.",
            "language": {
                "name": "it",
                "url": "/api/v2/language/8/"
            },
            "version_group": {
                "name": "x-y",
                "url": "/api/v2/version-group/15/"
            }
        },
        {
            "flavor_text": "Negates all moves and items\nthat force switching out.",
            "language": {
                "name": "en",
                "url": "/api/v2/language/9/"
            },
            "version_group": {
                "name": "x-y",
                "url": "/api/v2/version-group/15/"
            }
        },
        {
            "flavor_text": "\u5165\u308c\u66ff\u3048\u3055\u305b\u308b\u3000\u6280\u3084\n\u9053\u5177\u304c\u3000\u52b9\u304b\u306a\u3044\u3002",
            "language": {
                "name": "ja",
                "url": "/api/v2/language/11/"
            },
            "version_group": {
                "name": "x-y",
                "url": "/api/v2/version-group/15/"
            }
        },
        {
            "flavor_text": "\u3044\u308c\u304b\u3048\u3055\u305b\u308b\u3000\u308f\u3056\u3084\n\u3069\u3046\u3050\u304c\u3000\u304d\u304b\u306a\u3044\u3002",
            "language": {
                "name": "ja-Hrkt",
                "url": "/api/v2/language/1/"
            },
            "version_group": {
                "name": "omega-ruby-alpha-sapphire",
                "url": "/api/v2/version-group/16/"
            }
        },
        {
            "flavor_text": "\uad50\uccb4\uc2dc\ud0a4\ub294 \uae30\uc220\uc774\ub098 \ub3c4\uad6c\uc758\n\ud6a8\uacfc\ub97c \ubc1b\uc9c0 \uc54a\ub294\ub2e4.",
            "language": {
                "name": "ko",
                "url": "/api/v2/language/3/"
            },
            "version_group": {
                "name": "omega-ruby-alpha-sapphire",
                "url": "/api/v2/version-group/16/"
            }
        },
        {
            "flavor_text": "Annule les capacit\u00e9s ou objets\nqui font changer de Pok\u00e9mon.",
            "language": {
                "name": "fr",
                "url": "/api/v2/language/5/"
            },
            "version_group": {
                "name": "omega-ruby-alpha-sapphire",
                "url": "/api/v2/version-group/16/"
            }
        },
        {
            "flavor_text": "Blockt Attacken und Items,\ndie Pok\u00e9mon austauschen.",
            "language": {
                "name": "de",
                "url": "/api/v2/language/6/"
            },
            "version_group": {
                "name": "omega-ruby-alpha-sapphire",
                "url": "/api/v2/version-group/16/"
            }
        },
        {
            "flavor_text": "Anula movimientos y objetos que\nfuerzan el relevo.",
            "language": {
                "name": "es",
                "url": "/api/v2/language/7/"
            },
            "version_group": {
                "name": "omega-ruby-alpha-sapphire",
                "url": "/api/v2/version-group/16/"
            }
        },
        {
            "flavor_text": "Resiste a strumenti e mosse\ndi sostituzione.",
            "language": {
                "name": "it",
                "url": "/api/v2/language/8/"
            },
            "version_group": {
                "name": "omega-ruby-alpha-sapphire",
                "url": "/api/v2/version-group/16/"
            }
        },
        {
            "flavor_text": "Negates all moves and items\nthat force switching out.",
            "language": {
                "name": "en",
                "url": "/api/v2/language/9/"
            },
            "version_group": {
                "name": "omega-ruby-alpha-sapphire",
                "url": "/api/v2/version-group/16/"
            }
        },
        {
            "flavor_text": "\u5165\u308c\u66ff\u3048\u3055\u305b\u308b\u3000\u6280\u3084\n\u9053\u5177\u304c\u3000\u52b9\u304b\u306a\u3044\u3002",
            "language": {
                "name": "ja",
                "url": "/api/v2/language/11/"
            },
            "version_group": {
                "name": "omega-ruby-alpha-sapphire",
                "url": "/api/v2/version-group/16/"
            }
        },
        {
            "flavor_text": "\u304d\u3085\u3046\u3070\u3093\u3067\u3000\u3058\u3081\u3093\u306b\u3000\u306f\u308a\u3064\u304d\n\u30dd\u30b1\u30e2\u30f3\u3092\u3000\u3044\u308c\u304b\u3048\u3055\u305b\u308b\n\u308f\u3056\u3084\u3000\u3069\u3046\u3050\u304c\u3000\u304d\u304b\u306a\u304f\u306a\u308b\u3002",
            "language": {
                "name": "ja-Hrkt",
                "url": "/api/v2/language/1/"
            },
            "version_group": {
                "name": "sun-moon",
                "url": "/api/v2/version-group/17/"
            }
        },
        {
            "flavor_text": "\ud761\ubc18\uc73c\ub85c \uc9c0\uba74\uc5d0 \ub2ec\ub77c\ubd99\uc5b4\n\ud3ec\ucf13\ubaac\uc744 \uad50\uccb4\uc2dc\ud0a4\ub294\n\uae30\uc220\uc774\ub098 \ub3c4\uad6c\uc758 \ud6a8\uacfc\ub97c \ubc1c\ud718\ud558\uc9c0 \ubabb\ud558\uac8c \ud55c\ub2e4.",
            "language": {
                "name": "ko",
                "url": "/api/v2/language/3/"
            },
            "version_group": {
                "name": "sun-moon",
                "url": "/api/v2/version-group/17/"
            }
        },
        {
            "flavor_text": "\u7528\u5438\u76e4\u5c07\u81ea\u5df1\u7262\u7262\u5438\u9644\u5728\u5730\u9762\u4e0a\uff0c\n\u8b93\u66ff\u63db\u5bf6\u53ef\u5922\u7684\u62db\u5f0f\u548c\u9053\u5177\u5931\u6548\u3002",
            "language": {
                "name": "zh-Hant",
                "url": "/api/v2/language/4/"
            },
            "version_group": {
                "name": "sun-moon",
                "url": "/api/v2/version-group/17/"
            }
        },
        {
            "flavor_text": "Le Pok\u00e9mon est solidement fix\u00e9 au sol, ce qui\nle prot\u00e8ge des capacit\u00e9s ou objets qui font changer\nde Pok\u00e9mon.",
            "language": {
                "name": "fr",
                "url": "/api/v2/language/5/"
            },
            "version_group": {
                "name": "sun-moon",
                "url": "/api/v2/version-group/17/"
            }
        },
        {
            "flavor_text": "Blockt Attacken und Items, die Pok\u00e9mon\naustauschen, indem es sich mit einem Saugnapf\nam Boden verankert.",
            "language": {
                "name": "de",
                "url": "/api/v2/language/6/"
            },
            "version_group": {
                "name": "sun-moon",
                "url": "/api/v2/version-group/17/"
            }
        },
        {
            "flavor_text": "Sus ventosas se aferran al suelo, con lo cual anula\nmovimientos y objetos que fuerzan el relevo.",
            "language": {
                "name": "es",
                "url": "/api/v2/language/7/"
            },
            "version_group": {
                "name": "sun-moon",
                "url": "/api/v2/version-group/17/"
            }
        },
        {
            "flavor_text": "Resiste a strumenti e mosse che causano la\nsostituzione appiccicandosi al terreno con\nle ventose.",
            "language": {
                "name": "it",
                "url": "/api/v2/language/8/"
            },
            "version_group": {
                "name": "sun-moon",
                "url": "/api/v2/version-group/17/"
            }
        },
        {
            "flavor_text": "This Pok\u00e9mon uses suction cups to stay in one spot\nto negate all moves and items that force\nswitching out.",
            "language": {
                "name": "en",
                "url": "/api/v2/language/9/"
            },
            "version_group": {
                "name": "sun-moon",
                "url": "/api/v2/version-group/17/"
            }
        },
        {
            "flavor_text": "\u5438\u76e4\u3067\u3000\u5730\u9762\u306b\u3000\u5f35\u308a\u4ed8\u304d\n\u30dd\u30b1\u30e2\u30f3\u3092\u3000\u5165\u308c\u66ff\u3048\u3055\u305b\u308b\n\u6280\u3084\u3000\u9053\u5177\u304c\u3000\u52b9\u304b\u306a\u304f\u306a\u308b\u3002",
            "language": {
                "name": "ja",
                "url": "/api/v2/language/11/"
            },
            "version_group": {
                "name": "sun-moon",
                "url": "/api/v2/version-group/17/"
            }
        },
        {
            "flavor_text": "\u7528\u5438\u76d8\u7262\u7262\u8d34\u5728\u5730\u9762\u4e0a\uff0c\n\u8ba9\u66ff\u6362\u5b9d\u53ef\u68a6\u7684\u62db\u5f0f\u548c\u9053\u5177\u65e0\u6548\u3002",
            "language": {
                "name": "zh-Hans",
                "url": "/api/v2/language/12/"
            },
            "version_group": {
                "name": "sun-moon",
                "url": "/api/v2/version-group/17/"
            }
        },
        {
            "flavor_text": "\u304d\u3085\u3046\u3070\u3093\u3067\u3000\u3058\u3081\u3093\u306b\u3000\u306f\u308a\u3064\u304d\n\u30dd\u30b1\u30e2\u30f3\u3092\u3000\u3044\u308c\u304b\u3048\u3055\u305b\u308b\n\u308f\u3056\u3084\u3000\u3069\u3046\u3050\u304c\u3000\u304d\u304b\u306a\u304f\u306a\u308b\u3002",
            "language": {
                "name": "ja-Hrkt",
                "url": "/api/v2/language/1/"
            },
            "version_group": {
                "name": "ultra-sun-ultra-moon",
                "url": "/api/v2/version-group/18/"
            }
        },
        {
            "flavor_text": "\ud761\ubc18\uc73c\ub85c \uc9c0\uba74\uc5d0 \ub2ec\ub77c\ubd99\uc5b4\n\ud3ec\ucf13\ubaac\uc744 \uad50\uccb4\uc2dc\ud0a4\ub294\n\uae30\uc220\uc774\ub098 \ub3c4\uad6c\uc758 \ud6a8\uacfc\ub97c \ubc1c\ud718\ud558\uc9c0 \ubabb\ud558\uac8c \ud55c\ub2e4.",
            "language": {
                "name": "ko",
                "url": "/api/v2/language/3/"
            },
            "version_group": {
                "name": "ultra-sun-ultra-moon",
                "url": "/api/v2/version-group/18/"
            }
        },
        {
            "flavor_text": "\u7528\u5438\u76e4\u5c07\u81ea\u5df1\u7262\u7262\u5438\u9644\u5728\u5730\u9762\u4e0a\uff0c\n\u8b93\u66ff\u63db\u5bf6\u53ef\u5922\u7684\u62db\u5f0f\u548c\u9053\u5177\u5931\u6548\u3002",
            "language": {
                "name": "zh-Hant",
                "url": "/api/v2/language/4/"
            },
            "version_group": {
                "name": "ultra-sun-ultra-moon",
                "url": "/api/v2/version-group/18/"
            }
        },
        {
            "flavor_text": "Le Pok\u00e9mon est solidement fix\u00e9 au sol, ce qui\nle prot\u00e8ge des capacit\u00e9s ou objets qui font changer\nde Pok\u00e9mon.",
            "language": {
                "name": "fr",
                "url": "/api/v2/language/5/"
            },
            "version_group": {
                "name": "ultra-sun-ultra-moon",
                "url": "/api/v2/version-group/18/"
            }
        },
        {
            "flavor_text": "Blockt Attacken und Items, die Pok\u00e9mon\naustauschen, indem es sich mit einem Saugnapf\nam Boden verankert.",
            "language": {
                "name": "de",
                "url": "/api/v2/language/6/"
            },
            "version_group": {
                "name": "ultra-sun-ultra-moon",
                "url": "/api/v2/version-group/18/"
            }
        },
        {
            "flavor_text": "Sus ventosas se aferran al suelo, con lo cual anula\nmovimientos y objetos que fuerzan el relevo.",
            "language": {
                "name": "es",
                "url": "/api/v2/language/7/"
            },
            "version_group": {
                "name": "ultra-sun-ultra-moon",
                "url": "/api/v2/version-group/18/"
            }
        },
        {
            "flavor_text": "Resiste a strumenti e mosse che causano la\nsostituzione appiccicandosi al terreno con\nle ventose.",
            "language": {
                "name": "it",
                "url": "/api/v2/language/8/"
            },
            "version_group": {
                "name": "ultra-sun-ultra-moon",
                "url": "/api/v2/version-group/18/"
            }
        },
        {
            "flavor_text": "This Pok\u00e9mon uses suction cups to stay in one spot\nto negate all moves and items that force\nswitching out.",
            "language": {
                "name": "en",
                "url": "/api/v2/language/9/"
            },
            "version_group": {
                "name": "ultra-sun-ultra-moon",
                "url": "/api/v2/version-group/18/"
            }
        },
        {
            "flavor_text": "\u5438\u76e4\u3067\u3000\u5730\u9762\u306b\u3000\u5f35\u308a\u4ed8\u304d\n\u30dd\u30b1\u30e2\u30f3\u3092\u3000\u5165\u308c\u66ff\u3048\u3055\u305b\u308b\n\u6280\u3084\u3000\u9053\u5177\u304c\u3000\u52b9\u304b\u306a\u304f\u306a\u308b\u3002",
            "language": {
                "name": "ja",
                "url": "/api/v2/language/11/"
            },
            "version_group": {
                "name": "ultra-sun-ultra-moon",
                "url": "/api/v2/version-group/18/"
            }
        },
        {
            "flavor_text": "\u7528\u5438\u76d8\u7262\u7262\u8d34\u5728\u5730\u9762\u4e0a\uff0c\n\u8ba9\u66ff\u6362\u5b9d\u53ef\u68a6\u7684\u62db\u5f0f\u548c\u9053\u5177\u65e0\u6548\u3002",
            "language": {
                "name": "zh-Hans",
                "url": "/api/v2/language/12/"
            },
            "version_group": {
                "name": "ultra-sun-ultra-moon",
                "url": "/api/v2/version-group/18/"
            }
        },
        {
            "flavor_text": "\u304d\u3085\u3046\u3070\u3093\u3067\u3000\u3058\u3081\u3093\u306b\u3000\u306f\u308a\u3064\u304d\n\u30dd\u30b1\u30e2\u30f3\u3092\u3000\u3044\u308c\u304b\u3048\u3055\u305b\u308b\n\u308f\u3056\u3084\u3000\u3069\u3046\u3050\u304c\u3000\u304d\u304b\u306a\u304f\u306a\u308b\u3002",
            "language": {
                "name": "ja-Hrkt",
                "url": "/api/v2/language/1/"
            },
            "version_group": {
                "name": "lets-go-pikachu-lets-go-eevee",
                "url": "/api/v2/version-group/19/"
            }
        },
        {
            "flavor_text": "\ud761\ubc18\uc73c\ub85c \uc9c0\uba74\uc5d0 \ub2ec\ub77c\ubd99\uc5b4\n\ud3ec\ucf13\ubaac\uc744 \uad50\uccb4\uc2dc\ud0a4\ub294\n\uae30\uc220\uc774\ub098 \ub3c4\uad6c\uc758 \ud6a8\uacfc\ub97c \ubc1c\ud718\ud558\uc9c0 \ubabb\ud558\uac8c \ud55c\ub2e4.",
            "language": {
                "name": "ko",
                "url": "/api/v2/language/3/"
            },
            "version_group": {
                "name": "lets-go-pikachu-lets-go-eevee",
                "url": "/api/v2/version-group/19/"
            }
        },
        {
            "flavor_text": "\u7528\u5438\u76e4\u5c07\u81ea\u5df1\u7262\u7262\u5438\u9644\u5728\u5730\u9762\u4e0a\uff0c\n\u8b93\u66ff\u63db\u5bf6\u53ef\u5922\u7684\u62db\u5f0f\u548c\u9053\u5177\u5931\u6548\u3002",
            "language": {
                "name": "zh-Hant",
                "url": "/api/v2/language/4/"
            },
            "version_group": {
                "name": "lets-go-pikachu-lets-go-eevee",
                "url": "/api/v2/version-group/19/"
            }
        },
        {
            "flavor_text": "Le Pok\u00e9mon est solidement fix\u00e9 au sol, ce qui\nle prot\u00e8ge des capacit\u00e9s ou objets qui font changer\nde Pok\u00e9mon.",
            "language": {
                "name": "fr",
                "url": "/api/v2/language/5/"
            },
            "version_group": {
                "name": "lets-go-pikachu-lets-go-eevee",
                "url": "/api/v2/version-group/19/"
            }
        },
        {
            "flavor_text": "Blockt Attacken und Items, die Pok\u00e9mon\naustauschen, indem es sich mit einem Saugnapf\nam Boden verankert.",
            "language": {
                "name": "de",
                "url": "/api/v2/language/6/"
            },
            "version_group": {
                "name": "lets-go-pikachu-lets-go-eevee",
                "url": "/api/v2/version-group/19/"
            }
        },
        {
            "flavor_text": "Sus ventosas se aferran al suelo, con lo cual anula\nmovimientos y objetos que fuerzan el relevo.",
            "language": {
                "name": "es",
                "url": "/api/v2/language/7/"
            },
            "version_group": {
                "name": "lets-go-pikachu-lets-go-eevee",
                "url": "/api/v2/version-group/19/"
            }
        },
        {
            "flavor_text": "Resiste a strumenti e mosse che causano la\nsostituzione appiccicandosi al terreno con\nle ventose.",
            "language": {
                "name": "it",
                "url": "/api/v2/language/8/"
            },
            "version_group": {
                "name": "lets-go-pikachu-lets-go-eevee",
                "url": "/api/v2/version-group/19/"
            }
        },
        {
            "flavor_text": "This Pok\u00e9mon uses suction cups to stay in one spot\nto negate all moves and items that force\nswitching out.",
            "language": {
                "name": "en",
                "url": "/api/v2/language/9/"
            },
            "version_group": {
                "name": "lets-go-pikachu-lets-go-eevee",
                "url": "/api/v2/version-group/19/"
            }
        },
        {
            "flavor_text": "\u5438\u76e4\u3067\u3000\u5730\u9762\u306b\u3000\u5f35\u308a\u4ed8\u304d\n\u30dd\u30b1\u30e2\u30f3\u3092\u3000\u5165\u308c\u66ff\u3048\u3055\u305b\u308b\n\u6280\u3084\u3000\u9053\u5177\u304c\u3000\u52b9\u304b\u306a\u304f\u306a\u308b\u3002",
            "language": {
                "name": "ja",
                "url": "/api/v2/language/11/"
            },
            "version_group": {
                "name": "lets-go-pikachu-lets-go-eevee",
                "url": "/api/v2/version-group/19/"
            }
        },
        {
            "flavor_text": "\u7528\u5438\u76d8\u7262\u7262\u8d34\u5728\u5730\u9762\u4e0a\uff0c\n\u8ba9\u66ff\u6362\u5b9d\u53ef\u68a6\u7684\u62db\u5f0f\u548c\u9053\u5177\u65e0\u6548\u3002",
            "language": {
                "name": "zh-Hans",
                "url": "/api/v2/language/12/"
            },
            "version_group": {
                "name": "lets-go-pikachu-lets-go-eevee",
                "url": "/api/v2/version-group/19/"
            }
        },
        {
            "flavor_text": "\u304d\u3085\u3046\u3070\u3093\u3067\u3000\u3058\u3081\u3093\u306b\u3000\u306f\u308a\u3064\u304d\n\u30dd\u30b1\u30e2\u30f3\u3092\u3000\u3044\u308c\u304b\u3048\u3055\u305b\u308b\n\u308f\u3056\u3084\u3000\u3069\u3046\u3050\u304c\u3000\u304d\u304b\u306a\u304f\u306a\u308b\u3002",
            "language": {
                "name": "ja-Hrkt",
                "url": "/api/v2/language/1/"
            },
            "version_group": {
                "name": "sword-shield",
                "url": "/api/v2/version-group/20/"
            }
        },
        {
            "flavor_text": "\ud761\ubc18\uc73c\ub85c \uc9c0\uba74\uc5d0 \ub2ec\ub77c\ubd99\uc5b4\n\ud3ec\ucf13\ubaac\uc744 \uad50\uccb4\uc2dc\ud0a4\ub294\n\uae30\uc220\uc774\ub098 \ub3c4\uad6c\uc758 \ud6a8\uacfc\ub97c \ubc1c\ud718\ud558\uc9c0 \ubabb\ud558\uac8c \ud55c\ub2e4.",
            "language": {
                "name": "ko",
                "url": "/api/v2/language/3/"
            },
            "version_group": {
                "name": "sword-shield",
                "url": "/api/v2/version-group/20/"
            }
        },
        {
            "flavor_text": "\u7528\u5438\u76e4\u5c07\u81ea\u5df1\u7262\u7262\u5438\u9644\u5728\u5730\u9762\u4e0a\uff0c\n\u8b93\u66ff\u63db\u5bf6\u53ef\u5922\u7684\u62db\u5f0f\u548c\u9053\u5177\u5931\u6548\u3002",
            "language": {
                "name": "zh-Hant",
                "url": "/api/v2/language/4/"
            },
            "version_group": {
                "name": "sword-shield",
                "url": "/api/v2/version-group/20/"
            }
        },
        {
            "flavor_text": "Le Pok\u00e9mon est solidement fix\u00e9 au sol, ce qui le prot\u00e8ge\ndes capacit\u00e9s ou objets qui font changer de Pok\u00e9mon.",
            "language": {
                "name": "fr",
                "url": "/api/v2/language/5/"
            },
            "version_group": {
                "name": "sword-shield",
                "url": "/api/v2/version-group/20/"
            }
        },
        {
            "flavor_text": "Blockt Attacken und Items, die Pok\u00e9mon austauschen,\nindem es sich mit einem Saugnapf am Boden verankert.",
            "language": {
                "name": "de",
                "url": "/api/v2/language/6/"
            },
            "version_group": {
                "name": "sword-shield",
                "url": "/api/v2/version-group/20/"
            }
        },
        {
            "flavor_text": "Sus ventosas se aferran al suelo, con lo cual anula\nmovimientos y objetos que fuerzan el relevo.",
            "language": {
                "name": "es",
                "url": "/api/v2/language/7/"
            },
            "version_group": {
                "name": "sword-shield",
                "url": "/api/v2/version-group/20/"
            }
        },
        {
            "flavor_text": "Il Pok\u00e9mon resiste a strumenti e mosse che causano\nla sostituzione appiccicandosi al terreno con le ventose.",
            "language": {
                "name": "it",
                "url": "/api/v2/language/8/"
            },
            "version_group": {
                "name": "sword-shield",
                "url": "/api/v2/version-group/20/"
            }
        },
        {
            "flavor_text": "This Pok\u00e9mon uses suction cups to stay in one spot\nto negate all moves and items that force\nswitching out.",
            "language": {
                "name": "en",
                "url": "/api/v2/language/9/"
            },
            "version_group": {
                "name": "sword-shield",
                "url": "/api/v2/version-group/20/"
            }
        },
        {
            "flavor_text": "\u5438\u76e4\u3067\u3000\u5730\u9762\u306b\u3000\u5f35\u308a\u4ed8\u304d\n\u30dd\u30b1\u30e2\u30f3\u3092\u3000\u5165\u308c\u66ff\u3048\u3055\u305b\u308b\n\u6280\u3084\u3000\u9053\u5177\u304c\u3000\u52b9\u304b\u306a\u304f\u306a\u308b\u3002",
            "language": {
                "name": "ja",
                "url": "/api/v2/language/11/"
            },
            "version_group": {
                "name": "sword-shield",
                "url": "/api/v2/version-group/20/"
            }
        },
        {
            "flavor_text": "\u7528\u5438\u76d8\u7262\u7262\u8d34\u5728\u5730\u9762\u4e0a\uff0c\n\u8ba9\u66ff\u6362\u5b9d\u53ef\u68a6\u7684\u62db\u5f0f\u548c\u9053\u5177\u65e0\u6548\u3002",
            "language": {
                "name": "zh-Hans",
                "url": "/api/v2/language/12/"
            },
            "version_group": {
                "name": "sword-shield",
                "url": "/api/v2/version-group/20/"
            }
        }
    ],
    "generation": {
        "name": "generation-iii",
        "url": "/api/v2/generation/3/"
    },
    "id": 21,
    "is_main_series": true,
    "name": "suction-cups",
    "names": [
        {
            "language": {
                "name": "ja-Hrkt",
                "url": "/api/v2/language/1/"
            },
            "name": "\u304d\u3085\u3046\u3070\u3093"
        },
        {
            "language": {
                "name": "ko",
                "url": "/api/v2/language/3/"
            },
            "name": "\ud761\ubc18"
        },
        {
            "language": {
                "name": "zh-Hant",
                "url": "/api/v2/language/4/"
            },
            "name": "\u5438\u76e4"
        },
        {
            "language": {
                "name": "fr",
                "url": "/api/v2/language/5/"
            },
            "name": "Ventouse"
        },
        {
            "language": {
                "name": "de",
                "url": "/api/v2/language/6/"
            },
            "name": "Saugnapf"
        },
        {
            "language": {
                "name": "es",
                "url": "/api/v2/language/7/"
            },
            "name": "Ventosas"
        },
        {
            "language": {
                "name": "it",
                "url": "/api/v2/language/8/"
            },
            "name": "Ventose"
        },
        {
            "language": {
                "name": "en",
                "url": "/api/v2/language/9/"
            },
            "name": "Suction Cups"
        },
        {
            "language": {
                "name": "ja",
                "url": "/api/v2/language/11/"
            },
            "name": "\u304d\u3085\u3046\u3070\u3093"
        },
        {
            "language": {
                "name": "zh-Hans",
                "url": "/api/v2/language/12/"
            },
            "name": "\u5438\u76d8"
        }
    ],
    "pokemon": [
        {
            "is_hidden": false,
            "pokemon": {
                "name": "octillery",
                "url": "/api/v2/pokemon/224/"
            },
            "slot": 1
        },
        {
            "is_hidden": false,
            "pokemon": {
                "name": "lileep",
                "url": "/api/v2/pokemon/345/"
            },
            "slot": 1
        },
        {
            "is_hidden": false,
            "pokemon": {
                "name": "cradily",
                "url": "/api/v2/pokemon/346/"
            },
            "slot": 1
        },
        {
            "is_hidden": false,
            "pokemon": {
                "name": "inkay",
                "url": "/api/v2/pokemon/686/"
            },
            "slot": 2
        },
        {
            "is_hidden": false,
            "pokemon": {
                "name": "malamar",
                "url": "/api/v2/pokemon/687/"
            },
            "slot": 2
        }
    ]
}