{
    "effect_changes": [],
    "effect_entries": [
        {
            "effect": "This Pok\u00e9mon's moves and item ignore the usual immunity of Poison and Steel Pok\u00e9mon when attempting to inflict poison.",
            "language": {
                "name": "en",
                "url": "/api/v2/language/9/"
            },
            "short_effect": "This Pok\u00e9mon can inflict poison on Poison and Steel Pok\u00e9mon."
        }
    ],
    "flavor_text_entries": [
        {
            "flavor_text": "\u306f\u304c\u306d\u30bf\u30a4\u30d7\u3084\u3000\u3069\u304f\u30bf\u30a4\u30d7\u3082\n\u3069\u304f\u3000\u3058\u3087\u3046\u305f\u3044\u306b\u3000\u3059\u308b\u3053\u3068\u304c\u3000\u3067\u304d\u308b\u3002",
            "language": {
                "name": "ja-Hrkt",
                "url": "/api/v2/language/1/"
            },
            "version_group": {
                "name": "sun-moon",
                "url": "/api/v2/version-group/17/"
            }
        },
        {
            "flavor_text": "\uac15\ucca0\ud0c0\uc785\uc774\ub098 \ub3c5\ud0c0\uc785\ub3c4\n\ub3c5 \uc0c1\ud0dc\ub85c \ub9cc\ub4e4 \uc218 \uc788\ub2e4.",
            "language": {
                "name": "ko",
                "url": "/api/v2/language/3/"
            },
            "version_group": {
                "name": "sun-moon",
                "url": "/api/v2/version-group/17/"
            }
        },
        {
            "flavor_text": "\u5c31\u7b97\u5c0d\u65b9\u662f\u92fc\u5c6c\u6027\u6216\u6bd2\u5c6c\u6027\u5bf6\u53ef\u5922\uff0c\n\u4e5f\u53ef\u8b93\u5c0d\u65b9\u9677\u5165\u4e2d\u6bd2\u72c0\u614b\u3002",
            "language": {
                "name": "zh-Hant",
                "url": "/api/v2/language/4/"
            },
            "version_group": {
                "name": "sun-moon",
                "url": "/api/v2/version-group/17/"
            }
        },
        {
            "flavor_text": "Permet d\u2019empoisonner les Pok\u00e9mon de type Acier\nou Poison.",
            "language": {
                "name": "fr",
                "url": "/api/v2/language/5/"
            },
            "version_group": {
                "name": "sun-moon",
                "url": "/api/v2/version-group/17/"
            }
        },
        {
            "flavor_text": "Kann selbst Pok\u00e9mon vom Typ Stahl oder Gift\nvergiften.",
            "language": {
                "name": "de",
                "url": "/api/v2/language/6/"
            },
            "version_group": {
                "name": "sun-moon",
                "url": "/api/v2/version-group/17/"
            }
        },
        {
            "flavor_text": "Permite envenenar incluso a rivales de tipo Acero o\nVeneno.",
            "language": {
                "name": "es",
                "url": "/api/v2/language/7/"
            },
            "version_group": {
                "name": "sun-moon",
                "url": "/api/v2/version-group/17/"
            }
        },
        {
            "flavor_text": "Il Pok\u00e9mon \u00e8 in grado di avvelenare il bersaglio\nanche se questo \u00e8 di tipo Acciaio o Veleno.",
            "language": {
                "name": "it",
                "url": "/api/v2/language/8/"
            },
            "version_group": {
                "name": "sun-moon",
                "url": "/api/v2/version-group/17/"
            }
        },
        {
            "flavor_text": "The Pok\u00e9mon can poison the target even if it\u2019s\na Steel or Poison type.",
            "language": {
                "name": "en",
                "url": "/api/v2/language/9/"
            },
            "version_group": {
                "name": "sun-moon",
                "url": "/api/v2/version-group/17/"
            }
        },
        {
            "flavor_text": "\u306f\u304c\u306d\u30bf\u30a4\u30d7\u3084\u3000\u3069\u304f\u30bf\u30a4\u30d7\u3082\n\u3069\u304f\u72b6\u614b\u306b\u3000\u3059\u308b\u3053\u3068\u304c\u3000\u3067\u304d\u308b\u3002",
            "language": {
                "name": "ja",
                "url": "/api/v2/language/11/"
            },
            "version_group": {
                "name": "sun-moon",
                "url": "/api/v2/version-group/17/"
            }
        },
        {
            "flavor_text": "\u53ef\u4ee5\u4f7f\u94a2\u5c5e\u6027\u548c\u6bd2\u5c5e\u6027\u7684\u5b9d\u53ef\u68a6\n\u4e5f\u9677\u5165\u4e2d\u6bd2\u72b6\u6001\u3002",
            "language": {
                "name": "zh-Hans",
                "url": "/api/v2/language/12/"
            },
            "version_group": {
                "name": "sun-moon",
                "url": "/api/v2/version-group/17/"
            }
        },
        {
            "flavor_text": "\u306f\u304c\u306d\u30bf\u30a4\u30d7\u3084\u3000\u3069\u304f\u30bf\u30a4\u30d7\u3082\n\u3069\u304f\u3000\u3058\u3087\u3046\u305f\u3044\u306b\u3000\u3059\u308b\u3053\u3068\u304c\u3000\u3067\u304d\u308b\u3002",
            "language": {
                "name": "ja-Hrkt",
                "url": "/api/v2/language/1/"
            },
            "version_group": {
                "name": "ultra-sun-ultra-moon",
                "url": "/api/v2/version-group/18/"
            }
        },
        {
            "flavor_text": "\uac15\ucca0\ud0c0\uc785\uc774\ub098 \ub3c5\ud0c0\uc785\ub3c4\n\ub3c5 \uc0c1\ud0dc\ub85c \ub9cc\ub4e4 \uc218 \uc788\ub2e4.",
            "language": {
                "name": "ko",
                "url": "/api/v2/language/3/"
            },
            "version_group": {
                "name": "ultra-sun-ultra-moon",
                "url": "/api/v2/version-group/18/"
            }
        },
        {
            "flavor_text": "\u5c31\u7b97\u5c0d\u65b9\u662f\u92fc\u5c6c\u6027\u6216\u6bd2\u5c6c\u6027\u5bf6\u53ef\u5922\uff0c\n\u4e5f\u53ef\u8b93\u5c0d\u65b9\u9677\u5165\u4e2d\u6bd2\u72c0\u614b\u3002",
            "language": {
                "name": "zh-Hant",
                "url": "/api/v2/language/4/"
            },
            "version_group": {
                "name": "ultra-sun-ultra-moon",
                "url": "/api/v2/version-group/18/"
            }
        },
        {
            "flavor_text": "Permet d\u2019empoisonner les Pok\u00e9mon de type Acier\nou Poison.",
            "language": {
                "name": "fr",
                "url": "/api/v2/language/5/"
            },
            "version_group": {
                "name": "ultra-sun-ultra-moon",
                "url": "/api/v2/version-group/18/"
            }
        },
        {
            "flavor_text": "Kann selbst Pok\u00e9mon vom Typ Stahl oder Gift\nvergiften.",
            "language": {
                "name": "de",
                "url": "/api/v2/language/6/"
            },
            "version_group": {
                "name": "ultra-sun-ultra-moon",
                "url": "/api/v2/version-group/18/"
            }
        },
        {
            "flavor_text": "Permite envenenar incluso a rivales de tipo Acero o\nVeneno.",
            "language": {
                "name": "es",
                "url": "/api/v2/language/7/"
            },
            "version_group": {
                "name": "ultra-sun-ultra-moon",
                "url": "/api/v2/version-group/18/"
            }
        },
        {
            "flavor_text": "Il Pok\u00e9mon \u00e8 in grado di avvelenare il bersaglio\nanche se questo \u00e8 di tipo Acciaio o Veleno.",
            "language": {
                "name": "it",
                "url": "/api/v2/language/8/"
            },
            "version_group": {
                "name": "ultra-sun-ultra-moon",
                "url": "/api/v2/version-group/18/"
            }
        },
        {
            "flavor_text": "The Pok\u00e9mon can poison the target even if it\u2019s\na Steel or Poison type.",
            "language": {
                "name": "en",
                "url": "/api/v2/language/9/"
            },
            "version_group": {
                "name": "ultra-sun-ultra-moon",
                "url": "/api/v2/version-group/18/"
            }
        },
        {
            "flavor_text": "\u306f\u304c\u306d\u30bf\u30a4\u30d7\u3084\u3000\u3069\u304f\u30bf\u30a4\u30d7\u3082\n\u3069\u304f\u72b6\u614b\u306b\u3000\u3059\u308b\u3053\u3068\u304c\u3000\u3067\u304d\u308b\u3002",
            "language": {
                "name": "ja",
                "url": "/api/v2/language/11/"
            },
            "version_group": {
                "name": "ultra-sun-ultra-moon",
                "url": "/api/v2/version-group/18/"
            }
        },
        {
            "flavor_text": "\u53ef\u4ee5\u4f7f\u94a2\u5c5e\u6027\u548c\u6bd2\u5c5e\u6027\u7684\u5b9d\u53ef\u68a6\n\u4e5f\u9677\u5165\u4e2d\u6bd2\u72b6\u6001\u3002",
            "language": {
                "name": "zh-Hans",
                "url": "/api/v2/language/12/"
            },
            "version_group": {
                "name": "ultra-sun-ultra-moon",
                "url": "/api/v2/version-group/18/"
            }
        },
        {
            "flavor_text": "\u306f\u304c\u306d\u30bf\u30a4\u30d7\u3084\u3000\u3069\u304f\u30bf\u30a4\u30d7\u3082\n\u3069\u304f\u3000\u3058\u3087\u3046\u305f\u3044\u306b\u3000\u3059\u308b\u3053\u3068\u304c\u3000\u3067\u304d\u308b\u3002",
            "language": {
                "name": "ja-Hrkt",
                "url": "/api/v2/language/1/"
            },
            "version_group": {
                "name": "lets-go-pikachu-lets-go-eevee",
                "url": "/api/v2/version-group/19/"
            }
        },
        {
            "flavor_text": "\uac15\ucca0\ud0c0\uc785\uc774\ub098 \ub3c5\ud0c0\uc785\ub3c4\n\ub3c5 \uc0c1\ud0dc\ub85c \ub9cc\ub4e4 \uc218 \uc788\ub2e4.",
            "language": {
                "name": "ko",
                "url": "/api/v2/language/3/"
            },
            "version_group": {
                "name": "lets-go-pikachu-lets-go-eevee",
                "url": "/api/v2/version-group/19/"
            }
        },
        {
            "flavor_text": "\u5c31\u7b97\u5c0d\u65b9\u662f\u92fc\u5c6c\u6027\u6216\u6bd2\u5c6c\u6027\u5bf6\u53ef\u5922\uff0c\n\u4e5f\u53ef\u8b93\u5c0d\u65b9\u9677\u5165\u4e2d\u6bd2\u72c0\u614b\u3002",
            "language": {
                "name": "zh-Hant",
                "url": "/api/v2/language/4/"
            },
            "version_group": {
                "name": "lets-go-pikachu-lets-go-eevee",
                "url": "/api/v2/version-group/19/"
            }
        },
        {
            "flavor_text": "Permet d\u2019empoisonner les Pok\u00e9mon de type Acier\nou Poison.",
            "language": {
                "name": "fr",
                "url": "/api/v2/language/5/"
            },
            "version_group": {
                "name": "lets-go-pikachu-lets-go-eevee",
                "url": "/api/v2/version-group/19/"
            }
        },
        {
            "flavor_text": "Kann selbst Pok\u00e9mon vom Typ Stahl oder Gift\nvergiften.",
            "language": {
                "name": "de",
                "url": "/api/v2/language/6/"
            },
            "version_group": {
                "name": "lets-go-pikachu-lets-go-eevee",
                "url": "/api/v2/version-group/19/"
            }
        },
        {
            "flavor_text": "Permite envenenar incluso a rivales de tipo Acero o\nVeneno.",
            "language": {
                "name": "es",
                "url": "/api/v2/language/7/"
            },
            "version_group": {
                "name": "lets-go-pikachu-lets-go-eevee",
                "url": "/api/v2/version-group/19/"
            }
        },
        {
            "flavor_text": "Il Pok\u00e9mon \u00e8 in grado di avvelenare il bersaglio\nanche se questo \u00e8 di tipo Acciaio o Veleno.",
            "language": {
                "name": "it",
                "url": "/api/v2/language/8/"
            },
            "version_group": {
                "name": "lets-go-pikachu-lets-go-eevee",
                "url": "/api/v2/version-group/19/"
            }
        },
        {
            "flavor_text": "The Pok\u00e9mon can poison the target even if it\u2019s\na Steel or Poison type.",
            "language": {
                "name": "en",
                "url": "/api/v2/language/9/"
            },
            "version_group": {
                "name": "lets-go-pikachu-lets-go-eevee",
                "url": "/api/v2/version-group/19/"
            }
        },
        {
            "flavor_text": "\u306f\u304c\u306d\u30bf\u30a4\u30d7\u3084\u3000\u3069\u304f\u30bf\u30a4\u30d7\u3082\n\u3069\u304f\u72b6\u614b\u306b\u3000\u3059\u308b\u3053\u3068\u304c\u3000\u3067\u304d\u308b\u3002",
            "language": {
                "name": "ja",
                "url": "/api/v2/language/11/"
            },
            "version_group": {
                "name": "lets-go-pikachu-lets-go-eevee",
                "url": "/api/v2/version-group/19/"
            }
        },
        {
            "flavor_text": "\u53ef\u4ee5\u4f7f\u94a2\u5c5e\u6027\u548c\u6bd2\u5c5e\u6027\u7684\u5b9d\u53ef\u68a6\n\u4e5f\u9677\u5165\u4e2d\u6bd2\u72b6\u6001\u3002",
            "language": {
                "name": "zh-Hans",
                "url": "/api/v2/language/12/"
            },
            "version_group": {
                "name": "lets-go-pikachu-lets-go-eevee",
                "url": "/api/v2/version-group/19/"
            }
        },
        {
            "flavor_text": "\u306f\u304c\u306d\u30bf\u30a4\u30d7\u3084\u3000\u3069\u304f\u30bf\u30a4\u30d7\u3082\n\u3069\u304f\u3000\u3058\u3087\u3046\u305f\u3044\u306b\u3000\u3059\u308b\u3053\u3068\u304c\u3000\u3067\u304d\u308b\u3002",
            "language": {
                "name": "ja-Hrkt",
                "url": "/api/v2/language/1/"
            },
            "version_group": {
                "name": "sword-shield",
                "url": "/api/v2/version-group/20/"
            }
        },
        {
            "flavor_text": "\uac15\ucca0\ud0c0\uc785\uc774\ub098 \ub3c5\ud0c0\uc785\ub3c4\n\ub3c5 \uc0c1\ud0dc\ub85c \ub9cc\ub4e4 \uc218 \uc788\ub2e4.",
            "language": {
                "name": "ko",
                "url": "/api/v2/language/3/"
            },
            "version_group": {
                "name": "sword-shield",
                "url": "/api/v2/version-group/20/"
            }
        },
        {
            "flavor_text": "\u5c31\u7b97\u5c0d\u65b9\u662f\u92fc\u5c6c\u6027\u6216\u6bd2\u5c6c\u6027\u5bf6\u53ef\u5922\uff0c\n\u4e5f\u53ef\u8b93\u5c0d\u65b9\u9677\u5165\u4e2d\u6bd2\u72c0\u614b\u3002",
            "language": {
                "name": "zh-Hant",
                "url": "/api/v2/language/4/"
            },
            "version_group": {
                "name": "sword-shield",
                "url": "/api/v2/version-group/20/"
            }
        },
        {
            "flavor_text": "Permet d\u2019empoisonner les Pok\u00e9mon de type Acier\nou Poison.",
            "language": {
                "name": "fr",
                "url": "/api/v2/language/5/"
            },
            "version_group": {
                "name": "sword-shield",
                "url": "/api/v2/version-group/20/"
            }
        },
        {
            "flavor_text": "Kann selbst Pok\u00e9mon vom Typ Stahl oder Gift vergiften.",
            "language": {
                "name": "de",
                "url": "/api/v2/language/6/"
            },
            "version_group": {
                "name": "sword-shield",
                "url": "/api/v2/version-group/20/"
            }
        },
        {
            "flavor_text": "Puede envenenar incluso a rivales de tipo Acero o\nVeneno.",
            "language": {
                "name": "es",
                "url": "/api/v2/language/7/"
            },
            "version_group": {
                "name": "sword-shield",
                "url": "/api/v2/version-group/20/"
            }
        },
        {
            "flavor_text": "Il Pok\u00e9mon \u00e8 in grado di avvelenare il bersaglio\nanche se questo \u00e8 di tipo Acciaio o Veleno.",
            "language": {
                "name": "it",
                "url": "/api/v2/language/8/"
            },
            "version_group": {
                "name": "sword-shield",
                "url": "/api/v2/version-group/20/"
            }
        },
        {
            "flavor_text": "The Pok\u00e9mon can poison the target even if it\u2019s\na Steel or Poison type.",
            "language": {
                "name": "en",
                "url": "/api/v2/language/9/"
            },
            "version_group": {
                "name": "sword-shield",
                "url": "/api/v2/version-group/20/"
            }
        },
        {
            "flavor_text": "\u306f\u304c\u306d\u30bf\u30a4\u30d7\u3084\u3000\u3069\u304f\u30bf\u30a4\u30d7\u3082\n\u3069\u304f\u72b6\u614b\u306b\u3000\u3059\u308b\u3053\u3068\u304c\u3000\u3067\u304d\u308b\u3002",
            "language": {
                "name": "ja",
                "url": "/api/v2/language/11/"
            },
            "version_group": {
                "name": "sword-shield",
                "url": "/api/v2/version-group/20/"
            }
        },
        {
            "flavor_text": "\u53ef\u4ee5\u4f7f\u94a2\u5c5e\u6027\u548c\u6bd2\u5c5e\u6027\u7684\u5b9d\u53ef\u68a6\n\u4e5f\u9677\u5165\u4e2d\u6bd2\u72b6\u6001\u3002",
            "language": {
                "name": "zh-Hans",
                "url": "/api/v2/language/12/"
            },
            "version_group": {
                "name": "sword-shield",
                "url": "/api/v2/version-group/20/"
            }
        }
    ],
    "generation": {
        "name": "generation-vii",
        "url": "/api/v2/generation/7/"
    },
    "id": 212,
    "is_main_series": true,
    "name": "corrosion",
    "names": [
        {
            "language": {
                "name": "ja-Hrkt",
                "url": "/api/v2/language/1/"
            },
            "name": "\u3075\u3057\u3087\u304f"
        },
        {
            "language": {
                "name": "ko",
                "url": "/api/v2/language/3/"
            },
            "name": "\ubd80\uc2dd"
        },
        {
            "language": {
                "name": "zh-Hant",
                "url": "/api/v2/language/4/"
            },
            "name": "\u8150\u8755"
        },
        {
            "language": {
                "name": "fr",
                "url": "/api/v2/language/5/"
            },
            "name": "Corrosion"
        },
        {
            "language": {
                "name": "de",
                "url": "/api/v2/language/6/"
            },
            "name": "Korrosion"
        },
        {
            "language": {
                "name": "es",
                "url": "/api/v2/language/7/"
            },
            "name": "Corrosi\u00f3n"
        },
        {
            "language": {
                "name": "it",
                "url": "/api/v2/language/8/"
            },
            "name": "Corrosione"
        },
        {
            "language": {
                "name": "en",
                "url": "/api/v2/language/9/"
            },
            "name": "Corrosion"
        },
        {
            "language": {
                "name": "ja",
                "url": "/api/v2/language/11/"
            },
            "name": "\u3075\u3057\u3087\u304f"
        },
        {
            "language": {
                "name": "zh-Hans",
                "url": "/api/v2/language/12/"
            },
            "name": "\u8150\u8680"
        }
    ],
    "pokemon": [
        {
            "is_hidden": false,
            "pokemon": {
                "name": "salandit",
                "url": "/api/v2/pokemon/757/"
            },
            "slot": 1
        },
        {
            "is_hidden": false,
            "pokemon": {
                "name": "salazzle",
                "url": "/api/v2/pokemon/758/"
            },
            "slot": 1
        },
        {
            "is_hidden": true,
            "pokemon": {
                "name": "glimmet",
                "url": "/api/v2/pokemon/969/"
            },
            "slot": 3
        },
        {
            "is_hidden": true,
            "pokemon": {
                "name": "glimmora",
                "url": "/api/v2/pokemon/970/"
            },
            "slot": 3
        },
        {
            "is_hidden": false,
            "pokemon": {
                "name": "salazzle-totem",
                "url": "/api/v2/pokemon/10129/"
            },
            "slot": 1
        }
    ]
}