{
    "effect_changes": [],
    "effect_entries": [
        {
            "effect": "When this Pok\u00e9mon enters battle, it changes the terrain to grassy terrain.",
            "language": {
                "name": "en",
                "url": "/api/v2/language/9/"
            },
            "short_effect": "When this Pok\u00e9mon enters battle, it changes the terrain to Grassy Terrain."
        }
    ],
    "flavor_text_entries": [
        {
            "flavor_text": "\u3068\u3046\u3058\u3087\u3046\u3000\u3057\u305f\u3068\u304d\u306b\n\u30b0\u30e9\u30b9\u30d5\u30a3\u30fc\u30eb\u30c9\u3092\u3000\u306f\u308a\u3081\u3050\u3089\u305b\u308b\u3002",
            "language": {
                "name": "ja-Hrkt",
                "url": "/api/v2/language/1/"
            },
            "version_group": {
                "name": "sun-moon",
                "url": "/api/v2/version-group/17/"
            }
        },
        {
            "flavor_text": "\ub4f1\uc7a5\ud588\uc744 \ub54c\n\uadf8\ub798\uc2a4\ud544\ub4dc\ub97c \uc0ac\uc6a9\ud55c\ub2e4.",
            "language": {
                "name": "ko",
                "url": "/api/v2/language/3/"
            },
            "version_group": {
                "name": "sun-moon",
                "url": "/api/v2/version-group/17/"
            }
        },
        {
            "flavor_text": "\u51fa\u5834\u6642\uff0c\n\u6703\u5e03\u4e0b\u9752\u8349\u5834\u5730\u3002",
            "language": {
                "name": "zh-Hant",
                "url": "/api/v2/language/4/"
            },
            "version_group": {
                "name": "sun-moon",
                "url": "/api/v2/version-group/17/"
            }
        },
        {
            "flavor_text": "Le Pok\u00e9mon cr\u00e9e un Champ Herbu au moment\no\u00f9 il entre au combat.",
            "language": {
                "name": "fr",
                "url": "/api/v2/language/5/"
            },
            "version_group": {
                "name": "sun-moon",
                "url": "/api/v2/version-group/17/"
            }
        },
        {
            "flavor_text": "Erzeugt bei Kampfantritt ein Grasfeld.",
            "language": {
                "name": "de",
                "url": "/api/v2/language/6/"
            },
            "version_group": {
                "name": "sun-moon",
                "url": "/api/v2/version-group/17/"
            }
        },
        {
            "flavor_text": "Crea un campo de hierba al entrar en combate.",
            "language": {
                "name": "es",
                "url": "/api/v2/language/7/"
            },
            "version_group": {
                "name": "sun-moon",
                "url": "/api/v2/version-group/17/"
            }
        },
        {
            "flavor_text": "Quando il Pok\u00e9mon entra in campo,\nlo trasforma in un Campo Erboso.",
            "language": {
                "name": "it",
                "url": "/api/v2/language/8/"
            },
            "version_group": {
                "name": "sun-moon",
                "url": "/api/v2/version-group/17/"
            }
        },
        {
            "flavor_text": "Turns the ground into Grassy Terrain when\nthe Pok\u00e9mon enters a battle.",
            "language": {
                "name": "en",
                "url": "/api/v2/language/9/"
            },
            "version_group": {
                "name": "sun-moon",
                "url": "/api/v2/version-group/17/"
            }
        },
        {
            "flavor_text": "\u767b\u5834\u3000\u3057\u305f\u3068\u304d\u306b\n\u30b0\u30e9\u30b9\u30d5\u30a3\u30fc\u30eb\u30c9\u3092\u3000\u306f\u308a\u3081\u3050\u3089\u305b\u308b\u3002",
            "language": {
                "name": "ja",
                "url": "/api/v2/language/11/"
            },
            "version_group": {
                "name": "sun-moon",
                "url": "/api/v2/version-group/17/"
            }
        },
        {
            "flavor_text": "\u51fa\u573a\u65f6\uff0c\n\u4f1a\u5e03\u4e0b\u9752\u8349\u573a\u5730\u3002",
            "language": {
                "name": "zh-Hans",
                "url": "/api/v2/language/12/"
            },
            "version_group": {
                "name": "sun-moon",
                "url": "/api/v2/version-group/17/"
            }
        },
        {
            "flavor_text": "\u3068\u3046\u3058\u3087\u3046\u3000\u3057\u305f\u3068\u304d\u306b\n\u30b0\u30e9\u30b9\u30d5\u30a3\u30fc\u30eb\u30c9\u3092\u3000\u306f\u308a\u3081\u3050\u3089\u305b\u308b\u3002",
            "language": {
                "name": "ja-Hrkt",
                "url": "/api/v2/language/1/"
            },
            "version_group": {
                "name": "ultra-sun-ultra-moon",
                "url": "/api/v2/version-group/18/"
            }
        },
        {
            "flavor_text": "\ub4f1\uc7a5\ud588\uc744 \ub54c\n\uadf8\ub798\uc2a4\ud544\ub4dc\ub97c \uc0ac\uc6a9\ud55c\ub2e4.",
            "language": {
                "name": "ko",
                "url": "/api/v2/language/3/"
            },
            "version_group": {
                "name": "ultra-sun-ultra-moon",
                "url": "/api/v2/version-group/18/"
            }
        },
        {
            "flavor_text": "\u51fa\u5834\u6642\uff0c\n\u6703\u5e03\u4e0b\u9752\u8349\u5834\u5730\u3002",
            "language": {
                "name": "zh-Hant",
                "url": "/api/v2/language/4/"
            },
            "version_group": {
                "name": "ultra-sun-ultra-moon",
                "url": "/api/v2/version-group/18/"
            }
        },
        {
            "flavor_text": "Le Pok\u00e9mon cr\u00e9e un Champ Herbu au moment\no\u00f9 il entre au combat.",
            "language": {
                "name": "fr",
                "url": "/api/v2/language/5/"
            },
            "version_group": {
                "name": "ultra-sun-ultra-moon",
                "url": "/api/v2/version-group/18/"
            }
        },
        {
            "flavor_text": "Erzeugt bei Kampfantritt ein Grasfeld.",
            "language": {
                "name": "de",
                "url": "/api/v2/language/6/"
            },
            "version_group": {
                "name": "ultra-sun-ultra-moon",
                "url": "/api/v2/version-group/18/"
            }
        },
        {
            "flavor_text": "Crea un campo de hierba al entrar en combate.",
            "language": {
                "name": "es",
                "url": "/api/v2/language/7/"
            },
            "version_group": {
                "name": "ultra-sun-ultra-moon",
                "url": "/api/v2/version-group/18/"
            }
        },
        {
            "flavor_text": "Quando il Pok\u00e9mon entra in campo,\nlo trasforma in un Campo Erboso.",
            "language": {
                "name": "it",
                "url": "/api/v2/language/8/"
            },
            "version_group": {
                "name": "ultra-sun-ultra-moon",
                "url": "/api/v2/version-group/18/"
            }
        },
        {
            "flavor_text": "Turns the ground into Grassy Terrain when\nthe Pok\u00e9mon enters a battle.",
            "language": {
                "name": "en",
                "url": "/api/v2/language/9/"
            },
            "version_group": {
                "name": "ultra-sun-ultra-moon",
                "url": "/api/v2/version-group/18/"
            }
        },
        {
            "flavor_text": "\u767b\u5834\u3000\u3057\u305f\u3068\u304d\u306b\n\u30b0\u30e9\u30b9\u30d5\u30a3\u30fc\u30eb\u30c9\u3092\u3000\u306f\u308a\u3081\u3050\u3089\u305b\u308b\u3002",
            "language": {
                "name": "ja",
                "url": "/api/v2/language/11/"
            },
            "version_group": {
                "name": "ultra-sun-ultra-moon",
                "url": "/api/v2/version-group/18/"
            }
        },
        {
            "flavor_text": "\u51fa\u573a\u65f6\uff0c\n\u4f1a\u5e03\u4e0b\u9752\u8349\u573a\u5730\u3002",
            "language": {
                "name": "zh-Hans",
                "url": "/api/v2/language/12/"
            },
            "version_group": {
                "name": "ultra-sun-ultra-moon",
                "url": "/api/v2/version-group/18/"
            }
        },
        {
            "flavor_text": "\u3068\u3046\u3058\u3087\u3046\u3000\u3057\u305f\u3068\u304d\u306b\n\u30b0\u30e9\u30b9\u30d5\u30a3\u30fc\u30eb\u30c9\u3092\u3000\u306f\u308a\u3081\u3050\u3089\u305b\u308b\u3002",
            "language": {
                "name": "ja-Hrkt",
                "url": "/api/v2/language/1/"
            },
            "version_group": {
                "name": "lets-go-pikachu-lets-go-eevee",
                "url": "/api/v2/version-group/19/"
            }
        },
        {
            "flavor_text": "\ub4f1\uc7a5\ud588\uc744 \ub54c\n\uadf8\ub798\uc2a4\ud544\ub4dc\ub97c \uc0ac\uc6a9\ud55c\ub2e4.",
            "language": {
                "name": "ko",
                "url": "/api/v2/language/3/"
            },
            "version_group": {
                "name": "lets-go-pikachu-lets-go-eevee",
                "url": "/api/v2/version-group/19/"
            }
        },
        {
            "flavor_text": "\u51fa\u5834\u6642\uff0c\n\u6703\u5e03\u4e0b\u9752\u8349\u5834\u5730\u3002",
            "language": {
                "name": "zh-Hant",
                "url": "/api/v2/language/4/"
            },
            "version_group": {
                "name": "lets-go-pikachu-lets-go-eevee",
                "url": "/api/v2/version-group/19/"
            }
        },
        {
            "flavor_text": "Le Pok\u00e9mon cr\u00e9e un Champ Herbu au moment\no\u00f9 il entre au combat.",
            "language": {
                "name": "fr",
                "url": "/api/v2/language/5/"
            },
            "version_group": {
                "name": "lets-go-pikachu-lets-go-eevee",
                "url": "/api/v2/version-group/19/"
            }
        },
        {
            "flavor_text": "Erzeugt bei Kampfantritt ein Grasfeld.",
            "language": {
                "name": "de",
                "url": "/api/v2/language/6/"
            },
            "version_group": {
                "name": "lets-go-pikachu-lets-go-eevee",
                "url": "/api/v2/version-group/19/"
            }
        },
        {
            "flavor_text": "Crea un campo de hierba al entrar en combate.",
            "language": {
                "name": "es",
                "url": "/api/v2/language/7/"
            },
            "version_group": {
                "name": "lets-go-pikachu-lets-go-eevee",
                "url": "/api/v2/version-group/19/"
            }
        },
        {
            "flavor_text": "Quando il Pok\u00e9mon entra in campo,\nlo trasforma in un Campo Erboso.",
            "language": {
                "name": "it",
                "url": "/api/v2/language/8/"
            },
            "version_group": {
                "name": "lets-go-pikachu-lets-go-eevee",
                "url": "/api/v2/version-group/19/"
            }
        },
        {
            "flavor_text": "Turns the ground into Grassy Terrain when\nthe Pok\u00e9mon enters a battle.",
            "language": {
                "name": "en",
                "url": "/api/v2/language/9/"
            },
            "version_group": {
                "name": "lets-go-pikachu-lets-go-eevee",
                "url": "/api/v2/version-group/19/"
            }
        },
        {
            "flavor_text": "\u767b\u5834\u3000\u3057\u305f\u3068\u304d\u306b\n\u30b0\u30e9\u30b9\u30d5\u30a3\u30fc\u30eb\u30c9\u3092\u3000\u306f\u308a\u3081\u3050\u3089\u305b\u308b\u3002",
            "language": {
                "name": "ja",
                "url": "/api/v2/language/11/"
            },
            "version_group": {
                "name": "lets-go-pikachu-lets-go-eevee",
                "url": "/api/v2/version-group/19/"
            }
        },
        {
            "flavor_text": "\u51fa\u573a\u65f6\uff0c\n\u4f1a\u5e03\u4e0b\u9752\u8349\u573a\u5730\u3002",
            "language": {
                "name": "zh-Hans",
                "url": "/api/v2/language/12/"
            },
            "version_group": {
                "name": "lets-go-pikachu-lets-go-eevee",
                "url": "/api/v2/version-group/19/"
            }
        },
        {
            "flavor_text": "\u3068\u3046\u3058\u3087\u3046\u3000\u3057\u305f\u3068\u304d\u306b\n\u30b0\u30e9\u30b9\u30d5\u30a3\u30fc\u30eb\u30c9\u3092\u3000\u306f\u308a\u3081\u3050\u3089\u305b\u308b\u3002",
            "language": {
                "name": "ja-Hrkt",
                "url": "/api/v2/language/1/"
            },
            "version_group": {
                "name": "sword-shield",
                "url": "/api/v2/version-group/20/"
            }
        },
        {
            "flavor_text": "\ub4f1\uc7a5\ud588\uc744 \ub54c\n\uadf8\ub798\uc2a4\ud544\ub4dc\ub97c \uc0ac\uc6a9\ud55c\ub2e4.",
            "language": {
                "name": "ko",
                "url": "/api/v2/language/3/"
            },
            "version_group": {
                "name": "sword-shield",
                "url": "/api/v2/version-group/20/"
            }
        },
        {
            "flavor_text": "\u51fa\u5834\u6642\uff0c\n\u6703\u5e03\u4e0b\u9752\u8349\u5834\u5730\u3002",
            "language": {
                "name": "zh-Hant",
                "url": "/api/v2/language/4/"
            },
            "version_group": {
                "name": "sword-shield",
                "url": "/api/v2/version-group/20/"
            }
        },
        {
            "flavor_text": "Le Pok\u00e9mon cr\u00e9e un Champ Herbu au moment\no\u00f9 il entre au combat.",
            "language": {
                "name": "fr",
                "url": "/api/v2/language/5/"
            },
            "version_group": {
                "name": "sword-shield",
                "url": "/api/v2/version-group/20/"
            }
        },
        {
            "flavor_text": "Erzeugt bei Kampfantritt ein Grasfeld.",
            "language": {
                "name": "de",
                "url": "/api/v2/language/6/"
            },
            "version_group": {
                "name": "sword-shield",
                "url": "/api/v2/version-group/20/"
            }
        },
        {
            "flavor_text": "Crea un campo de hierba al entrar en combate.",
            "language": {
                "name": "es",
                "url": "/api/v2/language/7/"
            },
            "version_group": {
                "name": "sword-shield",
                "url": "/api/v2/version-group/20/"
            }
        },
        {
            "flavor_text": "Quando il Pok\u00e9mon entra in campo,\nlo trasforma in un Campo Erboso.",
            "language": {
                "name": "it",
                "url": "/api/v2/language/8/"
            },
            "version_group": {
                "name": "sword-shield",
                "url": "/api/v2/version-group/20/"
            }
        },
        {
            "flavor_text": "Turns the ground into Grassy Terrain when\nthe Pok\u00e9mon enters a battle.",
            "language": {
                "name": "en",
                "url": "/api/v2/language/9/"
            },
            "version_group": {
                "name": "sword-shield",
                "url": "/api/v2/version-group/20/"
            }
        },
        {
            "flavor_text": "\u767b\u5834\u3000\u3057\u305f\u3068\u304d\u306b\n\u30b0\u30e9\u30b9\u30d5\u30a3\u30fc\u30eb\u30c9\u3092\u3000\u306f\u308a\u3081\u3050\u3089\u305b\u308b\u3002",
            "language": {
                "name": "ja",
                "url": "/api/v2/language/11/"
            },
            "version_group": {
                "name": "sword-shield",
                "url": "/api/v2/version-group/20/"
            }
        },
        {
            "flavor_text": "\u51fa\u573a\u65f6\uff0c\n\u4f1a\u5e03\u4e0b\u9752\u8349\u573a\u5730\u3002",
            "language": {
                "name": "zh-Hans",
                "url": "/api/v2/language/12/"
            },
            "version_group": {
                "name": "sword-shield",
                "url": "/api/v2/version-group/20/"
            }
        }
    ],
    "generation": {
        "name": "generation-vii",
        "url": "/api/v2/generation/7/"
    },
    "id": 229,
    "is_main_series": true,
    "name": "grassy-surge",
    "names": [
        {
            "language": {
                "name": "ja-Hrkt",
                "url": "/api/v2/language/1/"
            },
            "name": "\u30b0\u30e9\u30b9\u30e1\u30a4\u30ab\u30fc"
        },
        {
            "language": {
                "name": "ko",
                "url": "/api/v2/language/3/"
            },
            "name": "\uadf8\ub798\uc2a4\uba54\uc774\ucee4"
        },
        {
            "language": {
                "name": "zh-Hant",
                "url": "/api/v2/language/4/"
            },
            "name": "\u9752\u8349\u88fd\u9020\u8005"
        },
        {
            "language": {
                "name": "fr",
                "url": "/api/v2/language/5/"
            },
            "name": "Cr\u00e9a-Herbe"
        },
        {
            "language": {
                "name": "de",
                "url": "/api/v2/language/6/"
            },
            "name": "Gras-Erzeuger"
        },
        {
            "language": {
                "name": "es",
                "url": "/api/v2/language/7/"
            },
            "name": "Herbog\u00e9nesis"
        },
        {
            "language": {
                "name": "it",
                "url": "/api/v2/language/8/"
            },
            "name": "Erbogenesi"
        },
        {
            "language": {
                "name": "en",
                "url": "/api/v2/language/9/"
            },
            "name": "Grassy Surge"
        },
        {
            "language": {
                "name": "ja",
                "url": "/api/v2/language/11/"
            },
            "name": "\u30b0\u30e9\u30b9\u30e1\u30a4\u30ab\u30fc"
        },
        {
            "language": {
                "name": "zh-Hans",
                "url": "/api/v2/language/12/"
            },
            "name": "\u9752\u8349\u5236\u9020\u8005"
        }
    ],
    "pokemon": [
        {
            "is_hidden": false,
            "pokemon": {
                "name": "tapu-bulu",
                "url": "/api/v2/pokemon/787/"
            },
            "slot": 1
        },
        {
            "is_hidden": true,
            "pokemon": {
                "name": "grookey",
                "url": "/api/v2/pokemon/810/"
            },
            "slot": 3
        },
        {
            "is_hidden": true,
            "pokemon": {
                "name": "thwackey",
                "url": "/api/v2/pokemon/811/"
            },
            "slot": 3
        },
        {
            "is_hidden": true,
            "pokemon": {
                "name": "rillaboom",
                "url": "/api/v2/pokemon/812/"
            },
            "slot": 3
        },
        {
            "is_hidden": true,
            "pokemon": {
                "name": "rillaboom-gmax",
                "url": "/api/v2/pokemon/10209/"
            },
            "slot": 3
        }
    ]
}