{
    "effect_changes": [],
    "effect_entries": [],
    "flavor_text_entries": [
        {
            "flavor_text": "\u3042\u3044\u3066\u3092\u3000\u305f\u304a\u3059\u3068\n\u3064\u3081\u305f\u3044\u3000\u3053\u3048\u3067\u3000\u3044\u306a\u306a\u3044\u3066\n\u3053\u3046\u3052\u304d\u304c\u3000\u3042\u304c\u308b\u3002",
            "language": {
                "name": "ja-Hrkt",
                "url": "/api/v2/language/1/"
            },
            "version_group": {
                "name": "sword-shield",
                "url": "/api/v2/version-group/20/"
            }
        },
        {
            "flavor_text": "\uc0c1\ub300\ub97c \uc4f0\ub7ec\ub728\ub9ac\uba74\n\ucc28\uac00\uc6b4 \uc6b8\uc74c\uc18c\ub9ac\ub97c \ub0b4\uba74\uc11c\n\uacf5\uaca9\uc774 \uc62c\ub77c\uac04\ub2e4.",
            "language": {
                "name": "ko",
                "url": "/api/v2/language/3/"
            },
            "version_group": {
                "name": "sword-shield",
                "url": "/api/v2/version-group/20/"
            }
        },
        {
            "flavor_text": "\u6253\u5012\u5c0d\u624b\u6642\n\u6703\u7528\u51b0\u51b7\u7684\u8072\u97f3\u5636\u9cf4\n\u4e26\u63d0\u9ad8\u653b\u64ca\u3002",
            "language": {
                "name": "zh-Hant",
                "url": "/api/v2/language/4/"
            },
            "version_group": {
                "name": "sword-shield",
                "url": "/api/v2/version-group/20/"
            }
        },
        {
            "flavor_text": "Quand le Pok\u00e9mon met un ennemi K.O., il \u00e9met\nun hennissement gla\u00e7ant, ce qui augmente son Attaque.",
            "language": {
                "name": "fr",
                "url": "/api/v2/language/5/"
            },
            "version_group": {
                "name": "sword-shield",
                "url": "/api/v2/version-group/20/"
            }
        },
        {
            "flavor_text": "Besiegt es ein Pok\u00e9mon, st\u00f6\u00dft es ein frostiges Wiehern\naus und erh\u00f6ht damit seinen Angriff.",
            "language": {
                "name": "de",
                "url": "/api/v2/language/6/"
            },
            "version_group": {
                "name": "sword-shield",
                "url": "/api/v2/version-group/20/"
            }
        },
        {
            "flavor_text": "Al derrotar a un objetivo, emite un relincho g\u00e9lido y\naumenta su Ataque.",
            "language": {
                "name": "es",
                "url": "/api/v2/language/7/"
            },
            "version_group": {
                "name": "sword-shield",
                "url": "/api/v2/version-group/20/"
            }
        },
        {
            "flavor_text": "Quando manda KO il nemico, emette un nitrito\nagghiacciante, aumentando il proprio Attacco.",
            "language": {
                "name": "it",
                "url": "/api/v2/language/8/"
            },
            "version_group": {
                "name": "sword-shield",
                "url": "/api/v2/version-group/20/"
            }
        },
        {
            "flavor_text": "When the Pok\u00e9mon knocks out a target, it utters a\nchilling neigh, which boosts its Attack stat.",
            "language": {
                "name": "en",
                "url": "/api/v2/language/9/"
            },
            "version_group": {
                "name": "sword-shield",
                "url": "/api/v2/version-group/20/"
            }
        },
        {
            "flavor_text": "\u76f8\u624b\u3092\u3000\u5012\u3059\u3068\n\u51b7\u305f\u3044\u3000\u58f0\u3067\u3000\u3044\u306a\u306a\u3044\u3066\n\u653b\u6483\u304c\u3000\u4e0a\u304c\u308b\u3002",
            "language": {
                "name": "ja",
                "url": "/api/v2/language/11/"
            },
            "version_group": {
                "name": "sword-shield",
                "url": "/api/v2/version-group/20/"
            }
        },
        {
            "flavor_text": "\u6253\u5012\u5bf9\u624b\u65f6\n\u4f1a\u7528\u51b0\u51b7\u7684\u58f0\u97f3\u5636\u9e23\n\u5e76\u63d0\u9ad8\u653b\u51fb\u3002",
            "language": {
                "name": "zh-Hans",
                "url": "/api/v2/language/12/"
            },
            "version_group": {
                "name": "sword-shield",
                "url": "/api/v2/version-group/20/"
            }
        }
    ],
    "generation": {
        "name": "generation-viii",
        "url": "/api/v2/generation/8/"
    },
    "id": 264,
    "is_main_series": true,
    "name": "chilling-neigh",
    "names": [
        {
            "language": {
                "name": "ja-Hrkt",
                "url": "/api/v2/language/1/"
            },
            "name": "\u3057\u308d\u306e\u3044\u306a\u306a\u304d"
        },
        {
            "language": {
                "name": "ko",
                "url": "/api/v2/language/3/"
            },
            "name": "\ubc31\uc758\uc6b8\uc74c"
        },
        {
            "language": {
                "name": "zh-Hant",
                "url": "/api/v2/language/4/"
            },
            "name": "\u84bc\u767d\u5636\u9cf4"
        },
        {
            "language": {
                "name": "fr",
                "url": "/api/v2/language/5/"
            },
            "name": "Blanche Ruade"
        },
        {
            "language": {
                "name": "de",
                "url": "/api/v2/language/6/"
            },
            "name": "Helles Wiehern"
        },
        {
            "language": {
                "name": "es",
                "url": "/api/v2/language/7/"
            },
            "name": "Relincho Blanco"
        },
        {
            "language": {
                "name": "it",
                "url": "/api/v2/language/8/"
            },
            "name": "Nitrito Bianco"
        },
        {
            "language": {
                "name": "en",
                "url": "/api/v2/language/9/"
            },
            "name": "Chilling Neigh"
        },
        {
            "language": {
                "name": "ja",
                "url": "/api/v2/language/11/"
            },
            "name": "\u3057\u308d\u306e\u3044\u306a\u306a\u304d"
        },
        {
            "language": {
                "name": "zh-Hans",
                "url": "/api/v2/language/12/"
            },
            "name": "\u82cd\u767d\u5636\u9e23"
        }
    ],
    "pokemon": [
        {
            "is_hidden": false,
            "pokemon": {
                "name": "glastrier",
                "url": "/api/v2/pokemon/896/"
            },
            "slot": 1
        }
    ]
}