{
    "effect_changes": [],
    "effect_entries": [
        {
            "effect": "Whenever this Pok\u00e9mon takes damage from a move that causes its HP to drop below 50%, its Special Attack rises by one stage.",
            "language": {
                "name": "en",
                "url": "/api/v2/language/9/"
            },
            "short_effect": "Raises this Pok\u00e9mon's Special Attack by one stage every time its HP drops below half."
        }
    ],
    "flavor_text_entries": [
        {
            "flavor_text": "\u3042\u3044\u3066\u306e\u3000\u3053\u3046\u3052\u304d\u3067\n\uff28\uff30\u304c\u3000\u306f\u3093\u3076\u3093\u306b\u3000\u306a\u308b\u3068\n\u3068\u304f\u3053\u3046\u304c\u3000\u3042\u304c\u308b\u3002",
            "language": {
                "name": "ja-Hrkt",
                "url": "/api/v2/language/1/"
            },
            "version_group": {
                "name": "sun-moon",
                "url": "/api/v2/version-group/17/"
            }
        },
        {
            "flavor_text": "\uc0c1\ub300\uc758 \uacf5\uaca9\uc73c\ub85c\nHP\uac00 \uc808\ubc18\uc774 \ub418\uba74\n\ud2b9\uc218\uacf5\uaca9\uc774 \uc62c\ub77c\uac04\ub2e4.",
            "language": {
                "name": "ko",
                "url": "/api/v2/language/3/"
            },
            "version_group": {
                "name": "sun-moon",
                "url": "/api/v2/version-group/17/"
            }
        },
        {
            "flavor_text": "\uff28\uff30\u56e0\u5c0d\u624b\u7684\u653b\u64ca\n\u964d\u5230\u4e00\u534a\u6642\uff0c\n\u7279\u653b\u6703\u63d0\u9ad8\u3002",
            "language": {
                "name": "zh-Hant",
                "url": "/api/v2/language/4/"
            },
            "version_group": {
                "name": "sun-moon",
                "url": "/api/v2/version-group/17/"
            }
        },
        {
            "flavor_text": "Augmente l\u2019Attaque Sp\u00e9ciale du Pok\u00e9mon\nlorsqu\u2019il tombe \u00e0 la moiti\u00e9 de ses PV\n\u00e0 cause d\u2019une attaque.",
            "language": {
                "name": "fr",
                "url": "/api/v2/language/5/"
            },
            "version_group": {
                "name": "sun-moon",
                "url": "/api/v2/version-group/17/"
            }
        },
        {
            "flavor_text": "Fallen seine KP nach einem Angriff auf die H\u00e4lfte\ndes Maximalwerts oder weniger, steigt sein\nSpezial-Angriff.",
            "language": {
                "name": "de",
                "url": "/api/v2/language/6/"
            },
            "version_group": {
                "name": "sun-moon",
                "url": "/api/v2/version-group/17/"
            }
        },
        {
            "flavor_text": "Aumenta el Ataque Especial si los ataques del\noponente le reducen los PS a la mitad.",
            "language": {
                "name": "es",
                "url": "/api/v2/language/7/"
            },
            "version_group": {
                "name": "sun-moon",
                "url": "/api/v2/version-group/17/"
            }
        },
        {
            "flavor_text": "Se i PS scendono a met\u00e0 o meno a causa di\nun attacco, l\u2019Attacco Speciale aumenta.",
            "language": {
                "name": "it",
                "url": "/api/v2/language/8/"
            },
            "version_group": {
                "name": "sun-moon",
                "url": "/api/v2/version-group/17/"
            }
        },
        {
            "flavor_text": "Boosts the Pok\u00e9mon\u2019s Sp. Atk stat when it takes a \nhit that causes its HP to become half or less.",
            "language": {
                "name": "en",
                "url": "/api/v2/language/9/"
            },
            "version_group": {
                "name": "sun-moon",
                "url": "/api/v2/version-group/17/"
            }
        },
        {
            "flavor_text": "\u76f8\u624b\u306e\u3000\u653b\u6483\u3067\n\uff28\uff30\u304c\u3000\u534a\u5206\u306b\u3000\u306a\u308b\u3068\n\u7279\u653b\u304c\u3000\u4e0a\u304c\u308b\u3002",
            "language": {
                "name": "ja",
                "url": "/api/v2/language/11/"
            },
            "version_group": {
                "name": "sun-moon",
                "url": "/api/v2/version-group/17/"
            }
        },
        {
            "flavor_text": "\u56e0\u5bf9\u624b\u7684\u653b\u51fb\n\uff28\uff30\u53d8\u4e3a\u4e00\u534a\u65f6\uff0c\n\u7279\u653b\u4f1a\u63d0\u9ad8\u3002",
            "language": {
                "name": "zh-Hans",
                "url": "/api/v2/language/12/"
            },
            "version_group": {
                "name": "sun-moon",
                "url": "/api/v2/version-group/17/"
            }
        },
        {
            "flavor_text": "\u3042\u3044\u3066\u306e\u3000\u3053\u3046\u3052\u304d\u3067\n\uff28\uff30\u304c\u3000\u306f\u3093\u3076\u3093\u306b\u3000\u306a\u308b\u3068\n\u3068\u304f\u3053\u3046\u304c\u3000\u3042\u304c\u308b\u3002",
            "language": {
                "name": "ja-Hrkt",
                "url": "/api/v2/language/1/"
            },
            "version_group": {
                "name": "ultra-sun-ultra-moon",
                "url": "/api/v2/version-group/18/"
            }
        },
        {
            "flavor_text": "\uc0c1\ub300\uc758 \uacf5\uaca9\uc73c\ub85c\nHP\uac00 \uc808\ubc18\uc774 \ub418\uba74\n\ud2b9\uc218\uacf5\uaca9\uc774 \uc62c\ub77c\uac04\ub2e4.",
            "language": {
                "name": "ko",
                "url": "/api/v2/language/3/"
            },
            "version_group": {
                "name": "ultra-sun-ultra-moon",
                "url": "/api/v2/version-group/18/"
            }
        },
        {
            "flavor_text": "\uff28\uff30\u56e0\u5c0d\u624b\u7684\u653b\u64ca\n\u964d\u5230\u4e00\u534a\u6642\uff0c\n\u7279\u653b\u6703\u63d0\u9ad8\u3002",
            "language": {
                "name": "zh-Hant",
                "url": "/api/v2/language/4/"
            },
            "version_group": {
                "name": "ultra-sun-ultra-moon",
                "url": "/api/v2/version-group/18/"
            }
        },
        {
            "flavor_text": "Augmente l\u2019Attaque Sp\u00e9ciale du Pok\u00e9mon\nlorsqu\u2019il tombe \u00e0 la moiti\u00e9 de ses PV\n\u00e0 cause d\u2019une attaque.",
            "language": {
                "name": "fr",
                "url": "/api/v2/language/5/"
            },
            "version_group": {
                "name": "ultra-sun-ultra-moon",
                "url": "/api/v2/version-group/18/"
            }
        },
        {
            "flavor_text": "Fallen seine KP nach einem Angriff auf die H\u00e4lfte\ndes Maximalwerts oder weniger, steigt sein\nSpezial-Angriff.",
            "language": {
                "name": "de",
                "url": "/api/v2/language/6/"
            },
            "version_group": {
                "name": "ultra-sun-ultra-moon",
                "url": "/api/v2/version-group/18/"
            }
        },
        {
            "flavor_text": "Aumenta el Ataque Especial si los ataques del\noponente le reducen los PS a la mitad.",
            "language": {
                "name": "es",
                "url": "/api/v2/language/7/"
            },
            "version_group": {
                "name": "ultra-sun-ultra-moon",
                "url": "/api/v2/version-group/18/"
            }
        },
        {
            "flavor_text": "Se i PS scendono a met\u00e0 o meno a causa di\nun attacco, l\u2019Attacco Speciale aumenta.",
            "language": {
                "name": "it",
                "url": "/api/v2/language/8/"
            },
            "version_group": {
                "name": "ultra-sun-ultra-moon",
                "url": "/api/v2/version-group/18/"
            }
        },
        {
            "flavor_text": "Boosts the Pok\u00e9mon\u2019s Sp. Atk stat when it takes a \nhit that causes its HP to become half or less.",
            "language": {
                "name": "en",
                "url": "/api/v2/language/9/"
            },
            "version_group": {
                "name": "ultra-sun-ultra-moon",
                "url": "/api/v2/version-group/18/"
            }
        },
        {
            "flavor_text": "\u76f8\u624b\u306e\u3000\u653b\u6483\u3067\n\uff28\uff30\u304c\u3000\u534a\u5206\u306b\u3000\u306a\u308b\u3068\n\u7279\u653b\u304c\u3000\u4e0a\u304c\u308b\u3002",
            "language": {
                "name": "ja",
                "url": "/api/v2/language/11/"
            },
            "version_group": {
                "name": "ultra-sun-ultra-moon",
                "url": "/api/v2/version-group/18/"
            }
        },
        {
            "flavor_text": "\u56e0\u5bf9\u624b\u7684\u653b\u51fb\n\uff28\uff30\u53d8\u4e3a\u4e00\u534a\u65f6\uff0c\n\u7279\u653b\u4f1a\u63d0\u9ad8\u3002",
            "language": {
                "name": "zh-Hans",
                "url": "/api/v2/language/12/"
            },
            "version_group": {
                "name": "ultra-sun-ultra-moon",
                "url": "/api/v2/version-group/18/"
            }
        },
        {
            "flavor_text": "\u3042\u3044\u3066\u306e\u3000\u3053\u3046\u3052\u304d\u3067\n\uff28\uff30\u304c\u3000\u306f\u3093\u3076\u3093\u306b\u3000\u306a\u308b\u3068\n\u3068\u304f\u3053\u3046\u304c\u3000\u3042\u304c\u308b\u3002",
            "language": {
                "name": "ja-Hrkt",
                "url": "/api/v2/language/1/"
            },
            "version_group": {
                "name": "lets-go-pikachu-lets-go-eevee",
                "url": "/api/v2/version-group/19/"
            }
        },
        {
            "flavor_text": "\uc0c1\ub300\uc758 \uacf5\uaca9\uc73c\ub85c\nHP\uac00 \uc808\ubc18\uc774 \ub418\uba74\n\ud2b9\uc218\uacf5\uaca9\uc774 \uc62c\ub77c\uac04\ub2e4.",
            "language": {
                "name": "ko",
                "url": "/api/v2/language/3/"
            },
            "version_group": {
                "name": "lets-go-pikachu-lets-go-eevee",
                "url": "/api/v2/version-group/19/"
            }
        },
        {
            "flavor_text": "HP\u56e0\u5c0d\u624b\u7684\u653b\u64ca\n\u964d\u5230\u4e00\u534a\u6642\uff0c\n\u7279\u653b\u6703\u63d0\u9ad8\u3002",
            "language": {
                "name": "zh-Hant",
                "url": "/api/v2/language/4/"
            },
            "version_group": {
                "name": "lets-go-pikachu-lets-go-eevee",
                "url": "/api/v2/version-group/19/"
            }
        },
        {
            "flavor_text": "Augmente l\u2019Attaque Sp\u00e9ciale du Pok\u00e9mon\nlorsqu\u2019il tombe \u00e0 la moiti\u00e9 de ses PV\n\u00e0 cause d\u2019une attaque.",
            "language": {
                "name": "fr",
                "url": "/api/v2/language/5/"
            },
            "version_group": {
                "name": "lets-go-pikachu-lets-go-eevee",
                "url": "/api/v2/version-group/19/"
            }
        },
        {
            "flavor_text": "Fallen seine KP nach einem Angriff auf die H\u00e4lfte\ndes Maximalwerts oder weniger, steigt sein\nSpezial-Angriff.",
            "language": {
                "name": "de",
                "url": "/api/v2/language/6/"
            },
            "version_group": {
                "name": "lets-go-pikachu-lets-go-eevee",
                "url": "/api/v2/version-group/19/"
            }
        },
        {
            "flavor_text": "Aumenta el Ataque Especial si los ataques del\noponente le reducen los PS a la mitad.",
            "language": {
                "name": "es",
                "url": "/api/v2/language/7/"
            },
            "version_group": {
                "name": "lets-go-pikachu-lets-go-eevee",
                "url": "/api/v2/version-group/19/"
            }
        },
        {
            "flavor_text": "Se i PS scendono a met\u00e0 o meno a causa di\nun attacco, l\u2019Attacco Speciale aumenta.",
            "language": {
                "name": "it",
                "url": "/api/v2/language/8/"
            },
            "version_group": {
                "name": "lets-go-pikachu-lets-go-eevee",
                "url": "/api/v2/version-group/19/"
            }
        },
        {
            "flavor_text": "Boosts the Pok\u00e9mon\u2019s Sp. Atk stat when it takes\na hit that causes its HP to become half or less.",
            "language": {
                "name": "en",
                "url": "/api/v2/language/9/"
            },
            "version_group": {
                "name": "lets-go-pikachu-lets-go-eevee",
                "url": "/api/v2/version-group/19/"
            }
        },
        {
            "flavor_text": "\u76f8\u624b\u306e\u3000\u653b\u6483\u3067\n\uff28\uff30\u304c\u3000\u534a\u5206\u306b\u3000\u306a\u308b\u3068\n\u7279\u653b\u304c\u3000\u4e0a\u304c\u308b\u3002",
            "language": {
                "name": "ja",
                "url": "/api/v2/language/11/"
            },
            "version_group": {
                "name": "lets-go-pikachu-lets-go-eevee",
                "url": "/api/v2/version-group/19/"
            }
        },
        {
            "flavor_text": "\u56e0\u5bf9\u624b\u7684\u653b\u51fb\nHP\u53d8\u4e3a\u4e00\u534a\u65f6\uff0c\n\u7279\u653b\u4f1a\u63d0\u9ad8\u3002",
            "language": {
                "name": "zh-Hans",
                "url": "/api/v2/language/12/"
            },
            "version_group": {
                "name": "lets-go-pikachu-lets-go-eevee",
                "url": "/api/v2/version-group/19/"
            }
        },
        {
            "flavor_text": "\u3042\u3044\u3066\u306e\u3000\u3053\u3046\u3052\u304d\u3067\n\uff28\uff30\u304c\u3000\u306f\u3093\u3076\u3093\u306b\u3000\u306a\u308b\u3068\n\u3068\u304f\u3053\u3046\u304c\u3000\u3042\u304c\u308b\u3002",
            "language": {
                "name": "ja-Hrkt",
                "url": "/api/v2/language/1/"
            },
            "version_group": {
                "name": "sword-shield",
                "url": "/api/v2/version-group/20/"
            }
        },
        {
            "flavor_text": "\uc0c1\ub300\uc758 \uacf5\uaca9\uc73c\ub85c\nHP\uac00 \uc808\ubc18\uc774 \ub418\uba74\n\ud2b9\uc218\uacf5\uaca9\uc774 \uc62c\ub77c\uac04\ub2e4.",
            "language": {
                "name": "ko",
                "url": "/api/v2/language/3/"
            },
            "version_group": {
                "name": "sword-shield",
                "url": "/api/v2/version-group/20/"
            }
        },
        {
            "flavor_text": "\uff28\uff30\u56e0\u5c0d\u624b\u7684\u653b\u64ca\n\u964d\u5230\u4e00\u534a\u6642\uff0c\n\u7279\u653b\u6703\u63d0\u9ad8\u3002",
            "language": {
                "name": "zh-Hant",
                "url": "/api/v2/language/4/"
            },
            "version_group": {
                "name": "sword-shield",
                "url": "/api/v2/version-group/20/"
            }
        },
        {
            "flavor_text": "Augmente l\u2019Attaque Sp\u00e9ciale du Pok\u00e9mon lorsqu\u2019il\ntombe \u00e0 la moiti\u00e9 de ses PV \u00e0 cause d\u2019une attaque.",
            "language": {
                "name": "fr",
                "url": "/api/v2/language/5/"
            },
            "version_group": {
                "name": "sword-shield",
                "url": "/api/v2/version-group/20/"
            }
        },
        {
            "flavor_text": "Fallen seine KP nach einem Angriff auf die H\u00e4lfte des\nMaximalwerts oder weniger, steigt sein Spezial-Angriff.",
            "language": {
                "name": "de",
                "url": "/api/v2/language/6/"
            },
            "version_group": {
                "name": "sword-shield",
                "url": "/api/v2/version-group/20/"
            }
        },
        {
            "flavor_text": "Aumenta su Ataque Especial si sus PS se ven reducidos\na la mitad debido a alg\u00fan ataque.",
            "language": {
                "name": "es",
                "url": "/api/v2/language/7/"
            },
            "version_group": {
                "name": "sword-shield",
                "url": "/api/v2/version-group/20/"
            }
        },
        {
            "flavor_text": "Se i PS scendono a met\u00e0 o meno a causa di\nun attacco, l\u2019Attacco Speciale aumenta.",
            "language": {
                "name": "it",
                "url": "/api/v2/language/8/"
            },
            "version_group": {
                "name": "sword-shield",
                "url": "/api/v2/version-group/20/"
            }
        },
        {
            "flavor_text": "Boosts the Pok\u00e9mon\u2019s Sp. Atk stat when it takes\na hit that causes its HP to become half or less.",
            "language": {
                "name": "en",
                "url": "/api/v2/language/9/"
            },
            "version_group": {
                "name": "sword-shield",
                "url": "/api/v2/version-group/20/"
            }
        },
        {
            "flavor_text": "\u76f8\u624b\u306e\u3000\u653b\u6483\u3067\n\uff28\uff30\u304c\u3000\u534a\u5206\u306b\u3000\u306a\u308b\u3068\n\u7279\u653b\u304c\u3000\u4e0a\u304c\u308b\u3002",
            "language": {
                "name": "ja",
                "url": "/api/v2/language/11/"
            },
            "version_group": {
                "name": "sword-shield",
                "url": "/api/v2/version-group/20/"
            }
        },
        {
            "flavor_text": "\u56e0\u5bf9\u624b\u7684\u653b\u51fb\n\uff28\uff30\u53d8\u4e3a\u4e00\u534a\u65f6\uff0c\n\u7279\u653b\u4f1a\u63d0\u9ad8\u3002",
            "language": {
                "name": "zh-Hans",
                "url": "/api/v2/language/12/"
            },
            "version_group": {
                "name": "sword-shield",
                "url": "/api/v2/version-group/20/"
            }
        }
    ],
    "generation": {
        "name": "generation-vii",
        "url": "/api/v2/generation/7/"
    },
    "id": 201,
    "is_main_series": true,
    "name": "berserk",
    "names": [
        {
            "language": {
                "name": "ja-Hrkt",
                "url": "/api/v2/language/1/"
            },
            "name": "\u304e\u3083\u304f\u3058\u3087\u3046"
        },
        {
            "language": {
                "name": "ko",
                "url": "/api/v2/language/3/"
            },
            "name": "\ubc1c\ub048"
        },
        {
            "language": {
                "name": "zh-Hant",
                "url": "/api/v2/language/4/"
            },
            "name": "\u6012\u706b\u6c96\u5929"
        },
        {
            "language": {
                "name": "fr",
                "url": "/api/v2/language/5/"
            },
            "name": "Dracol\u00e8re"
        },
        {
            "language": {
                "name": "de",
                "url": "/api/v2/language/6/"
            },
            "name": "Wutausbruch"
        },
        {
            "language": {
                "name": "es",
                "url": "/api/v2/language/7/"
            },
            "name": "C\u00f3lera"
        },
        {
            "language": {
                "name": "it",
                "url": "/api/v2/language/8/"
            },
            "name": "Furore"
        },
        {
            "language": {
                "name": "en",
                "url": "/api/v2/language/9/"
            },
            "name": "Berserk"
        },
        {
            "language": {
                "name": "ja",
                "url": "/api/v2/language/11/"
            },
            "name": "\u304e\u3083\u304f\u3058\u3087\u3046"
        },
        {
            "language": {
                "name": "zh-Hans",
                "url": "/api/v2/language/12/"
            },
            "name": "\u6012\u706b\u51b2\u5929"
        }
    ],
    "pokemon": [
        {
            "is_hidden": false,
            "pokemon": {
                "name": "drampa",
                "url": "/api/v2/pokemon/780/"
            },
            "slot": 1
        },
        {
            "is_hidden": false,
            "pokemon": {
                "name": "moltres-galar",
                "url": "/api/v2/pokemon/10171/"
            },
            "slot": 1
        }
    ]
}