{
    "effect_changes": [],
    "effect_entries": [
        {
            "effect": "Wenn ein Pok\u00e9mon mit dieser F\u00e4higkeit ausgewechselt wird, wird es von einer etwaigen major status ailment geheilt.\n\nWenn diese F\u00e4higkeit w\u00e4hrend des Kampfes erlangt wird, wird das Pok\u00e9mon beim Auswechseln geheilt, bevor es die F\u00e4higkeit wieder verliert.",
            "language": {
                "name": "de",
                "url": "/api/v2/language/6/"
            },
            "short_effect": "Heilt jede major status ailment beim Auswechseln"
        },
        {
            "effect": "This Pok\u00e9mon is cured of any major status ailment when it is switched out for another Pok\u00e9mon.\n\nIf this ability is acquired during battle, the Pok\u00e9mon is cured upon leaving battle before losing the temporary ability.",
            "language": {
                "name": "en",
                "url": "/api/v2/language/9/"
            },
            "short_effect": "Cures any major status ailment upon switching out."
        }
    ],
    "flavor_text_entries": [
        {
            "flavor_text": "Heals upon switching out.",
            "language": {
                "name": "en",
                "url": "/api/v2/language/9/"
            },
            "version_group": {
                "name": "ruby-sapphire",
                "url": "/api/v2/version-group/5/"
            }
        },
        {
            "flavor_text": "Heals upon switching out.",
            "language": {
                "name": "en",
                "url": "/api/v2/language/9/"
            },
            "version_group": {
                "name": "emerald",
                "url": "/api/v2/version-group/6/"
            }
        },
        {
            "flavor_text": "Heals upon switching out.",
            "language": {
                "name": "en",
                "url": "/api/v2/language/9/"
            },
            "version_group": {
                "name": "firered-leafgreen",
                "url": "/api/v2/version-group/7/"
            }
        },
        {
            "flavor_text": "All status problems are\nhealed upon switching out.",
            "language": {
                "name": "en",
                "url": "/api/v2/language/9/"
            },
            "version_group": {
                "name": "diamond-pearl",
                "url": "/api/v2/version-group/8/"
            }
        },
        {
            "flavor_text": "All status problems are\nhealed upon switching out.",
            "language": {
                "name": "en",
                "url": "/api/v2/language/9/"
            },
            "version_group": {
                "name": "platinum",
                "url": "/api/v2/version-group/9/"
            }
        },
        {
            "flavor_text": "All status problems heal\nwhen it switches out.",
            "language": {
                "name": "en",
                "url": "/api/v2/language/9/"
            },
            "version_group": {
                "name": "heartgold-soulsilver",
                "url": "/api/v2/version-group/10/"
            }
        },
        {
            "flavor_text": "Quitter le combat soigne\nles probl\u00e8mes de statut.",
            "language": {
                "name": "fr",
                "url": "/api/v2/language/5/"
            },
            "version_group": {
                "name": "black-white",
                "url": "/api/v2/version-group/11/"
            }
        },
        {
            "flavor_text": "All status problems heal\nwhen it switches out.",
            "language": {
                "name": "en",
                "url": "/api/v2/language/9/"
            },
            "version_group": {
                "name": "black-white",
                "url": "/api/v2/version-group/11/"
            }
        },
        {
            "flavor_text": "All status problems heal\nwhen it switches out.",
            "language": {
                "name": "en",
                "url": "/api/v2/language/9/"
            },
            "version_group": {
                "name": "black-2-white-2",
                "url": "/api/v2/version-group/14/"
            }
        },
        {
            "flavor_text": "\u3058\u3087\u3046\u305f\u3044\u3000\u3044\u3058\u3087\u3046\u304c\n\u3072\u3063\u3053\u3080\u3068\u3000\u306a\u304a\u308b\u3002",
            "language": {
                "name": "ja-Hrkt",
                "url": "/api/v2/language/1/"
            },
            "version_group": {
                "name": "x-y",
                "url": "/api/v2/version-group/15/"
            }
        },
        {
            "flavor_text": "\ubc30\ud2c0\uc5d0\uc11c \uc77c\ub2e8 \ubb3c\ub7ec\ub098\uba74\n\uc0c1\ud0dc \uc774\uc0c1\uc774 \ud68c\ubcf5\ub41c\ub2e4.",
            "language": {
                "name": "ko",
                "url": "/api/v2/language/3/"
            },
            "version_group": {
                "name": "x-y",
                "url": "/api/v2/version-group/15/"
            }
        },
        {
            "flavor_text": "Quitter le combat soigne les\nprobl\u00e8mes de statut.",
            "language": {
                "name": "fr",
                "url": "/api/v2/language/5/"
            },
            "version_group": {
                "name": "x-y",
                "url": "/api/v2/version-group/15/"
            }
        },
        {
            "flavor_text": "Heilt bei Austausch\nStatusprobleme.",
            "language": {
                "name": "de",
                "url": "/api/v2/language/6/"
            },
            "version_group": {
                "name": "x-y",
                "url": "/api/v2/version-group/15/"
            }
        },
        {
            "flavor_text": "Cura problemas de estado al\ncambiar de Pok\u00e9mon.",
            "language": {
                "name": "es",
                "url": "/api/v2/language/7/"
            },
            "version_group": {
                "name": "x-y",
                "url": "/api/v2/version-group/15/"
            }
        },
        {
            "flavor_text": "Cura i problemi di stato quando\nil Pok\u00e9mon viene sostituito.",
            "language": {
                "name": "it",
                "url": "/api/v2/language/8/"
            },
            "version_group": {
                "name": "x-y",
                "url": "/api/v2/version-group/15/"
            }
        },
        {
            "flavor_text": "All status conditions heal when\nthe Pok\u00e9mon switches out.",
            "language": {
                "name": "en",
                "url": "/api/v2/language/9/"
            },
            "version_group": {
                "name": "x-y",
                "url": "/api/v2/version-group/15/"
            }
        },
        {
            "flavor_text": "\u72b6\u614b\u7570\u5e38\u304c\n\u3072\u3063\u3053\u3080\u3068\u3000\u6cbb\u308b\u3002",
            "language": {
                "name": "ja",
                "url": "/api/v2/language/11/"
            },
            "version_group": {
                "name": "x-y",
                "url": "/api/v2/version-group/15/"
            }
        },
        {
            "flavor_text": "\u3058\u3087\u3046\u305f\u3044\u3000\u3044\u3058\u3087\u3046\u304c\n\u3072\u3063\u3053\u3080\u3068\u3000\u306a\u304a\u308b\u3002",
            "language": {
                "name": "ja-Hrkt",
                "url": "/api/v2/language/1/"
            },
            "version_group": {
                "name": "omega-ruby-alpha-sapphire",
                "url": "/api/v2/version-group/16/"
            }
        },
        {
            "flavor_text": "\ubc30\ud2c0\uc5d0\uc11c \uc77c\ub2e8 \ubb3c\ub7ec\ub098\uba74\n\uc0c1\ud0dc \uc774\uc0c1\uc774 \ud68c\ubcf5\ub41c\ub2e4.",
            "language": {
                "name": "ko",
                "url": "/api/v2/language/3/"
            },
            "version_group": {
                "name": "omega-ruby-alpha-sapphire",
                "url": "/api/v2/version-group/16/"
            }
        },
        {
            "flavor_text": "Quitter le combat soigne les\nprobl\u00e8mes de statut.",
            "language": {
                "name": "fr",
                "url": "/api/v2/language/5/"
            },
            "version_group": {
                "name": "omega-ruby-alpha-sapphire",
                "url": "/api/v2/version-group/16/"
            }
        },
        {
            "flavor_text": "Heilt bei Austausch\nStatusprobleme.",
            "language": {
                "name": "de",
                "url": "/api/v2/language/6/"
            },
            "version_group": {
                "name": "omega-ruby-alpha-sapphire",
                "url": "/api/v2/version-group/16/"
            }
        },
        {
            "flavor_text": "Cura problemas de estado al\ncambiar de Pok\u00e9mon.",
            "language": {
                "name": "es",
                "url": "/api/v2/language/7/"
            },
            "version_group": {
                "name": "omega-ruby-alpha-sapphire",
                "url": "/api/v2/version-group/16/"
            }
        },
        {
            "flavor_text": "Cura i problemi di stato quando\nil Pok\u00e9mon viene sostituito.",
            "language": {
                "name": "it",
                "url": "/api/v2/language/8/"
            },
            "version_group": {
                "name": "omega-ruby-alpha-sapphire",
                "url": "/api/v2/version-group/16/"
            }
        },
        {
            "flavor_text": "All status conditions heal when\nthe Pok\u00e9mon switches out.",
            "language": {
                "name": "en",
                "url": "/api/v2/language/9/"
            },
            "version_group": {
                "name": "omega-ruby-alpha-sapphire",
                "url": "/api/v2/version-group/16/"
            }
        },
        {
            "flavor_text": "\u72b6\u614b\u7570\u5e38\u304c\n\u3072\u3063\u3053\u3080\u3068\u3000\u6cbb\u308b\u3002",
            "language": {
                "name": "ja",
                "url": "/api/v2/language/11/"
            },
            "version_group": {
                "name": "omega-ruby-alpha-sapphire",
                "url": "/api/v2/version-group/16/"
            }
        },
        {
            "flavor_text": "\u3066\u3082\u3061\u306b\u3000\u3072\u3063\u3053\u3080\u3068\n\u3058\u3087\u3046\u305f\u3044\u3000\u3044\u3058\u3087\u3046\u304c\u3000\u306a\u304a\u308b\u3002",
            "language": {
                "name": "ja-Hrkt",
                "url": "/api/v2/language/1/"
            },
            "version_group": {
                "name": "sun-moon",
                "url": "/api/v2/version-group/17/"
            }
        },
        {
            "flavor_text": "\uc9c0\ub2cc \ud3ec\ucf13\ubaac\uc73c\ub85c \ub3cc\uc544\uc624\uba74\n\uc0c1\ud0dc \uc774\uc0c1\uc774 \ud68c\ubcf5\ub41c\ub2e4.",
            "language": {
                "name": "ko",
                "url": "/api/v2/language/3/"
            },
            "version_group": {
                "name": "sun-moon",
                "url": "/api/v2/version-group/17/"
            }
        },
        {
            "flavor_text": "\u7570\u5e38\u72c0\u614b\u6703\u5728\n\u96e2\u5834\u5f8c\u6cbb\u7652\u3002",
            "language": {
                "name": "zh-Hant",
                "url": "/api/v2/language/4/"
            },
            "version_group": {
                "name": "sun-moon",
                "url": "/api/v2/version-group/17/"
            }
        },
        {
            "flavor_text": "Le Pok\u00e9mon soigne ses alt\u00e9rations de statut\nen quittant le combat.",
            "language": {
                "name": "fr",
                "url": "/api/v2/language/5/"
            },
            "version_group": {
                "name": "sun-moon",
                "url": "/api/v2/version-group/17/"
            }
        },
        {
            "flavor_text": "Wird das Pok\u00e9mon ausgewechselt, werden seine\nStatusprobleme geheilt.",
            "language": {
                "name": "de",
                "url": "/api/v2/language/6/"
            },
            "version_group": {
                "name": "sun-moon",
                "url": "/api/v2/version-group/17/"
            }
        },
        {
            "flavor_text": "Cura problemas de estado al cambiar de Pok\u00e9mon.",
            "language": {
                "name": "es",
                "url": "/api/v2/language/7/"
            },
            "version_group": {
                "name": "sun-moon",
                "url": "/api/v2/version-group/17/"
            }
        },
        {
            "flavor_text": "Cura i problemi di stato quando il Pok\u00e9mon\nviene sostituito.",
            "language": {
                "name": "it",
                "url": "/api/v2/language/8/"
            },
            "version_group": {
                "name": "sun-moon",
                "url": "/api/v2/version-group/17/"
            }
        },
        {
            "flavor_text": "All status conditions heal when the Pok\u00e9mon\nswitches out.",
            "language": {
                "name": "en",
                "url": "/api/v2/language/9/"
            },
            "version_group": {
                "name": "sun-moon",
                "url": "/api/v2/version-group/17/"
            }
        },
        {
            "flavor_text": "\u624b\u6301\u3061\u306b\u3000\u3072\u3063\u3053\u3080\u3068\n\u72b6\u614b\u7570\u5e38\u304c\u3000\u6cbb\u308b\u3002",
            "language": {
                "name": "ja",
                "url": "/api/v2/language/11/"
            },
            "version_group": {
                "name": "sun-moon",
                "url": "/api/v2/version-group/17/"
            }
        },
        {
            "flavor_text": "\u56de\u5230\u540c\u884c\u961f\u4f0d\u540e\uff0c\n\u5f02\u5e38\u72b6\u6001\u5c31\u4f1a\u88ab\u6cbb\u6108\u3002",
            "language": {
                "name": "zh-Hans",
                "url": "/api/v2/language/12/"
            },
            "version_group": {
                "name": "sun-moon",
                "url": "/api/v2/version-group/17/"
            }
        },
        {
            "flavor_text": "\u3066\u3082\u3061\u306b\u3000\u3072\u3063\u3053\u3080\u3068\n\u3058\u3087\u3046\u305f\u3044\u3000\u3044\u3058\u3087\u3046\u304c\u3000\u306a\u304a\u308b\u3002",
            "language": {
                "name": "ja-Hrkt",
                "url": "/api/v2/language/1/"
            },
            "version_group": {
                "name": "ultra-sun-ultra-moon",
                "url": "/api/v2/version-group/18/"
            }
        },
        {
            "flavor_text": "\uc9c0\ub2cc \ud3ec\ucf13\ubaac\uc73c\ub85c \ub3cc\uc544\uc624\uba74\n\uc0c1\ud0dc \uc774\uc0c1\uc774 \ud68c\ubcf5\ub41c\ub2e4.",
            "language": {
                "name": "ko",
                "url": "/api/v2/language/3/"
            },
            "version_group": {
                "name": "ultra-sun-ultra-moon",
                "url": "/api/v2/version-group/18/"
            }
        },
        {
            "flavor_text": "\u7570\u5e38\u72c0\u614b\u6703\u5728\n\u96e2\u5834\u5f8c\u6cbb\u7652\u3002",
            "language": {
                "name": "zh-Hant",
                "url": "/api/v2/language/4/"
            },
            "version_group": {
                "name": "ultra-sun-ultra-moon",
                "url": "/api/v2/version-group/18/"
            }
        },
        {
            "flavor_text": "Le Pok\u00e9mon soigne ses alt\u00e9rations de statut\nen quittant le combat.",
            "language": {
                "name": "fr",
                "url": "/api/v2/language/5/"
            },
            "version_group": {
                "name": "ultra-sun-ultra-moon",
                "url": "/api/v2/version-group/18/"
            }
        },
        {
            "flavor_text": "Wird das Pok\u00e9mon ausgewechselt, werden seine\nStatusprobleme geheilt.",
            "language": {
                "name": "de",
                "url": "/api/v2/language/6/"
            },
            "version_group": {
                "name": "ultra-sun-ultra-moon",
                "url": "/api/v2/version-group/18/"
            }
        },
        {
            "flavor_text": "Cura problemas de estado al cambiar de Pok\u00e9mon.",
            "language": {
                "name": "es",
                "url": "/api/v2/language/7/"
            },
            "version_group": {
                "name": "ultra-sun-ultra-moon",
                "url": "/api/v2/version-group/18/"
            }
        },
        {
            "flavor_text": "Cura i problemi di stato quando il Pok\u00e9mon\nviene sostituito.",
            "language": {
                "name": "it",
                "url": "/api/v2/language/8/"
            },
            "version_group": {
                "name": "ultra-sun-ultra-moon",
                "url": "/api/v2/version-group/18/"
            }
        },
        {
            "flavor_text": "All status conditions heal when the Pok\u00e9mon\nswitches out.",
            "language": {
                "name": "en",
                "url": "/api/v2/language/9/"
            },
            "version_group": {
                "name": "ultra-sun-ultra-moon",
                "url": "/api/v2/version-group/18/"
            }
        },
        {
            "flavor_text": "\u624b\u6301\u3061\u306b\u3000\u3072\u3063\u3053\u3080\u3068\n\u72b6\u614b\u7570\u5e38\u304c\u3000\u6cbb\u308b\u3002",
            "language": {
                "name": "ja",
                "url": "/api/v2/language/11/"
            },
            "version_group": {
                "name": "ultra-sun-ultra-moon",
                "url": "/api/v2/version-group/18/"
            }
        },
        {
            "flavor_text": "\u56de\u5230\u540c\u884c\u961f\u4f0d\u540e\uff0c\n\u5f02\u5e38\u72b6\u6001\u5c31\u4f1a\u88ab\u6cbb\u6108\u3002",
            "language": {
                "name": "zh-Hans",
                "url": "/api/v2/language/12/"
            },
            "version_group": {
                "name": "ultra-sun-ultra-moon",
                "url": "/api/v2/version-group/18/"
            }
        },
        {
            "flavor_text": "\u3066\u3082\u3061\u306b\u3000\u3072\u3063\u3053\u3080\u3068\n\u3058\u3087\u3046\u305f\u3044\u3000\u3044\u3058\u3087\u3046\u304c\u3000\u306a\u304a\u308b\u3002",
            "language": {
                "name": "ja-Hrkt",
                "url": "/api/v2/language/1/"
            },
            "version_group": {
                "name": "lets-go-pikachu-lets-go-eevee",
                "url": "/api/v2/version-group/19/"
            }
        },
        {
            "flavor_text": "\uc9c0\ub2cc \ud3ec\ucf13\ubaac\uc73c\ub85c \ub3cc\uc544\uc624\uba74\n\uc0c1\ud0dc \uc774\uc0c1\uc774 \ud68c\ubcf5\ub41c\ub2e4.",
            "language": {
                "name": "ko",
                "url": "/api/v2/language/3/"
            },
            "version_group": {
                "name": "lets-go-pikachu-lets-go-eevee",
                "url": "/api/v2/version-group/19/"
            }
        },
        {
            "flavor_text": "\u7570\u5e38\u72c0\u614b\u6703\u5728\n\u96e2\u5834\u5f8c\u6cbb\u7652\u3002",
            "language": {
                "name": "zh-Hant",
                "url": "/api/v2/language/4/"
            },
            "version_group": {
                "name": "lets-go-pikachu-lets-go-eevee",
                "url": "/api/v2/version-group/19/"
            }
        },
        {
            "flavor_text": "Le Pok\u00e9mon soigne ses alt\u00e9rations de statut\nen quittant le combat.",
            "language": {
                "name": "fr",
                "url": "/api/v2/language/5/"
            },
            "version_group": {
                "name": "lets-go-pikachu-lets-go-eevee",
                "url": "/api/v2/version-group/19/"
            }
        },
        {
            "flavor_text": "Wird das Pok\u00e9mon ausgewechselt, werden seine\nStatusprobleme geheilt.",
            "language": {
                "name": "de",
                "url": "/api/v2/language/6/"
            },
            "version_group": {
                "name": "lets-go-pikachu-lets-go-eevee",
                "url": "/api/v2/version-group/19/"
            }
        },
        {
            "flavor_text": "Cura problemas de estado al cambiar de Pok\u00e9mon.",
            "language": {
                "name": "es",
                "url": "/api/v2/language/7/"
            },
            "version_group": {
                "name": "lets-go-pikachu-lets-go-eevee",
                "url": "/api/v2/version-group/19/"
            }
        },
        {
            "flavor_text": "Cura i problemi di stato quando il Pok\u00e9mon\nviene sostituito.",
            "language": {
                "name": "it",
                "url": "/api/v2/language/8/"
            },
            "version_group": {
                "name": "lets-go-pikachu-lets-go-eevee",
                "url": "/api/v2/version-group/19/"
            }
        },
        {
            "flavor_text": "All status conditions heal when the Pok\u00e9mon\nswitches out.",
            "language": {
                "name": "en",
                "url": "/api/v2/language/9/"
            },
            "version_group": {
                "name": "lets-go-pikachu-lets-go-eevee",
                "url": "/api/v2/version-group/19/"
            }
        },
        {
            "flavor_text": "\u624b\u6301\u3061\u306b\u3000\u3072\u3063\u3053\u3080\u3068\n\u72b6\u614b\u7570\u5e38\u304c\u3000\u6cbb\u308b\u3002",
            "language": {
                "name": "ja",
                "url": "/api/v2/language/11/"
            },
            "version_group": {
                "name": "lets-go-pikachu-lets-go-eevee",
                "url": "/api/v2/version-group/19/"
            }
        },
        {
            "flavor_text": "\u56de\u5230\u540c\u884c\u961f\u4f0d\u540e\uff0c\n\u5f02\u5e38\u72b6\u6001\u5c31\u4f1a\u88ab\u6cbb\u6108\u3002",
            "language": {
                "name": "zh-Hans",
                "url": "/api/v2/language/12/"
            },
            "version_group": {
                "name": "lets-go-pikachu-lets-go-eevee",
                "url": "/api/v2/version-group/19/"
            }
        },
        {
            "flavor_text": "\u3066\u3082\u3061\u306b\u3000\u3072\u3063\u3053\u3080\u3068\n\u3058\u3087\u3046\u305f\u3044\u3000\u3044\u3058\u3087\u3046\u304c\u3000\u306a\u304a\u308b\u3002",
            "language": {
                "name": "ja-Hrkt",
                "url": "/api/v2/language/1/"
            },
            "version_group": {
                "name": "sword-shield",
                "url": "/api/v2/version-group/20/"
            }
        },
        {
            "flavor_text": "\uc9c0\ub2cc \ud3ec\ucf13\ubaac\uc73c\ub85c \ub3cc\uc544\uc624\uba74\n\uc0c1\ud0dc \uc774\uc0c1\uc774 \ud68c\ubcf5\ub41c\ub2e4.",
            "language": {
                "name": "ko",
                "url": "/api/v2/language/3/"
            },
            "version_group": {
                "name": "sword-shield",
                "url": "/api/v2/version-group/20/"
            }
        },
        {
            "flavor_text": "\u7570\u5e38\u72c0\u614b\u6703\u5728\n\u96e2\u5834\u5f8c\u6cbb\u7652\u3002",
            "language": {
                "name": "zh-Hant",
                "url": "/api/v2/language/4/"
            },
            "version_group": {
                "name": "sword-shield",
                "url": "/api/v2/version-group/20/"
            }
        },
        {
            "flavor_text": "Le Pok\u00e9mon soigne ses alt\u00e9rations de statut\nen quittant le combat.",
            "language": {
                "name": "fr",
                "url": "/api/v2/language/5/"
            },
            "version_group": {
                "name": "sword-shield",
                "url": "/api/v2/version-group/20/"
            }
        },
        {
            "flavor_text": "Wird das Pok\u00e9mon ausgewechselt, werden seine\nStatusprobleme geheilt.",
            "language": {
                "name": "de",
                "url": "/api/v2/language/6/"
            },
            "version_group": {
                "name": "sword-shield",
                "url": "/api/v2/version-group/20/"
            }
        },
        {
            "flavor_text": "Cura sus problemas de estado al cambiarse con otro\nPok\u00e9mon.",
            "language": {
                "name": "es",
                "url": "/api/v2/language/7/"
            },
            "version_group": {
                "name": "sword-shield",
                "url": "/api/v2/version-group/20/"
            }
        },
        {
            "flavor_text": "Quando il Pok\u00e9mon viene sostituito, guarisce\ndai problemi di stato.",
            "language": {
                "name": "it",
                "url": "/api/v2/language/8/"
            },
            "version_group": {
                "name": "sword-shield",
                "url": "/api/v2/version-group/20/"
            }
        },
        {
            "flavor_text": "All status conditions heal when the Pok\u00e9mon\nswitches out.",
            "language": {
                "name": "en",
                "url": "/api/v2/language/9/"
            },
            "version_group": {
                "name": "sword-shield",
                "url": "/api/v2/version-group/20/"
            }
        },
        {
            "flavor_text": "\u624b\u6301\u3061\u306b\u3000\u3072\u3063\u3053\u3080\u3068\n\u72b6\u614b\u7570\u5e38\u304c\u3000\u6cbb\u308b\u3002",
            "language": {
                "name": "ja",
                "url": "/api/v2/language/11/"
            },
            "version_group": {
                "name": "sword-shield",
                "url": "/api/v2/version-group/20/"
            }
        },
        {
            "flavor_text": "\u56de\u5230\u540c\u884c\u961f\u4f0d\u540e\uff0c\n\u5f02\u5e38\u72b6\u6001\u5c31\u4f1a\u88ab\u6cbb\u6108\u3002",
            "language": {
                "name": "zh-Hans",
                "url": "/api/v2/language/12/"
            },
            "version_group": {
                "name": "sword-shield",
                "url": "/api/v2/version-group/20/"
            }
        }
    ],
    "generation": {
        "name": "generation-iii",
        "url": "/api/v2/generation/3/"
    },
    "id": 30,
    "is_main_series": true,
    "name": "natural-cure",
    "names": [
        {
            "language": {
                "name": "ja-Hrkt",
                "url": "/api/v2/language/1/"
            },
            "name": "\u3057\u305c\u3093\u304b\u3044\u3075\u304f"
        },
        {
            "language": {
                "name": "ko",
                "url": "/api/v2/language/3/"
            },
            "name": "\uc790\uc5f0\ud68c\ubcf5"
        },
        {
            "language": {
                "name": "zh-Hant",
                "url": "/api/v2/language/4/"
            },
            "name": "\u81ea\u7136\u56de\u5fa9"
        },
        {
            "language": {
                "name": "fr",
                "url": "/api/v2/language/5/"
            },
            "name": "M\u00e9dic Nature"
        },
        {
            "language": {
                "name": "de",
                "url": "/api/v2/language/6/"
            },
            "name": "Innere Kraft"
        },
        {
            "language": {
                "name": "es",
                "url": "/api/v2/language/7/"
            },
            "name": "Cura Natural"
        },
        {
            "language": {
                "name": "it",
                "url": "/api/v2/language/8/"
            },
            "name": "Alternacura"
        },
        {
            "language": {
                "name": "en",
                "url": "/api/v2/language/9/"
            },
            "name": "Natural Cure"
        },
        {
            "language": {
                "name": "ja",
                "url": "/api/v2/language/11/"
            },
            "name": "\u3057\u305c\u3093\u304b\u3044\u3075\u304f"
        },
        {
            "language": {
                "name": "zh-Hans",
                "url": "/api/v2/language/12/"
            },
            "name": "\u81ea\u7136\u56de\u590d"
        }
    ],
    "pokemon": [
        {
            "is_hidden": false,
            "pokemon": {
                "name": "chansey",
                "url": "/api/v2/pokemon/113/"
            },
            "slot": 1
        },
        {
            "is_hidden": false,
            "pokemon": {
                "name": "staryu",
                "url": "/api/v2/pokemon/120/"
            },
            "slot": 2
        },
        {
            "is_hidden": false,
            "pokemon": {
                "name": "starmie",
                "url": "/api/v2/pokemon/121/"
            },
            "slot": 2
        },
        {
            "is_hidden": false,
            "pokemon": {
                "name": "corsola",
                "url": "/api/v2/pokemon/222/"
            },
            "slot": 2
        },
        {
            "is_hidden": false,
            "pokemon": {
                "name": "blissey",
                "url": "/api/v2/pokemon/242/"
            },
            "slot": 1
        },
        {
            "is_hidden": false,
            "pokemon": {
                "name": "celebi",
                "url": "/api/v2/pokemon/251/"
            },
            "slot": 1
        },
        {
            "is_hidden": false,
            "pokemon": {
                "name": "roselia",
                "url": "/api/v2/pokemon/315/"
            },
            "slot": 1
        },
        {
            "is_hidden": false,
            "pokemon": {
                "name": "swablu",
                "url": "/api/v2/pokemon/333/"
            },
            "slot": 1
        },
        {
            "is_hidden": false,
            "pokemon": {
                "name": "altaria",
                "url": "/api/v2/pokemon/334/"
            },
            "slot": 1
        },
        {
            "is_hidden": false,
            "pokemon": {
                "name": "budew",
                "url": "/api/v2/pokemon/406/"
            },
            "slot": 1
        },
        {
            "is_hidden": false,
            "pokemon": {
                "name": "roserade",
                "url": "/api/v2/pokemon/407/"
            },
            "slot": 1
        },
        {
            "is_hidden": false,
            "pokemon": {
                "name": "happiny",
                "url": "/api/v2/pokemon/440/"
            },
            "slot": 1
        },
        {
            "is_hidden": false,
            "pokemon": {
                "name": "shaymin-land",
                "url": "/api/v2/pokemon/492/"
            },
            "slot": 1
        },
        {
            "is_hidden": false,
            "pokemon": {
                "name": "phantump",
                "url": "/api/v2/pokemon/708/"
            },
            "slot": 1
        },
        {
            "is_hidden": false,
            "pokemon": {
                "name": "trevenant",
                "url": "/api/v2/pokemon/709/"
            },
            "slot": 1
        },
        {
            "is_hidden": true,
            "pokemon": {
                "name": "comfey",
                "url": "/api/v2/pokemon/764/"
            },
            "slot": 3
        },
        {
            "is_hidden": false,
            "pokemon": {
                "name": "pawmi",
                "url": "/api/v2/pokemon/921/"
            },
            "slot": 2
        },
        {
            "is_hidden": false,
            "pokemon": {
                "name": "pawmo",
                "url": "/api/v2/pokemon/922/"
            },
            "slot": 2
        },
        {
            "is_hidden": false,
            "pokemon": {
                "name": "pawmot",
                "url": "/api/v2/pokemon/923/"
            },
            "slot": 2
        }
    ]
}