{
    "effect_changes": [],
    "effect_entries": [
        {
            "effect": "Ein Pok\u00e9mon mit dieser F\u00e4higkeit verurascht gegen Gegner vom gleichen Geschlecht 25% mehr Schaden und gegen Pok\u00e9mon vom anderen Geschlecht 25% weniger Schaden.\n\nWenn eins der Pok\u00e9mon geschlechtslos ist, wird der Schaden nicht beeinflusst.",
            "language": {
                "name": "de",
                "url": "/api/v2/language/6/"
            },
            "short_effect": "Erh\u00f6ht den verursachten Schaden gegen Pok\u00e9mon vom gleichen Geschlecht um 25% aber senkt ihn auf 0.75% gegen das andere Geschlecht."
        },
        {
            "effect": "This Pok\u00e9mon inflicts 1.25\u00d7 as much regular damage against Pok\u00e9mon of the same gender and 0.75\u00d7 as much regular damage against Pok\u00e9mon of the opposite gender.\n\nIf either Pok\u00e9mon is genderless, damage is unaffected.",
            "language": {
                "name": "en",
                "url": "/api/v2/language/9/"
            },
            "short_effect": "Increases damage inflicted to 1.25\u00d7 against Pok\u00e9mon of the same gender, but decreases damage to 0.75\u00d7 against the opposite gender."
        }
    ],
    "flavor_text_entries": [
        {
            "flavor_text": "Raises Attack if the foe\nis of the same gender.",
            "language": {
                "name": "en",
                "url": "/api/v2/language/9/"
            },
            "version_group": {
                "name": "diamond-pearl",
                "url": "/api/v2/version-group/8/"
            }
        },
        {
            "flavor_text": "Raises Attack if the foe\nis of the same gender.",
            "language": {
                "name": "en",
                "url": "/api/v2/language/9/"
            },
            "version_group": {
                "name": "platinum",
                "url": "/api/v2/version-group/9/"
            }
        },
        {
            "flavor_text": "Raises Attack if the foe\nis of the same gender.",
            "language": {
                "name": "en",
                "url": "/api/v2/language/9/"
            },
            "version_group": {
                "name": "heartgold-soulsilver",
                "url": "/api/v2/version-group/10/"
            }
        },
        {
            "flavor_text": "Devient plus fort si\nl\u2019ennemi est du m\u00eame sexe.",
            "language": {
                "name": "fr",
                "url": "/api/v2/language/5/"
            },
            "version_group": {
                "name": "black-white",
                "url": "/api/v2/version-group/11/"
            }
        },
        {
            "flavor_text": "Deals more damage to a\nPok\u00e9mon of same gender.",
            "language": {
                "name": "en",
                "url": "/api/v2/language/9/"
            },
            "version_group": {
                "name": "black-white",
                "url": "/api/v2/version-group/11/"
            }
        },
        {
            "flavor_text": "Deals more damage to a\nPok\u00e9mon of same gender.",
            "language": {
                "name": "en",
                "url": "/api/v2/language/9/"
            },
            "version_group": {
                "name": "black-2-white-2",
                "url": "/api/v2/version-group/14/"
            }
        },
        {
            "flavor_text": "\u3042\u3044\u3066\u3068\u3000\u305b\u3044\u3079\u3064\u304c\n\u304a\u306a\u3058\u3060\u3068\u3000\u3064\u3088\u304f\u306a\u308b\u3002",
            "language": {
                "name": "ja-Hrkt",
                "url": "/api/v2/language/1/"
            },
            "version_group": {
                "name": "x-y",
                "url": "/api/v2/version-group/15/"
            }
        },
        {
            "flavor_text": "\uc0c1\ub300\uc640 \uc131\ubcc4\uc774\n\uac19\uc73c\uba74 \uac15\ud574\uc9c4\ub2e4.",
            "language": {
                "name": "ko",
                "url": "/api/v2/language/3/"
            },
            "version_group": {
                "name": "x-y",
                "url": "/api/v2/version-group/15/"
            }
        },
        {
            "flavor_text": "Devient plus fort si l\u2019ennemi est\ndu m\u00eame sexe.",
            "language": {
                "name": "fr",
                "url": "/api/v2/language/5/"
            },
            "version_group": {
                "name": "x-y",
                "url": "/api/v2/version-group/15/"
            }
        },
        {
            "flavor_text": "Erh\u00f6ht den Schaden, wenn das\nZiel dasselbe Geschlecht hat.",
            "language": {
                "name": "de",
                "url": "/api/v2/language/6/"
            },
            "version_group": {
                "name": "x-y",
                "url": "/api/v2/version-group/15/"
            }
        },
        {
            "flavor_text": "Si el objetivo es del mismo sexo,\ninflige m\u00e1s da\u00f1o.",
            "language": {
                "name": "es",
                "url": "/api/v2/language/7/"
            },
            "version_group": {
                "name": "x-y",
                "url": "/api/v2/version-group/15/"
            }
        },
        {
            "flavor_text": "Rende pi\u00f9 forti contro nemici\ndello stesso sesso.",
            "language": {
                "name": "it",
                "url": "/api/v2/language/8/"
            },
            "version_group": {
                "name": "x-y",
                "url": "/api/v2/version-group/15/"
            }
        },
        {
            "flavor_text": "Deals more damage to Pok\u00e9mon\nof the same gender.",
            "language": {
                "name": "en",
                "url": "/api/v2/language/9/"
            },
            "version_group": {
                "name": "x-y",
                "url": "/api/v2/version-group/15/"
            }
        },
        {
            "flavor_text": "\u76f8\u624b\u3068\u3000\u6027\u5225\u304c\n\u540c\u3058\u3060\u3068\u3000\u5f37\u304f\u306a\u308b\u3002",
            "language": {
                "name": "ja",
                "url": "/api/v2/language/11/"
            },
            "version_group": {
                "name": "x-y",
                "url": "/api/v2/version-group/15/"
            }
        },
        {
            "flavor_text": "\u3042\u3044\u3066\u3068\u3000\u305b\u3044\u3079\u3064\u304c\n\u304a\u306a\u3058\u3060\u3068\u3000\u3064\u3088\u304f\u306a\u308b\u3002",
            "language": {
                "name": "ja-Hrkt",
                "url": "/api/v2/language/1/"
            },
            "version_group": {
                "name": "omega-ruby-alpha-sapphire",
                "url": "/api/v2/version-group/16/"
            }
        },
        {
            "flavor_text": "\uc0c1\ub300\uc640 \uc131\ubcc4\uc774\n\uac19\uc73c\uba74 \uac15\ud574\uc9c4\ub2e4.",
            "language": {
                "name": "ko",
                "url": "/api/v2/language/3/"
            },
            "version_group": {
                "name": "omega-ruby-alpha-sapphire",
                "url": "/api/v2/version-group/16/"
            }
        },
        {
            "flavor_text": "Devient plus fort si l\u2019ennemi est\ndu m\u00eame sexe.",
            "language": {
                "name": "fr",
                "url": "/api/v2/language/5/"
            },
            "version_group": {
                "name": "omega-ruby-alpha-sapphire",
                "url": "/api/v2/version-group/16/"
            }
        },
        {
            "flavor_text": "Erh\u00f6ht den Schaden, wenn das\nZiel dasselbe Geschlecht hat.",
            "language": {
                "name": "de",
                "url": "/api/v2/language/6/"
            },
            "version_group": {
                "name": "omega-ruby-alpha-sapphire",
                "url": "/api/v2/version-group/16/"
            }
        },
        {
            "flavor_text": "Si el objetivo es del mismo sexo,\ninflige m\u00e1s da\u00f1o.",
            "language": {
                "name": "es",
                "url": "/api/v2/language/7/"
            },
            "version_group": {
                "name": "omega-ruby-alpha-sapphire",
                "url": "/api/v2/version-group/16/"
            }
        },
        {
            "flavor_text": "Rende pi\u00f9 forti contro nemici\ndello stesso sesso.",
            "language": {
                "name": "it",
                "url": "/api/v2/language/8/"
            },
            "version_group": {
                "name": "omega-ruby-alpha-sapphire",
                "url": "/api/v2/version-group/16/"
            }
        },
        {
            "flavor_text": "Deals more damage to Pok\u00e9mon\nof the same gender.",
            "language": {
                "name": "en",
                "url": "/api/v2/language/9/"
            },
            "version_group": {
                "name": "omega-ruby-alpha-sapphire",
                "url": "/api/v2/version-group/16/"
            }
        },
        {
            "flavor_text": "\u76f8\u624b\u3068\u3000\u6027\u5225\u304c\n\u540c\u3058\u3060\u3068\u3000\u5f37\u304f\u306a\u308b\u3002",
            "language": {
                "name": "ja",
                "url": "/api/v2/language/11/"
            },
            "version_group": {
                "name": "omega-ruby-alpha-sapphire",
                "url": "/api/v2/version-group/16/"
            }
        },
        {
            "flavor_text": "\u305b\u3044\u3079\u3064\u304c\u3000\u304a\u306a\u3058\u3060\u3068\n\u3068\u3046\u305d\u3046\u3057\u3093\u3092\u3000\u3082\u3084\u3057\u3066\u3000\u3064\u3088\u304f\u306a\u308b\n\u305b\u3044\u3079\u3064\u304c\u3000\u3061\u304c\u3046\u3068\u3000\u3088\u308f\u304f\u306a\u308b",
            "language": {
                "name": "ja-Hrkt",
                "url": "/api/v2/language/1/"
            },
            "version_group": {
                "name": "sun-moon",
                "url": "/api/v2/version-group/17/"
            }
        },
        {
            "flavor_text": "\uc131\ubcc4\uc774 \uac19\uc73c\uba74\n\ud22c\uc7c1\uc2ec\uc744 \ubd88\ud0dc\uc6cc \uac15\ud574\uc9c4\ub2e4.\n\uc131\ubcc4\uc774 \ub2e4\ub974\uba74 \uc57d\ud574\uc9c4\ub2e4.",
            "language": {
                "name": "ko",
                "url": "/api/v2/language/3/"
            },
            "version_group": {
                "name": "sun-moon",
                "url": "/api/v2/version-group/17/"
            }
        },
        {
            "flavor_text": "\u9762\u5c0d\u6027\u5225\u76f8\u540c\u7684\u5c0d\u624b\uff0c\n\u6703\u71c3\u8d77\u9b25\u722d\u5fc3\uff0c\u8b8a\u5f97\u66f4\u5f37\u3002\n\u9762\u5c0d\u6027\u5225\u4e0d\u540c\u7684\u5c0d\u624b\u6642\u5247\u6703\u8b8a\u5f31\u3002",
            "language": {
                "name": "zh-Hant",
                "url": "/api/v2/language/4/"
            },
            "version_group": {
                "name": "sun-moon",
                "url": "/api/v2/version-group/17/"
            }
        },
        {
            "flavor_text": "Le Pok\u00e9mon d\u00e9teste la concurrence et inflige plus\nde d\u00e9g\u00e2ts si l\u2019ennemi est du m\u00eame sexe. Par contre,\nil en inflige moins si l\u2019ennemi est du sexe oppos\u00e9.",
            "language": {
                "name": "fr",
                "url": "/api/v2/language/5/"
            },
            "version_group": {
                "name": "sun-moon",
                "url": "/api/v2/version-group/17/"
            }
        },
        {
            "flavor_text": "Greift es einen Rivalen desselben Geschlechts an,\nwird es st\u00e4rker. Greift es ein Ziel des anderen\nGeschlechts an, wird es schw\u00e4cher.",
            "language": {
                "name": "de",
                "url": "/api/v2/language/6/"
            },
            "version_group": {
                "name": "sun-moon",
                "url": "/api/v2/version-group/17/"
            }
        },
        {
            "flavor_text": "Si el objetivo es del mismo sexo, su competitividad le\nlleva a infligir m\u00e1s da\u00f1o. Si es del sexo contrario, en\ncambio, el da\u00f1o ser\u00e1 menor.",
            "language": {
                "name": "es",
                "url": "/api/v2/language/7/"
            },
            "version_group": {
                "name": "sun-moon",
                "url": "/api/v2/version-group/17/"
            }
        },
        {
            "flavor_text": "Rende pi\u00f9 forti contro nemici dello stesso sesso,\nma pi\u00f9 deboli contro nemici di sesso opposto.",
            "language": {
                "name": "it",
                "url": "/api/v2/language/8/"
            },
            "version_group": {
                "name": "sun-moon",
                "url": "/api/v2/version-group/17/"
            }
        },
        {
            "flavor_text": "Becomes competitive and deals more damage to\nPok\u00e9mon of the same gender, but deals less to\nPok\u00e9mon of the opposite gender.",
            "language": {
                "name": "en",
                "url": "/api/v2/language/9/"
            },
            "version_group": {
                "name": "sun-moon",
                "url": "/api/v2/version-group/17/"
            }
        },
        {
            "flavor_text": "\u6027\u5225\u304c\u3000\u540c\u3058\u3060\u3068\n\u95d8\u4e89\u5fc3\u3092\u3000\u71c3\u3084\u3057\u3066\u3000\u5f37\u304f\u306a\u308b\u3002\n\u6027\u5225\u304c\u3000\u9055\u3046\u3068\u3000\u5f31\u304f\u306a\u308b\u3002",
            "language": {
                "name": "ja",
                "url": "/api/v2/language/11/"
            },
            "version_group": {
                "name": "sun-moon",
                "url": "/api/v2/version-group/17/"
            }
        },
        {
            "flavor_text": "\u9762\u5bf9\u6027\u522b\u76f8\u540c\u7684\u5bf9\u624b\uff0c\n\u4f1a\u71c3\u8d77\u6597\u4e89\u5fc3\uff0c\u53d8\u5f97\u66f4\u5f3a\u3002\n\u800c\u9762\u5bf9\u6027\u522b\u4e0d\u540c\u7684\uff0c\u5219\u4f1a\u53d8\u5f31\u3002",
            "language": {
                "name": "zh-Hans",
                "url": "/api/v2/language/12/"
            },
            "version_group": {
                "name": "sun-moon",
                "url": "/api/v2/version-group/17/"
            }
        },
        {
            "flavor_text": "\u305b\u3044\u3079\u3064\u304c\u3000\u304a\u306a\u3058\u3060\u3068\n\u3068\u3046\u305d\u3046\u3057\u3093\u3092\u3000\u3082\u3084\u3057\u3066\u3000\u3064\u3088\u304f\u306a\u308b\n\u305b\u3044\u3079\u3064\u304c\u3000\u3061\u304c\u3046\u3068\u3000\u3088\u308f\u304f\u306a\u308b",
            "language": {
                "name": "ja-Hrkt",
                "url": "/api/v2/language/1/"
            },
            "version_group": {
                "name": "ultra-sun-ultra-moon",
                "url": "/api/v2/version-group/18/"
            }
        },
        {
            "flavor_text": "\uc131\ubcc4\uc774 \uac19\uc73c\uba74\n\ud22c\uc7c1\uc2ec\uc744 \ubd88\ud0dc\uc6cc \uac15\ud574\uc9c4\ub2e4.\n\uc131\ubcc4\uc774 \ub2e4\ub974\uba74 \uc57d\ud574\uc9c4\ub2e4.",
            "language": {
                "name": "ko",
                "url": "/api/v2/language/3/"
            },
            "version_group": {
                "name": "ultra-sun-ultra-moon",
                "url": "/api/v2/version-group/18/"
            }
        },
        {
            "flavor_text": "\u9762\u5c0d\u6027\u5225\u76f8\u540c\u7684\u5c0d\u624b\uff0c\n\u6703\u71c3\u8d77\u9b25\u722d\u5fc3\uff0c\u8b8a\u5f97\u66f4\u5f37\u3002\n\u9762\u5c0d\u6027\u5225\u4e0d\u540c\u7684\u5c0d\u624b\u6642\u5247\u6703\u8b8a\u5f31\u3002",
            "language": {
                "name": "zh-Hant",
                "url": "/api/v2/language/4/"
            },
            "version_group": {
                "name": "ultra-sun-ultra-moon",
                "url": "/api/v2/version-group/18/"
            }
        },
        {
            "flavor_text": "Le Pok\u00e9mon d\u00e9teste la concurrence et inflige plus\nde d\u00e9g\u00e2ts si l\u2019ennemi est du m\u00eame sexe. Par contre,\nil en inflige moins si l\u2019ennemi est du sexe oppos\u00e9.",
            "language": {
                "name": "fr",
                "url": "/api/v2/language/5/"
            },
            "version_group": {
                "name": "ultra-sun-ultra-moon",
                "url": "/api/v2/version-group/18/"
            }
        },
        {
            "flavor_text": "Greift es einen Rivalen desselben Geschlechts an,\nwird es st\u00e4rker. Greift es ein Ziel des anderen\nGeschlechts an, wird es schw\u00e4cher.",
            "language": {
                "name": "de",
                "url": "/api/v2/language/6/"
            },
            "version_group": {
                "name": "ultra-sun-ultra-moon",
                "url": "/api/v2/version-group/18/"
            }
        },
        {
            "flavor_text": "Si el objetivo es del mismo sexo, su competitividad le\nlleva a infligir m\u00e1s da\u00f1o. Si es del sexo contrario, en\ncambio, el da\u00f1o ser\u00e1 menor.",
            "language": {
                "name": "es",
                "url": "/api/v2/language/7/"
            },
            "version_group": {
                "name": "ultra-sun-ultra-moon",
                "url": "/api/v2/version-group/18/"
            }
        },
        {
            "flavor_text": "Rende pi\u00f9 forti contro nemici dello stesso sesso,\nma pi\u00f9 deboli contro nemici di sesso opposto.",
            "language": {
                "name": "it",
                "url": "/api/v2/language/8/"
            },
            "version_group": {
                "name": "ultra-sun-ultra-moon",
                "url": "/api/v2/version-group/18/"
            }
        },
        {
            "flavor_text": "Becomes competitive and deals more damage to\nPok\u00e9mon of the same gender, but deals less to\nPok\u00e9mon of the opposite gender.",
            "language": {
                "name": "en",
                "url": "/api/v2/language/9/"
            },
            "version_group": {
                "name": "ultra-sun-ultra-moon",
                "url": "/api/v2/version-group/18/"
            }
        },
        {
            "flavor_text": "\u6027\u5225\u304c\u3000\u540c\u3058\u3060\u3068\n\u95d8\u4e89\u5fc3\u3092\u3000\u71c3\u3084\u3057\u3066\u3000\u5f37\u304f\u306a\u308b\u3002\n\u6027\u5225\u304c\u3000\u9055\u3046\u3068\u3000\u5f31\u304f\u306a\u308b\u3002",
            "language": {
                "name": "ja",
                "url": "/api/v2/language/11/"
            },
            "version_group": {
                "name": "ultra-sun-ultra-moon",
                "url": "/api/v2/version-group/18/"
            }
        },
        {
            "flavor_text": "\u9762\u5bf9\u6027\u522b\u76f8\u540c\u7684\u5bf9\u624b\uff0c\n\u4f1a\u71c3\u8d77\u6597\u4e89\u5fc3\uff0c\u53d8\u5f97\u66f4\u5f3a\u3002\n\u800c\u9762\u5bf9\u6027\u522b\u4e0d\u540c\u7684\uff0c\u5219\u4f1a\u53d8\u5f31\u3002",
            "language": {
                "name": "zh-Hans",
                "url": "/api/v2/language/12/"
            },
            "version_group": {
                "name": "ultra-sun-ultra-moon",
                "url": "/api/v2/version-group/18/"
            }
        },
        {
            "flavor_text": "\u305b\u3044\u3079\u3064\u304c\u3000\u304a\u306a\u3058\u3060\u3068\n\u3068\u3046\u305d\u3046\u3057\u3093\u3092\u3000\u3082\u3084\u3057\u3066\u3000\u3064\u3088\u304f\u306a\u308b\n\u305b\u3044\u3079\u3064\u304c\u3000\u3061\u304c\u3046\u3068\u3000\u3088\u308f\u304f\u306a\u308b",
            "language": {
                "name": "ja-Hrkt",
                "url": "/api/v2/language/1/"
            },
            "version_group": {
                "name": "lets-go-pikachu-lets-go-eevee",
                "url": "/api/v2/version-group/19/"
            }
        },
        {
            "flavor_text": "\uc131\ubcc4\uc774 \uac19\uc73c\uba74\n\ud22c\uc7c1\uc2ec\uc744 \ubd88\ud0dc\uc6cc \uac15\ud574\uc9c4\ub2e4.\n\uc131\ubcc4\uc774 \ub2e4\ub974\uba74 \uc57d\ud574\uc9c4\ub2e4.",
            "language": {
                "name": "ko",
                "url": "/api/v2/language/3/"
            },
            "version_group": {
                "name": "lets-go-pikachu-lets-go-eevee",
                "url": "/api/v2/version-group/19/"
            }
        },
        {
            "flavor_text": "\u9762\u5c0d\u6027\u5225\u76f8\u540c\u7684\u5c0d\u624b\uff0c\n\u6703\u71c3\u8d77\u9b25\u722d\u5fc3\uff0c\u8b8a\u5f97\u66f4\u5f37\u3002\n\u9762\u5c0d\u6027\u5225\u4e0d\u540c\u7684\u5c0d\u624b\u6642\u5247\u6703\u8b8a\u5f31\u3002",
            "language": {
                "name": "zh-Hant",
                "url": "/api/v2/language/4/"
            },
            "version_group": {
                "name": "lets-go-pikachu-lets-go-eevee",
                "url": "/api/v2/version-group/19/"
            }
        },
        {
            "flavor_text": "Le Pok\u00e9mon d\u00e9teste la concurrence et inflige plus\nde d\u00e9g\u00e2ts si l\u2019ennemi est du m\u00eame sexe. Par contre,\nil en inflige moins si l\u2019ennemi est du sexe oppos\u00e9.",
            "language": {
                "name": "fr",
                "url": "/api/v2/language/5/"
            },
            "version_group": {
                "name": "lets-go-pikachu-lets-go-eevee",
                "url": "/api/v2/version-group/19/"
            }
        },
        {
            "flavor_text": "Greift es einen Rivalen desselben Geschlechts an,\nwird es st\u00e4rker. Greift es ein Ziel des anderen\nGeschlechts an, wird es schw\u00e4cher.",
            "language": {
                "name": "de",
                "url": "/api/v2/language/6/"
            },
            "version_group": {
                "name": "lets-go-pikachu-lets-go-eevee",
                "url": "/api/v2/version-group/19/"
            }
        },
        {
            "flavor_text": "Si el objetivo es del mismo sexo, su competitividad le\nlleva a infligir m\u00e1s da\u00f1o. Si es del sexo contrario, en\ncambio, el da\u00f1o ser\u00e1 menor.",
            "language": {
                "name": "es",
                "url": "/api/v2/language/7/"
            },
            "version_group": {
                "name": "lets-go-pikachu-lets-go-eevee",
                "url": "/api/v2/version-group/19/"
            }
        },
        {
            "flavor_text": "Rende pi\u00f9 forti contro nemici dello stesso sesso,\nma pi\u00f9 deboli contro nemici di sesso opposto.",
            "language": {
                "name": "it",
                "url": "/api/v2/language/8/"
            },
            "version_group": {
                "name": "lets-go-pikachu-lets-go-eevee",
                "url": "/api/v2/version-group/19/"
            }
        },
        {
            "flavor_text": "Becomes competitive and deals more damage to\nPok\u00e9mon of the same gender, but deals less to\nPok\u00e9mon of the opposite gender.",
            "language": {
                "name": "en",
                "url": "/api/v2/language/9/"
            },
            "version_group": {
                "name": "lets-go-pikachu-lets-go-eevee",
                "url": "/api/v2/version-group/19/"
            }
        },
        {
            "flavor_text": "\u6027\u5225\u304c\u3000\u540c\u3058\u3060\u3068\n\u95d8\u4e89\u5fc3\u3092\u3000\u71c3\u3084\u3057\u3066\u3000\u5f37\u304f\u306a\u308b\u3002\n\u6027\u5225\u304c\u3000\u9055\u3046\u3068\u3000\u5f31\u304f\u306a\u308b\u3002",
            "language": {
                "name": "ja",
                "url": "/api/v2/language/11/"
            },
            "version_group": {
                "name": "lets-go-pikachu-lets-go-eevee",
                "url": "/api/v2/version-group/19/"
            }
        },
        {
            "flavor_text": "\u9762\u5bf9\u6027\u522b\u76f8\u540c\u7684\u5bf9\u624b\uff0c\n\u4f1a\u71c3\u8d77\u6597\u4e89\u5fc3\uff0c\u53d8\u5f97\u66f4\u5f3a\u3002\n\u800c\u9762\u5bf9\u6027\u522b\u4e0d\u540c\u7684\uff0c\u5219\u4f1a\u53d8\u5f31\u3002",
            "language": {
                "name": "zh-Hans",
                "url": "/api/v2/language/12/"
            },
            "version_group": {
                "name": "lets-go-pikachu-lets-go-eevee",
                "url": "/api/v2/version-group/19/"
            }
        },
        {
            "flavor_text": "\u305b\u3044\u3079\u3064\u304c\u3000\u304a\u306a\u3058\u3060\u3068\n\u3068\u3046\u305d\u3046\u3057\u3093\u3092\u3000\u3082\u3084\u3057\u3066\u3000\u3064\u3088\u304f\u306a\u308b\n\u305b\u3044\u3079\u3064\u304c\u3000\u3061\u304c\u3046\u3068\u3000\u3088\u308f\u304f\u306a\u308b",
            "language": {
                "name": "ja-Hrkt",
                "url": "/api/v2/language/1/"
            },
            "version_group": {
                "name": "sword-shield",
                "url": "/api/v2/version-group/20/"
            }
        },
        {
            "flavor_text": "\uc131\ubcc4\uc774 \uac19\uc73c\uba74\n\ud22c\uc7c1\uc2ec\uc744 \ubd88\ud0dc\uc6cc \uac15\ud574\uc9c4\ub2e4.\n\uc131\ubcc4\uc774 \ub2e4\ub974\uba74 \uc57d\ud574\uc9c4\ub2e4.",
            "language": {
                "name": "ko",
                "url": "/api/v2/language/3/"
            },
            "version_group": {
                "name": "sword-shield",
                "url": "/api/v2/version-group/20/"
            }
        },
        {
            "flavor_text": "\u9762\u5c0d\u6027\u5225\u76f8\u540c\u7684\u5c0d\u624b\uff0c\n\u6703\u71c3\u8d77\u9b25\u722d\u5fc3\uff0c\u8b8a\u5f97\u66f4\u5f37\u3002\n\u9762\u5c0d\u6027\u5225\u4e0d\u540c\u7684\u5c0d\u624b\u6642\u5247\u6703\u8b8a\u5f31\u3002",
            "language": {
                "name": "zh-Hant",
                "url": "/api/v2/language/4/"
            },
            "version_group": {
                "name": "sword-shield",
                "url": "/api/v2/version-group/20/"
            }
        },
        {
            "flavor_text": "Le Pok\u00e9mon d\u00e9teste la concurrence et inflige plus\nde d\u00e9g\u00e2ts si l\u2019ennemi est du m\u00eame sexe. Par contre,\nil en inflige moins si l\u2019ennemi est du sexe oppos\u00e9.",
            "language": {
                "name": "fr",
                "url": "/api/v2/language/5/"
            },
            "version_group": {
                "name": "sword-shield",
                "url": "/api/v2/version-group/20/"
            }
        },
        {
            "flavor_text": "Greift es einen Rivalen desselben Geschlechts an,\nwird es st\u00e4rker. Greift es ein Ziel des anderen\nGeschlechts an, wird es schw\u00e4cher.",
            "language": {
                "name": "de",
                "url": "/api/v2/language/6/"
            },
            "version_group": {
                "name": "sword-shield",
                "url": "/api/v2/version-group/20/"
            }
        },
        {
            "flavor_text": "Si el objetivo es del mismo sexo, su competitividad le\nlleva a infligir m\u00e1s da\u00f1o. Si es del sexo contrario, en\ncambio, el da\u00f1o ser\u00e1 menor.",
            "language": {
                "name": "es",
                "url": "/api/v2/language/7/"
            },
            "version_group": {
                "name": "sword-shield",
                "url": "/api/v2/version-group/20/"
            }
        },
        {
            "flavor_text": "Rende pi\u00f9 forti contro nemici dello stesso sesso,\nma pi\u00f9 deboli contro nemici di sesso opposto.",
            "language": {
                "name": "it",
                "url": "/api/v2/language/8/"
            },
            "version_group": {
                "name": "sword-shield",
                "url": "/api/v2/version-group/20/"
            }
        },
        {
            "flavor_text": "Becomes competitive and deals more damage to\nPok\u00e9mon of the same gender, but deals less to\nPok\u00e9mon of the opposite gender.",
            "language": {
                "name": "en",
                "url": "/api/v2/language/9/"
            },
            "version_group": {
                "name": "sword-shield",
                "url": "/api/v2/version-group/20/"
            }
        },
        {
            "flavor_text": "\u6027\u5225\u304c\u3000\u540c\u3058\u3060\u3068\n\u95d8\u4e89\u5fc3\u3092\u3000\u71c3\u3084\u3057\u3066\u3000\u5f37\u304f\u306a\u308b\u3002\n\u6027\u5225\u304c\u3000\u9055\u3046\u3068\u3000\u5f31\u304f\u306a\u308b\u3002",
            "language": {
                "name": "ja",
                "url": "/api/v2/language/11/"
            },
            "version_group": {
                "name": "sword-shield",
                "url": "/api/v2/version-group/20/"
            }
        },
        {
            "flavor_text": "\u9762\u5bf9\u6027\u522b\u76f8\u540c\u7684\u5bf9\u624b\uff0c\n\u4f1a\u71c3\u8d77\u6597\u4e89\u5fc3\uff0c\u53d8\u5f97\u66f4\u5f3a\u3002\n\u800c\u9762\u5bf9\u6027\u522b\u4e0d\u540c\u7684\uff0c\u5219\u4f1a\u53d8\u5f31\u3002",
            "language": {
                "name": "zh-Hans",
                "url": "/api/v2/language/12/"
            },
            "version_group": {
                "name": "sword-shield",
                "url": "/api/v2/version-group/20/"
            }
        }
    ],
    "generation": {
        "name": "generation-iv",
        "url": "/api/v2/generation/4/"
    },
    "id": 79,
    "is_main_series": true,
    "name": "rivalry",
    "names": [
        {
            "language": {
                "name": "ja-Hrkt",
                "url": "/api/v2/language/1/"
            },
            "name": "\u3068\u3046\u305d\u3046\u3057\u3093"
        },
        {
            "language": {
                "name": "ko",
                "url": "/api/v2/language/3/"
            },
            "name": "\ud22c\uc7c1\uc2ec"
        },
        {
            "language": {
                "name": "zh-Hant",
                "url": "/api/v2/language/4/"
            },
            "name": "\u9b25\u722d\u5fc3"
        },
        {
            "language": {
                "name": "fr",
                "url": "/api/v2/language/5/"
            },
            "name": "Rivalit\u00e9"
        },
        {
            "language": {
                "name": "de",
                "url": "/api/v2/language/6/"
            },
            "name": "Rivalit\u00e4t"
        },
        {
            "language": {
                "name": "es",
                "url": "/api/v2/language/7/"
            },
            "name": "Rivalidad"
        },
        {
            "language": {
                "name": "it",
                "url": "/api/v2/language/8/"
            },
            "name": "Antagonismo"
        },
        {
            "language": {
                "name": "en",
                "url": "/api/v2/language/9/"
            },
            "name": "Rivalry"
        },
        {
            "language": {
                "name": "ja",
                "url": "/api/v2/language/11/"
            },
            "name": "\u3068\u3046\u305d\u3046\u3057\u3093"
        },
        {
            "language": {
                "name": "zh-Hans",
                "url": "/api/v2/language/12/"
            },
            "name": "\u6597\u4e89\u5fc3"
        }
    ],
    "pokemon": [
        {
            "is_hidden": false,
            "pokemon": {
                "name": "nidoran-f",
                "url": "/api/v2/pokemon/29/"
            },
            "slot": 2
        },
        {
            "is_hidden": false,
            "pokemon": {
                "name": "nidorina",
                "url": "/api/v2/pokemon/30/"
            },
            "slot": 2
        },
        {
            "is_hidden": false,
            "pokemon": {
                "name": "nidoqueen",
                "url": "/api/v2/pokemon/31/"
            },
            "slot": 2
        },
        {
            "is_hidden": false,
            "pokemon": {
                "name": "nidoran-m",
                "url": "/api/v2/pokemon/32/"
            },
            "slot": 2
        },
        {
            "is_hidden": false,
            "pokemon": {
                "name": "nidorino",
                "url": "/api/v2/pokemon/33/"
            },
            "slot": 2
        },
        {
            "is_hidden": false,
            "pokemon": {
                "name": "nidoking",
                "url": "/api/v2/pokemon/34/"
            },
            "slot": 2
        },
        {
            "is_hidden": true,
            "pokemon": {
                "name": "beautifly",
                "url": "/api/v2/pokemon/267/"
            },
            "slot": 3
        },
        {
            "is_hidden": false,
            "pokemon": {
                "name": "shinx",
                "url": "/api/v2/pokemon/403/"
            },
            "slot": 1
        },
        {
            "is_hidden": false,
            "pokemon": {
                "name": "luxio",
                "url": "/api/v2/pokemon/404/"
            },
            "slot": 1
        },
        {
            "is_hidden": false,
            "pokemon": {
                "name": "luxray",
                "url": "/api/v2/pokemon/405/"
            },
            "slot": 1
        },
        {
            "is_hidden": true,
            "pokemon": {
                "name": "pidove",
                "url": "/api/v2/pokemon/519/"
            },
            "slot": 3
        },
        {
            "is_hidden": true,
            "pokemon": {
                "name": "tranquill",
                "url": "/api/v2/pokemon/520/"
            },
            "slot": 3
        },
        {
            "is_hidden": true,
            "pokemon": {
                "name": "unfezant",
                "url": "/api/v2/pokemon/521/"
            },
            "slot": 3
        },
        {
            "is_hidden": false,
            "pokemon": {
                "name": "axew",
                "url": "/api/v2/pokemon/610/"
            },
            "slot": 1
        },
        {
            "is_hidden": false,
            "pokemon": {
                "name": "fraxure",
                "url": "/api/v2/pokemon/611/"
            },
            "slot": 1
        },
        {
            "is_hidden": false,
            "pokemon": {
                "name": "haxorus",
                "url": "/api/v2/pokemon/612/"
            },
            "slot": 1
        },
        {
            "is_hidden": false,
            "pokemon": {
                "name": "litleo",
                "url": "/api/v2/pokemon/667/"
            },
            "slot": 1
        },
        {
            "is_hidden": false,
            "pokemon": {
                "name": "pyroar",
                "url": "/api/v2/pokemon/668/"
            },
            "slot": 1
        }
    ]
}