{
    "effect_changes": [],
    "effect_entries": [
        {
            "effect": "When this Pok\u00e9mon has 1/3 or less of its HP remaining, its grass-type moves inflict 1.5\u00d7 as much regular damage.",
            "language": {
                "name": "en",
                "url": "/api/v2/language/9/"
            },
            "short_effect": "Strengthens grass moves to inflict 1.5\u00d7 damage at 1/3 max HP or less."
        },
        {
            "effect": "Wenn ein Pok\u00e9mon mit dieser F\u00e4higkeit nur noch 1/3 seiner maximalen hp oder weniger hat, werden all seine grass Attacken verst\u00e4rkt, so dass sie 1,5\u00d7 so viel regular damage anrichten wie sonst.",
            "language": {
                "name": "de",
                "url": "/api/v2/language/6/"
            },
            "short_effect": "Erh\u00f6ht den Schaden von grass Attacken um 50% wenn nur noch 1/3 der maximalen hp oder weniger \u00fcbrig sind."
        }
    ],
    "flavor_text_entries": [
        {
            "flavor_text": "Ups GRASS moves in a pinch.",
            "language": {
                "name": "en",
                "url": "/api/v2/language/9/"
            },
            "version_group": {
                "name": "ruby-sapphire",
                "url": "/api/v2/version-group/5/"
            }
        },
        {
            "flavor_text": "Ups GRASS moves in a pinch.",
            "language": {
                "name": "en",
                "url": "/api/v2/language/9/"
            },
            "version_group": {
                "name": "emerald",
                "url": "/api/v2/version-group/6/"
            }
        },
        {
            "flavor_text": "Ups GRASS moves in a pinch.",
            "language": {
                "name": "en",
                "url": "/api/v2/language/9/"
            },
            "version_group": {
                "name": "firered-leafgreen",
                "url": "/api/v2/version-group/7/"
            }
        },
        {
            "flavor_text": "Powers up Grass-type\nmoves in a pinch.",
            "language": {
                "name": "en",
                "url": "/api/v2/language/9/"
            },
            "version_group": {
                "name": "diamond-pearl",
                "url": "/api/v2/version-group/8/"
            }
        },
        {
            "flavor_text": "Powers up Grass-type\nmoves in a pinch.",
            "language": {
                "name": "en",
                "url": "/api/v2/language/9/"
            },
            "version_group": {
                "name": "platinum",
                "url": "/api/v2/version-group/9/"
            }
        },
        {
            "flavor_text": "Powers up Grass-type\nmoves in a pinch.",
            "language": {
                "name": "en",
                "url": "/api/v2/language/9/"
            },
            "version_group": {
                "name": "heartgold-soulsilver",
                "url": "/api/v2/version-group/10/"
            }
        },
        {
            "flavor_text": "Booste les capacit\u00e9s\nPlante en cas de besoin.",
            "language": {
                "name": "fr",
                "url": "/api/v2/language/5/"
            },
            "version_group": {
                "name": "black-white",
                "url": "/api/v2/version-group/11/"
            }
        },
        {
            "flavor_text": "Powers up Grass-type\nmoves in a pinch.",
            "language": {
                "name": "en",
                "url": "/api/v2/language/9/"
            },
            "version_group": {
                "name": "black-white",
                "url": "/api/v2/version-group/11/"
            }
        },
        {
            "flavor_text": "Powers up Grass-type\nmoves in a pinch.",
            "language": {
                "name": "en",
                "url": "/api/v2/language/9/"
            },
            "version_group": {
                "name": "black-2-white-2",
                "url": "/api/v2/version-group/14/"
            }
        },
        {
            "flavor_text": "\u30d4\u30f3\u30c1\u306e\u3068\u304d\u3000\u304f\u3055\u306e\n\u3044\u308a\u3087\u304f\u304c\u3000\u3042\u304c\u308b\u3002",
            "language": {
                "name": "ja-Hrkt",
                "url": "/api/v2/language/1/"
            },
            "version_group": {
                "name": "x-y",
                "url": "/api/v2/version-group/15/"
            }
        },
        {
            "flavor_text": "\uc704\uae09\ud560 \ub54c \ud480\ud0c0\uc785\uc758\n\uc704\ub825\uc774 \uc62c\ub77c\uac04\ub2e4.",
            "language": {
                "name": "ko",
                "url": "/api/v2/language/3/"
            },
            "version_group": {
                "name": "x-y",
                "url": "/api/v2/version-group/15/"
            }
        },
        {
            "flavor_text": "Booste les capacit\u00e9s Plante en\ncas de besoin.",
            "language": {
                "name": "fr",
                "url": "/api/v2/language/5/"
            },
            "version_group": {
                "name": "x-y",
                "url": "/api/v2/version-group/15/"
            }
        },
        {
            "flavor_text": "Erh\u00f6ht in Notf\u00e4llen die St\u00e4rke\nvon Pflanzen-Attacken.",
            "language": {
                "name": "de",
                "url": "/api/v2/language/6/"
            },
            "version_group": {
                "name": "x-y",
                "url": "/api/v2/version-group/15/"
            }
        },
        {
            "flavor_text": "Potencia los ataques de tipo\nPlanta en un apuro.",
            "language": {
                "name": "es",
                "url": "/api/v2/language/7/"
            },
            "version_group": {
                "name": "x-y",
                "url": "/api/v2/version-group/15/"
            }
        },
        {
            "flavor_text": "Quando si \u00e8 in difficolt\u00e0, potenzia\nle mosse di tipo Erba.",
            "language": {
                "name": "it",
                "url": "/api/v2/language/8/"
            },
            "version_group": {
                "name": "x-y",
                "url": "/api/v2/version-group/15/"
            }
        },
        {
            "flavor_text": "Powers up Grass-type moves\nwhen the Pok\u00e9mon is in trouble.",
            "language": {
                "name": "en",
                "url": "/api/v2/language/9/"
            },
            "version_group": {
                "name": "x-y",
                "url": "/api/v2/version-group/15/"
            }
        },
        {
            "flavor_text": "\u30d4\u30f3\u30c1\u306e\u3068\u304d\u3000\u304f\u3055\u306e\n\u5a01\u529b\u304c\u3000\u3042\u304c\u308b\u3002",
            "language": {
                "name": "ja",
                "url": "/api/v2/language/11/"
            },
            "version_group": {
                "name": "x-y",
                "url": "/api/v2/version-group/15/"
            }
        },
        {
            "flavor_text": "\u30d4\u30f3\u30c1\u306e\u3068\u304d\u3000\u304f\u3055\u306e\n\u3044\u308a\u3087\u304f\u304c\u3000\u3042\u304c\u308b\u3002",
            "language": {
                "name": "ja-Hrkt",
                "url": "/api/v2/language/1/"
            },
            "version_group": {
                "name": "omega-ruby-alpha-sapphire",
                "url": "/api/v2/version-group/16/"
            }
        },
        {
            "flavor_text": "\uc704\uae09\ud560 \ub54c \ud480\ud0c0\uc785\uc758\n\uc704\ub825\uc774 \uc62c\ub77c\uac04\ub2e4.",
            "language": {
                "name": "ko",
                "url": "/api/v2/language/3/"
            },
            "version_group": {
                "name": "omega-ruby-alpha-sapphire",
                "url": "/api/v2/version-group/16/"
            }
        },
        {
            "flavor_text": "Booste les capacit\u00e9s Plante en\ncas de besoin.",
            "language": {
                "name": "fr",
                "url": "/api/v2/language/5/"
            },
            "version_group": {
                "name": "omega-ruby-alpha-sapphire",
                "url": "/api/v2/version-group/16/"
            }
        },
        {
            "flavor_text": "Erh\u00f6ht in Notf\u00e4llen die St\u00e4rke\nvon Pflanzen-Attacken.",
            "language": {
                "name": "de",
                "url": "/api/v2/language/6/"
            },
            "version_group": {
                "name": "omega-ruby-alpha-sapphire",
                "url": "/api/v2/version-group/16/"
            }
        },
        {
            "flavor_text": "Potencia los ataques de tipo\nPlanta en un apuro.",
            "language": {
                "name": "es",
                "url": "/api/v2/language/7/"
            },
            "version_group": {
                "name": "omega-ruby-alpha-sapphire",
                "url": "/api/v2/version-group/16/"
            }
        },
        {
            "flavor_text": "Quando si \u00e8 in difficolt\u00e0, potenzia  \nle mosse di tipo Erba.",
            "language": {
                "name": "it",
                "url": "/api/v2/language/8/"
            },
            "version_group": {
                "name": "omega-ruby-alpha-sapphire",
                "url": "/api/v2/version-group/16/"
            }
        },
        {
            "flavor_text": "Powers up Grass-type moves\nwhen the Pok\u00e9mon is in trouble.",
            "language": {
                "name": "en",
                "url": "/api/v2/language/9/"
            },
            "version_group": {
                "name": "omega-ruby-alpha-sapphire",
                "url": "/api/v2/version-group/16/"
            }
        },
        {
            "flavor_text": "\u30d4\u30f3\u30c1\u306e\u3068\u304d\u3000\u304f\u3055\u306e\n\u5a01\u529b\u304c\u3000\u3042\u304c\u308b\u3002",
            "language": {
                "name": "ja",
                "url": "/api/v2/language/11/"
            },
            "version_group": {
                "name": "omega-ruby-alpha-sapphire",
                "url": "/api/v2/version-group/16/"
            }
        },
        {
            "flavor_text": "\uff28\uff30\u304c\u3000\u3078\u3063\u305f\u3068\u304d\n\u304f\u3055\u30bf\u30a4\u30d7\u306e\u3000\u308f\u3056\u306e\n\u3044\u308a\u3087\u304f\u304c\u3000\u3042\u304c\u308b\u3002",
            "language": {
                "name": "ja-Hrkt",
                "url": "/api/v2/language/1/"
            },
            "version_group": {
                "name": "sun-moon",
                "url": "/api/v2/version-group/17/"
            }
        },
        {
            "flavor_text": "HP\uac00 \uc904\uc5c8\uc744 \ub54c\n\ud480\ud0c0\uc785 \uae30\uc220\uc758\n\uc704\ub825\uc774 \uc62c\ub77c\uac04\ub2e4.",
            "language": {
                "name": "ko",
                "url": "/api/v2/language/3/"
            },
            "version_group": {
                "name": "sun-moon",
                "url": "/api/v2/version-group/17/"
            }
        },
        {
            "flavor_text": "\uff28\uff30\u6e1b\u5c11\u7684\u6642\u5019\uff0c\n\u8349\u5c6c\u6027\u7684\u62db\u5f0f\u5a01\u529b\u6703\u63d0\u9ad8\u3002",
            "language": {
                "name": "zh-Hant",
                "url": "/api/v2/language/4/"
            },
            "version_group": {
                "name": "sun-moon",
                "url": "/api/v2/version-group/17/"
            }
        },
        {
            "flavor_text": "Augmente la puissance des capacit\u00e9s de type Plante\ndu Pok\u00e9mon quand il a perdu une certaine quantit\u00e9\nde PV.",
            "language": {
                "name": "fr",
                "url": "/api/v2/language/5/"
            },
            "version_group": {
                "name": "sun-moon",
                "url": "/api/v2/version-group/17/"
            }
        },
        {
            "flavor_text": "Erh\u00f6ht die St\u00e4rke von Pflanzen-Attacken,\nwenn die KP auf einen gewissen Wert fallen.",
            "language": {
                "name": "de",
                "url": "/api/v2/language/6/"
            },
            "version_group": {
                "name": "sun-moon",
                "url": "/api/v2/version-group/17/"
            }
        },
        {
            "flavor_text": "Potencia los movimientos de tipo Planta del Pok\u00e9mon\ncuando le quedan pocos PS.",
            "language": {
                "name": "es",
                "url": "/api/v2/language/7/"
            },
            "version_group": {
                "name": "sun-moon",
                "url": "/api/v2/version-group/17/"
            }
        },
        {
            "flavor_text": "Quando il Pok\u00e9mon ha pochi PS, la potenza delle\nsue mosse di tipo Erba aumenta.",
            "language": {
                "name": "it",
                "url": "/api/v2/language/8/"
            },
            "version_group": {
                "name": "sun-moon",
                "url": "/api/v2/version-group/17/"
            }
        },
        {
            "flavor_text": "Powers up Grass-type moves when the Pok\u00e9mon\u2019s\nHP is low.",
            "language": {
                "name": "en",
                "url": "/api/v2/language/9/"
            },
            "version_group": {
                "name": "sun-moon",
                "url": "/api/v2/version-group/17/"
            }
        },
        {
            "flavor_text": "\uff28\uff30\u304c\u3000\u6e1b\u3063\u305f\u3068\u304d\n\u304f\u3055\u30bf\u30a4\u30d7\u306e\u3000\u6280\u306e\n\u5a01\u529b\u304c\u3000\u4e0a\u304c\u308b\u3002",
            "language": {
                "name": "ja",
                "url": "/api/v2/language/11/"
            },
            "version_group": {
                "name": "sun-moon",
                "url": "/api/v2/version-group/17/"
            }
        },
        {
            "flavor_text": "\uff28\uff30\u51cf\u5c11\u7684\u65f6\u5019\uff0c\n\u8349\u5c5e\u6027\u7684\u62db\u5f0f\u5a01\u529b\u4f1a\u63d0\u9ad8\u3002",
            "language": {
                "name": "zh-Hans",
                "url": "/api/v2/language/12/"
            },
            "version_group": {
                "name": "sun-moon",
                "url": "/api/v2/version-group/17/"
            }
        },
        {
            "flavor_text": "\uff28\uff30\u304c\u3000\u3078\u3063\u305f\u3068\u304d\n\u304f\u3055\u30bf\u30a4\u30d7\u306e\u3000\u308f\u3056\u306e\n\u3044\u308a\u3087\u304f\u304c\u3000\u3042\u304c\u308b\u3002",
            "language": {
                "name": "ja-Hrkt",
                "url": "/api/v2/language/1/"
            },
            "version_group": {
                "name": "ultra-sun-ultra-moon",
                "url": "/api/v2/version-group/18/"
            }
        },
        {
            "flavor_text": "HP\uac00 \uc904\uc5c8\uc744 \ub54c\n\ud480\ud0c0\uc785 \uae30\uc220\uc758\n\uc704\ub825\uc774 \uc62c\ub77c\uac04\ub2e4.",
            "language": {
                "name": "ko",
                "url": "/api/v2/language/3/"
            },
            "version_group": {
                "name": "ultra-sun-ultra-moon",
                "url": "/api/v2/version-group/18/"
            }
        },
        {
            "flavor_text": "\uff28\uff30\u6e1b\u5c11\u7684\u6642\u5019\uff0c\n\u8349\u5c6c\u6027\u7684\u62db\u5f0f\u5a01\u529b\u6703\u63d0\u9ad8\u3002",
            "language": {
                "name": "zh-Hant",
                "url": "/api/v2/language/4/"
            },
            "version_group": {
                "name": "ultra-sun-ultra-moon",
                "url": "/api/v2/version-group/18/"
            }
        },
        {
            "flavor_text": "Augmente la puissance des capacit\u00e9s de type Plante\ndu Pok\u00e9mon quand il a perdu une certaine quantit\u00e9\nde PV.",
            "language": {
                "name": "fr",
                "url": "/api/v2/language/5/"
            },
            "version_group": {
                "name": "ultra-sun-ultra-moon",
                "url": "/api/v2/version-group/18/"
            }
        },
        {
            "flavor_text": "Erh\u00f6ht die St\u00e4rke von Pflanzen-Attacken,\nwenn die KP auf einen gewissen Wert fallen.",
            "language": {
                "name": "de",
                "url": "/api/v2/language/6/"
            },
            "version_group": {
                "name": "ultra-sun-ultra-moon",
                "url": "/api/v2/version-group/18/"
            }
        },
        {
            "flavor_text": "Potencia los movimientos de tipo Planta del Pok\u00e9mon\ncuando le quedan pocos PS.",
            "language": {
                "name": "es",
                "url": "/api/v2/language/7/"
            },
            "version_group": {
                "name": "ultra-sun-ultra-moon",
                "url": "/api/v2/version-group/18/"
            }
        },
        {
            "flavor_text": "Quando il Pok\u00e9mon ha pochi PS, la potenza delle\nsue mosse di tipo Erba aumenta.",
            "language": {
                "name": "it",
                "url": "/api/v2/language/8/"
            },
            "version_group": {
                "name": "ultra-sun-ultra-moon",
                "url": "/api/v2/version-group/18/"
            }
        },
        {
            "flavor_text": "Powers up Grass-type moves when the Pok\u00e9mon\u2019s\nHP is low.",
            "language": {
                "name": "en",
                "url": "/api/v2/language/9/"
            },
            "version_group": {
                "name": "ultra-sun-ultra-moon",
                "url": "/api/v2/version-group/18/"
            }
        },
        {
            "flavor_text": "\uff28\uff30\u304c\u3000\u6e1b\u3063\u305f\u3068\u304d\n\u304f\u3055\u30bf\u30a4\u30d7\u306e\u3000\u6280\u306e\n\u5a01\u529b\u304c\u3000\u4e0a\u304c\u308b\u3002",
            "language": {
                "name": "ja",
                "url": "/api/v2/language/11/"
            },
            "version_group": {
                "name": "ultra-sun-ultra-moon",
                "url": "/api/v2/version-group/18/"
            }
        },
        {
            "flavor_text": "\uff28\uff30\u51cf\u5c11\u7684\u65f6\u5019\uff0c\n\u8349\u5c5e\u6027\u7684\u62db\u5f0f\u5a01\u529b\u4f1a\u63d0\u9ad8\u3002",
            "language": {
                "name": "zh-Hans",
                "url": "/api/v2/language/12/"
            },
            "version_group": {
                "name": "ultra-sun-ultra-moon",
                "url": "/api/v2/version-group/18/"
            }
        },
        {
            "flavor_text": "\uff28\uff30\u304c\u3000\u3078\u3063\u305f\u3068\u304d\n\u304f\u3055\u30bf\u30a4\u30d7\u306e\u3000\u308f\u3056\u306e\n\u3044\u308a\u3087\u304f\u304c\u3000\u3042\u304c\u308b\u3002",
            "language": {
                "name": "ja-Hrkt",
                "url": "/api/v2/language/1/"
            },
            "version_group": {
                "name": "lets-go-pikachu-lets-go-eevee",
                "url": "/api/v2/version-group/19/"
            }
        },
        {
            "flavor_text": "HP\uac00 \uc904\uc5c8\uc744 \ub54c\n\ud480\ud0c0\uc785 \uae30\uc220\uc758\n\uc704\ub825\uc774 \uc62c\ub77c\uac04\ub2e4.",
            "language": {
                "name": "ko",
                "url": "/api/v2/language/3/"
            },
            "version_group": {
                "name": "lets-go-pikachu-lets-go-eevee",
                "url": "/api/v2/version-group/19/"
            }
        },
        {
            "flavor_text": "HP\u6e1b\u5c11\u7684\u6642\u5019\uff0c\n\u8349\u5c6c\u6027\u7684\u62db\u5f0f\u5a01\u529b\u6703\u63d0\u9ad8\u3002",
            "language": {
                "name": "zh-Hant",
                "url": "/api/v2/language/4/"
            },
            "version_group": {
                "name": "lets-go-pikachu-lets-go-eevee",
                "url": "/api/v2/version-group/19/"
            }
        },
        {
            "flavor_text": "Augmente la puissance des capacit\u00e9s de type Plante\ndu Pok\u00e9mon quand il a perdu une certaine quantit\u00e9\nde PV.",
            "language": {
                "name": "fr",
                "url": "/api/v2/language/5/"
            },
            "version_group": {
                "name": "lets-go-pikachu-lets-go-eevee",
                "url": "/api/v2/version-group/19/"
            }
        },
        {
            "flavor_text": "Erh\u00f6ht die St\u00e4rke von Pflanzen-Attacken,\nwenn die KP auf einen gewissen Wert fallen.",
            "language": {
                "name": "de",
                "url": "/api/v2/language/6/"
            },
            "version_group": {
                "name": "lets-go-pikachu-lets-go-eevee",
                "url": "/api/v2/version-group/19/"
            }
        },
        {
            "flavor_text": "Potencia los movimientos de tipo Planta del Pok\u00e9mon\ncuando le quedan pocos PS.",
            "language": {
                "name": "es",
                "url": "/api/v2/language/7/"
            },
            "version_group": {
                "name": "lets-go-pikachu-lets-go-eevee",
                "url": "/api/v2/version-group/19/"
            }
        },
        {
            "flavor_text": "Quando il Pok\u00e9mon ha pochi PS, la potenza delle\nsue mosse di tipo Erba aumenta.",
            "language": {
                "name": "it",
                "url": "/api/v2/language/8/"
            },
            "version_group": {
                "name": "lets-go-pikachu-lets-go-eevee",
                "url": "/api/v2/version-group/19/"
            }
        },
        {
            "flavor_text": "Powers up Grass-type moves when the Pok\u00e9mon\u2019s\nHP is low.",
            "language": {
                "name": "en",
                "url": "/api/v2/language/9/"
            },
            "version_group": {
                "name": "lets-go-pikachu-lets-go-eevee",
                "url": "/api/v2/version-group/19/"
            }
        },
        {
            "flavor_text": "\uff28\uff30\u304c\u3000\u6e1b\u3063\u305f\u3068\u304d\n\u304f\u3055\u30bf\u30a4\u30d7\u306e\u3000\u6280\u306e\n\u5a01\u529b\u304c\u3000\u4e0a\u304c\u308b\u3002",
            "language": {
                "name": "ja",
                "url": "/api/v2/language/11/"
            },
            "version_group": {
                "name": "lets-go-pikachu-lets-go-eevee",
                "url": "/api/v2/version-group/19/"
            }
        },
        {
            "flavor_text": "HP\u51cf\u5c11\u7684\u65f6\u5019\uff0c\n\u8349\u5c5e\u6027\u7684\u62db\u5f0f\u5a01\u529b\u4f1a\u63d0\u9ad8\u3002",
            "language": {
                "name": "zh-Hans",
                "url": "/api/v2/language/12/"
            },
            "version_group": {
                "name": "lets-go-pikachu-lets-go-eevee",
                "url": "/api/v2/version-group/19/"
            }
        },
        {
            "flavor_text": "\uff28\uff30\u304c\u3000\u3078\u3063\u305f\u3068\u304d\n\u304f\u3055\u30bf\u30a4\u30d7\u306e\u3000\u308f\u3056\u306e\n\u3044\u308a\u3087\u304f\u304c\u3000\u3042\u304c\u308b\u3002",
            "language": {
                "name": "ja-Hrkt",
                "url": "/api/v2/language/1/"
            },
            "version_group": {
                "name": "sword-shield",
                "url": "/api/v2/version-group/20/"
            }
        },
        {
            "flavor_text": "HP\uac00 \uc904\uc5c8\uc744 \ub54c\n\ud480\ud0c0\uc785 \uae30\uc220\uc758\n\uc704\ub825\uc774 \uc62c\ub77c\uac04\ub2e4.",
            "language": {
                "name": "ko",
                "url": "/api/v2/language/3/"
            },
            "version_group": {
                "name": "sword-shield",
                "url": "/api/v2/version-group/20/"
            }
        },
        {
            "flavor_text": "\uff28\uff30\u6e1b\u5c11\u7684\u6642\u5019\uff0c\n\u8349\u5c6c\u6027\u7684\u62db\u5f0f\u5a01\u529b\u6703\u63d0\u9ad8\u3002",
            "language": {
                "name": "zh-Hant",
                "url": "/api/v2/language/4/"
            },
            "version_group": {
                "name": "sword-shield",
                "url": "/api/v2/version-group/20/"
            }
        },
        {
            "flavor_text": "Augmente la puissance des capacit\u00e9s de type Plante\ndu Pok\u00e9mon quand il a perdu une certaine quantit\u00e9\nde PV.",
            "language": {
                "name": "fr",
                "url": "/api/v2/language/5/"
            },
            "version_group": {
                "name": "sword-shield",
                "url": "/api/v2/version-group/20/"
            }
        },
        {
            "flavor_text": "Erh\u00f6ht die St\u00e4rke von Pflanzen-Attacken, wenn die KP\nauf einen gewissen Wert fallen.",
            "language": {
                "name": "de",
                "url": "/api/v2/language/6/"
            },
            "version_group": {
                "name": "sword-shield",
                "url": "/api/v2/version-group/20/"
            }
        },
        {
            "flavor_text": "Potencia sus movimientos de tipo Planta cuando le\nquedan pocos PS.",
            "language": {
                "name": "es",
                "url": "/api/v2/language/7/"
            },
            "version_group": {
                "name": "sword-shield",
                "url": "/api/v2/version-group/20/"
            }
        },
        {
            "flavor_text": "Quando il Pok\u00e9mon ha pochi PS, la potenza delle\nsue mosse di tipo Erba aumenta.",
            "language": {
                "name": "it",
                "url": "/api/v2/language/8/"
            },
            "version_group": {
                "name": "sword-shield",
                "url": "/api/v2/version-group/20/"
            }
        },
        {
            "flavor_text": "Powers up Grass-type moves when the Pok\u00e9mon\u2019s\nHP is low.",
            "language": {
                "name": "en",
                "url": "/api/v2/language/9/"
            },
            "version_group": {
                "name": "sword-shield",
                "url": "/api/v2/version-group/20/"
            }
        },
        {
            "flavor_text": "\uff28\uff30\u304c\u3000\u6e1b\u3063\u305f\u3068\u304d\n\u304f\u3055\u30bf\u30a4\u30d7\u306e\u3000\u6280\u306e\n\u5a01\u529b\u304c\u3000\u4e0a\u304c\u308b\u3002",
            "language": {
                "name": "ja",
                "url": "/api/v2/language/11/"
            },
            "version_group": {
                "name": "sword-shield",
                "url": "/api/v2/version-group/20/"
            }
        },
        {
            "flavor_text": "\uff28\uff30\u51cf\u5c11\u7684\u65f6\u5019\uff0c\n\u8349\u5c5e\u6027\u7684\u62db\u5f0f\u5a01\u529b\u4f1a\u63d0\u9ad8\u3002",
            "language": {
                "name": "zh-Hans",
                "url": "/api/v2/language/12/"
            },
            "version_group": {
                "name": "sword-shield",
                "url": "/api/v2/version-group/20/"
            }
        }
    ],
    "generation": {
        "name": "generation-iii",
        "url": "/api/v2/generation/3/"
    },
    "id": 65,
    "is_main_series": true,
    "name": "overgrow",
    "names": [
        {
            "language": {
                "name": "ja-Hrkt",
                "url": "/api/v2/language/1/"
            },
            "name": "\u3057\u3093\u308a\u3087\u304f"
        },
        {
            "language": {
                "name": "ko",
                "url": "/api/v2/language/3/"
            },
            "name": "\uc2ec\ub85d"
        },
        {
            "language": {
                "name": "zh-Hant",
                "url": "/api/v2/language/4/"
            },
            "name": "\u8302\u76db"
        },
        {
            "language": {
                "name": "fr",
                "url": "/api/v2/language/5/"
            },
            "name": "Engrais"
        },
        {
            "language": {
                "name": "de",
                "url": "/api/v2/language/6/"
            },
            "name": "Notd\u00fcnger"
        },
        {
            "language": {
                "name": "es",
                "url": "/api/v2/language/7/"
            },
            "name": "Espesura"
        },
        {
            "language": {
                "name": "it",
                "url": "/api/v2/language/8/"
            },
            "name": "Erbaiuto"
        },
        {
            "language": {
                "name": "en",
                "url": "/api/v2/language/9/"
            },
            "name": "Overgrow"
        },
        {
            "language": {
                "name": "ja",
                "url": "/api/v2/language/11/"
            },
            "name": "\u3057\u3093\u308a\u3087\u304f"
        },
        {
            "language": {
                "name": "zh-Hans",
                "url": "/api/v2/language/12/"
            },
            "name": "\u8302\u76db"
        }
    ],
    "pokemon": [
        {
            "is_hidden": false,
            "pokemon": {
                "name": "bulbasaur",
                "url": "/api/v2/pokemon/1/"
            },
            "slot": 1
        },
        {
            "is_hidden": false,
            "pokemon": {
                "name": "ivysaur",
                "url": "/api/v2/pokemon/2/"
            },
            "slot": 1
        },
        {
            "is_hidden": false,
            "pokemon": {
                "name": "venusaur",
                "url": "/api/v2/pokemon/3/"
            },
            "slot": 1
        },
        {
            "is_hidden": false,
            "pokemon": {
                "name": "chikorita",
                "url": "/api/v2/pokemon/152/"
            },
            "slot": 1
        },
        {
            "is_hidden": false,
            "pokemon": {
                "name": "bayleef",
                "url": "/api/v2/pokemon/153/"
            },
            "slot": 1
        },
        {
            "is_hidden": false,
            "pokemon": {
                "name": "meganium",
                "url": "/api/v2/pokemon/154/"
            },
            "slot": 1
        },
        {
            "is_hidden": false,
            "pokemon": {
                "name": "treecko",
                "url": "/api/v2/pokemon/252/"
            },
            "slot": 1
        },
        {
            "is_hidden": false,
            "pokemon": {
                "name": "grovyle",
                "url": "/api/v2/pokemon/253/"
            },
            "slot": 1
        },
        {
            "is_hidden": false,
            "pokemon": {
                "name": "sceptile",
                "url": "/api/v2/pokemon/254/"
            },
            "slot": 1
        },
        {
            "is_hidden": false,
            "pokemon": {
                "name": "turtwig",
                "url": "/api/v2/pokemon/387/"
            },
            "slot": 1
        },
        {
            "is_hidden": false,
            "pokemon": {
                "name": "grotle",
                "url": "/api/v2/pokemon/388/"
            },
            "slot": 1
        },
        {
            "is_hidden": false,
            "pokemon": {
                "name": "torterra",
                "url": "/api/v2/pokemon/389/"
            },
            "slot": 1
        },
        {
            "is_hidden": false,
            "pokemon": {
                "name": "snivy",
                "url": "/api/v2/pokemon/495/"
            },
            "slot": 1
        },
        {
            "is_hidden": false,
            "pokemon": {
                "name": "servine",
                "url": "/api/v2/pokemon/496/"
            },
            "slot": 1
        },
        {
            "is_hidden": false,
            "pokemon": {
                "name": "serperior",
                "url": "/api/v2/pokemon/497/"
            },
            "slot": 1
        },
        {
            "is_hidden": true,
            "pokemon": {
                "name": "pansage",
                "url": "/api/v2/pokemon/511/"
            },
            "slot": 3
        },
        {
            "is_hidden": true,
            "pokemon": {
                "name": "simisage",
                "url": "/api/v2/pokemon/512/"
            },
            "slot": 3
        },
        {
            "is_hidden": false,
            "pokemon": {
                "name": "chespin",
                "url": "/api/v2/pokemon/650/"
            },
            "slot": 1
        },
        {
            "is_hidden": false,
            "pokemon": {
                "name": "quilladin",
                "url": "/api/v2/pokemon/651/"
            },
            "slot": 1
        },
        {
            "is_hidden": false,
            "pokemon": {
                "name": "chesnaught",
                "url": "/api/v2/pokemon/652/"
            },
            "slot": 1
        },
        {
            "is_hidden": false,
            "pokemon": {
                "name": "rowlet",
                "url": "/api/v2/pokemon/722/"
            },
            "slot": 1
        },
        {
            "is_hidden": false,
            "pokemon": {
                "name": "dartrix",
                "url": "/api/v2/pokemon/723/"
            },
            "slot": 1
        },
        {
            "is_hidden": false,
            "pokemon": {
                "name": "decidueye",
                "url": "/api/v2/pokemon/724/"
            },
            "slot": 1
        },
        {
            "is_hidden": false,
            "pokemon": {
                "name": "grookey",
                "url": "/api/v2/pokemon/810/"
            },
            "slot": 1
        },
        {
            "is_hidden": false,
            "pokemon": {
                "name": "thwackey",
                "url": "/api/v2/pokemon/811/"
            },
            "slot": 1
        },
        {
            "is_hidden": false,
            "pokemon": {
                "name": "rillaboom",
                "url": "/api/v2/pokemon/812/"
            },
            "slot": 1
        },
        {
            "is_hidden": false,
            "pokemon": {
                "name": "sprigatito",
                "url": "/api/v2/pokemon/906/"
            },
            "slot": 1
        },
        {
            "is_hidden": false,
            "pokemon": {
                "name": "floragato",
                "url": "/api/v2/pokemon/907/"
            },
            "slot": 1
        },
        {
            "is_hidden": false,
            "pokemon": {
                "name": "meowscarada",
                "url": "/api/v2/pokemon/908/"
            },
            "slot": 1
        },
        {
            "is_hidden": false,
            "pokemon": {
                "name": "venusaur-gmax",
                "url": "/api/v2/pokemon/10195/"
            },
            "slot": 1
        },
        {
            "is_hidden": false,
            "pokemon": {
                "name": "rillaboom-gmax",
                "url": "/api/v2/pokemon/10209/"
            },
            "slot": 1
        },
        {
            "is_hidden": false,
            "pokemon": {
                "name": "decidueye-hisui",
                "url": "/api/v2/pokemon/10244/"
            },
            "slot": 1
        }
    ]
}