{
    "effect_changes": [],
    "effect_entries": [],
    "flavor_text_entries": [
        {
            "flavor_text": "\u3068\u3046\u3058\u3087\u3046\u3000\u3057\u305f\u3068\u304d\u306b\u3000\u3066\u304d\u3068\u3000\u307f\u304b\u305f\u306e\n\u3072\u304b\u308a\u306e\u304b\u3079\u3000\u30ea\u30d5\u30ec\u30af\u30bf\u30fc\n\u30aa\u30fc\u30ed\u30e9\u30d9\u30fc\u30eb\u306e\u3000\u3053\u3046\u304b\u304c\u3000\u304d\u3048\u308b\u3002",
            "language": {
                "name": "ja-Hrkt",
                "url": "/api/v2/language/1/"
            },
            "version_group": {
                "name": "sword-shield",
                "url": "/api/v2/version-group/20/"
            }
        },
        {
            "flavor_text": "\ub4f1\uc7a5\ud588\uc744 \ub54c \uc0c1\ub300\uc640 \uac19\uc740 \ud3b8\uc758\n\ube5b\uc758\uc7a5\ub9c9, \ub9ac\ud50c\ub809\ud130, \uc624\ub85c\ub77c\ubca0\uc77c\uc758\n\ud6a8\uacfc\uac00 \uc0ac\ub77c\uc9c4\ub2e4.",
            "language": {
                "name": "ko",
                "url": "/api/v2/language/3/"
            },
            "version_group": {
                "name": "sword-shield",
                "url": "/api/v2/version-group/20/"
            }
        },
        {
            "flavor_text": "\u51fa\u5834\u6642\uff0c\u6575\u65b9\u548c\u6211\u65b9\u7684\n\u5149\u7246\u3001\u53cd\u5c04\u58c1\u548c\u6975\u5149\u5e55\u7684\u6548\u679c\u6703\u6d88\u5931\u3002",
            "language": {
                "name": "zh-Hant",
                "url": "/api/v2/language/4/"
            },
            "version_group": {
                "name": "sword-shield",
                "url": "/api/v2/version-group/20/"
            }
        },
        {
            "flavor_text": "Quand le Pok\u00e9mon entre au combat, les effets\nde Mur Lumi\u00e8re, Protection et Voile Aurore\ndisparaissent pour les alli\u00e9s comme pour les ennemis.",
            "language": {
                "name": "fr",
                "url": "/api/v2/language/5/"
            },
            "version_group": {
                "name": "sword-shield",
                "url": "/api/v2/version-group/20/"
            }
        },
        {
            "flavor_text": "Hebt bei Kampfantritt die Wirkung von Lichtschild,\nReflektor und Auroraschleier auf Mitstreiter- und\nGegnerseite auf.",
            "language": {
                "name": "de",
                "url": "/api/v2/language/6/"
            },
            "version_group": {
                "name": "sword-shield",
                "url": "/api/v2/version-group/20/"
            }
        },
        {
            "flavor_text": "Anula los efectos de Pantalla de Luz, Reflejo y Velo\nAurora tanto de rivales como de aliados al entrar en\ncombate.",
            "language": {
                "name": "es",
                "url": "/api/v2/language/7/"
            },
            "version_group": {
                "name": "sword-shield",
                "url": "/api/v2/version-group/20/"
            }
        },
        {
            "flavor_text": "Quando il Pok\u00e9mon entra in campo, annulla l\u2019effetto\ndi Schermoluce, Riflesso e Velaurora sia per i nemici\nche per gli alleati.",
            "language": {
                "name": "it",
                "url": "/api/v2/language/8/"
            },
            "version_group": {
                "name": "sword-shield",
                "url": "/api/v2/version-group/20/"
            }
        },
        {
            "flavor_text": "When the Pok\u00e9mon enters a battle, the effects of\nLight Screen, Reflect, and Aurora Veil are nullified for\nboth opposing and ally Pok\u00e9mon.",
            "language": {
                "name": "en",
                "url": "/api/v2/language/9/"
            },
            "version_group": {
                "name": "sword-shield",
                "url": "/api/v2/version-group/20/"
            }
        },
        {
            "flavor_text": "\u767b\u5834\u3000\u3057\u305f\u3068\u304d\u306b\u3000\u6575\u3068\u3000\u5473\u65b9\u306e\n\u3072\u304b\u308a\u306e\u304b\u3079\u3000\u30ea\u30d5\u30ec\u30af\u30bf\u30fc\n\u30aa\u30fc\u30ed\u30e9\u30d9\u30fc\u30eb\u306e\u3000\u52b9\u679c\u304c\u3000\u6d88\u3048\u308b\u3002",
            "language": {
                "name": "ja",
                "url": "/api/v2/language/11/"
            },
            "version_group": {
                "name": "sword-shield",
                "url": "/api/v2/version-group/20/"
            }
        },
        {
            "flavor_text": "\u51fa\u573a\u65f6\uff0c\u654c\u65b9\u548c\u6211\u65b9\u7684\u5149\u5899\u3001\n\u53cd\u5c04\u58c1\u548c\u6781\u5149\u5e55\u7684\u6548\u679c\u4f1a\u6d88\u5931\u3002",
            "language": {
                "name": "zh-Hans",
                "url": "/api/v2/language/12/"
            },
            "version_group": {
                "name": "sword-shield",
                "url": "/api/v2/version-group/20/"
            }
        }
    ],
    "generation": {
        "name": "generation-viii",
        "url": "/api/v2/generation/8/"
    },
    "id": 251,
    "is_main_series": true,
    "name": "screen-cleaner",
    "names": [
        {
            "language": {
                "name": "ja-Hrkt",
                "url": "/api/v2/language/1/"
            },
            "name": "\u30d0\u30ea\u30a2\u30d5\u30ea\u30fc"
        },
        {
            "language": {
                "name": "ko",
                "url": "/api/v2/language/3/"
            },
            "name": "\ubc30\ub9ac\uc5b4\ud504\ub9ac"
        },
        {
            "language": {
                "name": "zh-Hant",
                "url": "/api/v2/language/4/"
            },
            "name": "\u9664\u969c"
        },
        {
            "language": {
                "name": "fr",
                "url": "/api/v2/language/5/"
            },
            "name": "Brise-Barri\u00e8re"
        },
        {
            "language": {
                "name": "de",
                "url": "/api/v2/language/6/"
            },
            "name": "Hemmungslos"
        },
        {
            "language": {
                "name": "es",
                "url": "/api/v2/language/7/"
            },
            "name": "Antibarrera"
        },
        {
            "language": {
                "name": "it",
                "url": "/api/v2/language/8/"
            },
            "name": "Annullabarriere"
        },
        {
            "language": {
                "name": "en",
                "url": "/api/v2/language/9/"
            },
            "name": "Screen Cleaner"
        },
        {
            "language": {
                "name": "ja",
                "url": "/api/v2/language/11/"
            },
            "name": "\u30d0\u30ea\u30a2\u30d5\u30ea\u30fc"
        },
        {
            "language": {
                "name": "zh-Hans",
                "url": "/api/v2/language/12/"
            },
            "name": "\u9664\u969c"
        }
    ],
    "pokemon": [
        {
            "is_hidden": false,
            "pokemon": {
                "name": "mr-rime",
                "url": "/api/v2/pokemon/866/"
            },
            "slot": 2
        },
        {
            "is_hidden": false,
            "pokemon": {
                "name": "mr-mime-galar",
                "url": "/api/v2/pokemon/10168/"
            },
            "slot": 2
        }
    ]
}