{
    "descriptions": [
        {
            "description": "\u304b\u3093\u304c\u3048\u3054\u3068\u304c\u3000\u304a\u304a\u3044",
            "language": {
                "name": "ja-Hrkt",
                "url": "/api/v2/language/1/"
            }
        },
        {
            "description": "\uac71\uc815\uac70\ub9ac\uac00 \ub9ce\uc74c",
            "language": {
                "name": "ko",
                "url": "/api/v2/language/3/"
            }
        },
        {
            "description": "\u7d93\u5e38\u601d\u8003",
            "language": {
                "name": "zh-Hant",
                "url": "/api/v2/language/4/"
            }
        },
        {
            "description": "Il est souvent dans la lune",
            "language": {
                "name": "fr",
                "url": "/api/v2/language/5/"
            }
        },
        {
            "description": "Ist oft in Gedanken",
            "language": {
                "name": "de",
                "url": "/api/v2/language/6/"
            }
        },
        {
            "description": "A menudo est\u00e1 en Babia",
            "language": {
                "name": "es",
                "url": "/api/v2/language/7/"
            }
        },
        {
            "description": "Si perde nel suo mondo",
            "language": {
                "name": "it",
                "url": "/api/v2/language/8/"
            }
        },
        {
            "description": "Often lost in thought",
            "language": {
                "name": "en",
                "url": "/api/v2/language/9/"
            }
        },
        {
            "description": "\u8003\u3048\u4e8b\u304c\u3000\u591a\u3044",
            "language": {
                "name": "ja",
                "url": "/api/v2/language/11/"
            }
        },
        {
            "description": "\u7ecf\u5e38\u601d\u8003",
            "language": {
                "name": "zh-Hans",
                "url": "/api/v2/language/12/"
            }
        }
    ],
    "gene_modulo": 3,
    "highest_stat": {
        "name": "special-attack",
        "url": "/api/v2/stat/4/"
    },
    "id": 22,
    "possible_values": [
        3,
        8,
        13,
        18,
        23,
        28
    ]
}