{
    "effect_changes": [],
    "effect_entries": [
        {
            "effect": "Wenn sich ein Pok\u00e9mon mit dieser F\u00e4higkeit im Kampf befindet, schlagen die Attacken self destruct und explosion fehl und aftermath hat keinen Effekt.",
            "language": {
                "name": "de",
                "url": "/api/v2/language/6/"
            },
            "short_effect": "Verhindert self destruct, explosion und aftermath."
        },
        {
            "effect": "While this Pok\u00e9mon is in battle, self destruct and explosion will fail and aftermath will not take effect.",
            "language": {
                "name": "en",
                "url": "/api/v2/language/9/"
            },
            "short_effect": "Prevents self destruct, explosion, and aftermath from working while the Pok\u00e9mon is in battle."
        }
    ],
    "flavor_text_entries": [
        {
            "flavor_text": "Prevents self-destruction.",
            "language": {
                "name": "en",
                "url": "/api/v2/language/9/"
            },
            "version_group": {
                "name": "ruby-sapphire",
                "url": "/api/v2/version-group/5/"
            }
        },
        {
            "flavor_text": "Prevents self-destruction.",
            "language": {
                "name": "en",
                "url": "/api/v2/language/9/"
            },
            "version_group": {
                "name": "emerald",
                "url": "/api/v2/version-group/6/"
            }
        },
        {
            "flavor_text": "Prevents self-destruction.",
            "language": {
                "name": "en",
                "url": "/api/v2/language/9/"
            },
            "version_group": {
                "name": "firered-leafgreen",
                "url": "/api/v2/version-group/7/"
            }
        },
        {
            "flavor_text": "Prevents combatants from\nself destructing.",
            "language": {
                "name": "en",
                "url": "/api/v2/language/9/"
            },
            "version_group": {
                "name": "diamond-pearl",
                "url": "/api/v2/version-group/8/"
            }
        },
        {
            "flavor_text": "Prevents combatants from\nself destructing.",
            "language": {
                "name": "en",
                "url": "/api/v2/language/9/"
            },
            "version_group": {
                "name": "platinum",
                "url": "/api/v2/version-group/9/"
            }
        },
        {
            "flavor_text": "Prevents combatants\nfrom self-destructing.",
            "language": {
                "name": "en",
                "url": "/api/v2/language/9/"
            },
            "version_group": {
                "name": "heartgold-soulsilver",
                "url": "/api/v2/version-group/10/"
            }
        },
        {
            "flavor_text": "Emp\u00eache les combattants\nde s\u2019autod\u00e9truire.",
            "language": {
                "name": "fr",
                "url": "/api/v2/language/5/"
            },
            "version_group": {
                "name": "black-white",
                "url": "/api/v2/version-group/11/"
            }
        },
        {
            "flavor_text": "Prevents the use of\nself-destructing moves.",
            "language": {
                "name": "en",
                "url": "/api/v2/language/9/"
            },
            "version_group": {
                "name": "black-white",
                "url": "/api/v2/version-group/11/"
            }
        },
        {
            "flavor_text": "Prevents the use of\nself-destructing moves.",
            "language": {
                "name": "en",
                "url": "/api/v2/language/9/"
            },
            "version_group": {
                "name": "black-2-white-2",
                "url": "/api/v2/version-group/14/"
            }
        },
        {
            "flavor_text": "\u3060\u308c\u3082\u3000\u3070\u304f\u306f\u3064\u304c\n\u3067\u304d\u306a\u304f\u306a\u308b\u3002",
            "language": {
                "name": "ja-Hrkt",
                "url": "/api/v2/language/1/"
            },
            "version_group": {
                "name": "x-y",
                "url": "/api/v2/version-group/15/"
            }
        },
        {
            "flavor_text": "\ub204\uad6c\ub3c4 \ud3ed\ubc1c\n\ud560 \uc218 \uc5c6\uac8c \ub41c\ub2e4.",
            "language": {
                "name": "ko",
                "url": "/api/v2/language/3/"
            },
            "version_group": {
                "name": "x-y",
                "url": "/api/v2/version-group/15/"
            }
        },
        {
            "flavor_text": "Emp\u00eache les combattants de\ns\u2019autod\u00e9truire.",
            "language": {
                "name": "fr",
                "url": "/api/v2/language/5/"
            },
            "version_group": {
                "name": "x-y",
                "url": "/api/v2/version-group/15/"
            }
        },
        {
            "flavor_text": "H\u00e4lt alle Pok\u00e9mon davon ab,\nzu explodieren.",
            "language": {
                "name": "de",
                "url": "/api/v2/language/6/"
            },
            "version_group": {
                "name": "x-y",
                "url": "/api/v2/version-group/15/"
            }
        },
        {
            "flavor_text": "Evita que un Pok\u00e9mon pueda\nautodestruirse.",
            "language": {
                "name": "es",
                "url": "/api/v2/language/7/"
            },
            "version_group": {
                "name": "x-y",
                "url": "/api/v2/version-group/15/"
            }
        },
        {
            "flavor_text": "Impedisce le mosse\nautodistruttive.",
            "language": {
                "name": "it",
                "url": "/api/v2/language/8/"
            },
            "version_group": {
                "name": "x-y",
                "url": "/api/v2/version-group/15/"
            }
        },
        {
            "flavor_text": "Prevents the use of\nself-destructing moves.",
            "language": {
                "name": "en",
                "url": "/api/v2/language/9/"
            },
            "version_group": {
                "name": "x-y",
                "url": "/api/v2/version-group/15/"
            }
        },
        {
            "flavor_text": "\u3060\u308c\u3082\u3000\u7206\u767a\u304c\n\u3067\u304d\u306a\u304f\u306a\u308b\u3002",
            "language": {
                "name": "ja",
                "url": "/api/v2/language/11/"
            },
            "version_group": {
                "name": "x-y",
                "url": "/api/v2/version-group/15/"
            }
        },
        {
            "flavor_text": "\u3060\u308c\u3082\u3000\u3070\u304f\u306f\u3064\u304c\n\u3067\u304d\u306a\u304f\u306a\u308b\u3002",
            "language": {
                "name": "ja-Hrkt",
                "url": "/api/v2/language/1/"
            },
            "version_group": {
                "name": "omega-ruby-alpha-sapphire",
                "url": "/api/v2/version-group/16/"
            }
        },
        {
            "flavor_text": "\ub204\uad6c\ub3c4 \ud3ed\ubc1c\n\ud560 \uc218 \uc5c6\uac8c \ub41c\ub2e4.",
            "language": {
                "name": "ko",
                "url": "/api/v2/language/3/"
            },
            "version_group": {
                "name": "omega-ruby-alpha-sapphire",
                "url": "/api/v2/version-group/16/"
            }
        },
        {
            "flavor_text": "Emp\u00eache les combattants de\ns\u2019autod\u00e9truire.",
            "language": {
                "name": "fr",
                "url": "/api/v2/language/5/"
            },
            "version_group": {
                "name": "omega-ruby-alpha-sapphire",
                "url": "/api/v2/version-group/16/"
            }
        },
        {
            "flavor_text": "H\u00e4lt alle Pok\u00e9mon davon ab,\nzu explodieren.",
            "language": {
                "name": "de",
                "url": "/api/v2/language/6/"
            },
            "version_group": {
                "name": "omega-ruby-alpha-sapphire",
                "url": "/api/v2/version-group/16/"
            }
        },
        {
            "flavor_text": "Evita que un Pok\u00e9mon pueda\nautodestruirse.",
            "language": {
                "name": "es",
                "url": "/api/v2/language/7/"
            },
            "version_group": {
                "name": "omega-ruby-alpha-sapphire",
                "url": "/api/v2/version-group/16/"
            }
        },
        {
            "flavor_text": "Impedisce le mosse\nautodistruttive.",
            "language": {
                "name": "it",
                "url": "/api/v2/language/8/"
            },
            "version_group": {
                "name": "omega-ruby-alpha-sapphire",
                "url": "/api/v2/version-group/16/"
            }
        },
        {
            "flavor_text": "Prevents the use of\nself-destructing moves.",
            "language": {
                "name": "en",
                "url": "/api/v2/language/9/"
            },
            "version_group": {
                "name": "omega-ruby-alpha-sapphire",
                "url": "/api/v2/version-group/16/"
            }
        },
        {
            "flavor_text": "\u3060\u308c\u3082\u3000\u7206\u767a\u304c\n\u3067\u304d\u306a\u304f\u306a\u308b\u3002",
            "language": {
                "name": "ja",
                "url": "/api/v2/language/11/"
            },
            "version_group": {
                "name": "omega-ruby-alpha-sapphire",
                "url": "/api/v2/version-group/16/"
            }
        },
        {
            "flavor_text": "\u3042\u305f\u308a\u3092\u3000\u3057\u3081\u3089\u305b\u308b\u3053\u3068\u306b\u3000\u3088\u3063\u3066\n\u3058\u3070\u304f\u3000\u306a\u3069\u306e\u3000\u3070\u304f\u306f\u3064\u3059\u308b\u3000\u308f\u3056\u3092\n\u3060\u308c\u3082\u3000\u3064\u304b\u3048\u306a\u304f\u306a\u308b\u3002",
            "language": {
                "name": "ja-Hrkt",
                "url": "/api/v2/language/1/"
            },
            "version_group": {
                "name": "sun-moon",
                "url": "/api/v2/version-group/17/"
            }
        },
        {
            "flavor_text": "\uc8fc\ubcc0\uc744 \uc2b5\ud558\uac8c \ud568\uc73c\ub85c\uc368\n\uc790\ud3ed \ub4f1 \ud3ed\ubc1c\ud558\ub294 \uae30\uc220\uc744\n\uc544\ubb34\ub3c4 \ubabb \uc4f0\uac8c \ud55c\ub2e4.",
            "language": {
                "name": "ko",
                "url": "/api/v2/language/3/"
            },
            "version_group": {
                "name": "sun-moon",
                "url": "/api/v2/version-group/17/"
            }
        },
        {
            "flavor_text": "\u900f\u904e\u628a\u5468\u570d\u90fd\u5f04\u6fd5\uff0c\n\u4f7f\u8ab0\u90fd\u7121\u6cd5\u4f7f\u7528\u81ea\u7206\u7b49\u7206\u70b8\u985e\u7684\u62db\u5f0f\u3002",
            "language": {
                "name": "zh-Hant",
                "url": "/api/v2/language/4/"
            },
            "version_group": {
                "name": "sun-moon",
                "url": "/api/v2/version-group/17/"
            }
        },
        {
            "flavor_text": "Le Pok\u00e9mon augmente l\u2019humidit\u00e9 de l\u2019air,\nce qui emp\u00eache tous les Pok\u00e9mon d\u2019utiliser\ndes capacit\u00e9s explosives telles que Destruction.",
            "language": {
                "name": "fr",
                "url": "/api/v2/language/5/"
            },
            "version_group": {
                "name": "sun-moon",
                "url": "/api/v2/version-group/17/"
            }
        },
        {
            "flavor_text": "Befeuchtet die Umgebung und verhindert so den\nEinsatz von Attacken wie Finale, die Explosionen\nausl\u00f6sen.",
            "language": {
                "name": "de",
                "url": "/api/v2/language/6/"
            },
            "version_group": {
                "name": "sun-moon",
                "url": "/api/v2/version-group/17/"
            }
        },
        {
            "flavor_text": "Aumenta la humedad del entorno y evita que se\npuedan utilizar movimientos explosivos, tales como\nAutodestrucci\u00f3n.",
            "language": {
                "name": "es",
                "url": "/api/v2/language/7/"
            },
            "version_group": {
                "name": "sun-moon",
                "url": "/api/v2/version-group/17/"
            }
        },
        {
            "flavor_text": "Aumenta l\u2019umidit\u00e0 circostante, impedendo l\u2019uso\ndi Autodistruzione e di altre mosse esplosive.",
            "language": {
                "name": "it",
                "url": "/api/v2/language/8/"
            },
            "version_group": {
                "name": "sun-moon",
                "url": "/api/v2/version-group/17/"
            }
        },
        {
            "flavor_text": "Prevents the use of explosive moves such as\nSelf-Destruct by dampening its surroundings.",
            "language": {
                "name": "en",
                "url": "/api/v2/language/9/"
            },
            "version_group": {
                "name": "sun-moon",
                "url": "/api/v2/version-group/17/"
            }
        },
        {
            "flavor_text": "\u3042\u305f\u308a\u3092\u3000\u6e7f\u3089\u305b\u308b\u3053\u3068\u306b\u3000\u3088\u3063\u3066\n\u3058\u3070\u304f\u3000\u306a\u3069\u306e\u3000\u7206\u767a\u3059\u308b\u3000\u6280\u3092\n\u3060\u308c\u3082\u3000\u4f7f\u3048\u306a\u304f\u306a\u308b\u3002",
            "language": {
                "name": "ja",
                "url": "/api/v2/language/11/"
            },
            "version_group": {
                "name": "sun-moon",
                "url": "/api/v2/version-group/17/"
            }
        },
        {
            "flavor_text": "\u901a\u8fc7\u628a\u5468\u56f4\u90fd\u5f04\u6e7f\uff0c\n\u4f7f\u8c01\u90fd\u65e0\u6cd5\u4f7f\u7528\u81ea\u7206\u7b49\u7206\u70b8\u7c7b\u7684\u62db\u5f0f\u3002",
            "language": {
                "name": "zh-Hans",
                "url": "/api/v2/language/12/"
            },
            "version_group": {
                "name": "sun-moon",
                "url": "/api/v2/version-group/17/"
            }
        },
        {
            "flavor_text": "\u3042\u305f\u308a\u3092\u3000\u3057\u3081\u3089\u305b\u308b\u3053\u3068\u306b\u3000\u3088\u3063\u3066\n\u3058\u3070\u304f\u3000\u306a\u3069\u306e\u3000\u3070\u304f\u306f\u3064\u3059\u308b\u3000\u308f\u3056\u3092\n\u3060\u308c\u3082\u3000\u3064\u304b\u3048\u306a\u304f\u306a\u308b\u3002",
            "language": {
                "name": "ja-Hrkt",
                "url": "/api/v2/language/1/"
            },
            "version_group": {
                "name": "ultra-sun-ultra-moon",
                "url": "/api/v2/version-group/18/"
            }
        },
        {
            "flavor_text": "\uc8fc\ubcc0\uc744 \uc2b5\ud558\uac8c \ud568\uc73c\ub85c\uc368\n\uc790\ud3ed \ub4f1 \ud3ed\ubc1c\ud558\ub294 \uae30\uc220\uc744\n\uc544\ubb34\ub3c4 \ubabb \uc4f0\uac8c \ud55c\ub2e4.",
            "language": {
                "name": "ko",
                "url": "/api/v2/language/3/"
            },
            "version_group": {
                "name": "ultra-sun-ultra-moon",
                "url": "/api/v2/version-group/18/"
            }
        },
        {
            "flavor_text": "\u900f\u904e\u628a\u5468\u570d\u90fd\u5f04\u6fd5\uff0c\n\u4f7f\u8ab0\u90fd\u7121\u6cd5\u4f7f\u7528\u81ea\u7206\u7b49\u7206\u70b8\u985e\u7684\u62db\u5f0f\u3002",
            "language": {
                "name": "zh-Hant",
                "url": "/api/v2/language/4/"
            },
            "version_group": {
                "name": "ultra-sun-ultra-moon",
                "url": "/api/v2/version-group/18/"
            }
        },
        {
            "flavor_text": "Le Pok\u00e9mon augmente l\u2019humidit\u00e9 de l\u2019air,\nce qui emp\u00eache tous les Pok\u00e9mon d\u2019utiliser\ndes capacit\u00e9s explosives telles que Destruction.",
            "language": {
                "name": "fr",
                "url": "/api/v2/language/5/"
            },
            "version_group": {
                "name": "ultra-sun-ultra-moon",
                "url": "/api/v2/version-group/18/"
            }
        },
        {
            "flavor_text": "Befeuchtet die Umgebung und verhindert so den\nEinsatz von Attacken wie Finale, die Explosionen\nausl\u00f6sen.",
            "language": {
                "name": "de",
                "url": "/api/v2/language/6/"
            },
            "version_group": {
                "name": "ultra-sun-ultra-moon",
                "url": "/api/v2/version-group/18/"
            }
        },
        {
            "flavor_text": "Aumenta la humedad del entorno y evita que se\npuedan utilizar movimientos explosivos, tales como\nAutodestrucci\u00f3n.",
            "language": {
                "name": "es",
                "url": "/api/v2/language/7/"
            },
            "version_group": {
                "name": "ultra-sun-ultra-moon",
                "url": "/api/v2/version-group/18/"
            }
        },
        {
            "flavor_text": "Aumenta l\u2019umidit\u00e0 circostante, impedendo l\u2019uso\ndi Autodistruzione e di altre mosse esplosive.",
            "language": {
                "name": "it",
                "url": "/api/v2/language/8/"
            },
            "version_group": {
                "name": "ultra-sun-ultra-moon",
                "url": "/api/v2/version-group/18/"
            }
        },
        {
            "flavor_text": "Prevents the use of explosive moves such as\nSelf-Destruct by dampening its surroundings.",
            "language": {
                "name": "en",
                "url": "/api/v2/language/9/"
            },
            "version_group": {
                "name": "ultra-sun-ultra-moon",
                "url": "/api/v2/version-group/18/"
            }
        },
        {
            "flavor_text": "\u3042\u305f\u308a\u3092\u3000\u6e7f\u3089\u305b\u308b\u3053\u3068\u306b\u3000\u3088\u3063\u3066\n\u3058\u3070\u304f\u3000\u306a\u3069\u306e\u3000\u7206\u767a\u3059\u308b\u3000\u6280\u3092\n\u3060\u308c\u3082\u3000\u4f7f\u3048\u306a\u304f\u306a\u308b\u3002",
            "language": {
                "name": "ja",
                "url": "/api/v2/language/11/"
            },
            "version_group": {
                "name": "ultra-sun-ultra-moon",
                "url": "/api/v2/version-group/18/"
            }
        },
        {
            "flavor_text": "\u901a\u8fc7\u628a\u5468\u56f4\u90fd\u5f04\u6e7f\uff0c\n\u4f7f\u8c01\u90fd\u65e0\u6cd5\u4f7f\u7528\u81ea\u7206\u7b49\u7206\u70b8\u7c7b\u7684\u62db\u5f0f\u3002",
            "language": {
                "name": "zh-Hans",
                "url": "/api/v2/language/12/"
            },
            "version_group": {
                "name": "ultra-sun-ultra-moon",
                "url": "/api/v2/version-group/18/"
            }
        },
        {
            "flavor_text": "\u3042\u305f\u308a\u3092\u3000\u3057\u3081\u3089\u305b\u308b\u3053\u3068\u306b\u3000\u3088\u3063\u3066\n\u3058\u3070\u304f\u3000\u306a\u3069\u306e\u3000\u3070\u304f\u306f\u3064\u3059\u308b\u3000\u308f\u3056\u3092\n\u3060\u308c\u3082\u3000\u3064\u304b\u3048\u306a\u304f\u306a\u308b\u3002",
            "language": {
                "name": "ja-Hrkt",
                "url": "/api/v2/language/1/"
            },
            "version_group": {
                "name": "lets-go-pikachu-lets-go-eevee",
                "url": "/api/v2/version-group/19/"
            }
        },
        {
            "flavor_text": "\uc8fc\ubcc0\uc744 \uc2b5\ud558\uac8c \ud568\uc73c\ub85c\uc368\n\uc790\ud3ed \ub4f1 \ud3ed\ubc1c\ud558\ub294 \uae30\uc220\uc744\n\uc544\ubb34\ub3c4 \ubabb \uc4f0\uac8c \ud55c\ub2e4.",
            "language": {
                "name": "ko",
                "url": "/api/v2/language/3/"
            },
            "version_group": {
                "name": "lets-go-pikachu-lets-go-eevee",
                "url": "/api/v2/version-group/19/"
            }
        },
        {
            "flavor_text": "\u900f\u904e\u628a\u5468\u570d\u90fd\u5f04\u6fd5\uff0c\n\u4f7f\u8ab0\u90fd\u7121\u6cd5\u4f7f\u7528\u81ea\u7206\u7b49\u7206\u70b8\u985e\u7684\u62db\u5f0f\u3002",
            "language": {
                "name": "zh-Hant",
                "url": "/api/v2/language/4/"
            },
            "version_group": {
                "name": "lets-go-pikachu-lets-go-eevee",
                "url": "/api/v2/version-group/19/"
            }
        },
        {
            "flavor_text": "Le Pok\u00e9mon augmente l\u2019humidit\u00e9 de l\u2019air,\nce qui emp\u00eache tous les Pok\u00e9mon d\u2019utiliser\ndes capacit\u00e9s explosives telles que Destruction.",
            "language": {
                "name": "fr",
                "url": "/api/v2/language/5/"
            },
            "version_group": {
                "name": "lets-go-pikachu-lets-go-eevee",
                "url": "/api/v2/version-group/19/"
            }
        },
        {
            "flavor_text": "Befeuchtet die Umgebung und verhindert so den\nEinsatz von Attacken wie Finale, die Explosionen\nausl\u00f6sen.",
            "language": {
                "name": "de",
                "url": "/api/v2/language/6/"
            },
            "version_group": {
                "name": "lets-go-pikachu-lets-go-eevee",
                "url": "/api/v2/version-group/19/"
            }
        },
        {
            "flavor_text": "Aumenta la humedad del entorno y evita que se\npuedan utilizar movimientos explosivos, tales como\nAutodestrucci\u00f3n.",
            "language": {
                "name": "es",
                "url": "/api/v2/language/7/"
            },
            "version_group": {
                "name": "lets-go-pikachu-lets-go-eevee",
                "url": "/api/v2/version-group/19/"
            }
        },
        {
            "flavor_text": "Aumenta l\u2019umidit\u00e0 circostante, impedendo l\u2019uso\ndi Autodistruzione e di altre mosse esplosive.",
            "language": {
                "name": "it",
                "url": "/api/v2/language/8/"
            },
            "version_group": {
                "name": "lets-go-pikachu-lets-go-eevee",
                "url": "/api/v2/version-group/19/"
            }
        },
        {
            "flavor_text": "Prevents the use of explosive moves, such as\nSelf-Destruct, by dampening its surroundings.",
            "language": {
                "name": "en",
                "url": "/api/v2/language/9/"
            },
            "version_group": {
                "name": "lets-go-pikachu-lets-go-eevee",
                "url": "/api/v2/version-group/19/"
            }
        },
        {
            "flavor_text": "\u3042\u305f\u308a\u3092\u3000\u6e7f\u3089\u305b\u308b\u3053\u3068\u306b\u3000\u3088\u3063\u3066\n\u3058\u3070\u304f\u3000\u306a\u3069\u306e\u3000\u7206\u767a\u3059\u308b\u3000\u6280\u3092\n\u3060\u308c\u3082\u3000\u4f7f\u3048\u306a\u304f\u306a\u308b\u3002",
            "language": {
                "name": "ja",
                "url": "/api/v2/language/11/"
            },
            "version_group": {
                "name": "lets-go-pikachu-lets-go-eevee",
                "url": "/api/v2/version-group/19/"
            }
        },
        {
            "flavor_text": "\u901a\u8fc7\u628a\u5468\u56f4\u90fd\u5f04\u6e7f\uff0c\n\u4f7f\u8c01\u90fd\u65e0\u6cd5\u4f7f\u7528\u81ea\u7206\u7b49\u7206\u70b8\u7c7b\u7684\u62db\u5f0f\u3002",
            "language": {
                "name": "zh-Hans",
                "url": "/api/v2/language/12/"
            },
            "version_group": {
                "name": "lets-go-pikachu-lets-go-eevee",
                "url": "/api/v2/version-group/19/"
            }
        },
        {
            "flavor_text": "\u3042\u305f\u308a\u3092\u3000\u3057\u3081\u3089\u305b\u308b\u3053\u3068\u306b\u3000\u3088\u3063\u3066\n\u3058\u3070\u304f\u3000\u306a\u3069\u306e\u3000\u3070\u304f\u306f\u3064\u3059\u308b\u3000\u308f\u3056\u3092\n\u3060\u308c\u3082\u3000\u3064\u304b\u3048\u306a\u304f\u306a\u308b\u3002",
            "language": {
                "name": "ja-Hrkt",
                "url": "/api/v2/language/1/"
            },
            "version_group": {
                "name": "sword-shield",
                "url": "/api/v2/version-group/20/"
            }
        },
        {
            "flavor_text": "\uc8fc\ubcc0\uc744 \uc2b5\ud558\uac8c \ud568\uc73c\ub85c\uc368\n\uc790\ud3ed \ub4f1 \ud3ed\ubc1c\ud558\ub294 \uae30\uc220\uc744\n\uc544\ubb34\ub3c4 \ubabb \uc4f0\uac8c \ud55c\ub2e4.",
            "language": {
                "name": "ko",
                "url": "/api/v2/language/3/"
            },
            "version_group": {
                "name": "sword-shield",
                "url": "/api/v2/version-group/20/"
            }
        },
        {
            "flavor_text": "\u900f\u904e\u628a\u5468\u570d\u90fd\u5f04\u6fd5\uff0c\n\u4f7f\u8ab0\u90fd\u7121\u6cd5\u4f7f\u7528\u81ea\u7206\u7b49\u7206\u70b8\u985e\u7684\u62db\u5f0f\u3002",
            "language": {
                "name": "zh-Hant",
                "url": "/api/v2/language/4/"
            },
            "version_group": {
                "name": "sword-shield",
                "url": "/api/v2/version-group/20/"
            }
        },
        {
            "flavor_text": "Le Pok\u00e9mon augmente l\u2019humidit\u00e9 de l\u2019air,\nce qui emp\u00eache tous les Pok\u00e9mon d\u2019utiliser\ndes capacit\u00e9s explosives telles que Destruction.",
            "language": {
                "name": "fr",
                "url": "/api/v2/language/5/"
            },
            "version_group": {
                "name": "sword-shield",
                "url": "/api/v2/version-group/20/"
            }
        },
        {
            "flavor_text": "Befeuchtet die Umgebung und verhindert so den Einsatz\nvon Attacken wie Finale, die Explosionen ausl\u00f6sen.",
            "language": {
                "name": "de",
                "url": "/api/v2/language/6/"
            },
            "version_group": {
                "name": "sword-shield",
                "url": "/api/v2/version-group/20/"
            }
        },
        {
            "flavor_text": "Aumenta la humedad del entorno y evita que se\npuedan utilizar movimientos explosivos, tales como\nAutodestrucci\u00f3n.",
            "language": {
                "name": "es",
                "url": "/api/v2/language/7/"
            },
            "version_group": {
                "name": "sword-shield",
                "url": "/api/v2/version-group/20/"
            }
        },
        {
            "flavor_text": "Aumenta l\u2019umidit\u00e0 circostante, impedendo l\u2019uso\ndi Autodistruzione e di altre mosse esplosive.",
            "language": {
                "name": "it",
                "url": "/api/v2/language/8/"
            },
            "version_group": {
                "name": "sword-shield",
                "url": "/api/v2/version-group/20/"
            }
        },
        {
            "flavor_text": "Prevents the use of explosive moves, such as\nSelf-Destruct, by dampening its surroundings.",
            "language": {
                "name": "en",
                "url": "/api/v2/language/9/"
            },
            "version_group": {
                "name": "sword-shield",
                "url": "/api/v2/version-group/20/"
            }
        },
        {
            "flavor_text": "\u3042\u305f\u308a\u3092\u3000\u6e7f\u3089\u305b\u308b\u3053\u3068\u306b\u3000\u3088\u3063\u3066\n\u3058\u3070\u304f\u3000\u306a\u3069\u306e\u3000\u7206\u767a\u3059\u308b\u3000\u6280\u3092\n\u3060\u308c\u3082\u3000\u4f7f\u3048\u306a\u304f\u306a\u308b\u3002",
            "language": {
                "name": "ja",
                "url": "/api/v2/language/11/"
            },
            "version_group": {
                "name": "sword-shield",
                "url": "/api/v2/version-group/20/"
            }
        },
        {
            "flavor_text": "\u901a\u8fc7\u628a\u5468\u56f4\u90fd\u5f04\u6e7f\uff0c\n\u4f7f\u8c01\u90fd\u65e0\u6cd5\u4f7f\u7528\u81ea\u7206\u7b49\u7206\u70b8\u7c7b\u7684\u62db\u5f0f\u3002",
            "language": {
                "name": "zh-Hans",
                "url": "/api/v2/language/12/"
            },
            "version_group": {
                "name": "sword-shield",
                "url": "/api/v2/version-group/20/"
            }
        }
    ],
    "generation": {
        "name": "generation-iii",
        "url": "/api/v2/generation/3/"
    },
    "id": 6,
    "is_main_series": true,
    "name": "damp",
    "names": [
        {
            "language": {
                "name": "ja-Hrkt",
                "url": "/api/v2/language/1/"
            },
            "name": "\u3057\u3081\u308a\u3051"
        },
        {
            "language": {
                "name": "ko",
                "url": "/api/v2/language/3/"
            },
            "name": "\uc2b5\uae30"
        },
        {
            "language": {
                "name": "zh-Hant",
                "url": "/api/v2/language/4/"
            },
            "name": "\u6fd5\u6c23"
        },
        {
            "language": {
                "name": "fr",
                "url": "/api/v2/language/5/"
            },
            "name": "Moiteur"
        },
        {
            "language": {
                "name": "de",
                "url": "/api/v2/language/6/"
            },
            "name": "Feuchtigkeit"
        },
        {
            "language": {
                "name": "es",
                "url": "/api/v2/language/7/"
            },
            "name": "Humedad"
        },
        {
            "language": {
                "name": "it",
                "url": "/api/v2/language/8/"
            },
            "name": "Umidit\u00e0"
        },
        {
            "language": {
                "name": "en",
                "url": "/api/v2/language/9/"
            },
            "name": "Damp"
        },
        {
            "language": {
                "name": "ja",
                "url": "/api/v2/language/11/"
            },
            "name": "\u3057\u3081\u308a\u3051"
        },
        {
            "language": {
                "name": "zh-Hans",
                "url": "/api/v2/language/12/"
            },
            "name": "\u6e7f\u6c14"
        }
    ],
    "pokemon": [
        {
            "is_hidden": true,
            "pokemon": {
                "name": "paras",
                "url": "/api/v2/pokemon/46/"
            },
            "slot": 3
        },
        {
            "is_hidden": true,
            "pokemon": {
                "name": "parasect",
                "url": "/api/v2/pokemon/47/"
            },
            "slot": 3
        },
        {
            "is_hidden": false,
            "pokemon": {
                "name": "psyduck",
                "url": "/api/v2/pokemon/54/"
            },
            "slot": 1
        },
        {
            "is_hidden": false,
            "pokemon": {
                "name": "golduck",
                "url": "/api/v2/pokemon/55/"
            },
            "slot": 1
        },
        {
            "is_hidden": false,
            "pokemon": {
                "name": "poliwag",
                "url": "/api/v2/pokemon/60/"
            },
            "slot": 2
        },
        {
            "is_hidden": false,
            "pokemon": {
                "name": "poliwhirl",
                "url": "/api/v2/pokemon/61/"
            },
            "slot": 2
        },
        {
            "is_hidden": false,
            "pokemon": {
                "name": "poliwrath",
                "url": "/api/v2/pokemon/62/"
            },
            "slot": 2
        },
        {
            "is_hidden": true,
            "pokemon": {
                "name": "horsea",
                "url": "/api/v2/pokemon/116/"
            },
            "slot": 3
        },
        {
            "is_hidden": true,
            "pokemon": {
                "name": "seadra",
                "url": "/api/v2/pokemon/117/"
            },
            "slot": 3
        },
        {
            "is_hidden": false,
            "pokemon": {
                "name": "politoed",
                "url": "/api/v2/pokemon/186/"
            },
            "slot": 2
        },
        {
            "is_hidden": false,
            "pokemon": {
                "name": "wooper",
                "url": "/api/v2/pokemon/194/"
            },
            "slot": 1
        },
        {
            "is_hidden": false,
            "pokemon": {
                "name": "quagsire",
                "url": "/api/v2/pokemon/195/"
            },
            "slot": 1
        },
        {
            "is_hidden": true,
            "pokemon": {
                "name": "kingdra",
                "url": "/api/v2/pokemon/230/"
            },
            "slot": 3
        },
        {
            "is_hidden": true,
            "pokemon": {
                "name": "mudkip",
                "url": "/api/v2/pokemon/258/"
            },
            "slot": 3
        },
        {
            "is_hidden": true,
            "pokemon": {
                "name": "marshtomp",
                "url": "/api/v2/pokemon/259/"
            },
            "slot": 3
        },
        {
            "is_hidden": true,
            "pokemon": {
                "name": "swampert",
                "url": "/api/v2/pokemon/260/"
            },
            "slot": 3
        },
        {
            "is_hidden": true,
            "pokemon": {
                "name": "frillish",
                "url": "/api/v2/pokemon/592/"
            },
            "slot": 3
        },
        {
            "is_hidden": true,
            "pokemon": {
                "name": "jellicent",
                "url": "/api/v2/pokemon/593/"
            },
            "slot": 3
        },
        {
            "is_hidden": true,
            "pokemon": {
                "name": "tadbulb",
                "url": "/api/v2/pokemon/938/"
            },
            "slot": 3
        },
        {
            "is_hidden": true,
            "pokemon": {
                "name": "bellibolt",
                "url": "/api/v2/pokemon/939/"
            },
            "slot": 3
        }
    ]
}