{
    "effect_changes": [],
    "effect_entries": [
        {
            "effect": "Die kritische Trefferrate von Attacken von Pok\u00e9mon mit dieser F\u00e4higkeit sind eine Stufe h\u00f6her als normal.",
            "language": {
                "name": "de",
                "url": "/api/v2/language/6/"
            },
            "short_effect": "Erh\u00f6ht die kritische Trefferrate um 1 Stufe."
        },
        {
            "effect": "This Pok\u00e9mon's moves have critical hit rates one stage higher than normal.",
            "language": {
                "name": "en",
                "url": "/api/v2/language/9/"
            },
            "short_effect": "Raises moves' critical hit rates one stage."
        }
    ],
    "flavor_text_entries": [
        {
            "flavor_text": "Heightens the critical-hit\nratios of moves.",
            "language": {
                "name": "en",
                "url": "/api/v2/language/9/"
            },
            "version_group": {
                "name": "diamond-pearl",
                "url": "/api/v2/version-group/8/"
            }
        },
        {
            "flavor_text": "Heightens the critical-hit\nratios of moves.",
            "language": {
                "name": "en",
                "url": "/api/v2/language/9/"
            },
            "version_group": {
                "name": "platinum",
                "url": "/api/v2/version-group/9/"
            }
        },
        {
            "flavor_text": "Heightens the critical-\nhit ratios of moves.",
            "language": {
                "name": "en",
                "url": "/api/v2/language/9/"
            },
            "version_group": {
                "name": "heartgold-soulsilver",
                "url": "/api/v2/version-group/10/"
            }
        },
        {
            "flavor_text": "Augmente la fr\u00e9quence\ndes coups critiques.",
            "language": {
                "name": "fr",
                "url": "/api/v2/language/5/"
            },
            "version_group": {
                "name": "black-white",
                "url": "/api/v2/version-group/11/"
            }
        },
        {
            "flavor_text": "Heightens the critical-\nhit ratios of moves.",
            "language": {
                "name": "en",
                "url": "/api/v2/language/9/"
            },
            "version_group": {
                "name": "black-white",
                "url": "/api/v2/version-group/11/"
            }
        },
        {
            "flavor_text": "Heightens the critical-\nhit ratios of moves.",
            "language": {
                "name": "en",
                "url": "/api/v2/language/9/"
            },
            "version_group": {
                "name": "black-2-white-2",
                "url": "/api/v2/version-group/14/"
            }
        },
        {
            "flavor_text": "\u3042\u3044\u3066\u306e\u3000\u304d\u3085\u3046\u3057\u3087\u306b\n\u3053\u3046\u3052\u304d\u304c\u3000\u3042\u305f\u308a\u3084\u3059\u3044\u3002",
            "language": {
                "name": "ja-Hrkt",
                "url": "/api/v2/language/1/"
            },
            "version_group": {
                "name": "x-y",
                "url": "/api/v2/version-group/15/"
            }
        },
        {
            "flavor_text": "\uc0c1\ub300\uc758 \uae09\uc18c\uc5d0\n\uacf5\uaca9\uc774 \ub9de\uae30 \uc27d\ub2e4.",
            "language": {
                "name": "ko",
                "url": "/api/v2/language/3/"
            },
            "version_group": {
                "name": "x-y",
                "url": "/api/v2/version-group/15/"
            }
        },
        {
            "flavor_text": "Augmente la fr\u00e9quence des\ncoups critiques.",
            "language": {
                "name": "fr",
                "url": "/api/v2/language/5/"
            },
            "version_group": {
                "name": "x-y",
                "url": "/api/v2/version-group/15/"
            }
        },
        {
            "flavor_text": "Erh\u00f6ht die Wahrscheinlichkeit,\neinen Volltreffer zu landen.",
            "language": {
                "name": "de",
                "url": "/api/v2/language/6/"
            },
            "version_group": {
                "name": "x-y",
                "url": "/api/v2/version-group/15/"
            }
        },
        {
            "flavor_text": "Aumenta la probabilidad de dar\ngolpes cr\u00edticos.",
            "language": {
                "name": "es",
                "url": "/api/v2/language/7/"
            },
            "version_group": {
                "name": "x-y",
                "url": "/api/v2/version-group/15/"
            }
        },
        {
            "flavor_text": "Aumenta la probabilit\u00e0 di\ninfliggere brutti colpi.",
            "language": {
                "name": "it",
                "url": "/api/v2/language/8/"
            },
            "version_group": {
                "name": "x-y",
                "url": "/api/v2/version-group/15/"
            }
        },
        {
            "flavor_text": "Boosts the critical-hit\nratios of moves.",
            "language": {
                "name": "en",
                "url": "/api/v2/language/9/"
            },
            "version_group": {
                "name": "x-y",
                "url": "/api/v2/version-group/15/"
            }
        },
        {
            "flavor_text": "\u76f8\u624b\u306e\u3000\u6025\u6240\u306b\n\u653b\u6483\u304c\u3000\u5f53\u305f\u308a\u3084\u3059\u3044\u3002",
            "language": {
                "name": "ja",
                "url": "/api/v2/language/11/"
            },
            "version_group": {
                "name": "x-y",
                "url": "/api/v2/version-group/15/"
            }
        },
        {
            "flavor_text": "\u3042\u3044\u3066\u306e\u3000\u304d\u3085\u3046\u3057\u3087\u306b\n\u3053\u3046\u3052\u304d\u304c\u3000\u3042\u305f\u308a\u3084\u3059\u3044\u3002",
            "language": {
                "name": "ja-Hrkt",
                "url": "/api/v2/language/1/"
            },
            "version_group": {
                "name": "omega-ruby-alpha-sapphire",
                "url": "/api/v2/version-group/16/"
            }
        },
        {
            "flavor_text": "\uc0c1\ub300\uc758 \uae09\uc18c\uc5d0\n\uacf5\uaca9\uc774 \ub9de\uae30 \uc27d\ub2e4.",
            "language": {
                "name": "ko",
                "url": "/api/v2/language/3/"
            },
            "version_group": {
                "name": "omega-ruby-alpha-sapphire",
                "url": "/api/v2/version-group/16/"
            }
        },
        {
            "flavor_text": "Augmente la fr\u00e9quence des\ncoups critiques.",
            "language": {
                "name": "fr",
                "url": "/api/v2/language/5/"
            },
            "version_group": {
                "name": "omega-ruby-alpha-sapphire",
                "url": "/api/v2/version-group/16/"
            }
        },
        {
            "flavor_text": "Erh\u00f6ht die Wahrscheinlichkeit,\neinen Volltreffer zu landen.",
            "language": {
                "name": "de",
                "url": "/api/v2/language/6/"
            },
            "version_group": {
                "name": "omega-ruby-alpha-sapphire",
                "url": "/api/v2/version-group/16/"
            }
        },
        {
            "flavor_text": "Aumenta la probabilidad de dar\ngolpes cr\u00edticos.",
            "language": {
                "name": "es",
                "url": "/api/v2/language/7/"
            },
            "version_group": {
                "name": "omega-ruby-alpha-sapphire",
                "url": "/api/v2/version-group/16/"
            }
        },
        {
            "flavor_text": "Aumenta la probabilit\u00e0 di\ninfliggere brutti colpi.",
            "language": {
                "name": "it",
                "url": "/api/v2/language/8/"
            },
            "version_group": {
                "name": "omega-ruby-alpha-sapphire",
                "url": "/api/v2/version-group/16/"
            }
        },
        {
            "flavor_text": "Boosts the critical-hit\nratios of moves.",
            "language": {
                "name": "en",
                "url": "/api/v2/language/9/"
            },
            "version_group": {
                "name": "omega-ruby-alpha-sapphire",
                "url": "/api/v2/version-group/16/"
            }
        },
        {
            "flavor_text": "\u76f8\u624b\u306e\u3000\u6025\u6240\u306b\n\u653b\u6483\u304c\u3000\u5f53\u305f\u308a\u3084\u3059\u3044\u3002",
            "language": {
                "name": "ja",
                "url": "/api/v2/language/11/"
            },
            "version_group": {
                "name": "omega-ruby-alpha-sapphire",
                "url": "/api/v2/version-group/16/"
            }
        },
        {
            "flavor_text": "\u304d\u3087\u3046\u3046\u3093\u3092\u3000\u3082\u3063\u3066\u3044\u308b\u305f\u3081\n\u3042\u3044\u3066\u306e\u3000\u304d\u3085\u3046\u3057\u3087\u306b\n\u3053\u3046\u3052\u304d\u304c\u3000\u3042\u305f\u308a\u3084\u3059\u3044\u3002",
            "language": {
                "name": "ja-Hrkt",
                "url": "/api/v2/language/1/"
            },
            "version_group": {
                "name": "sun-moon",
                "url": "/api/v2/version-group/17/"
            }
        },
        {
            "flavor_text": "\ub300\uc6b4\uc744 \uac00\uc9c0\uace0 \uc788\uc5b4\n\uc0c1\ub300\uc758 \uae09\uc18c\uc5d0\n\uacf5\uaca9\uc774 \ub9de\uae30 \uc27d\ub2e4.",
            "language": {
                "name": "ko",
                "url": "/api/v2/language/3/"
            },
            "version_group": {
                "name": "sun-moon",
                "url": "/api/v2/version-group/17/"
            }
        },
        {
            "flavor_text": "\u56e0\u70ba\u975e\u5e38\u5e78\u904b\uff0c\n\u5bb9\u6613\u64ca\u4e2d\u5c0d\u624b\u7684\u8981\u5bb3\u3002",
            "language": {
                "name": "zh-Hant",
                "url": "/api/v2/language/4/"
            },
            "version_group": {
                "name": "sun-moon",
                "url": "/api/v2/version-group/17/"
            }
        },
        {
            "flavor_text": "Le Pok\u00e9mon est tellement chanceux qu\u2019il inflige\nplus fr\u00e9quemment des coups critiques.",
            "language": {
                "name": "fr",
                "url": "/api/v2/language/5/"
            },
            "version_group": {
                "name": "sun-moon",
                "url": "/api/v2/version-group/17/"
            }
        },
        {
            "flavor_text": "Gro\u00dfes Gl\u00fcck erh\u00f6ht die Wahrscheinlichkeit,\neinen Volltreffer zu landen.",
            "language": {
                "name": "de",
                "url": "/api/v2/language/6/"
            },
            "version_group": {
                "name": "sun-moon",
                "url": "/api/v2/version-group/17/"
            }
        },
        {
            "flavor_text": "Su buena suerte aumenta la probabilidad de asestar\ngolpes cr\u00edticos.",
            "language": {
                "name": "es",
                "url": "/api/v2/language/7/"
            },
            "version_group": {
                "name": "sun-moon",
                "url": "/api/v2/version-group/17/"
            }
        },
        {
            "flavor_text": "Il Pok\u00e9mon ha una fortuna incredibile che aumenta\nla sua probabilit\u00e0 di infliggere brutti colpi.",
            "language": {
                "name": "it",
                "url": "/api/v2/language/8/"
            },
            "version_group": {
                "name": "sun-moon",
                "url": "/api/v2/version-group/17/"
            }
        },
        {
            "flavor_text": "The Pok\u00e9mon is so lucky that the critical-hit ratios\nof its moves are boosted.",
            "language": {
                "name": "en",
                "url": "/api/v2/language/9/"
            },
            "version_group": {
                "name": "sun-moon",
                "url": "/api/v2/version-group/17/"
            }
        },
        {
            "flavor_text": "\u5f37\u904b\u3092\u3000\u6301\u3063\u3066\u3044\u308b\u305f\u3081\n\u76f8\u624b\u306e\u3000\u6025\u6240\u306b\n\u653b\u6483\u304c\u3000\u5f53\u305f\u308a\u3084\u3059\u3044\u3002",
            "language": {
                "name": "ja",
                "url": "/api/v2/language/11/"
            },
            "version_group": {
                "name": "sun-moon",
                "url": "/api/v2/version-group/17/"
            }
        },
        {
            "flavor_text": "\u56e0\u4e3a\u62e5\u6709\u8d85\u5e78\u8fd0\uff0c\n\u653b\u51fb\u5bb9\u6613\u51fb\u4e2d\u5bf9\u624b\u7684\u8981\u5bb3\u3002",
            "language": {
                "name": "zh-Hans",
                "url": "/api/v2/language/12/"
            },
            "version_group": {
                "name": "sun-moon",
                "url": "/api/v2/version-group/17/"
            }
        },
        {
            "flavor_text": "\u304d\u3087\u3046\u3046\u3093\u3092\u3000\u3082\u3063\u3066\u3044\u308b\u305f\u3081\n\u3042\u3044\u3066\u306e\u3000\u304d\u3085\u3046\u3057\u3087\u306b\n\u3053\u3046\u3052\u304d\u304c\u3000\u3042\u305f\u308a\u3084\u3059\u3044\u3002",
            "language": {
                "name": "ja-Hrkt",
                "url": "/api/v2/language/1/"
            },
            "version_group": {
                "name": "ultra-sun-ultra-moon",
                "url": "/api/v2/version-group/18/"
            }
        },
        {
            "flavor_text": "\ub300\uc6b4\uc744 \uac00\uc9c0\uace0 \uc788\uc5b4\n\uc0c1\ub300\uc758 \uae09\uc18c\uc5d0\n\uacf5\uaca9\uc774 \ub9de\uae30 \uc27d\ub2e4.",
            "language": {
                "name": "ko",
                "url": "/api/v2/language/3/"
            },
            "version_group": {
                "name": "ultra-sun-ultra-moon",
                "url": "/api/v2/version-group/18/"
            }
        },
        {
            "flavor_text": "\u56e0\u70ba\u975e\u5e38\u5e78\u904b\uff0c\n\u5bb9\u6613\u64ca\u4e2d\u5c0d\u624b\u7684\u8981\u5bb3\u3002",
            "language": {
                "name": "zh-Hant",
                "url": "/api/v2/language/4/"
            },
            "version_group": {
                "name": "ultra-sun-ultra-moon",
                "url": "/api/v2/version-group/18/"
            }
        },
        {
            "flavor_text": "Le Pok\u00e9mon est tellement chanceux qu\u2019il inflige\nplus fr\u00e9quemment des coups critiques.",
            "language": {
                "name": "fr",
                "url": "/api/v2/language/5/"
            },
            "version_group": {
                "name": "ultra-sun-ultra-moon",
                "url": "/api/v2/version-group/18/"
            }
        },
        {
            "flavor_text": "Gro\u00dfes Gl\u00fcck erh\u00f6ht die Wahrscheinlichkeit,\neinen Volltreffer zu landen.",
            "language": {
                "name": "de",
                "url": "/api/v2/language/6/"
            },
            "version_group": {
                "name": "ultra-sun-ultra-moon",
                "url": "/api/v2/version-group/18/"
            }
        },
        {
            "flavor_text": "Su buena suerte aumenta la probabilidad de asestar\ngolpes cr\u00edticos.",
            "language": {
                "name": "es",
                "url": "/api/v2/language/7/"
            },
            "version_group": {
                "name": "ultra-sun-ultra-moon",
                "url": "/api/v2/version-group/18/"
            }
        },
        {
            "flavor_text": "Il Pok\u00e9mon ha una fortuna incredibile che aumenta\nla sua probabilit\u00e0 di infliggere brutti colpi.",
            "language": {
                "name": "it",
                "url": "/api/v2/language/8/"
            },
            "version_group": {
                "name": "ultra-sun-ultra-moon",
                "url": "/api/v2/version-group/18/"
            }
        },
        {
            "flavor_text": "The Pok\u00e9mon is so lucky that the critical-hit ratios\nof its moves are boosted.",
            "language": {
                "name": "en",
                "url": "/api/v2/language/9/"
            },
            "version_group": {
                "name": "ultra-sun-ultra-moon",
                "url": "/api/v2/version-group/18/"
            }
        },
        {
            "flavor_text": "\u5f37\u904b\u3092\u3000\u6301\u3063\u3066\u3044\u308b\u305f\u3081\n\u76f8\u624b\u306e\u3000\u6025\u6240\u306b\n\u653b\u6483\u304c\u3000\u5f53\u305f\u308a\u3084\u3059\u3044\u3002",
            "language": {
                "name": "ja",
                "url": "/api/v2/language/11/"
            },
            "version_group": {
                "name": "ultra-sun-ultra-moon",
                "url": "/api/v2/version-group/18/"
            }
        },
        {
            "flavor_text": "\u56e0\u4e3a\u62e5\u6709\u8d85\u5e78\u8fd0\uff0c\n\u653b\u51fb\u5bb9\u6613\u51fb\u4e2d\u5bf9\u624b\u7684\u8981\u5bb3\u3002",
            "language": {
                "name": "zh-Hans",
                "url": "/api/v2/language/12/"
            },
            "version_group": {
                "name": "ultra-sun-ultra-moon",
                "url": "/api/v2/version-group/18/"
            }
        },
        {
            "flavor_text": "\u304d\u3087\u3046\u3046\u3093\u3092\u3000\u3082\u3063\u3066\u3044\u308b\u305f\u3081\n\u3042\u3044\u3066\u306e\u3000\u304d\u3085\u3046\u3057\u3087\u306b\n\u3053\u3046\u3052\u304d\u304c\u3000\u3042\u305f\u308a\u3084\u3059\u3044\u3002",
            "language": {
                "name": "ja-Hrkt",
                "url": "/api/v2/language/1/"
            },
            "version_group": {
                "name": "lets-go-pikachu-lets-go-eevee",
                "url": "/api/v2/version-group/19/"
            }
        },
        {
            "flavor_text": "\ub300\uc6b4\uc744 \uac00\uc9c0\uace0 \uc788\uc5b4\n\uc0c1\ub300\uc758 \uae09\uc18c\uc5d0\n\uacf5\uaca9\uc774 \ub9de\uae30 \uc27d\ub2e4.",
            "language": {
                "name": "ko",
                "url": "/api/v2/language/3/"
            },
            "version_group": {
                "name": "lets-go-pikachu-lets-go-eevee",
                "url": "/api/v2/version-group/19/"
            }
        },
        {
            "flavor_text": "\u56e0\u70ba\u975e\u5e38\u5e78\u904b\uff0c\n\u5bb9\u6613\u64ca\u4e2d\u5c0d\u624b\u7684\u8981\u5bb3\u3002",
            "language": {
                "name": "zh-Hant",
                "url": "/api/v2/language/4/"
            },
            "version_group": {
                "name": "lets-go-pikachu-lets-go-eevee",
                "url": "/api/v2/version-group/19/"
            }
        },
        {
            "flavor_text": "Le Pok\u00e9mon est tellement chanceux qu\u2019il inflige\nplus fr\u00e9quemment des coups critiques.",
            "language": {
                "name": "fr",
                "url": "/api/v2/language/5/"
            },
            "version_group": {
                "name": "lets-go-pikachu-lets-go-eevee",
                "url": "/api/v2/version-group/19/"
            }
        },
        {
            "flavor_text": "Gro\u00dfes Gl\u00fcck erh\u00f6ht die Wahrscheinlichkeit,\neinen Volltreffer zu landen.",
            "language": {
                "name": "de",
                "url": "/api/v2/language/6/"
            },
            "version_group": {
                "name": "lets-go-pikachu-lets-go-eevee",
                "url": "/api/v2/version-group/19/"
            }
        },
        {
            "flavor_text": "Su buena suerte aumenta la probabilidad de asestar\ngolpes cr\u00edticos.",
            "language": {
                "name": "es",
                "url": "/api/v2/language/7/"
            },
            "version_group": {
                "name": "lets-go-pikachu-lets-go-eevee",
                "url": "/api/v2/version-group/19/"
            }
        },
        {
            "flavor_text": "Il Pok\u00e9mon ha una fortuna incredibile che aumenta\nla sua probabilit\u00e0 di infliggere brutti colpi.",
            "language": {
                "name": "it",
                "url": "/api/v2/language/8/"
            },
            "version_group": {
                "name": "lets-go-pikachu-lets-go-eevee",
                "url": "/api/v2/version-group/19/"
            }
        },
        {
            "flavor_text": "The Pok\u00e9mon is so lucky that the critical-hit ratios\nof its moves are boosted.",
            "language": {
                "name": "en",
                "url": "/api/v2/language/9/"
            },
            "version_group": {
                "name": "lets-go-pikachu-lets-go-eevee",
                "url": "/api/v2/version-group/19/"
            }
        },
        {
            "flavor_text": "\u5f37\u904b\u3092\u3000\u6301\u3063\u3066\u3044\u308b\u305f\u3081\n\u76f8\u624b\u306e\u3000\u6025\u6240\u306b\n\u653b\u6483\u304c\u3000\u5f53\u305f\u308a\u3084\u3059\u3044\u3002",
            "language": {
                "name": "ja",
                "url": "/api/v2/language/11/"
            },
            "version_group": {
                "name": "lets-go-pikachu-lets-go-eevee",
                "url": "/api/v2/version-group/19/"
            }
        },
        {
            "flavor_text": "\u56e0\u4e3a\u62e5\u6709\u8d85\u5e78\u8fd0\uff0c\n\u653b\u51fb\u5bb9\u6613\u51fb\u4e2d\u5bf9\u624b\u7684\u8981\u5bb3\u3002",
            "language": {
                "name": "zh-Hans",
                "url": "/api/v2/language/12/"
            },
            "version_group": {
                "name": "lets-go-pikachu-lets-go-eevee",
                "url": "/api/v2/version-group/19/"
            }
        },
        {
            "flavor_text": "\u304d\u3087\u3046\u3046\u3093\u3092\u3000\u3082\u3063\u3066\u3044\u308b\u305f\u3081\n\u3042\u3044\u3066\u306e\u3000\u304d\u3085\u3046\u3057\u3087\u306b\n\u3053\u3046\u3052\u304d\u304c\u3000\u3042\u305f\u308a\u3084\u3059\u3044\u3002",
            "language": {
                "name": "ja-Hrkt",
                "url": "/api/v2/language/1/"
            },
            "version_group": {
                "name": "sword-shield",
                "url": "/api/v2/version-group/20/"
            }
        },
        {
            "flavor_text": "\ub300\uc6b4\uc744 \uac00\uc9c0\uace0 \uc788\uc5b4\n\uc0c1\ub300\uc758 \uae09\uc18c\uc5d0\n\uacf5\uaca9\uc774 \ub9de\uae30 \uc27d\ub2e4.",
            "language": {
                "name": "ko",
                "url": "/api/v2/language/3/"
            },
            "version_group": {
                "name": "sword-shield",
                "url": "/api/v2/version-group/20/"
            }
        },
        {
            "flavor_text": "\u56e0\u70ba\u975e\u5e38\u5e78\u904b\uff0c\n\u5bb9\u6613\u64ca\u4e2d\u5c0d\u624b\u7684\u8981\u5bb3\u3002",
            "language": {
                "name": "zh-Hant",
                "url": "/api/v2/language/4/"
            },
            "version_group": {
                "name": "sword-shield",
                "url": "/api/v2/version-group/20/"
            }
        },
        {
            "flavor_text": "Le Pok\u00e9mon est tellement chanceux qu\u2019il inflige\nplus fr\u00e9quemment des coups critiques.",
            "language": {
                "name": "fr",
                "url": "/api/v2/language/5/"
            },
            "version_group": {
                "name": "sword-shield",
                "url": "/api/v2/version-group/20/"
            }
        },
        {
            "flavor_text": "Gro\u00dfes Gl\u00fcck erh\u00f6ht die Wahrscheinlichkeit,\neinen Volltreffer zu landen.",
            "language": {
                "name": "de",
                "url": "/api/v2/language/6/"
            },
            "version_group": {
                "name": "sword-shield",
                "url": "/api/v2/version-group/20/"
            }
        },
        {
            "flavor_text": "Su buena suerte aumenta la probabilidad de asestar\ngolpes cr\u00edticos.",
            "language": {
                "name": "es",
                "url": "/api/v2/language/7/"
            },
            "version_group": {
                "name": "sword-shield",
                "url": "/api/v2/version-group/20/"
            }
        },
        {
            "flavor_text": "L\u2019incredibile fortuna del Pok\u00e9mon aumenta\nla sua probabilit\u00e0 di infliggere brutti colpi.",
            "language": {
                "name": "it",
                "url": "/api/v2/language/8/"
            },
            "version_group": {
                "name": "sword-shield",
                "url": "/api/v2/version-group/20/"
            }
        },
        {
            "flavor_text": "The Pok\u00e9mon is so lucky that the critical-hit ratios\nof its moves are boosted.",
            "language": {
                "name": "en",
                "url": "/api/v2/language/9/"
            },
            "version_group": {
                "name": "sword-shield",
                "url": "/api/v2/version-group/20/"
            }
        },
        {
            "flavor_text": "\u5f37\u904b\u3092\u3000\u6301\u3063\u3066\u3044\u308b\u305f\u3081\n\u76f8\u624b\u306e\u3000\u6025\u6240\u306b\n\u653b\u6483\u304c\u3000\u5f53\u305f\u308a\u3084\u3059\u3044\u3002",
            "language": {
                "name": "ja",
                "url": "/api/v2/language/11/"
            },
            "version_group": {
                "name": "sword-shield",
                "url": "/api/v2/version-group/20/"
            }
        },
        {
            "flavor_text": "\u56e0\u4e3a\u62e5\u6709\u8d85\u5e78\u8fd0\uff0c\n\u653b\u51fb\u5bb9\u6613\u51fb\u4e2d\u5bf9\u624b\u7684\u8981\u5bb3\u3002",
            "language": {
                "name": "zh-Hans",
                "url": "/api/v2/language/12/"
            },
            "version_group": {
                "name": "sword-shield",
                "url": "/api/v2/version-group/20/"
            }
        }
    ],
    "generation": {
        "name": "generation-iv",
        "url": "/api/v2/generation/4/"
    },
    "id": 105,
    "is_main_series": true,
    "name": "super-luck",
    "names": [
        {
            "language": {
                "name": "ja-Hrkt",
                "url": "/api/v2/language/1/"
            },
            "name": "\u304d\u3087\u3046\u3046\u3093"
        },
        {
            "language": {
                "name": "ko",
                "url": "/api/v2/language/3/"
            },
            "name": "\ub300\uc6b4"
        },
        {
            "language": {
                "name": "zh-Hant",
                "url": "/api/v2/language/4/"
            },
            "name": "\u8d85\u5e78\u904b"
        },
        {
            "language": {
                "name": "fr",
                "url": "/api/v2/language/5/"
            },
            "name": "Chanceux"
        },
        {
            "language": {
                "name": "de",
                "url": "/api/v2/language/6/"
            },
            "name": "Gl\u00fcckspilz"
        },
        {
            "language": {
                "name": "es",
                "url": "/api/v2/language/7/"
            },
            "name": "Afortunado"
        },
        {
            "language": {
                "name": "it",
                "url": "/api/v2/language/8/"
            },
            "name": "Supersorte"
        },
        {
            "language": {
                "name": "en",
                "url": "/api/v2/language/9/"
            },
            "name": "Super Luck"
        },
        {
            "language": {
                "name": "ja",
                "url": "/api/v2/language/11/"
            },
            "name": "\u304d\u3087\u3046\u3046\u3093"
        },
        {
            "language": {
                "name": "zh-Hans",
                "url": "/api/v2/language/12/"
            },
            "name": "\u8d85\u5e78\u8fd0"
        }
    ],
    "pokemon": [
        {
            "is_hidden": true,
            "pokemon": {
                "name": "togepi",
                "url": "/api/v2/pokemon/175/"
            },
            "slot": 3
        },
        {
            "is_hidden": true,
            "pokemon": {
                "name": "togetic",
                "url": "/api/v2/pokemon/176/"
            },
            "slot": 3
        },
        {
            "is_hidden": false,
            "pokemon": {
                "name": "murkrow",
                "url": "/api/v2/pokemon/198/"
            },
            "slot": 2
        },
        {
            "is_hidden": false,
            "pokemon": {
                "name": "absol",
                "url": "/api/v2/pokemon/359/"
            },
            "slot": 2
        },
        {
            "is_hidden": false,
            "pokemon": {
                "name": "honchkrow",
                "url": "/api/v2/pokemon/430/"
            },
            "slot": 2
        },
        {
            "is_hidden": true,
            "pokemon": {
                "name": "togekiss",
                "url": "/api/v2/pokemon/468/"
            },
            "slot": 3
        },
        {
            "is_hidden": false,
            "pokemon": {
                "name": "pidove",
                "url": "/api/v2/pokemon/519/"
            },
            "slot": 2
        },
        {
            "is_hidden": false,
            "pokemon": {
                "name": "tranquill",
                "url": "/api/v2/pokemon/520/"
            },
            "slot": 2
        },
        {
            "is_hidden": false,
            "pokemon": {
                "name": "unfezant",
                "url": "/api/v2/pokemon/521/"
            },
            "slot": 2
        }
    ]
}