{
    "effect_changes": [],
    "effect_entries": [
        {
            "effect": "Wenn ein Pok\u00e9mon mit dieser F\u00e4higkeit den Kampf betritt, wird sein attack oder special attack um 1 Stufe erh\u00f6ht, je nachdem, welcher Verteidigungswert des Gegners niedriger ist. Bei Gleichstand wird der special attack erh\u00f6ht.\n\nDie F\u00e4higkeit l\u00f6st auch aus, wenn sie w\u00e4hrend des Kampfes erlangt wird.",
            "language": {
                "name": "de",
                "url": "/api/v2/language/6/"
            },
            "short_effect": "Erh\u00f6ht den Angriffswert entsprechend des schw\u00e4cheren Verteidigungswerts um 1 Stufe beim Betreten des Kampfs."
        },
        {
            "effect": "When this Pok\u00e9mon enters battle, its Attack or Special Attack, whichever corresponds to its opponents' weaker total defensive stat, rises one stage.  In the event of a tie, Special Attack is raised.\n\nThis ability also takes effect when acquired during a battle.",
            "language": {
                "name": "en",
                "url": "/api/v2/language/9/"
            },
            "short_effect": "Raises the attack stat corresponding to the opponents' weaker defense one stage upon entering battle."
        }
    ],
    "flavor_text_entries": [
        {
            "flavor_text": "\u76f8\u624b\u306e\u3000\u80fd\u529b\u3092\u3000\u202f\u3066\n\u5f37\u3055\u3092\u3000\u5909\u3048\u308b\u3002",
            "language": {
                "name": "ja",
                "url": "/api/v2/language/11/"
            },
            "version_group": {
                "name": "omega-ruby-alpha-sapphire",
                "url": "/api/v2/version-group/16/"
            }
        },
        {
            "flavor_text": "Adjusts power according\nto the foe\u2019s ability.",
            "language": {
                "name": "en",
                "url": "/api/v2/language/9/"
            },
            "version_group": {
                "name": "diamond-pearl",
                "url": "/api/v2/version-group/8/"
            }
        },
        {
            "flavor_text": "Adjusts power according\nto the foe\u2019s ability.",
            "language": {
                "name": "en",
                "url": "/api/v2/language/9/"
            },
            "version_group": {
                "name": "platinum",
                "url": "/api/v2/version-group/9/"
            }
        },
        {
            "flavor_text": "Adjusts power according\nto the foe\u2019s ability.",
            "language": {
                "name": "en",
                "url": "/api/v2/language/9/"
            },
            "version_group": {
                "name": "heartgold-soulsilver",
                "url": "/api/v2/version-group/10/"
            }
        },
        {
            "flavor_text": "Ajuste la puissance selon\nl\u2019ennemi.",
            "language": {
                "name": "fr",
                "url": "/api/v2/language/5/"
            },
            "version_group": {
                "name": "black-white",
                "url": "/api/v2/version-group/11/"
            }
        },
        {
            "flavor_text": "Adjusts power according\nto a foe\u2019s defenses.",
            "language": {
                "name": "en",
                "url": "/api/v2/language/9/"
            },
            "version_group": {
                "name": "black-white",
                "url": "/api/v2/version-group/11/"
            }
        },
        {
            "flavor_text": "Adjusts power according\nto a foe\u2019s defenses.",
            "language": {
                "name": "en",
                "url": "/api/v2/language/9/"
            },
            "version_group": {
                "name": "black-2-white-2",
                "url": "/api/v2/version-group/14/"
            }
        },
        {
            "flavor_text": "\u3042\u3044\u3066\u306e\u3000\u306e\u3046\u308a\u3087\u304f\u3092\n\u307f\u3066\u3000\u3064\u3088\u3055\u3092\u3000\u304b\u3048\u308b\u3002",
            "language": {
                "name": "ja-Hrkt",
                "url": "/api/v2/language/1/"
            },
            "version_group": {
                "name": "x-y",
                "url": "/api/v2/version-group/15/"
            }
        },
        {
            "flavor_text": "\uc0c1\ub300\uc758 \ub2a5\ub825\uc744 \ubcf4\uace0\n\ub2a5\ub825\uce58\ub97c \ubc14\uafbc\ub2e4.",
            "language": {
                "name": "ko",
                "url": "/api/v2/language/3/"
            },
            "version_group": {
                "name": "x-y",
                "url": "/api/v2/version-group/15/"
            }
        },
        {
            "flavor_text": "Ajuste la puissance selon\nl\u2019ennemi.",
            "language": {
                "name": "fr",
                "url": "/api/v2/language/5/"
            },
            "version_group": {
                "name": "x-y",
                "url": "/api/v2/version-group/15/"
            }
        },
        {
            "flavor_text": "Passt Kraft entsprechend den\ngegnerischen Statuswerten an.",
            "language": {
                "name": "de",
                "url": "/api/v2/language/6/"
            },
            "version_group": {
                "name": "x-y",
                "url": "/api/v2/version-group/15/"
            }
        },
        {
            "flavor_text": "Adapta su fuerza para cada rival.",
            "language": {
                "name": "es",
                "url": "/api/v2/language/7/"
            },
            "version_group": {
                "name": "x-y",
                "url": "/api/v2/version-group/15/"
            }
        },
        {
            "flavor_text": "Regola la potenza in base\nal nemico.",
            "language": {
                "name": "it",
                "url": "/api/v2/language/8/"
            },
            "version_group": {
                "name": "x-y",
                "url": "/api/v2/version-group/15/"
            }
        },
        {
            "flavor_text": "Adjusts power based on an\nopposing Pok\u00e9mon\u2019s stats.",
            "language": {
                "name": "en",
                "url": "/api/v2/language/9/"
            },
            "version_group": {
                "name": "x-y",
                "url": "/api/v2/version-group/15/"
            }
        },
        {
            "flavor_text": "\u76f8\u624b\u306e\u3000\u80fd\u529b\u3092\u3000\u307f\u3066\n\u5f37\u3055\u3092\u3000\u5909\u3048\u308b\u3002",
            "language": {
                "name": "ja",
                "url": "/api/v2/language/11/"
            },
            "version_group": {
                "name": "x-y",
                "url": "/api/v2/version-group/15/"
            }
        },
        {
            "flavor_text": "\u3042\u3044\u3066\u306e\u3000\u306e\u3046\u308a\u3087\u304f\u3092\n\u202f\u3066\u3000\u3064\u3088\u3055\u3092\u3000\u304b\u3048\u308b\u3002",
            "language": {
                "name": "ja-Hrkt",
                "url": "/api/v2/language/1/"
            },
            "version_group": {
                "name": "omega-ruby-alpha-sapphire",
                "url": "/api/v2/version-group/16/"
            }
        },
        {
            "flavor_text": "\uc0c1\ub300\uc758 \ub2a5\ub825\uc744 \ubcf4\uace0\n\ub2a5\ub825\uce58\ub97c \ubc14\uafbc\ub2e4.",
            "language": {
                "name": "ko",
                "url": "/api/v2/language/3/"
            },
            "version_group": {
                "name": "omega-ruby-alpha-sapphire",
                "url": "/api/v2/version-group/16/"
            }
        },
        {
            "flavor_text": "Ajuste la puissance selon\nl\u2019ennemi.",
            "language": {
                "name": "fr",
                "url": "/api/v2/language/5/"
            },
            "version_group": {
                "name": "omega-ruby-alpha-sapphire",
                "url": "/api/v2/version-group/16/"
            }
        },
        {
            "flavor_text": "Passt Kraft entsprechend den\ngegnerischen Statuswerten an.",
            "language": {
                "name": "de",
                "url": "/api/v2/language/6/"
            },
            "version_group": {
                "name": "omega-ruby-alpha-sapphire",
                "url": "/api/v2/version-group/16/"
            }
        },
        {
            "flavor_text": "Adapta su fuerza para cada rival.",
            "language": {
                "name": "es",
                "url": "/api/v2/language/7/"
            },
            "version_group": {
                "name": "omega-ruby-alpha-sapphire",
                "url": "/api/v2/version-group/16/"
            }
        },
        {
            "flavor_text": "Regola la potenza in base\nal nemico.",
            "language": {
                "name": "it",
                "url": "/api/v2/language/8/"
            },
            "version_group": {
                "name": "omega-ruby-alpha-sapphire",
                "url": "/api/v2/version-group/16/"
            }
        },
        {
            "flavor_text": "Adjusts power based on an\nopposing Pok\u00e9mon\u2019s stats.",
            "language": {
                "name": "en",
                "url": "/api/v2/language/9/"
            },
            "version_group": {
                "name": "omega-ruby-alpha-sapphire",
                "url": "/api/v2/version-group/16/"
            }
        },
        {
            "flavor_text": "\u3042\u3044\u3066\u306e\u3000\u307c\u3046\u304e\u3087\u3068\u3000\u3068\u304f\u307c\u3046\u3092\u3000\u304f\u3089\u3079\u3066\n\u3072\u304f\u3044\u3000\u307b\u3046\u306e\u3000\u306e\u3046\u308a\u3087\u304f\u306b\u3000\u3042\u308f\u305b\u3066\n\u3058\u3076\u3093\u306e\u3000\u3053\u3046\u3052\u304d\u304b\u3000\u3068\u304f\u3053\u3046\u3092\u3000\u3042\u3052\u308b\u3002",
            "language": {
                "name": "ja-Hrkt",
                "url": "/api/v2/language/1/"
            },
            "version_group": {
                "name": "sun-moon",
                "url": "/api/v2/version-group/17/"
            }
        },
        {
            "flavor_text": "\uc0c1\ub300\uc758 \ubc29\uc5b4\uc640 \ud2b9\uc218\ubc29\uc5b4\ub97c \ube44\uad50\ud574\uc11c\n\ub0ae\uc740 \ucabd \ub2a5\ub825\uc5d0 \ub9de\ucdb0\uc11c\n\uc790\uc2e0\uc758 \uacf5\uaca9\uc774\ub098 \ud2b9\uc218\uacf5\uaca9\uc744 \uc62c\ub9b0\ub2e4.",
            "language": {
                "name": "ko",
                "url": "/api/v2/language/3/"
            },
            "version_group": {
                "name": "sun-moon",
                "url": "/api/v2/version-group/17/"
            }
        },
        {
            "flavor_text": "\u6bd4\u8f03\u5c0d\u624b\u7684\u9632\u79a6\u548c\u7279\u9632\uff0c\n\u6839\u64da\u8f03\u4f4e\u7684\u90a3\u9805\u80fd\u529b\n\u76f8\u61c9\u5730\u63d0\u9ad8\u81ea\u5df1\u7684\u653b\u64ca\u6216\u7279\u653b\u3002",
            "language": {
                "name": "zh-Hant",
                "url": "/api/v2/language/4/"
            },
            "version_group": {
                "name": "sun-moon",
                "url": "/api/v2/version-group/17/"
            }
        },
        {
            "flavor_text": "Le Pok\u00e9mon compare la D\u00e9fense et la D\u00e9fense\nSp\u00e9ciale de l\u2019adversaire et augmente son Attaque\nou son Attaque Sp\u00e9ciale en cons\u00e9quence.",
            "language": {
                "name": "fr",
                "url": "/api/v2/language/5/"
            },
            "version_group": {
                "name": "sun-moon",
                "url": "/api/v2/version-group/17/"
            }
        },
        {
            "flavor_text": "Ist die Spezial-Verteidigung des Gegners h\u00f6her als\nseine Verteidigung, wird der eigene Spezial-Angriff\nerh\u00f6ht. Ist die Verteidigung h\u00f6her, steigt der Angriff.",
            "language": {
                "name": "de",
                "url": "/api/v2/language/6/"
            },
            "version_group": {
                "name": "sun-moon",
                "url": "/api/v2/version-group/17/"
            }
        },
        {
            "flavor_text": "Compara la Defensa y la Defensa Especial del rival\npara ver cu\u00e1l es inferior y aumenta su propio Ataque\no Ataque Especial, seg\u00fan corresponda.",
            "language": {
                "name": "es",
                "url": "/api/v2/language/7/"
            },
            "version_group": {
                "name": "sun-moon",
                "url": "/api/v2/version-group/17/"
            }
        },
        {
            "flavor_text": "Analizza Difesa e Difesa Speciale del nemico e,\na seconda di qual \u00e8 pi\u00f9 bassa, aumenta il proprio\nAttacco o Attacco Speciale.",
            "language": {
                "name": "it",
                "url": "/api/v2/language/8/"
            },
            "version_group": {
                "name": "sun-moon",
                "url": "/api/v2/version-group/17/"
            }
        },
        {
            "flavor_text": "Compares an opposing Pok\u00e9mon\u2019s Defense and\nSp. Def stats before raising its own Attack or\nSp. Atk stat\u2014whichever will be more effective.",
            "language": {
                "name": "en",
                "url": "/api/v2/language/9/"
            },
            "version_group": {
                "name": "sun-moon",
                "url": "/api/v2/version-group/17/"
            }
        },
        {
            "flavor_text": "\u76f8\u624b\u306e\u3000\u9632\u5fa1\u3068\u3000\u7279\u9632\u3092\u3000\u304f\u3089\u3079\u3066\n\u4f4e\u3044\u3000\u307b\u3046\u306e\u3000\u80fd\u529b\u306b\u3000\u3042\u308f\u305b\u3066\n\u81ea\u5206\u306e\u3000\u653b\u6483\u304b\u3000\u7279\u653b\u3092\u3000\u4e0a\u3052\u308b\u3002",
            "language": {
                "name": "ja",
                "url": "/api/v2/language/11/"
            },
            "version_group": {
                "name": "sun-moon",
                "url": "/api/v2/version-group/17/"
            }
        },
        {
            "flavor_text": "\u6bd4\u8f83\u5bf9\u624b\u7684\u9632\u5fa1\u548c\u7279\u9632\uff0c\n\u6839\u636e\u8f83\u4f4e\u7684\u90a3\u9879\u80fd\u529b\n\u76f8\u5e94\u5730\u63d0\u9ad8\u81ea\u5df1\u7684\u653b\u51fb\u6216\u7279\u653b\u3002",
            "language": {
                "name": "zh-Hans",
                "url": "/api/v2/language/12/"
            },
            "version_group": {
                "name": "sun-moon",
                "url": "/api/v2/version-group/17/"
            }
        },
        {
            "flavor_text": "\u3042\u3044\u3066\u306e\u3000\u307c\u3046\u304e\u3087\u3068\u3000\u3068\u304f\u307c\u3046\u3092\u3000\u304f\u3089\u3079\u3066\n\u3072\u304f\u3044\u3000\u307b\u3046\u306e\u3000\u306e\u3046\u308a\u3087\u304f\u306b\u3000\u3042\u308f\u305b\u3066\n\u3058\u3076\u3093\u306e\u3000\u3053\u3046\u3052\u304d\u304b\u3000\u3068\u304f\u3053\u3046\u3092\u3000\u3042\u3052\u308b\u3002",
            "language": {
                "name": "ja-Hrkt",
                "url": "/api/v2/language/1/"
            },
            "version_group": {
                "name": "ultra-sun-ultra-moon",
                "url": "/api/v2/version-group/18/"
            }
        },
        {
            "flavor_text": "\uc0c1\ub300\uc758 \ubc29\uc5b4\uc640 \ud2b9\uc218\ubc29\uc5b4\ub97c \ube44\uad50\ud574\uc11c\n\ub0ae\uc740 \ucabd \ub2a5\ub825\uc5d0 \ub9de\ucdb0\uc11c\n\uc790\uc2e0\uc758 \uacf5\uaca9\uc774\ub098 \ud2b9\uc218\uacf5\uaca9\uc744 \uc62c\ub9b0\ub2e4.",
            "language": {
                "name": "ko",
                "url": "/api/v2/language/3/"
            },
            "version_group": {
                "name": "ultra-sun-ultra-moon",
                "url": "/api/v2/version-group/18/"
            }
        },
        {
            "flavor_text": "\u6bd4\u8f03\u5c0d\u624b\u7684\u9632\u79a6\u548c\u7279\u9632\uff0c\n\u6839\u64da\u8f03\u4f4e\u7684\u90a3\u9805\u80fd\u529b\n\u76f8\u61c9\u5730\u63d0\u9ad8\u81ea\u5df1\u7684\u653b\u64ca\u6216\u7279\u653b\u3002",
            "language": {
                "name": "zh-Hant",
                "url": "/api/v2/language/4/"
            },
            "version_group": {
                "name": "ultra-sun-ultra-moon",
                "url": "/api/v2/version-group/18/"
            }
        },
        {
            "flavor_text": "Le Pok\u00e9mon compare la D\u00e9fense et la D\u00e9fense\nSp\u00e9ciale de l\u2019adversaire et augmente son Attaque\nou son Attaque Sp\u00e9ciale en cons\u00e9quence.",
            "language": {
                "name": "fr",
                "url": "/api/v2/language/5/"
            },
            "version_group": {
                "name": "ultra-sun-ultra-moon",
                "url": "/api/v2/version-group/18/"
            }
        },
        {
            "flavor_text": "Ist die Spezial-Verteidigung des Gegners h\u00f6her als\nseine Verteidigung, wird der eigene Spezial-Angriff\nerh\u00f6ht. Ist die Verteidigung h\u00f6her, steigt der Angriff.",
            "language": {
                "name": "de",
                "url": "/api/v2/language/6/"
            },
            "version_group": {
                "name": "ultra-sun-ultra-moon",
                "url": "/api/v2/version-group/18/"
            }
        },
        {
            "flavor_text": "Compara la Defensa y la Defensa Especial del rival\npara ver cu\u00e1l es inferior y aumenta su propio Ataque\no Ataque Especial, seg\u00fan corresponda.",
            "language": {
                "name": "es",
                "url": "/api/v2/language/7/"
            },
            "version_group": {
                "name": "ultra-sun-ultra-moon",
                "url": "/api/v2/version-group/18/"
            }
        },
        {
            "flavor_text": "Analizza Difesa e Difesa Speciale del nemico e,\na seconda di qual \u00e8 pi\u00f9 bassa, aumenta il proprio\nAttacco o Attacco Speciale.",
            "language": {
                "name": "it",
                "url": "/api/v2/language/8/"
            },
            "version_group": {
                "name": "ultra-sun-ultra-moon",
                "url": "/api/v2/version-group/18/"
            }
        },
        {
            "flavor_text": "Compares an opposing Pok\u00e9mon\u2019s Defense and\nSp. Def stats before raising its own Attack or\nSp. Atk stat\u2014whichever will be more effective.",
            "language": {
                "name": "en",
                "url": "/api/v2/language/9/"
            },
            "version_group": {
                "name": "ultra-sun-ultra-moon",
                "url": "/api/v2/version-group/18/"
            }
        },
        {
            "flavor_text": "\u76f8\u624b\u306e\u3000\u9632\u5fa1\u3068\u3000\u7279\u9632\u3092\u3000\u304f\u3089\u3079\u3066\n\u4f4e\u3044\u3000\u307b\u3046\u306e\u3000\u80fd\u529b\u306b\u3000\u3042\u308f\u305b\u3066\n\u81ea\u5206\u306e\u3000\u653b\u6483\u304b\u3000\u7279\u653b\u3092\u3000\u4e0a\u3052\u308b\u3002",
            "language": {
                "name": "ja",
                "url": "/api/v2/language/11/"
            },
            "version_group": {
                "name": "ultra-sun-ultra-moon",
                "url": "/api/v2/version-group/18/"
            }
        },
        {
            "flavor_text": "\u6bd4\u8f83\u5bf9\u624b\u7684\u9632\u5fa1\u548c\u7279\u9632\uff0c\n\u6839\u636e\u8f83\u4f4e\u7684\u90a3\u9879\u80fd\u529b\n\u76f8\u5e94\u5730\u63d0\u9ad8\u81ea\u5df1\u7684\u653b\u51fb\u6216\u7279\u653b\u3002",
            "language": {
                "name": "zh-Hans",
                "url": "/api/v2/language/12/"
            },
            "version_group": {
                "name": "ultra-sun-ultra-moon",
                "url": "/api/v2/version-group/18/"
            }
        },
        {
            "flavor_text": "\u3042\u3044\u3066\u306e\u3000\u307c\u3046\u304e\u3087\u3068\u3000\u3068\u304f\u307c\u3046\u3092\u3000\u304f\u3089\u3079\u3066\n\u3072\u304f\u3044\u3000\u307b\u3046\u306e\u3000\u306e\u3046\u308a\u3087\u304f\u306b\u3000\u3042\u308f\u305b\u3066\n\u3058\u3076\u3093\u306e\u3000\u3053\u3046\u3052\u304d\u304b\u3000\u3068\u304f\u3053\u3046\u3092\u3000\u3042\u3052\u308b\u3002",
            "language": {
                "name": "ja-Hrkt",
                "url": "/api/v2/language/1/"
            },
            "version_group": {
                "name": "lets-go-pikachu-lets-go-eevee",
                "url": "/api/v2/version-group/19/"
            }
        },
        {
            "flavor_text": "\uc0c1\ub300\uc758 \ubc29\uc5b4\uc640 \ud2b9\uc218\ubc29\uc5b4\ub97c \ube44\uad50\ud574\uc11c\n\ub0ae\uc740 \ucabd \ub2a5\ub825\uc5d0 \ub9de\ucdb0\uc11c\n\uc790\uc2e0\uc758 \uacf5\uaca9\uc774\ub098 \ud2b9\uc218\uacf5\uaca9\uc744 \uc62c\ub9b0\ub2e4.",
            "language": {
                "name": "ko",
                "url": "/api/v2/language/3/"
            },
            "version_group": {
                "name": "lets-go-pikachu-lets-go-eevee",
                "url": "/api/v2/version-group/19/"
            }
        },
        {
            "flavor_text": "\u6bd4\u8f03\u5c0d\u624b\u7684\u9632\u79a6\u548c\u7279\u9632\uff0c\n\u6839\u64da\u8f03\u4f4e\u7684\u90a3\u9805\u80fd\u529b\n\u76f8\u61c9\u5730\u63d0\u9ad8\u81ea\u5df1\u7684\u653b\u64ca\u6216\u7279\u653b\u3002",
            "language": {
                "name": "zh-Hant",
                "url": "/api/v2/language/4/"
            },
            "version_group": {
                "name": "lets-go-pikachu-lets-go-eevee",
                "url": "/api/v2/version-group/19/"
            }
        },
        {
            "flavor_text": "Le Pok\u00e9mon compare la D\u00e9fense et la D\u00e9fense\nSp\u00e9ciale de l\u2019adversaire et augmente son Attaque\nou son Attaque Sp\u00e9ciale en cons\u00e9quence.",
            "language": {
                "name": "fr",
                "url": "/api/v2/language/5/"
            },
            "version_group": {
                "name": "lets-go-pikachu-lets-go-eevee",
                "url": "/api/v2/version-group/19/"
            }
        },
        {
            "flavor_text": "Ist die Spezial-Verteidigung des Gegners h\u00f6her als\nseine Verteidigung, wird der eigene Spezial-Angriff\nerh\u00f6ht. Ist die Verteidigung h\u00f6her, steigt der Angriff.",
            "language": {
                "name": "de",
                "url": "/api/v2/language/6/"
            },
            "version_group": {
                "name": "lets-go-pikachu-lets-go-eevee",
                "url": "/api/v2/version-group/19/"
            }
        },
        {
            "flavor_text": "Compara la Defensa y la Defensa Especial del rival\npara ver cu\u00e1l es inferior y aumenta su propio Ataque\no Ataque Especial, seg\u00fan corresponda.",
            "language": {
                "name": "es",
                "url": "/api/v2/language/7/"
            },
            "version_group": {
                "name": "lets-go-pikachu-lets-go-eevee",
                "url": "/api/v2/version-group/19/"
            }
        },
        {
            "flavor_text": "Analizza Difesa e Difesa Speciale del nemico e,\na seconda di qual \u00e8 pi\u00f9 bassa, aumenta il proprio\nAttacco o Attacco Speciale.",
            "language": {
                "name": "it",
                "url": "/api/v2/language/8/"
            },
            "version_group": {
                "name": "lets-go-pikachu-lets-go-eevee",
                "url": "/api/v2/version-group/19/"
            }
        },
        {
            "flavor_text": "Compares an opposing Pok\u00e9mon\u2019s Defense and\nSp. Def stats before raising its own Attack or\nSp. Atk stat\u2014whichever will be more effective.",
            "language": {
                "name": "en",
                "url": "/api/v2/language/9/"
            },
            "version_group": {
                "name": "lets-go-pikachu-lets-go-eevee",
                "url": "/api/v2/version-group/19/"
            }
        },
        {
            "flavor_text": "\u76f8\u624b\u306e\u3000\u9632\u5fa1\u3068\u3000\u7279\u9632\u3092\u3000\u304f\u3089\u3079\u3066\n\u4f4e\u3044\u3000\u307b\u3046\u306e\u3000\u80fd\u529b\u306b\u3000\u3042\u308f\u305b\u3066\n\u81ea\u5206\u306e\u3000\u653b\u6483\u304b\u3000\u7279\u653b\u3092\u3000\u4e0a\u3052\u308b\u3002",
            "language": {
                "name": "ja",
                "url": "/api/v2/language/11/"
            },
            "version_group": {
                "name": "lets-go-pikachu-lets-go-eevee",
                "url": "/api/v2/version-group/19/"
            }
        },
        {
            "flavor_text": "\u6bd4\u8f83\u5bf9\u624b\u7684\u9632\u5fa1\u548c\u7279\u9632\uff0c\n\u6839\u636e\u8f83\u4f4e\u7684\u90a3\u9879\u80fd\u529b\n\u76f8\u5e94\u5730\u63d0\u9ad8\u81ea\u5df1\u7684\u653b\u51fb\u6216\u7279\u653b\u3002",
            "language": {
                "name": "zh-Hans",
                "url": "/api/v2/language/12/"
            },
            "version_group": {
                "name": "lets-go-pikachu-lets-go-eevee",
                "url": "/api/v2/version-group/19/"
            }
        },
        {
            "flavor_text": "\u3042\u3044\u3066\u306e\u3000\u307c\u3046\u304e\u3087\u3068\u3000\u3068\u304f\u307c\u3046\u3092\u3000\u304f\u3089\u3079\u3066\n\u3072\u304f\u3044\u3000\u307b\u3046\u306e\u3000\u306e\u3046\u308a\u3087\u304f\u306b\u3000\u3042\u308f\u305b\u3066\n\u3058\u3076\u3093\u306e\u3000\u3053\u3046\u3052\u304d\u304b\u3000\u3068\u304f\u3053\u3046\u3092\u3000\u3042\u3052\u308b\u3002",
            "language": {
                "name": "ja-Hrkt",
                "url": "/api/v2/language/1/"
            },
            "version_group": {
                "name": "sword-shield",
                "url": "/api/v2/version-group/20/"
            }
        },
        {
            "flavor_text": "\uc0c1\ub300\uc758 \ubc29\uc5b4\uc640 \ud2b9\uc218\ubc29\uc5b4\ub97c \ube44\uad50\ud574\uc11c\n\ub0ae\uc740 \ucabd \ub2a5\ub825\uc5d0 \ub9de\ucdb0\uc11c\n\uc790\uc2e0\uc758 \uacf5\uaca9\uc774\ub098 \ud2b9\uc218\uacf5\uaca9\uc744 \uc62c\ub9b0\ub2e4.",
            "language": {
                "name": "ko",
                "url": "/api/v2/language/3/"
            },
            "version_group": {
                "name": "sword-shield",
                "url": "/api/v2/version-group/20/"
            }
        },
        {
            "flavor_text": "\u6bd4\u8f03\u5c0d\u624b\u7684\u9632\u79a6\u548c\u7279\u9632\uff0c\n\u6839\u64da\u8f03\u4f4e\u7684\u90a3\u9805\u80fd\u529b\n\u76f8\u61c9\u5730\u63d0\u9ad8\u81ea\u5df1\u7684\u653b\u64ca\u6216\u7279\u653b\u3002",
            "language": {
                "name": "zh-Hant",
                "url": "/api/v2/language/4/"
            },
            "version_group": {
                "name": "sword-shield",
                "url": "/api/v2/version-group/20/"
            }
        },
        {
            "flavor_text": "Le Pok\u00e9mon compare la D\u00e9fense et la D\u00e9fense Sp\u00e9ciale\nde l\u2019adversaire et augmente son Attaque ou son Attaque\nSp\u00e9ciale en cons\u00e9quence.",
            "language": {
                "name": "fr",
                "url": "/api/v2/language/5/"
            },
            "version_group": {
                "name": "sword-shield",
                "url": "/api/v2/version-group/20/"
            }
        },
        {
            "flavor_text": "Ist die Spezial-Verteidigung des Gegners h\u00f6her als\nseine Verteidigung, wird der eigene Spezial-Angriff\nerh\u00f6ht. Ist die Verteidigung h\u00f6her, steigt der Angriff.",
            "language": {
                "name": "de",
                "url": "/api/v2/language/6/"
            },
            "version_group": {
                "name": "sword-shield",
                "url": "/api/v2/version-group/20/"
            }
        },
        {
            "flavor_text": "Compara la Defensa y la Defensa Especial del rival\npara ver cu\u00e1l es inferior y aumenta su propio Ataque\no Ataque Especial seg\u00fan sea lo m\u00e1s eficaz.",
            "language": {
                "name": "es",
                "url": "/api/v2/language/7/"
            },
            "version_group": {
                "name": "sword-shield",
                "url": "/api/v2/version-group/20/"
            }
        },
        {
            "flavor_text": "Il Pok\u00e9mon analizza Difesa e Difesa Speciale\ndel nemico e, a seconda di qual \u00e8 pi\u00f9 bassa,\naumenta il proprio Attacco o Attacco Speciale.",
            "language": {
                "name": "it",
                "url": "/api/v2/language/8/"
            },
            "version_group": {
                "name": "sword-shield",
                "url": "/api/v2/version-group/20/"
            }
        },
        {
            "flavor_text": "Compares an opposing Pok\u00e9mon\u2019s Defense and\nSp. Def stats before raising its own Attack or\nSp. Atk stat\u2014whichever will be more effective.",
            "language": {
                "name": "en",
                "url": "/api/v2/language/9/"
            },
            "version_group": {
                "name": "sword-shield",
                "url": "/api/v2/version-group/20/"
            }
        },
        {
            "flavor_text": "\u76f8\u624b\u306e\u3000\u9632\u5fa1\u3068\u3000\u7279\u9632\u3092\u3000\u304f\u3089\u3079\u3066\n\u4f4e\u3044\u3000\u307b\u3046\u306e\u3000\u80fd\u529b\u306b\u3000\u3042\u308f\u305b\u3066\n\u81ea\u5206\u306e\u3000\u653b\u6483\u304b\u3000\u7279\u653b\u3092\u3000\u4e0a\u3052\u308b\u3002",
            "language": {
                "name": "ja",
                "url": "/api/v2/language/11/"
            },
            "version_group": {
                "name": "sword-shield",
                "url": "/api/v2/version-group/20/"
            }
        },
        {
            "flavor_text": "\u6bd4\u8f83\u5bf9\u624b\u7684\u9632\u5fa1\u548c\u7279\u9632\uff0c\n\u6839\u636e\u8f83\u4f4e\u7684\u90a3\u9879\u80fd\u529b\n\u76f8\u5e94\u5730\u63d0\u9ad8\u81ea\u5df1\u7684\u653b\u51fb\u6216\u7279\u653b\u3002",
            "language": {
                "name": "zh-Hans",
                "url": "/api/v2/language/12/"
            },
            "version_group": {
                "name": "sword-shield",
                "url": "/api/v2/version-group/20/"
            }
        }
    ],
    "generation": {
        "name": "generation-iv",
        "url": "/api/v2/generation/4/"
    },
    "id": 88,
    "is_main_series": true,
    "name": "download",
    "names": [
        {
            "language": {
                "name": "ja-Hrkt",
                "url": "/api/v2/language/1/"
            },
            "name": "\u30c0\u30a6\u30f3\u30ed\u30fc\u30c9"
        },
        {
            "language": {
                "name": "ko",
                "url": "/api/v2/language/3/"
            },
            "name": "\ub2e4\uc6b4\ub85c\ub4dc"
        },
        {
            "language": {
                "name": "zh-Hant",
                "url": "/api/v2/language/4/"
            },
            "name": "\u4e0b\u8f09"
        },
        {
            "language": {
                "name": "fr",
                "url": "/api/v2/language/5/"
            },
            "name": "T\u00e9l\u00e9charge"
        },
        {
            "language": {
                "name": "de",
                "url": "/api/v2/language/6/"
            },
            "name": "Download"
        },
        {
            "language": {
                "name": "es",
                "url": "/api/v2/language/7/"
            },
            "name": "Descarga"
        },
        {
            "language": {
                "name": "it",
                "url": "/api/v2/language/8/"
            },
            "name": "Download"
        },
        {
            "language": {
                "name": "en",
                "url": "/api/v2/language/9/"
            },
            "name": "Download"
        },
        {
            "language": {
                "name": "ja",
                "url": "/api/v2/language/11/"
            },
            "name": "\u30c0\u30a6\u30f3\u30ed\u30fc\u30c9"
        },
        {
            "language": {
                "name": "zh-Hans",
                "url": "/api/v2/language/12/"
            },
            "name": "\u4e0b\u8f7d"
        }
    ],
    "pokemon": [
        {
            "is_hidden": false,
            "pokemon": {
                "name": "porygon",
                "url": "/api/v2/pokemon/137/"
            },
            "slot": 2
        },
        {
            "is_hidden": false,
            "pokemon": {
                "name": "porygon2",
                "url": "/api/v2/pokemon/233/"
            },
            "slot": 2
        },
        {
            "is_hidden": false,
            "pokemon": {
                "name": "porygon-z",
                "url": "/api/v2/pokemon/474/"
            },
            "slot": 2
        },
        {
            "is_hidden": false,
            "pokemon": {
                "name": "genesect",
                "url": "/api/v2/pokemon/649/"
            },
            "slot": 1
        }
    ]
}