{
    "effect_changes": [],
    "effect_entries": [
        {
            "effect": "Wenn arceus eine Tayp-Tafel h\u00e4lt, \u00e4ndert sich sein Typ und seine Form entsprechend der Tafel.\n\narceus getragenes Item, egal ob es sich um eine Tafel handelt oder nicht, kann nicht durch covet oder thief gestohlen, oder mit knock off entfernt werden, noch kann es durch switcheroo oder trick getauscht werden. covet, thief and knock off richten trotzdem Schaden an. Anders als sticky hold kann arceus fling, switcheroo und trick nicht benutzen um das Item zu verlieren, noch eines durch switcheroo oder trick bekommen, wenn es keines tr\u00e4gt.\n\nDie F\u00e4higkeit hat keinen Effekt f\u00fcr Pok\u00e9mon au\u00dfer arceus. Die F\u00e4higkeit kann nicht durch skill swap getauscht, mit role play bzw. trace kopiert, mit gastro acid deaktiviert oder mit worry seed ge\u00e4ndert werden. Das Pok\u00e9mon kann skill swap oder role play einsetzen um die F\u00e4higkeit zu verlieren. mold breaker kann diese F\u00e4higkeit nicht ignorieren.\n\nWenn sich ein Pok\u00e9mon in ein arceus mit dieser F\u00e4higkeit verwandelt, wird es sich in arceus normalform verwandeln. Wenn das sich verwandelnde Pok\u00e9mon eine Tafel tr\u00e4gt, wird sich die F\u00e4higkeit aktivieren und es in den entsprechenden Typ wandeln.",
            "language": {
                "name": "de",
                "url": "/api/v2/language/6/"
            },
            "short_effect": "\u00c4ndert arceus Typ und Form entsprechend der Tafel die es h\u00e4lt."
        },
        {
            "effect": "If this Pok\u00e9mon is holding an elemental Plate, its type and form change to match the Plate.\n\nThis Pok\u00e9mon's held item, whether or not it is a Plate, cannot be taken by covet or thief, nor removed by knock off, nor traded by switcheroo or trick.  Covet, Thief, and Knock Off still inflict damage against this Pok\u00e9mon.  Unlike with sticky hold, this Pok\u00e9mon cannot use fling, Switcheroo, or Trick to lose its item itself, nor gain an item through Switcheroo or Trick if it does not have one.\n\nThis ability has no effect for any Pok\u00e9mon other than arceus.  This ability cannot be traded with skill swap, nor copied with role play or trace, nor disabled with gastro acid, nor changed with worry seed.  This Pok\u00e9mon cannot use Skill Swap or Role Play to lose its ability itself.  mold breaker cannot ignore this ability.\n\nIf a Pok\u00e9mon Transforms into an Arceus with this ability, it will Transform into Arceus's default, normal-type form.  If the Transforming Pok\u00e9mon is holding a Plate, this ability will then activate and change the Pok\u00e9mon into the corresponding form.",
            "language": {
                "name": "en",
                "url": "/api/v2/language/9/"
            },
            "short_effect": "Changes arceus's type and form to match its held Plate."
        }
    ],
    "flavor_text_entries": [
        {
            "flavor_text": "Changes type to match\nthe held Plate.",
            "language": {
                "name": "en",
                "url": "/api/v2/language/9/"
            },
            "version_group": {
                "name": "black-white",
                "url": "/api/v2/version-group/11/"
            }
        },
        {
            "flavor_text": "Changes type to match\nthe held Plate.",
            "language": {
                "name": "en",
                "url": "/api/v2/language/9/"
            },
            "version_group": {
                "name": "diamond-pearl",
                "url": "/api/v2/version-group/8/"
            }
        },
        {
            "flavor_text": "Changes type to match\nthe held Plate.",
            "language": {
                "name": "en",
                "url": "/api/v2/language/9/"
            },
            "version_group": {
                "name": "platinum",
                "url": "/api/v2/version-group/9/"
            }
        },
        {
            "flavor_text": "Changes type to match\nthe held Plate.",
            "language": {
                "name": "en",
                "url": "/api/v2/language/9/"
            },
            "version_group": {
                "name": "heartgold-soulsilver",
                "url": "/api/v2/version-group/10/"
            }
        },
        {
            "flavor_text": "Modifie le type en fonction\nde la Plaque tenue.",
            "language": {
                "name": "fr",
                "url": "/api/v2/language/5/"
            },
            "version_group": {
                "name": "black-white",
                "url": "/api/v2/version-group/11/"
            }
        },
        {
            "flavor_text": "Changes type to match\nthe held Plate.",
            "language": {
                "name": "en",
                "url": "/api/v2/language/9/"
            },
            "version_group": {
                "name": "black-2-white-2",
                "url": "/api/v2/version-group/14/"
            }
        },
        {
            "flavor_text": "\u3082\u3063\u3066\u3044\u308b\u3000\u30d7\u30ec\u30fc\u30c8\u3067\n\u30bf\u30a4\u30d7\u304c\u3000\u304b\u308f\u308b\u3002",
            "language": {
                "name": "ja-Hrkt",
                "url": "/api/v2/language/1/"
            },
            "version_group": {
                "name": "x-y",
                "url": "/api/v2/version-group/15/"
            }
        },
        {
            "flavor_text": "\uc9c0\ub2c8\uace0 \uc788\ub294 \ud50c\ub808\uc774\ud2b8\uc5d0\n\ub530\ub77c \ud0c0\uc785\uc774 \ubc14\ub010\ub2e4.",
            "language": {
                "name": "ko",
                "url": "/api/v2/language/3/"
            },
            "version_group": {
                "name": "x-y",
                "url": "/api/v2/version-group/15/"
            }
        },
        {
            "flavor_text": "Modifie le type en fonction de la\nPlaque tenue.",
            "language": {
                "name": "fr",
                "url": "/api/v2/language/5/"
            },
            "version_group": {
                "name": "x-y",
                "url": "/api/v2/version-group/15/"
            }
        },
        {
            "flavor_text": "Passt seinen Typ der\ngetragenen Tafel an.",
            "language": {
                "name": "de",
                "url": "/api/v2/language/6/"
            },
            "version_group": {
                "name": "x-y",
                "url": "/api/v2/version-group/15/"
            }
        },
        {
            "flavor_text": "Cambia el tipo al de la tabla que\nlleve.",
            "language": {
                "name": "es",
                "url": "/api/v2/language/7/"
            },
            "version_group": {
                "name": "x-y",
                "url": "/api/v2/version-group/15/"
            }
        },
        {
            "flavor_text": "Cambia il tipo del Pok\u00e9mon\na seconda della lastra che ha.",
            "language": {
                "name": "it",
                "url": "/api/v2/language/8/"
            },
            "version_group": {
                "name": "x-y",
                "url": "/api/v2/version-group/15/"
            }
        },
        {
            "flavor_text": "Changes the Pok\u00e9mon\u2019s type\nto match the Plate it holds.",
            "language": {
                "name": "en",
                "url": "/api/v2/language/9/"
            },
            "version_group": {
                "name": "x-y",
                "url": "/api/v2/version-group/15/"
            }
        },
        {
            "flavor_text": "\u6301\u3063\u3066\u3044\u308b\u3000\u30d7\u30ec\u30fc\u30c8\u3067\n\u30bf\u30a4\u30d7\u304c\u3000\u5909\u308f\u308b\u3002",
            "language": {
                "name": "ja",
                "url": "/api/v2/language/11/"
            },
            "version_group": {
                "name": "x-y",
                "url": "/api/v2/version-group/15/"
            }
        },
        {
            "flavor_text": "\u3082\u3063\u3066\u3044\u308b\u3000\u30d7\u30ec\u30fc\u30c8\u3067\n\u30bf\u30a4\u30d7\u304c\u3000\u304b\u308f\u308b\u3002",
            "language": {
                "name": "ja-Hrkt",
                "url": "/api/v2/language/1/"
            },
            "version_group": {
                "name": "omega-ruby-alpha-sapphire",
                "url": "/api/v2/version-group/16/"
            }
        },
        {
            "flavor_text": "\uc9c0\ub2c8\uace0 \uc788\ub294 \ud50c\ub808\uc774\ud2b8\uc5d0\n\ub530\ub77c \ud0c0\uc785\uc774 \ubc14\ub010\ub2e4.",
            "language": {
                "name": "ko",
                "url": "/api/v2/language/3/"
            },
            "version_group": {
                "name": "omega-ruby-alpha-sapphire",
                "url": "/api/v2/version-group/16/"
            }
        },
        {
            "flavor_text": "Modifie le type en fonction de la\nPlaque tenue.",
            "language": {
                "name": "fr",
                "url": "/api/v2/language/5/"
            },
            "version_group": {
                "name": "omega-ruby-alpha-sapphire",
                "url": "/api/v2/version-group/16/"
            }
        },
        {
            "flavor_text": "Passt seinen Typ der\ngetragenen Tafel an.",
            "language": {
                "name": "de",
                "url": "/api/v2/language/6/"
            },
            "version_group": {
                "name": "omega-ruby-alpha-sapphire",
                "url": "/api/v2/version-group/16/"
            }
        },
        {
            "flavor_text": "Cambia el tipo al de la tabla que\nlleve.",
            "language": {
                "name": "es",
                "url": "/api/v2/language/7/"
            },
            "version_group": {
                "name": "omega-ruby-alpha-sapphire",
                "url": "/api/v2/version-group/16/"
            }
        },
        {
            "flavor_text": "Cambia il tipo del Pok\u00e9mon\na seconda della lastra che ha.",
            "language": {
                "name": "it",
                "url": "/api/v2/language/8/"
            },
            "version_group": {
                "name": "omega-ruby-alpha-sapphire",
                "url": "/api/v2/version-group/16/"
            }
        },
        {
            "flavor_text": "Changes the Pok\u00e9mon\u2019s type\nto match the Plate it holds.",
            "language": {
                "name": "en",
                "url": "/api/v2/language/9/"
            },
            "version_group": {
                "name": "omega-ruby-alpha-sapphire",
                "url": "/api/v2/version-group/16/"
            }
        },
        {
            "flavor_text": "\u6301\u3063\u3066\u3044\u308b\u3000\u30d7\u30ec\u30fc\u30c8\u3067\n\u30bf\u30a4\u30d7\u304c\u3000\u5909\u308f\u308b\u3002",
            "language": {
                "name": "ja",
                "url": "/api/v2/language/11/"
            },
            "version_group": {
                "name": "omega-ruby-alpha-sapphire",
                "url": "/api/v2/version-group/16/"
            }
        },
        {
            "flavor_text": "\u3082\u3063\u3066\u3044\u308b\u3000\u30d7\u30ec\u30fc\u30c8\u3084\n\uff3a\u30af\u30ea\u30b9\u30bf\u30eb\u306e\u3000\u30bf\u30a4\u30d7\u306b\u3088\u3063\u3066\n\u3058\u3076\u3093\u306e\u3000\u30bf\u30a4\u30d7\u304c\u3000\u304b\u308f\u308b\u3002",
            "language": {
                "name": "ja-Hrkt",
                "url": "/api/v2/language/1/"
            },
            "version_group": {
                "name": "sun-moon",
                "url": "/api/v2/version-group/17/"
            }
        },
        {
            "flavor_text": "\uc9c0\ub2c8\uace0 \uc788\ub294 \ud50c\ub808\uc774\ud2b8\ub098\nZ\ud06c\ub9ac\uc2a4\ud0c8 \ud0c0\uc785\uc5d0 \ub530\ub77c\n\uc790\uc2e0\uc758 \ud0c0\uc785\uc774 \ubc14\ub010\ub2e4.",
            "language": {
                "name": "ko",
                "url": "/api/v2/language/3/"
            },
            "version_group": {
                "name": "sun-moon",
                "url": "/api/v2/version-group/17/"
            }
        },
        {
            "flavor_text": "\u81ea\u5df1\u7684\u5c6c\u6027\u6703\u4f9d\u6301\u6709\u7684\u77f3\u677f\n\u6216\uff3a\u7d14\u6676\u7684\u5c6c\u6027\u800c\u6539\u8b8a\u3002",
            "language": {
                "name": "zh-Hant",
                "url": "/api/v2/language/4/"
            },
            "version_group": {
                "name": "sun-moon",
                "url": "/api/v2/version-group/17/"
            }
        },
        {
            "flavor_text": "Modifie le type du Pok\u00e9mon en fonction de la plaque\nou du Cristal Z qu\u2019il tient.",
            "language": {
                "name": "fr",
                "url": "/api/v2/language/5/"
            },
            "version_group": {
                "name": "sun-moon",
                "url": "/api/v2/version-group/17/"
            }
        },
        {
            "flavor_text": "Das Pok\u00e9mon passt seinen Typ dem der getragenen\nTafel bzw. des getragenen Z-Kristalls an.",
            "language": {
                "name": "de",
                "url": "/api/v2/language/6/"
            },
            "version_group": {
                "name": "sun-moon",
                "url": "/api/v2/version-group/17/"
            }
        },
        {
            "flavor_text": "Cambia el tipo del Pok\u00e9mon al de la tabla o al del\nCristal Z que lleve.",
            "language": {
                "name": "es",
                "url": "/api/v2/language/7/"
            },
            "version_group": {
                "name": "sun-moon",
                "url": "/api/v2/version-group/17/"
            }
        },
        {
            "flavor_text": "Cambia il tipo del Pok\u00e9mon a seconda della lastra\no del Cristallo Z che ha con s\u00e9.",
            "language": {
                "name": "it",
                "url": "/api/v2/language/8/"
            },
            "version_group": {
                "name": "sun-moon",
                "url": "/api/v2/version-group/17/"
            }
        },
        {
            "flavor_text": "Changes the Pok\u00e9mon\u2019s type to match the Plate or\nZ-Crystal it holds.",
            "language": {
                "name": "en",
                "url": "/api/v2/language/9/"
            },
            "version_group": {
                "name": "sun-moon",
                "url": "/api/v2/version-group/17/"
            }
        },
        {
            "flavor_text": "\u6301\u3063\u3066\u3044\u308b\u3000\u30d7\u30ec\u30fc\u30c8\u3084\n\uff3a\u30af\u30ea\u30b9\u30bf\u30eb\u306e\u3000\u30bf\u30a4\u30d7\u306b\u3088\u3063\u3066\n\u81ea\u5206\u306e\u3000\u30bf\u30a4\u30d7\u304c\u3000\u5909\u308f\u308b\u3002",
            "language": {
                "name": "ja",
                "url": "/api/v2/language/11/"
            },
            "version_group": {
                "name": "sun-moon",
                "url": "/api/v2/version-group/17/"
            }
        },
        {
            "flavor_text": "\u81ea\u5df1\u7684\u5c5e\u6027\u4f1a\u6839\u636e\u6301\u6709\u7684\u77f3\u677f\n\u6216\uff3a\u7eaf\u6676\u7684\u5c5e\u6027\u800c\u6539\u53d8\u3002",
            "language": {
                "name": "zh-Hans",
                "url": "/api/v2/language/12/"
            },
            "version_group": {
                "name": "sun-moon",
                "url": "/api/v2/version-group/17/"
            }
        },
        {
            "flavor_text": "\u3082\u3063\u3066\u3044\u308b\u3000\u30d7\u30ec\u30fc\u30c8\u3084\n\uff3a\u30af\u30ea\u30b9\u30bf\u30eb\u306e\u3000\u30bf\u30a4\u30d7\u306b\u3088\u3063\u3066\n\u3058\u3076\u3093\u306e\u3000\u30bf\u30a4\u30d7\u304c\u3000\u304b\u308f\u308b\u3002",
            "language": {
                "name": "ja-Hrkt",
                "url": "/api/v2/language/1/"
            },
            "version_group": {
                "name": "ultra-sun-ultra-moon",
                "url": "/api/v2/version-group/18/"
            }
        },
        {
            "flavor_text": "\uc9c0\ub2c8\uace0 \uc788\ub294 \ud50c\ub808\uc774\ud2b8\ub098\nZ\ud06c\ub9ac\uc2a4\ud0c8 \ud0c0\uc785\uc5d0 \ub530\ub77c\n\uc790\uc2e0\uc758 \ud0c0\uc785\uc774 \ubc14\ub010\ub2e4.",
            "language": {
                "name": "ko",
                "url": "/api/v2/language/3/"
            },
            "version_group": {
                "name": "ultra-sun-ultra-moon",
                "url": "/api/v2/version-group/18/"
            }
        },
        {
            "flavor_text": "\u81ea\u5df1\u7684\u5c6c\u6027\u6703\u4f9d\u6301\u6709\u7684\u77f3\u677f\n\u6216\uff3a\u7d14\u6676\u7684\u5c6c\u6027\u800c\u6539\u8b8a\u3002",
            "language": {
                "name": "zh-Hant",
                "url": "/api/v2/language/4/"
            },
            "version_group": {
                "name": "ultra-sun-ultra-moon",
                "url": "/api/v2/version-group/18/"
            }
        },
        {
            "flavor_text": "Modifie le type du Pok\u00e9mon en fonction de la plaque\nou du Cristal Z qu\u2019il tient.",
            "language": {
                "name": "fr",
                "url": "/api/v2/language/5/"
            },
            "version_group": {
                "name": "ultra-sun-ultra-moon",
                "url": "/api/v2/version-group/18/"
            }
        },
        {
            "flavor_text": "Das Pok\u00e9mon passt seinen Typ dem der getragenen\nTafel bzw. des getragenen Z-Kristalls an.",
            "language": {
                "name": "de",
                "url": "/api/v2/language/6/"
            },
            "version_group": {
                "name": "ultra-sun-ultra-moon",
                "url": "/api/v2/version-group/18/"
            }
        },
        {
            "flavor_text": "Cambia el tipo del Pok\u00e9mon al de la tabla o al del\nCristal Z que lleve.",
            "language": {
                "name": "es",
                "url": "/api/v2/language/7/"
            },
            "version_group": {
                "name": "ultra-sun-ultra-moon",
                "url": "/api/v2/version-group/18/"
            }
        },
        {
            "flavor_text": "Cambia il tipo del Pok\u00e9mon a seconda della lastra\no del Cristallo Z che ha con s\u00e9.",
            "language": {
                "name": "it",
                "url": "/api/v2/language/8/"
            },
            "version_group": {
                "name": "ultra-sun-ultra-moon",
                "url": "/api/v2/version-group/18/"
            }
        },
        {
            "flavor_text": "Changes the Pok\u00e9mon\u2019s type to match the Plate or\nZ-Crystal it holds.",
            "language": {
                "name": "en",
                "url": "/api/v2/language/9/"
            },
            "version_group": {
                "name": "ultra-sun-ultra-moon",
                "url": "/api/v2/version-group/18/"
            }
        },
        {
            "flavor_text": "\u6301\u3063\u3066\u3044\u308b\u3000\u30d7\u30ec\u30fc\u30c8\u3084\n\uff3a\u30af\u30ea\u30b9\u30bf\u30eb\u306e\u3000\u30bf\u30a4\u30d7\u306b\u3088\u3063\u3066\n\u81ea\u5206\u306e\u3000\u30bf\u30a4\u30d7\u304c\u3000\u5909\u308f\u308b\u3002",
            "language": {
                "name": "ja",
                "url": "/api/v2/language/11/"
            },
            "version_group": {
                "name": "ultra-sun-ultra-moon",
                "url": "/api/v2/version-group/18/"
            }
        },
        {
            "flavor_text": "\u81ea\u5df1\u7684\u5c5e\u6027\u4f1a\u6839\u636e\u6301\u6709\u7684\u77f3\u677f\n\u6216\uff3a\u7eaf\u6676\u7684\u5c5e\u6027\u800c\u6539\u53d8\u3002",
            "language": {
                "name": "zh-Hans",
                "url": "/api/v2/language/12/"
            },
            "version_group": {
                "name": "ultra-sun-ultra-moon",
                "url": "/api/v2/version-group/18/"
            }
        },
        {
            "flavor_text": "\u3082\u3063\u3066\u3044\u308b\u3000\u30d7\u30ec\u30fc\u30c8\u3084\n\uff3a\u30af\u30ea\u30b9\u30bf\u30eb\u306e\u3000\u30bf\u30a4\u30d7\u306b\u3088\u3063\u3066\n\u3058\u3076\u3093\u306e\u3000\u30bf\u30a4\u30d7\u304c\u3000\u304b\u308f\u308b\u3002",
            "language": {
                "name": "ja-Hrkt",
                "url": "/api/v2/language/1/"
            },
            "version_group": {
                "name": "lets-go-pikachu-lets-go-eevee",
                "url": "/api/v2/version-group/19/"
            }
        },
        {
            "flavor_text": "\uc9c0\ub2c8\uace0 \uc788\ub294 \ud50c\ub808\uc774\ud2b8\ub098\nZ\ud06c\ub9ac\uc2a4\ud0c8 \ud0c0\uc785\uc5d0 \ub530\ub77c\n\uc790\uc2e0\uc758 \ud0c0\uc785\uc774 \ubc14\ub010\ub2e4.",
            "language": {
                "name": "ko",
                "url": "/api/v2/language/3/"
            },
            "version_group": {
                "name": "lets-go-pikachu-lets-go-eevee",
                "url": "/api/v2/version-group/19/"
            }
        },
        {
            "flavor_text": "\u81ea\u5df1\u7684\u5c6c\u6027\u6703\u4f9d\u6301\u6709\u7684\u77f3\u677f\n\u6216\uff3a\u7d14\u6676\u7684\u5c6c\u6027\u800c\u6539\u8b8a\u3002",
            "language": {
                "name": "zh-Hant",
                "url": "/api/v2/language/4/"
            },
            "version_group": {
                "name": "lets-go-pikachu-lets-go-eevee",
                "url": "/api/v2/version-group/19/"
            }
        },
        {
            "flavor_text": "Modifie le type du Pok\u00e9mon en fonction de la plaque\nou du Cristal Z qu\u2019il tient.",
            "language": {
                "name": "fr",
                "url": "/api/v2/language/5/"
            },
            "version_group": {
                "name": "lets-go-pikachu-lets-go-eevee",
                "url": "/api/v2/version-group/19/"
            }
        },
        {
            "flavor_text": "Das Pok\u00e9mon passt seinen Typ dem der getragenen\nTafel bzw. des getragenen Z-Kristalls an.",
            "language": {
                "name": "de",
                "url": "/api/v2/language/6/"
            },
            "version_group": {
                "name": "lets-go-pikachu-lets-go-eevee",
                "url": "/api/v2/version-group/19/"
            }
        },
        {
            "flavor_text": "Cambia el tipo del Pok\u00e9mon al de la tabla o al del\nCristal Z que lleve.",
            "language": {
                "name": "es",
                "url": "/api/v2/language/7/"
            },
            "version_group": {
                "name": "lets-go-pikachu-lets-go-eevee",
                "url": "/api/v2/version-group/19/"
            }
        },
        {
            "flavor_text": "Cambia il tipo del Pok\u00e9mon a seconda della lastra\no del Cristallo Z che ha con s\u00e9.",
            "language": {
                "name": "it",
                "url": "/api/v2/language/8/"
            },
            "version_group": {
                "name": "lets-go-pikachu-lets-go-eevee",
                "url": "/api/v2/version-group/19/"
            }
        },
        {
            "flavor_text": "Changes the Pok\u00e9mon\u2019s type to match the Plate or\nZ-Crystal it holds.",
            "language": {
                "name": "en",
                "url": "/api/v2/language/9/"
            },
            "version_group": {
                "name": "lets-go-pikachu-lets-go-eevee",
                "url": "/api/v2/version-group/19/"
            }
        },
        {
            "flavor_text": "\u6301\u3063\u3066\u3044\u308b\u3000\u30d7\u30ec\u30fc\u30c8\u3084\n\uff3a\u30af\u30ea\u30b9\u30bf\u30eb\u306e\u3000\u30bf\u30a4\u30d7\u306b\u3088\u3063\u3066\n\u81ea\u5206\u306e\u3000\u30bf\u30a4\u30d7\u304c\u3000\u5909\u308f\u308b\u3002",
            "language": {
                "name": "ja",
                "url": "/api/v2/language/11/"
            },
            "version_group": {
                "name": "lets-go-pikachu-lets-go-eevee",
                "url": "/api/v2/version-group/19/"
            }
        },
        {
            "flavor_text": "\u81ea\u5df1\u7684\u5c5e\u6027\u4f1a\u6839\u636e\u6301\u6709\u7684\u77f3\u677f\n\u6216\uff3a\u7eaf\u6676\u7684\u5c5e\u6027\u800c\u6539\u53d8\u3002",
            "language": {
                "name": "zh-Hans",
                "url": "/api/v2/language/12/"
            },
            "version_group": {
                "name": "lets-go-pikachu-lets-go-eevee",
                "url": "/api/v2/version-group/19/"
            }
        },
        {
            "flavor_text": "\u3082\u3063\u3066\u3044\u308b\u3000\u30d7\u30ec\u30fc\u30c8\u3084\n\uff3a\u30af\u30ea\u30b9\u30bf\u30eb\u306e\u3000\u30bf\u30a4\u30d7\u306b\u3088\u3063\u3066\n\u3058\u3076\u3093\u306e\u3000\u30bf\u30a4\u30d7\u304c\u3000\u304b\u308f\u308b\u3002",
            "language": {
                "name": "ja-Hrkt",
                "url": "/api/v2/language/1/"
            },
            "version_group": {
                "name": "sword-shield",
                "url": "/api/v2/version-group/20/"
            }
        },
        {
            "flavor_text": "\uc9c0\ub2c8\uace0 \uc788\ub294 \ud50c\ub808\uc774\ud2b8\ub098\nZ\ud06c\ub9ac\uc2a4\ud0c8 \ud0c0\uc785\uc5d0 \ub530\ub77c\n\uc790\uc2e0\uc758 \ud0c0\uc785\uc774 \ubc14\ub010\ub2e4.",
            "language": {
                "name": "ko",
                "url": "/api/v2/language/3/"
            },
            "version_group": {
                "name": "sword-shield",
                "url": "/api/v2/version-group/20/"
            }
        },
        {
            "flavor_text": "\u81ea\u5df1\u7684\u5c6c\u6027\u6703\u4f9d\u6301\u6709\u7684\u77f3\u677f\n\u6216\uff3a\u7d14\u6676\u7684\u5c6c\u6027\u800c\u6539\u8b8a\u3002",
            "language": {
                "name": "zh-Hant",
                "url": "/api/v2/language/4/"
            },
            "version_group": {
                "name": "sword-shield",
                "url": "/api/v2/version-group/20/"
            }
        },
        {
            "flavor_text": "Modifie le type du Pok\u00e9mon en fonction de la plaque\nou du Cristal Z qu\u2019il tient.",
            "language": {
                "name": "fr",
                "url": "/api/v2/language/5/"
            },
            "version_group": {
                "name": "sword-shield",
                "url": "/api/v2/version-group/20/"
            }
        },
        {
            "flavor_text": "Das Pok\u00e9mon passt seinen Typ dem der getragenen\nTafel bzw. des getragenen Z-Kristalls an.",
            "language": {
                "name": "de",
                "url": "/api/v2/language/6/"
            },
            "version_group": {
                "name": "sword-shield",
                "url": "/api/v2/version-group/20/"
            }
        },
        {
            "flavor_text": "Cambia su tipo al de la tabla o al del Cristal Z que\nlleve.",
            "language": {
                "name": "es",
                "url": "/api/v2/language/7/"
            },
            "version_group": {
                "name": "sword-shield",
                "url": "/api/v2/version-group/20/"
            }
        },
        {
            "flavor_text": "Cambia il tipo del Pok\u00e9mon a seconda della lastra\no del Cristallo Z che ha con s\u00e9.",
            "language": {
                "name": "it",
                "url": "/api/v2/language/8/"
            },
            "version_group": {
                "name": "sword-shield",
                "url": "/api/v2/version-group/20/"
            }
        },
        {
            "flavor_text": "Changes the Pok\u00e9mon\u2019s type to match the Plate or\nZ-Crystal it holds.",
            "language": {
                "name": "en",
                "url": "/api/v2/language/9/"
            },
            "version_group": {
                "name": "sword-shield",
                "url": "/api/v2/version-group/20/"
            }
        },
        {
            "flavor_text": "\u6301\u3063\u3066\u3044\u308b\u3000\u30d7\u30ec\u30fc\u30c8\u3084\n\uff3a\u30af\u30ea\u30b9\u30bf\u30eb\u306e\u3000\u30bf\u30a4\u30d7\u306b\u3088\u3063\u3066\n\u81ea\u5206\u306e\u3000\u30bf\u30a4\u30d7\u304c\u3000\u5909\u308f\u308b\u3002",
            "language": {
                "name": "ja",
                "url": "/api/v2/language/11/"
            },
            "version_group": {
                "name": "sword-shield",
                "url": "/api/v2/version-group/20/"
            }
        },
        {
            "flavor_text": "\u81ea\u5df1\u7684\u5c5e\u6027\u4f1a\u6839\u636e\u6301\u6709\u7684\u77f3\u677f\n\u6216\uff3a\u7eaf\u6676\u7684\u5c5e\u6027\u800c\u6539\u53d8\u3002",
            "language": {
                "name": "zh-Hans",
                "url": "/api/v2/language/12/"
            },
            "version_group": {
                "name": "sword-shield",
                "url": "/api/v2/version-group/20/"
            }
        }
    ],
    "generation": {
        "name": "generation-iv",
        "url": "/api/v2/generation/4/"
    },
    "id": 121,
    "is_main_series": true,
    "name": "multitype",
    "names": [
        {
            "language": {
                "name": "ja-Hrkt",
                "url": "/api/v2/language/1/"
            },
            "name": "\u30de\u30eb\u30c1\u30bf\u30a4\u30d7"
        },
        {
            "language": {
                "name": "ko",
                "url": "/api/v2/language/3/"
            },
            "name": "\uba40\ud2f0\ud0c0\uc785"
        },
        {
            "language": {
                "name": "zh-Hant",
                "url": "/api/v2/language/4/"
            },
            "name": "\u591a\u5c6c\u6027"
        },
        {
            "language": {
                "name": "fr",
                "url": "/api/v2/language/5/"
            },
            "name": "Multi-Type"
        },
        {
            "language": {
                "name": "de",
                "url": "/api/v2/language/6/"
            },
            "name": "Variabilit\u00e4t"
        },
        {
            "language": {
                "name": "es",
                "url": "/api/v2/language/7/"
            },
            "name": "Multitipo"
        },
        {
            "language": {
                "name": "it",
                "url": "/api/v2/language/8/"
            },
            "name": "Multitipo"
        },
        {
            "language": {
                "name": "en",
                "url": "/api/v2/language/9/"
            },
            "name": "Multitype"
        },
        {
            "language": {
                "name": "ja",
                "url": "/api/v2/language/11/"
            },
            "name": "\u30de\u30eb\u30c1\u30bf\u30a4\u30d7"
        },
        {
            "language": {
                "name": "zh-Hans",
                "url": "/api/v2/language/12/"
            },
            "name": "\u591a\u5c5e\u6027"
        }
    ],
    "pokemon": [
        {
            "is_hidden": false,
            "pokemon": {
                "name": "arceus",
                "url": "/api/v2/pokemon/493/"
            },
            "slot": 1
        }
    ]
}