{
    "descriptions": [
        {
            "description": "\u306e\u3093\u3073\u308a\u3059\u308b\u306e\u304c\u3000\u3059\u304d",
            "language": {
                "name": "ja-Hrkt",
                "url": "/api/v2/language/1/"
            }
        },
        {
            "description": "\uc720\uc720\uc790\uc801\ud568\uc744 \uc88b\uc544\ud568",
            "language": {
                "name": "ko",
                "url": "/api/v2/language/3/"
            }
        },
        {
            "description": "\u559c\u6b61\u60a0\u7136\u81ea\u5728",
            "language": {
                "name": "zh-Hant",
                "url": "/api/v2/language/4/"
            }
        },
        {
            "description": "Il aime se d\u00e9tendre",
            "language": {
                "name": "fr",
                "url": "/api/v2/language/5/"
            }
        },
        {
            "description": "Mag es, sich zu entspannen",
            "language": {
                "name": "de",
                "url": "/api/v2/language/6/"
            }
        },
        {
            "description": "Le gusta relajarse",
            "language": {
                "name": "es",
                "url": "/api/v2/language/7/"
            }
        },
        {
            "description": "Adora rilassarsi",
            "language": {
                "name": "it",
                "url": "/api/v2/language/8/"
            }
        },
        {
            "description": "Likes to relax",
            "language": {
                "name": "en",
                "url": "/api/v2/language/9/"
            }
        },
        {
            "description": "\u306e\u3093\u3073\u308a\u3059\u308b\u306e\u304c\u3000\u597d\u304d",
            "language": {
                "name": "ja",
                "url": "/api/v2/language/11/"
            }
        },
        {
            "description": "\u559c\u6b22\u60a0\u7136\u81ea\u5728",
            "language": {
                "name": "zh-Hans",
                "url": "/api/v2/language/12/"
            }
        }
    ],
    "gene_modulo": 4,
    "highest_stat": {
        "name": "hp",
        "url": "/api/v2/stat/1/"
    },
    "id": 25,
    "possible_values": [
        4,
        9,
        14,
        19,
        24,
        29
    ]
}