{
    "effect_changes": [],
    "effect_entries": [
        {
            "effect": "Wenn ein Pok\u00e9mon mit dieser F\u00e4higkeit von einer Attacke die Kontakt herstellt getroffen wird, wird die speed des Angreifers um 1 Stufe gesenkt.",
            "language": {
                "name": "de",
                "url": "/api/v2/language/6/"
            },
            "short_effect": "Senkt bei Kontakt die speed des Angreifers um 1 Stufe."
        },
        {
            "effect": "Lowers attacking Pok\u00e9mon's Speed by one stage on contact.",
            "language": {
                "name": "en",
                "url": "/api/v2/language/9/"
            },
            "short_effect": "Lowers attacking Pok\u00e9mon's Speed by one stage on contact."
        }
    ],
    "flavor_text_entries": [
        {
            "flavor_text": "\u3075\u308c\u305f\u3000\u3042\u3044\u3066\u306e\n\u3059\u3070\u3084\u3055\u3092\u3000\u3055\u3052\u308b\u3002",
            "language": {
                "name": "ja-Hrkt",
                "url": "/api/v2/language/1/"
            },
            "version_group": {
                "name": "x-y",
                "url": "/api/v2/version-group/15/"
            }
        },
        {
            "flavor_text": "\uc811\ucd09\ud55c \uc0c1\ub300\uc758\n\uc2a4\ud53c\ub4dc\ub97c \ub5a8\uc5b4\ub728\ub9b0\ub2e4.",
            "language": {
                "name": "ko",
                "url": "/api/v2/language/3/"
            },
            "version_group": {
                "name": "x-y",
                "url": "/api/v2/version-group/15/"
            }
        },
        {
            "flavor_text": "Diminue la Vitesse de l\u2019attaquant\nqui le touche.",
            "language": {
                "name": "fr",
                "url": "/api/v2/language/5/"
            },
            "version_group": {
                "name": "x-y",
                "url": "/api/v2/version-group/15/"
            }
        },
        {
            "flavor_text": "Die Initiative von Angreifern sinkt\ndurch blo\u00dfes Ber\u00fchren.",
            "language": {
                "name": "de",
                "url": "/api/v2/language/6/"
            },
            "version_group": {
                "name": "x-y",
                "url": "/api/v2/version-group/15/"
            }
        },
        {
            "flavor_text": "Baja la Velocidad del Pok\u00e9mon\ncon el que entra en contacto.",
            "language": {
                "name": "es",
                "url": "/api/v2/language/7/"
            },
            "version_group": {
                "name": "x-y",
                "url": "/api/v2/version-group/15/"
            }
        },
        {
            "flavor_text": "Riduce la Velocit\u00e0 del Pok\u00e9mon\ncon cui entra in contatto.",
            "language": {
                "name": "it",
                "url": "/api/v2/language/8/"
            },
            "version_group": {
                "name": "x-y",
                "url": "/api/v2/version-group/15/"
            }
        },
        {
            "flavor_text": "Contact with the Pok\u00e9mon\nlowers the attacker\u2019s Speed stat.",
            "language": {
                "name": "en",
                "url": "/api/v2/language/9/"
            },
            "version_group": {
                "name": "x-y",
                "url": "/api/v2/version-group/15/"
            }
        },
        {
            "flavor_text": "\u89e6\u308c\u305f\u3000\u76f8\u624b\u306e\n\u7d20\u65e9\u3055\u3092\u3000\u3055\u3052\u308b\u3002",
            "language": {
                "name": "ja",
                "url": "/api/v2/language/11/"
            },
            "version_group": {
                "name": "x-y",
                "url": "/api/v2/version-group/15/"
            }
        },
        {
            "flavor_text": "\u3075\u308c\u305f\u3000\u3042\u3044\u3066\u306e\n\u3059\u3070\u3084\u3055\u3092\u3000\u3055\u3052\u308b\u3002",
            "language": {
                "name": "ja-Hrkt",
                "url": "/api/v2/language/1/"
            },
            "version_group": {
                "name": "omega-ruby-alpha-sapphire",
                "url": "/api/v2/version-group/16/"
            }
        },
        {
            "flavor_text": "\uc811\ucd09\ud55c \uc0c1\ub300\uc758\n\uc2a4\ud53c\ub4dc\ub97c \ub5a8\uc5b4\ub728\ub9b0\ub2e4.",
            "language": {
                "name": "ko",
                "url": "/api/v2/language/3/"
            },
            "version_group": {
                "name": "omega-ruby-alpha-sapphire",
                "url": "/api/v2/version-group/16/"
            }
        },
        {
            "flavor_text": "Diminue la Vitesse de l\u2019attaquant\nqui le touche.",
            "language": {
                "name": "fr",
                "url": "/api/v2/language/5/"
            },
            "version_group": {
                "name": "omega-ruby-alpha-sapphire",
                "url": "/api/v2/version-group/16/"
            }
        },
        {
            "flavor_text": "Die Initiative von Angreifern sinkt\ndurch blo\u00dfes Ber\u00fchren.",
            "language": {
                "name": "de",
                "url": "/api/v2/language/6/"
            },
            "version_group": {
                "name": "omega-ruby-alpha-sapphire",
                "url": "/api/v2/version-group/16/"
            }
        },
        {
            "flavor_text": "Baja la Velocidad del Pok\u00e9mon\ncon el que entra en contacto.",
            "language": {
                "name": "es",
                "url": "/api/v2/language/7/"
            },
            "version_group": {
                "name": "omega-ruby-alpha-sapphire",
                "url": "/api/v2/version-group/16/"
            }
        },
        {
            "flavor_text": "Riduce la Velocit\u00e0 del Pok\u00e9mon\ncon cui entra in contatto.",
            "language": {
                "name": "it",
                "url": "/api/v2/language/8/"
            },
            "version_group": {
                "name": "omega-ruby-alpha-sapphire",
                "url": "/api/v2/version-group/16/"
            }
        },
        {
            "flavor_text": "Contact with the Pok\u00e9mon\nlowers the attacker\u2019s Speed stat.",
            "language": {
                "name": "en",
                "url": "/api/v2/language/9/"
            },
            "version_group": {
                "name": "omega-ruby-alpha-sapphire",
                "url": "/api/v2/version-group/16/"
            }
        },
        {
            "flavor_text": "\u89e6\u308c\u305f\u3000\u76f8\u624b\u306e\n\u7d20\u65e9\u3055\u3092\u3000\u3055\u3052\u308b\u3002",
            "language": {
                "name": "ja",
                "url": "/api/v2/language/11/"
            },
            "version_group": {
                "name": "omega-ruby-alpha-sapphire",
                "url": "/api/v2/version-group/16/"
            }
        },
        {
            "flavor_text": "\u3053\u3046\u3052\u304d\u3067\u3000\u3058\u3076\u3093\u306b\u3000\u3075\u308c\u305f\u3000\u3042\u3044\u3066\u306e\n\u3059\u3070\u3084\u3055\u3092\u3000\u3055\u3052\u308b\u3002",
            "language": {
                "name": "ja-Hrkt",
                "url": "/api/v2/language/1/"
            },
            "version_group": {
                "name": "sun-moon",
                "url": "/api/v2/version-group/17/"
            }
        },
        {
            "flavor_text": "\uacf5\uaca9\uc73c\ub85c \uc790\uc2e0\uacfc \uc811\ucd09\ud55c \uc0c1\ub300\uc758\n\uc2a4\ud53c\ub4dc\ub97c \ub5a8\uc5b4\ub728\ub9b0\ub2e4.",
            "language": {
                "name": "ko",
                "url": "/api/v2/language/3/"
            },
            "version_group": {
                "name": "sun-moon",
                "url": "/api/v2/version-group/17/"
            }
        },
        {
            "flavor_text": "\u5c0d\u624b\u7528\u653b\u64ca\u63a5\u89f8\u5230\u81ea\u5df1\u6642\uff0c\n\u964d\u4f4e\u6b64\u5c0d\u624b\u7684\u901f\u5ea6\u3002",
            "language": {
                "name": "zh-Hant",
                "url": "/api/v2/language/4/"
            },
            "version_group": {
                "name": "sun-moon",
                "url": "/api/v2/version-group/17/"
            }
        },
        {
            "flavor_text": "Baisse la Vitesse de l\u2019attaquant lorsque le Pok\u00e9mon\nsubit une attaque directe.",
            "language": {
                "name": "fr",
                "url": "/api/v2/language/5/"
            },
            "version_group": {
                "name": "sun-moon",
                "url": "/api/v2/version-group/17/"
            }
        },
        {
            "flavor_text": "Senkt bei Ber\u00fchrung im Zuge eines Angriffs die\nInitiative des Angreifers.",
            "language": {
                "name": "de",
                "url": "/api/v2/language/6/"
            },
            "version_group": {
                "name": "sun-moon",
                "url": "/api/v2/version-group/17/"
            }
        },
        {
            "flavor_text": "Baja la Velocidad del rival cuando este ataca\nal Pok\u00e9mon con un movimiento de contacto.",
            "language": {
                "name": "es",
                "url": "/api/v2/language/7/"
            },
            "version_group": {
                "name": "sun-moon",
                "url": "/api/v2/version-group/17/"
            }
        },
        {
            "flavor_text": "Se il Pok\u00e9mon viene colpito da un attacco diretto,\nla Velocit\u00e0 di chi l\u2019ha colpito diminuisce.",
            "language": {
                "name": "it",
                "url": "/api/v2/language/8/"
            },
            "version_group": {
                "name": "sun-moon",
                "url": "/api/v2/version-group/17/"
            }
        },
        {
            "flavor_text": "Contact with the Pok\u00e9mon lowers the attacker\u2019s\nSpeed stat.",
            "language": {
                "name": "en",
                "url": "/api/v2/language/9/"
            },
            "version_group": {
                "name": "sun-moon",
                "url": "/api/v2/version-group/17/"
            }
        },
        {
            "flavor_text": "\u653b\u6483\u3067\u3000\u81ea\u5206\u306b\u3000\u89e6\u308c\u305f\u3000\u76f8\u624b\u306e\n\u7d20\u65e9\u3055\u3092\u3000\u4e0b\u3052\u308b\u3002",
            "language": {
                "name": "ja",
                "url": "/api/v2/language/11/"
            },
            "version_group": {
                "name": "sun-moon",
                "url": "/api/v2/version-group/17/"
            }
        },
        {
            "flavor_text": "\u5bf9\u4e8e\u7528\u653b\u51fb\u63a5\u89e6\u5230\u81ea\u5df1\u7684\u5bf9\u624b\uff0c\n\u4f1a\u964d\u4f4e\u5176\u901f\u5ea6\u3002",
            "language": {
                "name": "zh-Hans",
                "url": "/api/v2/language/12/"
            },
            "version_group": {
                "name": "sun-moon",
                "url": "/api/v2/version-group/17/"
            }
        },
        {
            "flavor_text": "\u3053\u3046\u3052\u304d\u3067\u3000\u3058\u3076\u3093\u306b\u3000\u3075\u308c\u305f\u3000\u3042\u3044\u3066\u306e\n\u3059\u3070\u3084\u3055\u3092\u3000\u3055\u3052\u308b\u3002",
            "language": {
                "name": "ja-Hrkt",
                "url": "/api/v2/language/1/"
            },
            "version_group": {
                "name": "ultra-sun-ultra-moon",
                "url": "/api/v2/version-group/18/"
            }
        },
        {
            "flavor_text": "\uacf5\uaca9\uc73c\ub85c \uc790\uc2e0\uacfc \uc811\ucd09\ud55c \uc0c1\ub300\uc758\n\uc2a4\ud53c\ub4dc\ub97c \ub5a8\uc5b4\ub728\ub9b0\ub2e4.",
            "language": {
                "name": "ko",
                "url": "/api/v2/language/3/"
            },
            "version_group": {
                "name": "ultra-sun-ultra-moon",
                "url": "/api/v2/version-group/18/"
            }
        },
        {
            "flavor_text": "\u5c0d\u624b\u7528\u653b\u64ca\u63a5\u89f8\u5230\u81ea\u5df1\u6642\uff0c\n\u964d\u4f4e\u6b64\u5c0d\u624b\u7684\u901f\u5ea6\u3002",
            "language": {
                "name": "zh-Hant",
                "url": "/api/v2/language/4/"
            },
            "version_group": {
                "name": "ultra-sun-ultra-moon",
                "url": "/api/v2/version-group/18/"
            }
        },
        {
            "flavor_text": "Baisse la Vitesse de l\u2019attaquant lorsque le Pok\u00e9mon\nsubit une attaque directe.",
            "language": {
                "name": "fr",
                "url": "/api/v2/language/5/"
            },
            "version_group": {
                "name": "ultra-sun-ultra-moon",
                "url": "/api/v2/version-group/18/"
            }
        },
        {
            "flavor_text": "Senkt bei Ber\u00fchrung im Zuge eines Angriffs die\nInitiative des Angreifers.",
            "language": {
                "name": "de",
                "url": "/api/v2/language/6/"
            },
            "version_group": {
                "name": "ultra-sun-ultra-moon",
                "url": "/api/v2/version-group/18/"
            }
        },
        {
            "flavor_text": "Baja la Velocidad del rival cuando este ataca\nal Pok\u00e9mon con un movimiento de contacto.",
            "language": {
                "name": "es",
                "url": "/api/v2/language/7/"
            },
            "version_group": {
                "name": "ultra-sun-ultra-moon",
                "url": "/api/v2/version-group/18/"
            }
        },
        {
            "flavor_text": "Se il Pok\u00e9mon viene colpito da un attacco diretto,\nla Velocit\u00e0 di chi l\u2019ha colpito diminuisce.",
            "language": {
                "name": "it",
                "url": "/api/v2/language/8/"
            },
            "version_group": {
                "name": "ultra-sun-ultra-moon",
                "url": "/api/v2/version-group/18/"
            }
        },
        {
            "flavor_text": "Contact with the Pok\u00e9mon lowers the attacker\u2019s\nSpeed stat.",
            "language": {
                "name": "en",
                "url": "/api/v2/language/9/"
            },
            "version_group": {
                "name": "ultra-sun-ultra-moon",
                "url": "/api/v2/version-group/18/"
            }
        },
        {
            "flavor_text": "\u653b\u6483\u3067\u3000\u81ea\u5206\u306b\u3000\u89e6\u308c\u305f\u3000\u76f8\u624b\u306e\n\u7d20\u65e9\u3055\u3092\u3000\u4e0b\u3052\u308b\u3002",
            "language": {
                "name": "ja",
                "url": "/api/v2/language/11/"
            },
            "version_group": {
                "name": "ultra-sun-ultra-moon",
                "url": "/api/v2/version-group/18/"
            }
        },
        {
            "flavor_text": "\u5bf9\u4e8e\u7528\u653b\u51fb\u63a5\u89e6\u5230\u81ea\u5df1\u7684\u5bf9\u624b\uff0c\n\u4f1a\u964d\u4f4e\u5176\u901f\u5ea6\u3002",
            "language": {
                "name": "zh-Hans",
                "url": "/api/v2/language/12/"
            },
            "version_group": {
                "name": "ultra-sun-ultra-moon",
                "url": "/api/v2/version-group/18/"
            }
        },
        {
            "flavor_text": "\u3053\u3046\u3052\u304d\u3067\u3000\u3058\u3076\u3093\u306b\u3000\u3075\u308c\u305f\u3000\u3042\u3044\u3066\u306e\n\u3059\u3070\u3084\u3055\u3092\u3000\u3055\u3052\u308b\u3002",
            "language": {
                "name": "ja-Hrkt",
                "url": "/api/v2/language/1/"
            },
            "version_group": {
                "name": "lets-go-pikachu-lets-go-eevee",
                "url": "/api/v2/version-group/19/"
            }
        },
        {
            "flavor_text": "\uacf5\uaca9\uc73c\ub85c \uc790\uc2e0\uacfc \uc811\ucd09\ud55c \uc0c1\ub300\uc758\n\uc2a4\ud53c\ub4dc\ub97c \ub5a8\uc5b4\ub728\ub9b0\ub2e4.",
            "language": {
                "name": "ko",
                "url": "/api/v2/language/3/"
            },
            "version_group": {
                "name": "lets-go-pikachu-lets-go-eevee",
                "url": "/api/v2/version-group/19/"
            }
        },
        {
            "flavor_text": "\u5c0d\u624b\u7528\u653b\u64ca\u63a5\u89f8\u5230\u81ea\u5df1\u6642\uff0c\n\u964d\u4f4e\u6b64\u5c0d\u624b\u7684\u901f\u5ea6\u3002",
            "language": {
                "name": "zh-Hant",
                "url": "/api/v2/language/4/"
            },
            "version_group": {
                "name": "lets-go-pikachu-lets-go-eevee",
                "url": "/api/v2/version-group/19/"
            }
        },
        {
            "flavor_text": "Baisse la Vitesse de l\u2019attaquant lorsque le Pok\u00e9mon\nsubit une attaque directe.",
            "language": {
                "name": "fr",
                "url": "/api/v2/language/5/"
            },
            "version_group": {
                "name": "lets-go-pikachu-lets-go-eevee",
                "url": "/api/v2/version-group/19/"
            }
        },
        {
            "flavor_text": "Senkt bei Ber\u00fchrung im Zuge eines Angriffs die\nInitiative des Angreifers.",
            "language": {
                "name": "de",
                "url": "/api/v2/language/6/"
            },
            "version_group": {
                "name": "lets-go-pikachu-lets-go-eevee",
                "url": "/api/v2/version-group/19/"
            }
        },
        {
            "flavor_text": "Baja la Velocidad del rival cuando este ataca\nal Pok\u00e9mon con un movimiento de contacto.",
            "language": {
                "name": "es",
                "url": "/api/v2/language/7/"
            },
            "version_group": {
                "name": "lets-go-pikachu-lets-go-eevee",
                "url": "/api/v2/version-group/19/"
            }
        },
        {
            "flavor_text": "Se il Pok\u00e9mon viene colpito da un attacco diretto,\nla Velocit\u00e0 di chi l\u2019ha colpito diminuisce.",
            "language": {
                "name": "it",
                "url": "/api/v2/language/8/"
            },
            "version_group": {
                "name": "lets-go-pikachu-lets-go-eevee",
                "url": "/api/v2/version-group/19/"
            }
        },
        {
            "flavor_text": "Contact with the Pok\u00e9mon lowers the attacker\u2019s\nSpeed stat.",
            "language": {
                "name": "en",
                "url": "/api/v2/language/9/"
            },
            "version_group": {
                "name": "lets-go-pikachu-lets-go-eevee",
                "url": "/api/v2/version-group/19/"
            }
        },
        {
            "flavor_text": "\u653b\u6483\u3067\u3000\u81ea\u5206\u306b\u3000\u89e6\u308c\u305f\u3000\u76f8\u624b\u306e\n\u7d20\u65e9\u3055\u3092\u3000\u4e0b\u3052\u308b\u3002",
            "language": {
                "name": "ja",
                "url": "/api/v2/language/11/"
            },
            "version_group": {
                "name": "lets-go-pikachu-lets-go-eevee",
                "url": "/api/v2/version-group/19/"
            }
        },
        {
            "flavor_text": "\u5bf9\u4e8e\u7528\u653b\u51fb\u63a5\u89e6\u5230\u81ea\u5df1\u7684\u5bf9\u624b\uff0c\n\u4f1a\u964d\u4f4e\u5176\u901f\u5ea6\u3002",
            "language": {
                "name": "zh-Hans",
                "url": "/api/v2/language/12/"
            },
            "version_group": {
                "name": "lets-go-pikachu-lets-go-eevee",
                "url": "/api/v2/version-group/19/"
            }
        },
        {
            "flavor_text": "\u3053\u3046\u3052\u304d\u3067\u3000\u3058\u3076\u3093\u306b\u3000\u3075\u308c\u305f\u3000\u3042\u3044\u3066\u306e\n\u3059\u3070\u3084\u3055\u3092\u3000\u3055\u3052\u308b\u3002",
            "language": {
                "name": "ja-Hrkt",
                "url": "/api/v2/language/1/"
            },
            "version_group": {
                "name": "sword-shield",
                "url": "/api/v2/version-group/20/"
            }
        },
        {
            "flavor_text": "\uacf5\uaca9\uc73c\ub85c \uc790\uc2e0\uacfc \uc811\ucd09\ud55c \uc0c1\ub300\uc758\n\uc2a4\ud53c\ub4dc\ub97c \ub5a8\uc5b4\ub728\ub9b0\ub2e4.",
            "language": {
                "name": "ko",
                "url": "/api/v2/language/3/"
            },
            "version_group": {
                "name": "sword-shield",
                "url": "/api/v2/version-group/20/"
            }
        },
        {
            "flavor_text": "\u5c0d\u624b\u7528\u653b\u64ca\u63a5\u89f8\u5230\u81ea\u5df1\u6642\uff0c\n\u964d\u4f4e\u6b64\u5c0d\u624b\u7684\u901f\u5ea6\u3002",
            "language": {
                "name": "zh-Hant",
                "url": "/api/v2/language/4/"
            },
            "version_group": {
                "name": "sword-shield",
                "url": "/api/v2/version-group/20/"
            }
        },
        {
            "flavor_text": "Baisse la Vitesse de l\u2019attaquant lorsque le Pok\u00e9mon\nsubit une attaque directe.",
            "language": {
                "name": "fr",
                "url": "/api/v2/language/5/"
            },
            "version_group": {
                "name": "sword-shield",
                "url": "/api/v2/version-group/20/"
            }
        },
        {
            "flavor_text": "Senkt bei Ber\u00fchrung im Zuge eines Angriffs die\nInitiative des Angreifers.",
            "language": {
                "name": "de",
                "url": "/api/v2/language/6/"
            },
            "version_group": {
                "name": "sword-shield",
                "url": "/api/v2/version-group/20/"
            }
        },
        {
            "flavor_text": "Baja la Velocidad del rival cuando este le ataca con\nun movimiento de contacto.",
            "language": {
                "name": "es",
                "url": "/api/v2/language/7/"
            },
            "version_group": {
                "name": "sword-shield",
                "url": "/api/v2/version-group/20/"
            }
        },
        {
            "flavor_text": "Se il Pok\u00e9mon viene colpito da un attacco diretto,\nla Velocit\u00e0 di chi l\u2019ha colpito diminuisce.",
            "language": {
                "name": "it",
                "url": "/api/v2/language/8/"
            },
            "version_group": {
                "name": "sword-shield",
                "url": "/api/v2/version-group/20/"
            }
        },
        {
            "flavor_text": "Contact with the Pok\u00e9mon lowers the attacker\u2019s\nSpeed stat.",
            "language": {
                "name": "en",
                "url": "/api/v2/language/9/"
            },
            "version_group": {
                "name": "sword-shield",
                "url": "/api/v2/version-group/20/"
            }
        },
        {
            "flavor_text": "\u653b\u6483\u3067\u3000\u81ea\u5206\u306b\u3000\u89e6\u308c\u305f\u3000\u76f8\u624b\u306e\n\u7d20\u65e9\u3055\u3092\u3000\u4e0b\u3052\u308b\u3002",
            "language": {
                "name": "ja",
                "url": "/api/v2/language/11/"
            },
            "version_group": {
                "name": "sword-shield",
                "url": "/api/v2/version-group/20/"
            }
        },
        {
            "flavor_text": "\u5bf9\u4e8e\u7528\u653b\u51fb\u63a5\u89e6\u5230\u81ea\u5df1\u7684\u5bf9\u624b\uff0c\n\u4f1a\u964d\u4f4e\u5176\u901f\u5ea6\u3002",
            "language": {
                "name": "zh-Hans",
                "url": "/api/v2/language/12/"
            },
            "version_group": {
                "name": "sword-shield",
                "url": "/api/v2/version-group/20/"
            }
        }
    ],
    "generation": {
        "name": "generation-vi",
        "url": "/api/v2/generation/6/"
    },
    "id": 183,
    "is_main_series": true,
    "name": "gooey",
    "names": [
        {
            "language": {
                "name": "ja-Hrkt",
                "url": "/api/v2/language/1/"
            },
            "name": "\u306c\u3081\u306c\u3081"
        },
        {
            "language": {
                "name": "ko",
                "url": "/api/v2/language/3/"
            },
            "name": "\ubbf8\ub048\ubbf8\ub048"
        },
        {
            "language": {
                "name": "zh-Hant",
                "url": "/api/v2/language/4/"
            },
            "name": "\u9ecf\u6ed1"
        },
        {
            "language": {
                "name": "fr",
                "url": "/api/v2/language/5/"
            },
            "name": "Poisseux"
        },
        {
            "language": {
                "name": "de",
                "url": "/api/v2/language/6/"
            },
            "name": "Viskosit\u00e4t"
        },
        {
            "language": {
                "name": "es",
                "url": "/api/v2/language/7/"
            },
            "name": "Baba"
        },
        {
            "language": {
                "name": "it",
                "url": "/api/v2/language/8/"
            },
            "name": "Viscosit\u00e0"
        },
        {
            "language": {
                "name": "en",
                "url": "/api/v2/language/9/"
            },
            "name": "Gooey"
        },
        {
            "language": {
                "name": "ja",
                "url": "/api/v2/language/11/"
            },
            "name": "\u306c\u3081\u306c\u3081"
        },
        {
            "language": {
                "name": "zh-Hans",
                "url": "/api/v2/language/12/"
            },
            "name": "\u9ecf\u6ed1"
        }
    ],
    "pokemon": [
        {
            "is_hidden": true,
            "pokemon": {
                "name": "goomy",
                "url": "/api/v2/pokemon/704/"
            },
            "slot": 3
        },
        {
            "is_hidden": true,
            "pokemon": {
                "name": "sliggoo",
                "url": "/api/v2/pokemon/705/"
            },
            "slot": 3
        },
        {
            "is_hidden": true,
            "pokemon": {
                "name": "goodra",
                "url": "/api/v2/pokemon/706/"
            },
            "slot": 3
        },
        {
            "is_hidden": false,
            "pokemon": {
                "name": "wiglett",
                "url": "/api/v2/pokemon/960/"
            },
            "slot": 1
        },
        {
            "is_hidden": false,
            "pokemon": {
                "name": "wugtrio",
                "url": "/api/v2/pokemon/961/"
            },
            "slot": 1
        },
        {
            "is_hidden": true,
            "pokemon": {
                "name": "sliggoo-hisui",
                "url": "/api/v2/pokemon/10241/"
            },
            "slot": 3
        },
        {
            "is_hidden": true,
            "pokemon": {
                "name": "goodra-hisui",
                "url": "/api/v2/pokemon/10242/"
            },
            "slot": 3
        }
    ]
}