{
    "effect_changes": [
        {
            "effect_entries": [
                {
                    "effect": "Leitet water-Attacken um ohne den special attack Bonus zu gew\u00e4hren. Leitet hidden power nicht um.",
                    "language": {
                        "name": "de",
                        "url": "/api/v2/language/6/"
                    }
                },
                {
                    "effect": "Redirects water moves without negating them or granting any Special Attack boost.  Does not redirect hidden power.",
                    "language": {
                        "name": "en",
                        "url": "/api/v2/language/9/"
                    }
                }
            ],
            "version_group": {
                "name": "black-white",
                "url": "/api/v2/version-group/11/"
            }
        }
    ],
    "effect_entries": [
        {
            "effect": "Alle water Attacken von anderen Pok\u00e9mon mit nur einem Ziel werden auf das Pok\u00e9mon mit dieser F\u00e4higkeit umgeleitet, wenn es ein m\u00f6gliches Ziel ist. water die dieses Pok\u00e9mon treffen erh\u00f6hen seinen special attack um eine Stufe, wobei jeder andere Effekt entfernt wird. Die Attacke kann au\u00dferdem nicht daneben gehen.\n\nWenn das eigentliche Ziel der Attacke die F\u00e4higkeit ebenfalls hat, wird die Attacke nicht umgeleitet. Wenn mehrere Pok\u00e9mon mit dieser F\u00e4higkeit m\u00f6gliche Ziele sind, wird die Attacke zu dem mit der h\u00f6chsten speed, oder, bei Gleichstand, zu einem zuf\u00e4lligen Pok\u00e9mon umgeleitet. follow me erh\u00e4lt vor dieser F\u00e4higkeit den Vorzug.",
            "language": {
                "name": "de",
                "url": "/api/v2/language/6/"
            },
            "short_effect": "Leitet water Attacken auf dieses Pok\u00e9mon um. Absorbiert water Attacken und erh\u00f6ht den special attack um 1 Stufe."
        },
        {
            "effect": "All other Pok\u00e9mon's single-target water-type moves are redirected to this Pok\u00e9mon, if it is an eligible target.  Other Pok\u00e9mon's Water moves raise this Pok\u00e9mon's Special Attack one stage, negating any other effect on it, and cannot miss it.\n\nIf the move's intended target also has this ability, the move is not redirected.  When multiple Pok\u00e9mon with this ability are possible targets for redirection, the move is redirected to the one with the highest Speed stat, or, in the case of a tie, to a random tied Pok\u00e9mon.  follow me takes precedence over this ability.",
            "language": {
                "name": "en",
                "url": "/api/v2/language/9/"
            },
            "short_effect": "Redirects single-target water moves to this Pok\u00e9mon where possible.  Absorbs Water moves, raising Special Attack one stage."
        }
    ],
    "flavor_text_entries": [
        {
            "flavor_text": "The Pok\u00e9mon draws in all\nWater-type moves.",
            "language": {
                "name": "en",
                "url": "/api/v2/language/9/"
            },
            "version_group": {
                "name": "diamond-pearl",
                "url": "/api/v2/version-group/8/"
            }
        },
        {
            "flavor_text": "The Pok\u00e9mon draws in all\nWater-type moves.",
            "language": {
                "name": "en",
                "url": "/api/v2/language/9/"
            },
            "version_group": {
                "name": "platinum",
                "url": "/api/v2/version-group/9/"
            }
        },
        {
            "flavor_text": "The Pok\u00e9mon draws in all\nWater-type moves.",
            "language": {
                "name": "en",
                "url": "/api/v2/language/9/"
            },
            "version_group": {
                "name": "heartgold-soulsilver",
                "url": "/api/v2/version-group/10/"
            }
        },
        {
            "flavor_text": "Attire l\u2019eau et augmente\nl\u2019Atq. Sp\u00e9.",
            "language": {
                "name": "fr",
                "url": "/api/v2/language/5/"
            },
            "version_group": {
                "name": "black-white",
                "url": "/api/v2/version-group/11/"
            }
        },
        {
            "flavor_text": "Draws in all Water-type\nmoves to up Sp. Attack.",
            "language": {
                "name": "en",
                "url": "/api/v2/language/9/"
            },
            "version_group": {
                "name": "black-white",
                "url": "/api/v2/version-group/11/"
            }
        },
        {
            "flavor_text": "Draws in all Water-type\nmoves to up Sp. Attack.",
            "language": {
                "name": "en",
                "url": "/api/v2/language/9/"
            },
            "version_group": {
                "name": "black-2-white-2",
                "url": "/api/v2/version-group/14/"
            }
        },
        {
            "flavor_text": "\u307f\u305a\u3092\u3000\u3088\u3073\u3053\u3093\u3067\n\u3068\u304f\u3053\u3046\u3092\u3000\u3042\u3052\u308b\u3002",
            "language": {
                "name": "ja-Hrkt",
                "url": "/api/v2/language/1/"
            },
            "version_group": {
                "name": "x-y",
                "url": "/api/v2/version-group/15/"
            }
        },
        {
            "flavor_text": "\ubb3c\uc744 \ub04c\uc5b4\ubaa8\uc544\n\ud2b9\uc218\uacf5\uaca9\uc744 \uc62c\ub9b0\ub2e4.",
            "language": {
                "name": "ko",
                "url": "/api/v2/language/3/"
            },
            "version_group": {
                "name": "x-y",
                "url": "/api/v2/version-group/15/"
            }
        },
        {
            "flavor_text": "Attire et neutralise les attaques\nEau, et monte l\u2019Attaque Sp\u00e9ciale.",
            "language": {
                "name": "fr",
                "url": "/api/v2/language/5/"
            },
            "version_group": {
                "name": "x-y",
                "url": "/api/v2/version-group/15/"
            }
        },
        {
            "flavor_text": "Absorbiert Wasser-Attacken\nund steigert den Spezial-Angriff.",
            "language": {
                "name": "de",
                "url": "/api/v2/language/6/"
            },
            "version_group": {
                "name": "x-y",
                "url": "/api/v2/version-group/15/"
            }
        },
        {
            "flavor_text": "Atrae y neutraliza los movimientos\nde tipo Agua y sube el At. Esp.",
            "language": {
                "name": "es",
                "url": "/api/v2/language/7/"
            },
            "version_group": {
                "name": "x-y",
                "url": "/api/v2/version-group/15/"
            }
        },
        {
            "flavor_text": "Neutralizza mosse di tipo Acqua\nper aumentare l\u2019Attacco Speciale.",
            "language": {
                "name": "it",
                "url": "/api/v2/language/8/"
            },
            "version_group": {
                "name": "x-y",
                "url": "/api/v2/version-group/15/"
            }
        },
        {
            "flavor_text": "Draws in all Water-type moves\nto boost its Sp. Atk stat.",
            "language": {
                "name": "en",
                "url": "/api/v2/language/9/"
            },
            "version_group": {
                "name": "x-y",
                "url": "/api/v2/version-group/15/"
            }
        },
        {
            "flavor_text": "\u307f\u305a\u3092\u3000\u547c\u3073\u8fbc\u3093\u3067\n\u7279\u653b\u3092\u3000\u3042\u3052\u308b\u3002",
            "language": {
                "name": "ja",
                "url": "/api/v2/language/11/"
            },
            "version_group": {
                "name": "x-y",
                "url": "/api/v2/version-group/15/"
            }
        },
        {
            "flavor_text": "\u202f\u305a\u3092\u3000\u3088\u3073\u3053\u3093\u3067\n\u3068\u304f\u3053\u3046\u3092\u3000\u3042\u3052\u308b\u3002",
            "language": {
                "name": "ja-Hrkt",
                "url": "/api/v2/language/1/"
            },
            "version_group": {
                "name": "omega-ruby-alpha-sapphire",
                "url": "/api/v2/version-group/16/"
            }
        },
        {
            "flavor_text": "\ubb3c\uc744 \ub04c\uc5b4\ubaa8\uc544\n\ud2b9\uc218\uacf5\uaca9\uc744 \uc62c\ub9b0\ub2e4.",
            "language": {
                "name": "ko",
                "url": "/api/v2/language/3/"
            },
            "version_group": {
                "name": "omega-ruby-alpha-sapphire",
                "url": "/api/v2/version-group/16/"
            }
        },
        {
            "flavor_text": "Attire et neutralise les attaques\nEau, et monte l\u2019Attaque Sp\u00e9ciale.",
            "language": {
                "name": "fr",
                "url": "/api/v2/language/5/"
            },
            "version_group": {
                "name": "omega-ruby-alpha-sapphire",
                "url": "/api/v2/version-group/16/"
            }
        },
        {
            "flavor_text": "Absorbiert Wasser-Attacken\nund steigert den Spezial-Angriff.",
            "language": {
                "name": "de",
                "url": "/api/v2/language/6/"
            },
            "version_group": {
                "name": "omega-ruby-alpha-sapphire",
                "url": "/api/v2/version-group/16/"
            }
        },
        {
            "flavor_text": "Atrae y neutraliza los movimientos\nde tipo Agua y sube el At. Esp.",
            "language": {
                "name": "es",
                "url": "/api/v2/language/7/"
            },
            "version_group": {
                "name": "omega-ruby-alpha-sapphire",
                "url": "/api/v2/version-group/16/"
            }
        },
        {
            "flavor_text": "Neutralizza mosse di tipo Acqua\nper aumentare l\u2019Attacco Speciale. ",
            "language": {
                "name": "it",
                "url": "/api/v2/language/8/"
            },
            "version_group": {
                "name": "omega-ruby-alpha-sapphire",
                "url": "/api/v2/version-group/16/"
            }
        },
        {
            "flavor_text": "Draws in all Water-type moves\nto boost its Sp. Atk stat.",
            "language": {
                "name": "en",
                "url": "/api/v2/language/9/"
            },
            "version_group": {
                "name": "omega-ruby-alpha-sapphire",
                "url": "/api/v2/version-group/16/"
            }
        },
        {
            "flavor_text": "\u202f\u305a\u3092\u3000\u547c\u3073\u8fbc\u3093\u3067\n\u7279\u653b\u3092\u3000\u3042\u3052\u308b\u3002",
            "language": {
                "name": "ja",
                "url": "/api/v2/language/11/"
            },
            "version_group": {
                "name": "omega-ruby-alpha-sapphire",
                "url": "/api/v2/version-group/16/"
            }
        },
        {
            "flavor_text": "\u307f\u305a\u30bf\u30a4\u30d7\u306e\u3000\u308f\u3056\u3092\u3000\u3058\u3076\u3093\u306b\u3000\u3088\u305b\u3064\u3051\n\u30c0\u30e1\u30fc\u30b8\u306f\u3000\u3046\u3051\u305a\u306b\u3000\u3068\u304f\u3053\u3046\u304c\u3000\u3042\u304c\u308b\u3002",
            "language": {
                "name": "ja-Hrkt",
                "url": "/api/v2/language/1/"
            },
            "version_group": {
                "name": "sun-moon",
                "url": "/api/v2/version-group/17/"
            }
        },
        {
            "flavor_text": "\ubb3c\ud0c0\uc785\uc758 \uae30\uc220\uc744 \uc790\uc2e0\uc5d0\uac8c \ub04c\uc5b4\ubaa8\uc544\n\ub370\ubbf8\uc9c0\ub294 \ubc1b\uc9c0 \uc54a\uace0 \ud2b9\uc218\uacf5\uaca9\uc774 \uc62c\ub77c\uac04\ub2e4.",
            "language": {
                "name": "ko",
                "url": "/api/v2/language/3/"
            },
            "version_group": {
                "name": "sun-moon",
                "url": "/api/v2/version-group/17/"
            }
        },
        {
            "flavor_text": "\u5c07\u6c34\u5c6c\u6027\u7684\u62db\u5f0f\u5f15\u5230\u81ea\u5df1\u8eab\u4e0a\uff0c\n\u4e0d\u4f46\u4e0d\u6703\u53d7\u5230\u50b7\u5bb3\uff0c\n\u53cd\u800c\u6703\u63d0\u9ad8\u7279\u653b\u3002",
            "language": {
                "name": "zh-Hant",
                "url": "/api/v2/language/4/"
            },
            "version_group": {
                "name": "sun-moon",
                "url": "/api/v2/version-group/17/"
            }
        },
        {
            "flavor_text": "Le Pok\u00e9mon d\u00e9tourne sur lui les capacit\u00e9s de\ntype Eau et les neutralise, tout en montant\nson Attaque Sp\u00e9ciale.",
            "language": {
                "name": "fr",
                "url": "/api/v2/language/5/"
            },
            "version_group": {
                "name": "sun-moon",
                "url": "/api/v2/version-group/17/"
            }
        },
        {
            "flavor_text": "Zieht Wasser-Attacken an. Statt durch diese\nSchaden zu nehmen, erh\u00f6ht es den eigenen\nSpezial-Angriff.",
            "language": {
                "name": "de",
                "url": "/api/v2/language/6/"
            },
            "version_group": {
                "name": "sun-moon",
                "url": "/api/v2/version-group/17/"
            }
        },
        {
            "flavor_text": "Adem\u00e1s de atraer y neutralizar los movimientos de\ntipo Agua, sube el Ataque Especial.",
            "language": {
                "name": "es",
                "url": "/api/v2/language/7/"
            },
            "version_group": {
                "name": "sun-moon",
                "url": "/api/v2/version-group/17/"
            }
        },
        {
            "flavor_text": "Attira e neutralizza mosse di tipo Acqua\ne aumenta l\u2019Attacco Speciale.",
            "language": {
                "name": "it",
                "url": "/api/v2/language/8/"
            },
            "version_group": {
                "name": "sun-moon",
                "url": "/api/v2/version-group/17/"
            }
        },
        {
            "flavor_text": "Draws in all Water-type moves. Instead of being hit \nby Water-type moves, it boosts its Sp. Atk.",
            "language": {
                "name": "en",
                "url": "/api/v2/language/9/"
            },
            "version_group": {
                "name": "sun-moon",
                "url": "/api/v2/version-group/17/"
            }
        },
        {
            "flavor_text": "\u307f\u305a\u30bf\u30a4\u30d7\u306e\u3000\u6280\u3092\u3000\u81ea\u5206\u306b\u3000\u3088\u305b\u3064\u3051\n\u30c0\u30e1\u30fc\u30b8\u306f\u3000\u53d7\u3051\u305a\u306b\u3000\u7279\u653b\u304c\u3000\u4e0a\u304c\u308b\u3002",
            "language": {
                "name": "ja",
                "url": "/api/v2/language/11/"
            },
            "version_group": {
                "name": "sun-moon",
                "url": "/api/v2/version-group/17/"
            }
        },
        {
            "flavor_text": "\u5c06\u6c34\u5c5e\u6027\u7684\u62db\u5f0f\u5f15\u5230\u81ea\u5df1\u8eab\u4e0a\uff0c\n\u4e0d\u4f1a\u53d7\u5230\u4f24\u5bb3\uff0c\u800c\u662f\u4f1a\u63d0\u9ad8\u7279\u653b\u3002",
            "language": {
                "name": "zh-Hans",
                "url": "/api/v2/language/12/"
            },
            "version_group": {
                "name": "sun-moon",
                "url": "/api/v2/version-group/17/"
            }
        },
        {
            "flavor_text": "\u307f\u305a\u30bf\u30a4\u30d7\u306e\u3000\u308f\u3056\u3092\u3000\u3058\u3076\u3093\u306b\u3000\u3088\u305b\u3064\u3051\n\u30c0\u30e1\u30fc\u30b8\u306f\u3000\u3046\u3051\u305a\u306b\u3000\u3068\u304f\u3053\u3046\u304c\u3000\u3042\u304c\u308b\u3002",
            "language": {
                "name": "ja-Hrkt",
                "url": "/api/v2/language/1/"
            },
            "version_group": {
                "name": "ultra-sun-ultra-moon",
                "url": "/api/v2/version-group/18/"
            }
        },
        {
            "flavor_text": "\ubb3c\ud0c0\uc785\uc758 \uae30\uc220\uc744 \uc790\uc2e0\uc5d0\uac8c \ub04c\uc5b4\ubaa8\uc544\n\ub370\ubbf8\uc9c0\ub294 \ubc1b\uc9c0 \uc54a\uace0 \ud2b9\uc218\uacf5\uaca9\uc774 \uc62c\ub77c\uac04\ub2e4.",
            "language": {
                "name": "ko",
                "url": "/api/v2/language/3/"
            },
            "version_group": {
                "name": "ultra-sun-ultra-moon",
                "url": "/api/v2/version-group/18/"
            }
        },
        {
            "flavor_text": "\u5c07\u6c34\u5c6c\u6027\u7684\u62db\u5f0f\u5f15\u5230\u81ea\u5df1\u8eab\u4e0a\uff0c\n\u4e0d\u4f46\u4e0d\u6703\u53d7\u5230\u50b7\u5bb3\uff0c\n\u53cd\u800c\u6703\u63d0\u9ad8\u7279\u653b\u3002",
            "language": {
                "name": "zh-Hant",
                "url": "/api/v2/language/4/"
            },
            "version_group": {
                "name": "ultra-sun-ultra-moon",
                "url": "/api/v2/version-group/18/"
            }
        },
        {
            "flavor_text": "Le Pok\u00e9mon d\u00e9tourne sur lui les capacit\u00e9s de\ntype Eau et les neutralise, tout en montant\nson Attaque Sp\u00e9ciale.",
            "language": {
                "name": "fr",
                "url": "/api/v2/language/5/"
            },
            "version_group": {
                "name": "ultra-sun-ultra-moon",
                "url": "/api/v2/version-group/18/"
            }
        },
        {
            "flavor_text": "Zieht Wasser-Attacken an. Statt durch diese\nSchaden zu nehmen, erh\u00f6ht es den eigenen\nSpezial-Angriff.",
            "language": {
                "name": "de",
                "url": "/api/v2/language/6/"
            },
            "version_group": {
                "name": "ultra-sun-ultra-moon",
                "url": "/api/v2/version-group/18/"
            }
        },
        {
            "flavor_text": "Adem\u00e1s de atraer y neutralizar los movimientos de\ntipo Agua, sube el Ataque Especial.",
            "language": {
                "name": "es",
                "url": "/api/v2/language/7/"
            },
            "version_group": {
                "name": "ultra-sun-ultra-moon",
                "url": "/api/v2/version-group/18/"
            }
        },
        {
            "flavor_text": "Attira e neutralizza mosse di tipo Acqua\ne aumenta l\u2019Attacco Speciale.",
            "language": {
                "name": "it",
                "url": "/api/v2/language/8/"
            },
            "version_group": {
                "name": "ultra-sun-ultra-moon",
                "url": "/api/v2/version-group/18/"
            }
        },
        {
            "flavor_text": "Draws in all Water-type moves. Instead of being hit \nby Water-type moves, it boosts its Sp. Atk.",
            "language": {
                "name": "en",
                "url": "/api/v2/language/9/"
            },
            "version_group": {
                "name": "ultra-sun-ultra-moon",
                "url": "/api/v2/version-group/18/"
            }
        },
        {
            "flavor_text": "\u307f\u305a\u30bf\u30a4\u30d7\u306e\u3000\u6280\u3092\u3000\u81ea\u5206\u306b\u3000\u3088\u305b\u3064\u3051\n\u30c0\u30e1\u30fc\u30b8\u306f\u3000\u53d7\u3051\u305a\u306b\u3000\u7279\u653b\u304c\u3000\u4e0a\u304c\u308b\u3002",
            "language": {
                "name": "ja",
                "url": "/api/v2/language/11/"
            },
            "version_group": {
                "name": "ultra-sun-ultra-moon",
                "url": "/api/v2/version-group/18/"
            }
        },
        {
            "flavor_text": "\u5c06\u6c34\u5c5e\u6027\u7684\u62db\u5f0f\u5f15\u5230\u81ea\u5df1\u8eab\u4e0a\uff0c\n\u4e0d\u4f1a\u53d7\u5230\u4f24\u5bb3\uff0c\u800c\u662f\u4f1a\u63d0\u9ad8\u7279\u653b\u3002",
            "language": {
                "name": "zh-Hans",
                "url": "/api/v2/language/12/"
            },
            "version_group": {
                "name": "ultra-sun-ultra-moon",
                "url": "/api/v2/version-group/18/"
            }
        },
        {
            "flavor_text": "\u307f\u305a\u30bf\u30a4\u30d7\u306e\u3000\u308f\u3056\u3092\u3000\u3058\u3076\u3093\u306b\u3000\u3088\u305b\u3064\u3051\n\u30c0\u30e1\u30fc\u30b8\u306f\u3000\u3046\u3051\u305a\u306b\u3000\u3068\u304f\u3053\u3046\u304c\u3000\u3042\u304c\u308b\u3002",
            "language": {
                "name": "ja-Hrkt",
                "url": "/api/v2/language/1/"
            },
            "version_group": {
                "name": "lets-go-pikachu-lets-go-eevee",
                "url": "/api/v2/version-group/19/"
            }
        },
        {
            "flavor_text": "\ubb3c\ud0c0\uc785\uc758 \uae30\uc220\uc744 \uc790\uc2e0\uc5d0\uac8c \ub04c\uc5b4\ubaa8\uc544\n\ub370\ubbf8\uc9c0\ub294 \ubc1b\uc9c0 \uc54a\uace0 \ud2b9\uc218\uacf5\uaca9\uc774 \uc62c\ub77c\uac04\ub2e4.",
            "language": {
                "name": "ko",
                "url": "/api/v2/language/3/"
            },
            "version_group": {
                "name": "lets-go-pikachu-lets-go-eevee",
                "url": "/api/v2/version-group/19/"
            }
        },
        {
            "flavor_text": "\u5c07\u6c34\u5c6c\u6027\u7684\u62db\u5f0f\u5f15\u5230\u81ea\u5df1\u8eab\u4e0a\uff0c\n\u4e0d\u4f46\u4e0d\u6703\u53d7\u5230\u50b7\u5bb3\uff0c\n\u53cd\u800c\u6703\u63d0\u9ad8\u7279\u653b\u3002",
            "language": {
                "name": "zh-Hant",
                "url": "/api/v2/language/4/"
            },
            "version_group": {
                "name": "lets-go-pikachu-lets-go-eevee",
                "url": "/api/v2/version-group/19/"
            }
        },
        {
            "flavor_text": "Le Pok\u00e9mon d\u00e9tourne sur lui les capacit\u00e9s de\ntype Eau et les neutralise, tout en montant\nson Attaque Sp\u00e9ciale.",
            "language": {
                "name": "fr",
                "url": "/api/v2/language/5/"
            },
            "version_group": {
                "name": "lets-go-pikachu-lets-go-eevee",
                "url": "/api/v2/version-group/19/"
            }
        },
        {
            "flavor_text": "Zieht Wasser-Attacken an. Statt durch diese\nSchaden zu nehmen, erh\u00f6ht es den eigenen\nSpezial-Angriff.",
            "language": {
                "name": "de",
                "url": "/api/v2/language/6/"
            },
            "version_group": {
                "name": "lets-go-pikachu-lets-go-eevee",
                "url": "/api/v2/version-group/19/"
            }
        },
        {
            "flavor_text": "Adem\u00e1s de atraer y neutralizar los movimientos de\ntipo Agua, sube el Ataque Especial.",
            "language": {
                "name": "es",
                "url": "/api/v2/language/7/"
            },
            "version_group": {
                "name": "lets-go-pikachu-lets-go-eevee",
                "url": "/api/v2/version-group/19/"
            }
        },
        {
            "flavor_text": "Attira e neutralizza mosse di tipo Acqua\ne aumenta l\u2019Attacco Speciale.",
            "language": {
                "name": "it",
                "url": "/api/v2/language/8/"
            },
            "version_group": {
                "name": "lets-go-pikachu-lets-go-eevee",
                "url": "/api/v2/version-group/19/"
            }
        },
        {
            "flavor_text": "Draws in all Water-type moves. Instead of being hit\nby Water-type moves, it boosts its Sp. Atk.",
            "language": {
                "name": "en",
                "url": "/api/v2/language/9/"
            },
            "version_group": {
                "name": "lets-go-pikachu-lets-go-eevee",
                "url": "/api/v2/version-group/19/"
            }
        },
        {
            "flavor_text": "\u307f\u305a\u30bf\u30a4\u30d7\u306e\u3000\u6280\u3092\u3000\u81ea\u5206\u306b\u3000\u3088\u305b\u3064\u3051\n\u30c0\u30e1\u30fc\u30b8\u306f\u3000\u53d7\u3051\u305a\u306b\u3000\u7279\u653b\u304c\u3000\u4e0a\u304c\u308b\u3002",
            "language": {
                "name": "ja",
                "url": "/api/v2/language/11/"
            },
            "version_group": {
                "name": "lets-go-pikachu-lets-go-eevee",
                "url": "/api/v2/version-group/19/"
            }
        },
        {
            "flavor_text": "\u5c06\u6c34\u5c5e\u6027\u7684\u62db\u5f0f\u5f15\u5230\u81ea\u5df1\u8eab\u4e0a\uff0c\n\u4e0d\u4f1a\u53d7\u5230\u4f24\u5bb3\uff0c\u800c\u662f\u4f1a\u63d0\u9ad8\u7279\u653b\u3002",
            "language": {
                "name": "zh-Hans",
                "url": "/api/v2/language/12/"
            },
            "version_group": {
                "name": "lets-go-pikachu-lets-go-eevee",
                "url": "/api/v2/version-group/19/"
            }
        },
        {
            "flavor_text": "\u307f\u305a\u30bf\u30a4\u30d7\u306e\u3000\u308f\u3056\u3092\u3000\u3058\u3076\u3093\u306b\u3000\u3088\u305b\u3064\u3051\n\u30c0\u30e1\u30fc\u30b8\u306f\u3000\u3046\u3051\u305a\u306b\u3000\u3068\u304f\u3053\u3046\u304c\u3000\u3042\u304c\u308b\u3002",
            "language": {
                "name": "ja-Hrkt",
                "url": "/api/v2/language/1/"
            },
            "version_group": {
                "name": "sword-shield",
                "url": "/api/v2/version-group/20/"
            }
        },
        {
            "flavor_text": "\ubb3c\ud0c0\uc785\uc758 \uae30\uc220\uc744 \uc790\uc2e0\uc5d0\uac8c \ub04c\uc5b4\ubaa8\uc544\n\ub370\ubbf8\uc9c0\ub294 \ubc1b\uc9c0 \uc54a\uace0 \ud2b9\uc218\uacf5\uaca9\uc774 \uc62c\ub77c\uac04\ub2e4.",
            "language": {
                "name": "ko",
                "url": "/api/v2/language/3/"
            },
            "version_group": {
                "name": "sword-shield",
                "url": "/api/v2/version-group/20/"
            }
        },
        {
            "flavor_text": "\u5c07\u6c34\u5c6c\u6027\u7684\u62db\u5f0f\u5f15\u5230\u81ea\u5df1\u8eab\u4e0a\uff0c\n\u4e0d\u4f46\u4e0d\u6703\u53d7\u5230\u50b7\u5bb3\uff0c\n\u53cd\u800c\u6703\u63d0\u9ad8\u7279\u653b\u3002",
            "language": {
                "name": "zh-Hant",
                "url": "/api/v2/language/4/"
            },
            "version_group": {
                "name": "sword-shield",
                "url": "/api/v2/version-group/20/"
            }
        },
        {
            "flavor_text": "Le Pok\u00e9mon d\u00e9tourne sur lui les capacit\u00e9s de type Eau\net les neutralise, tout en montant son Attaque Sp\u00e9ciale.",
            "language": {
                "name": "fr",
                "url": "/api/v2/language/5/"
            },
            "version_group": {
                "name": "sword-shield",
                "url": "/api/v2/version-group/20/"
            }
        },
        {
            "flavor_text": "Zieht Wasser-Attacken an. Statt durch diese Schaden\nzu nehmen, erh\u00f6ht es den eigenen Spezial-Angriff.",
            "language": {
                "name": "de",
                "url": "/api/v2/language/6/"
            },
            "version_group": {
                "name": "sword-shield",
                "url": "/api/v2/version-group/20/"
            }
        },
        {
            "flavor_text": "Atrae y neutraliza los movimientos de tipo Agua, que\nadem\u00e1s le suben el Ataque Especial.",
            "language": {
                "name": "es",
                "url": "/api/v2/language/7/"
            },
            "version_group": {
                "name": "sword-shield",
                "url": "/api/v2/version-group/20/"
            }
        },
        {
            "flavor_text": "Il Pok\u00e9mon attira e neutralizza le mosse di tipo Acqua\ne fa aumentare il proprio Attacco Speciale.",
            "language": {
                "name": "it",
                "url": "/api/v2/language/8/"
            },
            "version_group": {
                "name": "sword-shield",
                "url": "/api/v2/version-group/20/"
            }
        },
        {
            "flavor_text": "Draws in all Water-type moves. Instead of being hit\nby Water-type moves, it boosts its Sp. Atk.",
            "language": {
                "name": "en",
                "url": "/api/v2/language/9/"
            },
            "version_group": {
                "name": "sword-shield",
                "url": "/api/v2/version-group/20/"
            }
        },
        {
            "flavor_text": "\u307f\u305a\u30bf\u30a4\u30d7\u306e\u3000\u6280\u3092\u3000\u81ea\u5206\u306b\u3000\u3088\u305b\u3064\u3051\n\u30c0\u30e1\u30fc\u30b8\u306f\u3000\u53d7\u3051\u305a\u306b\u3000\u7279\u653b\u304c\u3000\u4e0a\u304c\u308b\u3002",
            "language": {
                "name": "ja",
                "url": "/api/v2/language/11/"
            },
            "version_group": {
                "name": "sword-shield",
                "url": "/api/v2/version-group/20/"
            }
        },
        {
            "flavor_text": "\u5c06\u6c34\u5c5e\u6027\u7684\u62db\u5f0f\u5f15\u5230\u81ea\u5df1\u8eab\u4e0a\uff0c\n\u4e0d\u4f1a\u53d7\u5230\u4f24\u5bb3\uff0c\u800c\u662f\u4f1a\u63d0\u9ad8\u7279\u653b\u3002",
            "language": {
                "name": "zh-Hans",
                "url": "/api/v2/language/12/"
            },
            "version_group": {
                "name": "sword-shield",
                "url": "/api/v2/version-group/20/"
            }
        }
    ],
    "generation": {
        "name": "generation-iv",
        "url": "/api/v2/generation/4/"
    },
    "id": 114,
    "is_main_series": true,
    "name": "storm-drain",
    "names": [
        {
            "language": {
                "name": "ja-Hrkt",
                "url": "/api/v2/language/1/"
            },
            "name": "\u3088\u3073\u307f\u305a"
        },
        {
            "language": {
                "name": "ko",
                "url": "/api/v2/language/3/"
            },
            "name": "\ub9c8\uc911\ubb3c"
        },
        {
            "language": {
                "name": "zh-Hant",
                "url": "/api/v2/language/4/"
            },
            "name": "\u5f15\u6c34"
        },
        {
            "language": {
                "name": "fr",
                "url": "/api/v2/language/5/"
            },
            "name": "Lavabo"
        },
        {
            "language": {
                "name": "de",
                "url": "/api/v2/language/6/"
            },
            "name": "Sturmsog"
        },
        {
            "language": {
                "name": "es",
                "url": "/api/v2/language/7/"
            },
            "name": "Colector"
        },
        {
            "language": {
                "name": "it",
                "url": "/api/v2/language/8/"
            },
            "name": "Acquascolo"
        },
        {
            "language": {
                "name": "en",
                "url": "/api/v2/language/9/"
            },
            "name": "Storm Drain"
        },
        {
            "language": {
                "name": "ja",
                "url": "/api/v2/language/11/"
            },
            "name": "\u3088\u3073\u307f\u305a"
        },
        {
            "language": {
                "name": "zh-Hans",
                "url": "/api/v2/language/12/"
            },
            "name": "\u5f15\u6c34"
        }
    ],
    "pokemon": [
        {
            "is_hidden": true,
            "pokemon": {
                "name": "lileep",
                "url": "/api/v2/pokemon/345/"
            },
            "slot": 3
        },
        {
            "is_hidden": true,
            "pokemon": {
                "name": "cradily",
                "url": "/api/v2/pokemon/346/"
            },
            "slot": 3
        },
        {
            "is_hidden": false,
            "pokemon": {
                "name": "shellos",
                "url": "/api/v2/pokemon/422/"
            },
            "slot": 2
        },
        {
            "is_hidden": false,
            "pokemon": {
                "name": "gastrodon",
                "url": "/api/v2/pokemon/423/"
            },
            "slot": 2
        },
        {
            "is_hidden": false,
            "pokemon": {
                "name": "finneon",
                "url": "/api/v2/pokemon/456/"
            },
            "slot": 2
        },
        {
            "is_hidden": false,
            "pokemon": {
                "name": "lumineon",
                "url": "/api/v2/pokemon/457/"
            },
            "slot": 2
        },
        {
            "is_hidden": true,
            "pokemon": {
                "name": "maractus",
                "url": "/api/v2/pokemon/556/"
            },
            "slot": 3
        },
        {
            "is_hidden": true,
            "pokemon": {
                "name": "tatsugiri",
                "url": "/api/v2/pokemon/978/"
            },
            "slot": 3
        },
        {
            "is_hidden": true,
            "pokemon": {
                "name": "tatsugiri-droopy",
                "url": "/api/v2/pokemon/10258/"
            },
            "slot": 3
        },
        {
            "is_hidden": true,
            "pokemon": {
                "name": "tatsugiri-stretchy",
                "url": "/api/v2/pokemon/10259/"
            },
            "slot": 3
        }
    ]
}