{
    "effect_changes": [],
    "effect_entries": [
        {
            "effect": "darmanitan wechselt am Ende jeder Runde zwischen dem Standard Modus und dem Zen Modus, abh\u00e4ngig von seinen hp. Wenn es weniger als 50% seiner maximalen hp hat, wechselt es zum Zen Modus, bei 50% oder mehr zum Standard Modus.\n\ndarmanitan wechselt zum Standard Modus beim Beenden des Kampfes oder wenn es die F\u00e4higkeit verliert. Die F\u00e4higkeit hat keinen Effekt f\u00fcr Pok\u00e9mon au\u00dfer darmanitan.",
            "language": {
                "name": "de",
                "url": "/api/v2/language/6/"
            },
            "short_effect": "\u00c4ndert jede Runde die Form von darmanitan abh\u00e4ngig von seinen hp: Zen Modus bei weniger als 50% der max hp, ansonsten Standard Modus."
        },
        {
            "effect": "This Pok\u00e9mon switches between Standard Mode and Zen Mode after each turn depending on its HP.  Below 50% of its maximum HP, it switches to Zen Mode, and at 50% or above, it switches to Standard Mode.\n\nThis Pok\u00e9mon returns to Standard Mode upon leaving battle or losing this ability.  This ability has no effect if this Pok\u00e9mon is not a darmanitan.",
            "language": {
                "name": "en",
                "url": "/api/v2/language/9/"
            },
            "short_effect": "Changes darmanitan's form after each turn depending on its HP: Zen Mode below 50% max HP, and Standard Mode otherwise."
        }
    ],
    "flavor_text_entries": [
        {
            "flavor_text": "Transforme le Pok\u00e9mon\ndans les moments d\u00e9licats.",
            "language": {
                "name": "fr",
                "url": "/api/v2/language/5/"
            },
            "version_group": {
                "name": "black-white",
                "url": "/api/v2/version-group/11/"
            }
        },
        {
            "flavor_text": "Changes the Pok\u00e9mon\u2019s\nshape when HP is halved.",
            "language": {
                "name": "en",
                "url": "/api/v2/language/9/"
            },
            "version_group": {
                "name": "black-white",
                "url": "/api/v2/version-group/11/"
            }
        },
        {
            "flavor_text": "Changes the Pok\u00e9mon\u2019s\nshape when HP is halved.",
            "language": {
                "name": "en",
                "url": "/api/v2/language/9/"
            },
            "version_group": {
                "name": "black-2-white-2",
                "url": "/api/v2/version-group/14/"
            }
        },
        {
            "flavor_text": "\u30d4\u30f3\u30c1\u306b\u3000\u306a\u308b\u3068\n\u3059\u304c\u305f\u304c\u3000\u3078\u3093\u304b\u3059\u308b\u3002",
            "language": {
                "name": "ja-Hrkt",
                "url": "/api/v2/language/1/"
            },
            "version_group": {
                "name": "x-y",
                "url": "/api/v2/version-group/15/"
            }
        },
        {
            "flavor_text": "\uc704\uae09\ud560 \ub54c\n\ubaa8\uc2b5\uc774 \ubcc0\ud654\ud55c\ub2e4.",
            "language": {
                "name": "ko",
                "url": "/api/v2/language/3/"
            },
            "version_group": {
                "name": "x-y",
                "url": "/api/v2/version-group/15/"
            }
        },
        {
            "flavor_text": "Transforme le Pok\u00e9mon dans les\nmoments d\u00e9licats.",
            "language": {
                "name": "fr",
                "url": "/api/v2/language/5/"
            },
            "version_group": {
                "name": "x-y",
                "url": "/api/v2/version-group/15/"
            }
        },
        {
            "flavor_text": "Wechselt seine Gestalt,\nwenn es eng wird.",
            "language": {
                "name": "de",
                "url": "/api/v2/language/6/"
            },
            "version_group": {
                "name": "x-y",
                "url": "/api/v2/version-group/15/"
            }
        },
        {
            "flavor_text": "Cambia de forma en un apuro.",
            "language": {
                "name": "es",
                "url": "/api/v2/language/7/"
            },
            "version_group": {
                "name": "x-y",
                "url": "/api/v2/version-group/15/"
            }
        },
        {
            "flavor_text": "Se il Pok\u00e9mon \u00e8 in difficolt\u00e0,\nne cambia l\u2019aspetto.",
            "language": {
                "name": "it",
                "url": "/api/v2/language/8/"
            },
            "version_group": {
                "name": "x-y",
                "url": "/api/v2/version-group/15/"
            }
        },
        {
            "flavor_text": "Changes the Pok\u00e9mon\u2019s\nshape when HP is half or less.",
            "language": {
                "name": "en",
                "url": "/api/v2/language/9/"
            },
            "version_group": {
                "name": "x-y",
                "url": "/api/v2/version-group/15/"
            }
        },
        {
            "flavor_text": "\u30d4\u30f3\u30c1\u306b\u3000\u306a\u308b\u3068\n\u59ff\u304c\u3000\u5909\u5316\u3059\u308b\u3002",
            "language": {
                "name": "ja",
                "url": "/api/v2/language/11/"
            },
            "version_group": {
                "name": "x-y",
                "url": "/api/v2/version-group/15/"
            }
        },
        {
            "flavor_text": "\u30d4\u30f3\u30c1\u306b\u3000\u306a\u308b\u3068\n\u3059\u304c\u305f\u304c\u3000\u3078\u3093\u304b\u3059\u308b\u3002",
            "language": {
                "name": "ja-Hrkt",
                "url": "/api/v2/language/1/"
            },
            "version_group": {
                "name": "omega-ruby-alpha-sapphire",
                "url": "/api/v2/version-group/16/"
            }
        },
        {
            "flavor_text": "\uc704\uae09\ud560 \ub54c\n\ubaa8\uc2b5\uc774 \ubcc0\ud654\ud55c\ub2e4.",
            "language": {
                "name": "ko",
                "url": "/api/v2/language/3/"
            },
            "version_group": {
                "name": "omega-ruby-alpha-sapphire",
                "url": "/api/v2/version-group/16/"
            }
        },
        {
            "flavor_text": "Transforme le Pok\u00e9mon dans les\nmoments d\u00e9licats.",
            "language": {
                "name": "fr",
                "url": "/api/v2/language/5/"
            },
            "version_group": {
                "name": "omega-ruby-alpha-sapphire",
                "url": "/api/v2/version-group/16/"
            }
        },
        {
            "flavor_text": "Wechselt seine Gestalt,\nwenn es eng wird.",
            "language": {
                "name": "de",
                "url": "/api/v2/language/6/"
            },
            "version_group": {
                "name": "omega-ruby-alpha-sapphire",
                "url": "/api/v2/version-group/16/"
            }
        },
        {
            "flavor_text": "Cambia de forma en un apuro.",
            "language": {
                "name": "es",
                "url": "/api/v2/language/7/"
            },
            "version_group": {
                "name": "omega-ruby-alpha-sapphire",
                "url": "/api/v2/version-group/16/"
            }
        },
        {
            "flavor_text": "Se il Pok\u00e9mon \u00e8 in difficolt\u00e0,\nne cambia l\u2019aspetto.",
            "language": {
                "name": "it",
                "url": "/api/v2/language/8/"
            },
            "version_group": {
                "name": "omega-ruby-alpha-sapphire",
                "url": "/api/v2/version-group/16/"
            }
        },
        {
            "flavor_text": "Changes the Pok\u00e9mon\u2019s\nshape when HP is half or less.",
            "language": {
                "name": "en",
                "url": "/api/v2/language/9/"
            },
            "version_group": {
                "name": "omega-ruby-alpha-sapphire",
                "url": "/api/v2/version-group/16/"
            }
        },
        {
            "flavor_text": "\u30d4\u30f3\u30c1\u306b\u3000\u306a\u308b\u3068\n\u59ff\u304c\u3000\u5909\u5316\u3059\u308b\u3002",
            "language": {
                "name": "ja",
                "url": "/api/v2/language/11/"
            },
            "version_group": {
                "name": "omega-ruby-alpha-sapphire",
                "url": "/api/v2/version-group/16/"
            }
        },
        {
            "flavor_text": "\uff28\uff30\u304c\u3000\u306f\u3093\u3076\u3093\u3000\u3044\u304b\u306b\u3000\u306a\u308b\u3068\n\u3059\u304c\u305f\u304c\u3000\u3078\u3093\u304b\u3059\u308b\u3002",
            "language": {
                "name": "ja-Hrkt",
                "url": "/api/v2/language/1/"
            },
            "version_group": {
                "name": "sun-moon",
                "url": "/api/v2/version-group/17/"
            }
        },
        {
            "flavor_text": "HP\uac00 \uc808\ubc18 \uc774\ud558\uac00 \ub418\uba74\n\ubaa8\uc2b5\uc774 \ubcc0\ud654\ud55c\ub2e4.",
            "language": {
                "name": "ko",
                "url": "/api/v2/language/3/"
            },
            "version_group": {
                "name": "sun-moon",
                "url": "/api/v2/version-group/17/"
            }
        },
        {
            "flavor_text": "\uff28\uff30\u8b8a\u70ba\u4e00\u534a\u4ee5\u4e0b\u6642\uff0c\n\u6a23\u5b50\u6703\u6539\u8b8a\u3002",
            "language": {
                "name": "zh-Hant",
                "url": "/api/v2/language/4/"
            },
            "version_group": {
                "name": "sun-moon",
                "url": "/api/v2/version-group/17/"
            }
        },
        {
            "flavor_text": "Quand le Pok\u00e9mon perd la moiti\u00e9 de ses PV,\nil se transforme.",
            "language": {
                "name": "fr",
                "url": "/api/v2/language/5/"
            },
            "version_group": {
                "name": "sun-moon",
                "url": "/api/v2/version-group/17/"
            }
        },
        {
            "flavor_text": "Fallen seine KP auf die H\u00e4lfte des Maximalwerts oder\nweniger, wechselt es seine Gestalt.",
            "language": {
                "name": "de",
                "url": "/api/v2/language/6/"
            },
            "version_group": {
                "name": "sun-moon",
                "url": "/api/v2/version-group/17/"
            }
        },
        {
            "flavor_text": "Cambia de forma si sus PS se ven reducidos a la\nmitad.",
            "language": {
                "name": "es",
                "url": "/api/v2/language/7/"
            },
            "version_group": {
                "name": "sun-moon",
                "url": "/api/v2/version-group/17/"
            }
        },
        {
            "flavor_text": "Cambia la forma del Pok\u00e9mon se i PS scendono\na met\u00e0 o meno.",
            "language": {
                "name": "it",
                "url": "/api/v2/language/8/"
            },
            "version_group": {
                "name": "sun-moon",
                "url": "/api/v2/version-group/17/"
            }
        },
        {
            "flavor_text": "Changes the Pok\u00e9mon\u2019s shape when HP is half\nor less.",
            "language": {
                "name": "en",
                "url": "/api/v2/language/9/"
            },
            "version_group": {
                "name": "sun-moon",
                "url": "/api/v2/version-group/17/"
            }
        },
        {
            "flavor_text": "\uff28\uff30\u304c\u3000\u534a\u5206\u3000\u4ee5\u4e0b\u306b\u3000\u306a\u308b\u3068\n\u59ff\u304c\u3000\u5909\u5316\u3059\u308b\u3002",
            "language": {
                "name": "ja",
                "url": "/api/v2/language/11/"
            },
            "version_group": {
                "name": "sun-moon",
                "url": "/api/v2/version-group/17/"
            }
        },
        {
            "flavor_text": "\uff28\uff30\u53d8\u4e3a\u4e00\u534a\u4ee5\u4e0b\u65f6\uff0c\n\u6837\u5b50\u4f1a\u6539\u53d8\u3002",
            "language": {
                "name": "zh-Hans",
                "url": "/api/v2/language/12/"
            },
            "version_group": {
                "name": "sun-moon",
                "url": "/api/v2/version-group/17/"
            }
        },
        {
            "flavor_text": "\uff28\uff30\u304c\u3000\u306f\u3093\u3076\u3093\u3000\u3044\u304b\u306b\u3000\u306a\u308b\u3068\n\u3059\u304c\u305f\u304c\u3000\u3078\u3093\u304b\u3059\u308b\u3002",
            "language": {
                "name": "ja-Hrkt",
                "url": "/api/v2/language/1/"
            },
            "version_group": {
                "name": "ultra-sun-ultra-moon",
                "url": "/api/v2/version-group/18/"
            }
        },
        {
            "flavor_text": "HP\uac00 \uc808\ubc18 \uc774\ud558\uac00 \ub418\uba74\n\ubaa8\uc2b5\uc774 \ubcc0\ud654\ud55c\ub2e4.",
            "language": {
                "name": "ko",
                "url": "/api/v2/language/3/"
            },
            "version_group": {
                "name": "ultra-sun-ultra-moon",
                "url": "/api/v2/version-group/18/"
            }
        },
        {
            "flavor_text": "\uff28\uff30\u8b8a\u70ba\u4e00\u534a\u4ee5\u4e0b\u6642\uff0c\n\u6a23\u5b50\u6703\u6539\u8b8a\u3002",
            "language": {
                "name": "zh-Hant",
                "url": "/api/v2/language/4/"
            },
            "version_group": {
                "name": "ultra-sun-ultra-moon",
                "url": "/api/v2/version-group/18/"
            }
        },
        {
            "flavor_text": "Quand le Pok\u00e9mon perd la moiti\u00e9 de ses PV,\nil se transforme.",
            "language": {
                "name": "fr",
                "url": "/api/v2/language/5/"
            },
            "version_group": {
                "name": "ultra-sun-ultra-moon",
                "url": "/api/v2/version-group/18/"
            }
        },
        {
            "flavor_text": "Fallen seine KP auf die H\u00e4lfte des Maximalwerts oder\nweniger, wechselt es seine Gestalt.",
            "language": {
                "name": "de",
                "url": "/api/v2/language/6/"
            },
            "version_group": {
                "name": "ultra-sun-ultra-moon",
                "url": "/api/v2/version-group/18/"
            }
        },
        {
            "flavor_text": "Cambia de forma si sus PS se ven reducidos a la\nmitad.",
            "language": {
                "name": "es",
                "url": "/api/v2/language/7/"
            },
            "version_group": {
                "name": "ultra-sun-ultra-moon",
                "url": "/api/v2/version-group/18/"
            }
        },
        {
            "flavor_text": "Cambia la forma del Pok\u00e9mon se i PS scendono\na met\u00e0 o meno.",
            "language": {
                "name": "it",
                "url": "/api/v2/language/8/"
            },
            "version_group": {
                "name": "ultra-sun-ultra-moon",
                "url": "/api/v2/version-group/18/"
            }
        },
        {
            "flavor_text": "Changes the Pok\u00e9mon\u2019s shape when HP is half\nor less.",
            "language": {
                "name": "en",
                "url": "/api/v2/language/9/"
            },
            "version_group": {
                "name": "ultra-sun-ultra-moon",
                "url": "/api/v2/version-group/18/"
            }
        },
        {
            "flavor_text": "\uff28\uff30\u304c\u3000\u534a\u5206\u3000\u4ee5\u4e0b\u306b\u3000\u306a\u308b\u3068\n\u59ff\u304c\u3000\u5909\u5316\u3059\u308b\u3002",
            "language": {
                "name": "ja",
                "url": "/api/v2/language/11/"
            },
            "version_group": {
                "name": "ultra-sun-ultra-moon",
                "url": "/api/v2/version-group/18/"
            }
        },
        {
            "flavor_text": "\uff28\uff30\u53d8\u4e3a\u4e00\u534a\u4ee5\u4e0b\u65f6\uff0c\n\u6837\u5b50\u4f1a\u6539\u53d8\u3002",
            "language": {
                "name": "zh-Hans",
                "url": "/api/v2/language/12/"
            },
            "version_group": {
                "name": "ultra-sun-ultra-moon",
                "url": "/api/v2/version-group/18/"
            }
        },
        {
            "flavor_text": "\uff28\uff30\u304c\u3000\u306f\u3093\u3076\u3093\u3000\u3044\u304b\u306b\u3000\u306a\u308b\u3068\n\u3059\u304c\u305f\u304c\u3000\u3078\u3093\u304b\u3059\u308b\u3002",
            "language": {
                "name": "ja-Hrkt",
                "url": "/api/v2/language/1/"
            },
            "version_group": {
                "name": "lets-go-pikachu-lets-go-eevee",
                "url": "/api/v2/version-group/19/"
            }
        },
        {
            "flavor_text": "HP\uac00 \uc808\ubc18 \uc774\ud558\uac00 \ub418\uba74\n\ubaa8\uc2b5\uc774 \ubcc0\ud654\ud55c\ub2e4.",
            "language": {
                "name": "ko",
                "url": "/api/v2/language/3/"
            },
            "version_group": {
                "name": "lets-go-pikachu-lets-go-eevee",
                "url": "/api/v2/version-group/19/"
            }
        },
        {
            "flavor_text": "HP\u8b8a\u70ba\u4e00\u534a\u4ee5\u4e0b\u6642\uff0c\n\u6a23\u5b50\u6703\u6539\u8b8a\u3002",
            "language": {
                "name": "zh-Hant",
                "url": "/api/v2/language/4/"
            },
            "version_group": {
                "name": "lets-go-pikachu-lets-go-eevee",
                "url": "/api/v2/version-group/19/"
            }
        },
        {
            "flavor_text": "Quand le Pok\u00e9mon perd la moiti\u00e9 de ses PV,\nil se transforme.",
            "language": {
                "name": "fr",
                "url": "/api/v2/language/5/"
            },
            "version_group": {
                "name": "lets-go-pikachu-lets-go-eevee",
                "url": "/api/v2/version-group/19/"
            }
        },
        {
            "flavor_text": "Fallen seine KP auf die H\u00e4lfte des Maximalwerts oder\nweniger, wechselt es seine Gestalt.",
            "language": {
                "name": "de",
                "url": "/api/v2/language/6/"
            },
            "version_group": {
                "name": "lets-go-pikachu-lets-go-eevee",
                "url": "/api/v2/version-group/19/"
            }
        },
        {
            "flavor_text": "Cambia de forma si sus PS se ven reducidos a la\nmitad.",
            "language": {
                "name": "es",
                "url": "/api/v2/language/7/"
            },
            "version_group": {
                "name": "lets-go-pikachu-lets-go-eevee",
                "url": "/api/v2/version-group/19/"
            }
        },
        {
            "flavor_text": "Cambia la forma del Pok\u00e9mon se i PS scendono\na met\u00e0 o meno.",
            "language": {
                "name": "it",
                "url": "/api/v2/language/8/"
            },
            "version_group": {
                "name": "lets-go-pikachu-lets-go-eevee",
                "url": "/api/v2/version-group/19/"
            }
        },
        {
            "flavor_text": "Changes the Pok\u00e9mon\u2019s shape when HP is half\nor less.",
            "language": {
                "name": "en",
                "url": "/api/v2/language/9/"
            },
            "version_group": {
                "name": "lets-go-pikachu-lets-go-eevee",
                "url": "/api/v2/version-group/19/"
            }
        },
        {
            "flavor_text": "\uff28\uff30\u304c\u3000\u534a\u5206\u3000\u4ee5\u4e0b\u306b\u3000\u306a\u308b\u3068\n\u59ff\u304c\u3000\u5909\u5316\u3059\u308b\u3002",
            "language": {
                "name": "ja",
                "url": "/api/v2/language/11/"
            },
            "version_group": {
                "name": "lets-go-pikachu-lets-go-eevee",
                "url": "/api/v2/version-group/19/"
            }
        },
        {
            "flavor_text": "HP\u53d8\u4e3a\u4e00\u534a\u4ee5\u4e0b\u65f6\uff0c\n\u6837\u5b50\u4f1a\u6539\u53d8\u3002",
            "language": {
                "name": "zh-Hans",
                "url": "/api/v2/language/12/"
            },
            "version_group": {
                "name": "lets-go-pikachu-lets-go-eevee",
                "url": "/api/v2/version-group/19/"
            }
        },
        {
            "flavor_text": "\uff28\uff30\u304c\u3000\u306f\u3093\u3076\u3093\u3000\u3044\u304b\u306b\u3000\u306a\u308b\u3068\n\u3059\u304c\u305f\u304c\u3000\u3078\u3093\u304b\u3059\u308b\u3002",
            "language": {
                "name": "ja-Hrkt",
                "url": "/api/v2/language/1/"
            },
            "version_group": {
                "name": "sword-shield",
                "url": "/api/v2/version-group/20/"
            }
        },
        {
            "flavor_text": "HP\uac00 \uc808\ubc18 \uc774\ud558\uac00 \ub418\uba74\n\ubaa8\uc2b5\uc774 \ubcc0\ud654\ud55c\ub2e4.",
            "language": {
                "name": "ko",
                "url": "/api/v2/language/3/"
            },
            "version_group": {
                "name": "sword-shield",
                "url": "/api/v2/version-group/20/"
            }
        },
        {
            "flavor_text": "\uff28\uff30\u8b8a\u70ba\u4e00\u534a\u4ee5\u4e0b\u6642\uff0c\n\u6a23\u5b50\u6703\u6539\u8b8a\u3002",
            "language": {
                "name": "zh-Hant",
                "url": "/api/v2/language/4/"
            },
            "version_group": {
                "name": "sword-shield",
                "url": "/api/v2/version-group/20/"
            }
        },
        {
            "flavor_text": "Quand le Pok\u00e9mon perd la moiti\u00e9 de ses PV,\nil se transforme.",
            "language": {
                "name": "fr",
                "url": "/api/v2/language/5/"
            },
            "version_group": {
                "name": "sword-shield",
                "url": "/api/v2/version-group/20/"
            }
        },
        {
            "flavor_text": "Fallen seine KP auf die H\u00e4lfte des Maximalwerts oder\nweniger, wechselt es seine Gestalt.",
            "language": {
                "name": "de",
                "url": "/api/v2/language/6/"
            },
            "version_group": {
                "name": "sword-shield",
                "url": "/api/v2/version-group/20/"
            }
        },
        {
            "flavor_text": "Cambia de forma si sus PS se ven reducidos a la mitad.",
            "language": {
                "name": "es",
                "url": "/api/v2/language/7/"
            },
            "version_group": {
                "name": "sword-shield",
                "url": "/api/v2/version-group/20/"
            }
        },
        {
            "flavor_text": "Cambia la forma del Pok\u00e9mon se i PS scendono\na met\u00e0 o meno.",
            "language": {
                "name": "it",
                "url": "/api/v2/language/8/"
            },
            "version_group": {
                "name": "sword-shield",
                "url": "/api/v2/version-group/20/"
            }
        },
        {
            "flavor_text": "Changes the Pok\u00e9mon\u2019s shape when HP is half\nor less.",
            "language": {
                "name": "en",
                "url": "/api/v2/language/9/"
            },
            "version_group": {
                "name": "sword-shield",
                "url": "/api/v2/version-group/20/"
            }
        },
        {
            "flavor_text": "\uff28\uff30\u304c\u3000\u534a\u5206\u3000\u4ee5\u4e0b\u306b\u3000\u306a\u308b\u3068\n\u59ff\u304c\u3000\u5909\u5316\u3059\u308b\u3002",
            "language": {
                "name": "ja",
                "url": "/api/v2/language/11/"
            },
            "version_group": {
                "name": "sword-shield",
                "url": "/api/v2/version-group/20/"
            }
        },
        {
            "flavor_text": "\uff28\uff30\u53d8\u4e3a\u4e00\u534a\u4ee5\u4e0b\u65f6\uff0c\n\u6837\u5b50\u4f1a\u6539\u53d8\u3002",
            "language": {
                "name": "zh-Hans",
                "url": "/api/v2/language/12/"
            },
            "version_group": {
                "name": "sword-shield",
                "url": "/api/v2/version-group/20/"
            }
        }
    ],
    "generation": {
        "name": "generation-v",
        "url": "/api/v2/generation/5/"
    },
    "id": 161,
    "is_main_series": true,
    "name": "zen-mode",
    "names": [
        {
            "language": {
                "name": "ja-Hrkt",
                "url": "/api/v2/language/1/"
            },
            "name": "\u30c0\u30eb\u30de\u30e2\u30fc\u30c9"
        },
        {
            "language": {
                "name": "ko",
                "url": "/api/v2/language/3/"
            },
            "name": "\ub2ec\ub9c8\ubaa8\ub4dc"
        },
        {
            "language": {
                "name": "zh-Hant",
                "url": "/api/v2/language/4/"
            },
            "name": "\u9054\u6469\u6a21\u5f0f"
        },
        {
            "language": {
                "name": "fr",
                "url": "/api/v2/language/5/"
            },
            "name": "Mode Transe"
        },
        {
            "language": {
                "name": "de",
                "url": "/api/v2/language/6/"
            },
            "name": "Trance-Modus"
        },
        {
            "language": {
                "name": "es",
                "url": "/api/v2/language/7/"
            },
            "name": "Modo Daruma"
        },
        {
            "language": {
                "name": "it",
                "url": "/api/v2/language/8/"
            },
            "name": "Stato Zen"
        },
        {
            "language": {
                "name": "en",
                "url": "/api/v2/language/9/"
            },
            "name": "Zen Mode"
        },
        {
            "language": {
                "name": "ja",
                "url": "/api/v2/language/11/"
            },
            "name": "\u30c0\u30eb\u30de\u30e2\u30fc\u30c9"
        },
        {
            "language": {
                "name": "zh-Hans",
                "url": "/api/v2/language/12/"
            },
            "name": "\u8fbe\u6469\u6a21\u5f0f"
        }
    ],
    "pokemon": [
        {
            "is_hidden": true,
            "pokemon": {
                "name": "darmanitan-standard",
                "url": "/api/v2/pokemon/555/"
            },
            "slot": 3
        },
        {
            "is_hidden": true,
            "pokemon": {
                "name": "darmanitan-zen",
                "url": "/api/v2/pokemon/10017/"
            },
            "slot": 3
        },
        {
            "is_hidden": true,
            "pokemon": {
                "name": "darmanitan-galar-standard",
                "url": "/api/v2/pokemon/10177/"
            },
            "slot": 3
        },
        {
            "is_hidden": true,
            "pokemon": {
                "name": "darmanitan-galar-zen",
                "url": "/api/v2/pokemon/10178/"
            },
            "slot": 3
        }
    ]
}