{
    "effect_changes": [],
    "effect_entries": [
        {
            "effect": "Gibt das eigene getragene Item an einen Teampartner weiter, wenn dieser sein Item benutzt hat.\n\nDas gilt auch, wenn der Partner das Item mit fling verbraucht hat, wenn er eine gegnerische Beere mit pluck gegessen hat und kein Item tr\u00e4gt oder sein air balloon platzt. Wenn mehrere Teampartner ihre Items in der gleichen Runde verbrauchen, erh\u00e4lt derjenige mit der h\u00f6heren speed das Item ohne dabei trick room zu beachten.\n\nDie F\u00e4higkeit l\u00f6st nicht aus, wenn das Item nur bewegt wird, beispielsweise durch thief, magician oder sticky barb, wenn es durch incinerate zerst\u00f6rt oder fallengelassen wird.",
            "language": {
                "name": "de",
                "url": "/api/v2/language/6/"
            },
            "short_effect": "Gibt das eigene Item an einen Verb\u00fcndeten weiter, wenn dieser seins benutzt hat."
        },
        {
            "effect": "Passes the bearer's held item to an ally when the ally uses up its item.",
            "language": {
                "name": "en",
                "url": "/api/v2/language/9/"
            },
            "short_effect": "Passes the bearer's held item to an ally when the ally uses up its item."
        }
    ],
    "flavor_text_entries": [
        {
            "flavor_text": "\u307f\u304b\u305f\u306b\u3000\u3069\u3046\u3050\u3092\n\u308f\u305f\u305b\u308b\u3088\u3046\u306b\u3000\u306a\u308b\u3002",
            "language": {
                "name": "ja-Hrkt",
                "url": "/api/v2/language/1/"
            },
            "version_group": {
                "name": "x-y",
                "url": "/api/v2/version-group/15/"
            }
        },
        {
            "flavor_text": "\uac19\uc740 \ud3b8\uc5d0\uac8c \ub3c4\uad6c\ub97c\n\uac74\ub12c \uc218 \uc788\uac8c \ub41c\ub2e4.",
            "language": {
                "name": "ko",
                "url": "/api/v2/language/3/"
            },
            "version_group": {
                "name": "x-y",
                "url": "/api/v2/version-group/15/"
            }
        },
        {
            "flavor_text": "Permet aux alli\u00e9s d\u2019utiliser\nl\u2019objet port\u00e9 par ce Pok\u00e9mon.",
            "language": {
                "name": "fr",
                "url": "/api/v2/language/5/"
            },
            "version_group": {
                "name": "x-y",
                "url": "/api/v2/version-group/15/"
            }
        },
        {
            "flavor_text": "Das Pok\u00e9mon kann sein Item an\neinen Mitstreiter weitergeben.",
            "language": {
                "name": "de",
                "url": "/api/v2/language/6/"
            },
            "version_group": {
                "name": "x-y",
                "url": "/api/v2/version-group/15/"
            }
        },
        {
            "flavor_text": "El Pok\u00e9mon puede pasar su\nobjeto a un aliado.",
            "language": {
                "name": "es",
                "url": "/api/v2/language/7/"
            },
            "version_group": {
                "name": "x-y",
                "url": "/api/v2/version-group/15/"
            }
        },
        {
            "flavor_text": "Il Pok\u00e9mon pu\u00f2 passare il suo\nstrumento a un alleato.",
            "language": {
                "name": "it",
                "url": "/api/v2/language/8/"
            },
            "version_group": {
                "name": "x-y",
                "url": "/api/v2/version-group/15/"
            }
        },
        {
            "flavor_text": "The Pok\u00e9mon can pass\nan item to an ally.",
            "language": {
                "name": "en",
                "url": "/api/v2/language/9/"
            },
            "version_group": {
                "name": "x-y",
                "url": "/api/v2/version-group/15/"
            }
        },
        {
            "flavor_text": "\u5473\u65b9\u306b\u3000\u9053\u5177\u3092\n\u6e21\u305b\u308b\u3088\u3046\u306b\u3000\u306a\u308b\u3002",
            "language": {
                "name": "ja",
                "url": "/api/v2/language/11/"
            },
            "version_group": {
                "name": "x-y",
                "url": "/api/v2/version-group/15/"
            }
        },
        {
            "flavor_text": "\u202f\u304b\u305f\u306b\u3000\u3069\u3046\u3050\u3092\n\u308f\u305f\u305b\u308b\u3088\u3046\u306b\u3000\u306a\u308b\u3002",
            "language": {
                "name": "ja-Hrkt",
                "url": "/api/v2/language/1/"
            },
            "version_group": {
                "name": "omega-ruby-alpha-sapphire",
                "url": "/api/v2/version-group/16/"
            }
        },
        {
            "flavor_text": "\uac19\uc740 \ud3b8\uc5d0\uac8c \ub3c4\uad6c\ub97c\n\uac74\ub12c \uc218 \uc788\uac8c \ub41c\ub2e4.",
            "language": {
                "name": "ko",
                "url": "/api/v2/language/3/"
            },
            "version_group": {
                "name": "omega-ruby-alpha-sapphire",
                "url": "/api/v2/version-group/16/"
            }
        },
        {
            "flavor_text": "Permet aux alli\u00e9s d\u2019utiliser\nl\u2019objet port\u00e9 par ce Pok\u00e9mon.",
            "language": {
                "name": "fr",
                "url": "/api/v2/language/5/"
            },
            "version_group": {
                "name": "omega-ruby-alpha-sapphire",
                "url": "/api/v2/version-group/16/"
            }
        },
        {
            "flavor_text": "Das Pok\u00e9mon kann sein Item an\neinen Mitstreiter weitergeben.",
            "language": {
                "name": "de",
                "url": "/api/v2/language/6/"
            },
            "version_group": {
                "name": "omega-ruby-alpha-sapphire",
                "url": "/api/v2/version-group/16/"
            }
        },
        {
            "flavor_text": "El Pok\u00e9mon puede pasar su\nobjeto a un aliado.",
            "language": {
                "name": "es",
                "url": "/api/v2/language/7/"
            },
            "version_group": {
                "name": "omega-ruby-alpha-sapphire",
                "url": "/api/v2/version-group/16/"
            }
        },
        {
            "flavor_text": "Il Pok\u00e9mon pu\u00f2 passare il suo\nstrumento a un alleato.",
            "language": {
                "name": "it",
                "url": "/api/v2/language/8/"
            },
            "version_group": {
                "name": "omega-ruby-alpha-sapphire",
                "url": "/api/v2/version-group/16/"
            }
        },
        {
            "flavor_text": "The Pok\u00e9mon can pass\nan item to an ally.",
            "language": {
                "name": "en",
                "url": "/api/v2/language/9/"
            },
            "version_group": {
                "name": "omega-ruby-alpha-sapphire",
                "url": "/api/v2/version-group/16/"
            }
        },
        {
            "flavor_text": "\u5473\u65b9\u306b\u3000\u9053\u5177\u3092\n\u6e21\u305b\u308b\u3088\u3046\u306b\u3000\u306a\u308b\u3002",
            "language": {
                "name": "ja",
                "url": "/api/v2/language/11/"
            },
            "version_group": {
                "name": "omega-ruby-alpha-sapphire",
                "url": "/api/v2/version-group/16/"
            }
        },
        {
            "flavor_text": "\u307f\u304b\u305f\u304c\u3000\u3069\u3046\u3050\u3092\u3000\u3064\u304b\u3046\u3068\n\u3058\u3076\u3093\u306e\u3000\u3082\u3063\u3066\u3044\u308b\u3000\u3069\u3046\u3050\u3092\n\u307f\u304b\u305f\u306b\u3000\u308f\u305f\u3059\u3002",
            "language": {
                "name": "ja-Hrkt",
                "url": "/api/v2/language/1/"
            },
            "version_group": {
                "name": "sun-moon",
                "url": "/api/v2/version-group/17/"
            }
        },
        {
            "flavor_text": "\uac19\uc740 \ud3b8\uc774 \ub3c4\uad6c\ub97c \uc4f0\uba74\n\uc790\uc2e0\uc774 \uc9c0\ub2c8\uace0 \uc788\ub294 \ub3c4\uad6c\ub97c\n\uac19\uc740 \ud3b8\uc5d0\uac8c \uac74\ub128\ub2e4.",
            "language": {
                "name": "ko",
                "url": "/api/v2/language/3/"
            },
            "version_group": {
                "name": "sun-moon",
                "url": "/api/v2/version-group/17/"
            }
        },
        {
            "flavor_text": "\u540c\u4f34\u4f7f\u7528\u9053\u5177\u6642\uff0c\n\u6703\u628a\u81ea\u5df1\u6301\u6709\u7684\u9053\u5177\u4ea4\u7d66\u540c\u4f34\u3002",
            "language": {
                "name": "zh-Hant",
                "url": "/api/v2/language/4/"
            },
            "version_group": {
                "name": "sun-moon",
                "url": "/api/v2/version-group/17/"
            }
        },
        {
            "flavor_text": "Quand les alli\u00e9s utilisent l\u2019objet qu\u2019ils tiennent,\nle Pok\u00e9mon leur donne l\u2019objet qu\u2019il tient en\nremplacement.",
            "language": {
                "name": "fr",
                "url": "/api/v2/language/5/"
            },
            "version_group": {
                "name": "sun-moon",
                "url": "/api/v2/version-group/17/"
            }
        },
        {
            "flavor_text": "Gibt Mitstreitern, die ihr Item aufgebraucht haben,\nsein eigenes Item.",
            "language": {
                "name": "de",
                "url": "/api/v2/language/6/"
            },
            "version_group": {
                "name": "sun-moon",
                "url": "/api/v2/version-group/17/"
            }
        },
        {
            "flavor_text": "El Pok\u00e9mon pasa su objeto a un aliado que ya haya\nutilizado el suyo.",
            "language": {
                "name": "es",
                "url": "/api/v2/language/7/"
            },
            "version_group": {
                "name": "sun-moon",
                "url": "/api/v2/version-group/17/"
            }
        },
        {
            "flavor_text": "Se un alleato usa uno strumento, il Pok\u00e9mon\ngli passa il proprio.",
            "language": {
                "name": "it",
                "url": "/api/v2/language/8/"
            },
            "version_group": {
                "name": "sun-moon",
                "url": "/api/v2/version-group/17/"
            }
        },
        {
            "flavor_text": "The Pok\u00e9mon passes its item to an ally that has\nused up an item.",
            "language": {
                "name": "en",
                "url": "/api/v2/language/9/"
            },
            "version_group": {
                "name": "sun-moon",
                "url": "/api/v2/version-group/17/"
            }
        },
        {
            "flavor_text": "\u5473\u65b9\u304c\u3000\u9053\u5177\u3092\u3000\u4f7f\u3046\u3068\n\u81ea\u5206\u306e\u3000\u6301\u3063\u3066\u3044\u308b\u3000\u9053\u5177\u3092\n\u5473\u65b9\u306b\u3000\u6e21\u3059\u3002",
            "language": {
                "name": "ja",
                "url": "/api/v2/language/11/"
            },
            "version_group": {
                "name": "sun-moon",
                "url": "/api/v2/version-group/17/"
            }
        },
        {
            "flavor_text": "\u540c\u4f34\u4f7f\u7528\u9053\u5177\u65f6\uff0c\n\u4f1a\u628a\u81ea\u5df1\u6301\u6709\u7684\u9053\u5177\u4f20\u9012\u7ed9\u540c\u4f34\u3002",
            "language": {
                "name": "zh-Hans",
                "url": "/api/v2/language/12/"
            },
            "version_group": {
                "name": "sun-moon",
                "url": "/api/v2/version-group/17/"
            }
        },
        {
            "flavor_text": "\u307f\u304b\u305f\u304c\u3000\u3069\u3046\u3050\u3092\u3000\u3064\u304b\u3046\u3068\n\u3058\u3076\u3093\u306e\u3000\u3082\u3063\u3066\u3044\u308b\u3000\u3069\u3046\u3050\u3092\n\u307f\u304b\u305f\u306b\u3000\u308f\u305f\u3059\u3002",
            "language": {
                "name": "ja-Hrkt",
                "url": "/api/v2/language/1/"
            },
            "version_group": {
                "name": "ultra-sun-ultra-moon",
                "url": "/api/v2/version-group/18/"
            }
        },
        {
            "flavor_text": "\uac19\uc740 \ud3b8\uc774 \ub3c4\uad6c\ub97c \uc4f0\uba74\n\uc790\uc2e0\uc774 \uc9c0\ub2c8\uace0 \uc788\ub294 \ub3c4\uad6c\ub97c\n\uac19\uc740 \ud3b8\uc5d0\uac8c \uac74\ub128\ub2e4.",
            "language": {
                "name": "ko",
                "url": "/api/v2/language/3/"
            },
            "version_group": {
                "name": "ultra-sun-ultra-moon",
                "url": "/api/v2/version-group/18/"
            }
        },
        {
            "flavor_text": "\u540c\u4f34\u4f7f\u7528\u9053\u5177\u6642\uff0c\n\u6703\u628a\u81ea\u5df1\u6301\u6709\u7684\u9053\u5177\u4ea4\u7d66\u540c\u4f34\u3002",
            "language": {
                "name": "zh-Hant",
                "url": "/api/v2/language/4/"
            },
            "version_group": {
                "name": "ultra-sun-ultra-moon",
                "url": "/api/v2/version-group/18/"
            }
        },
        {
            "flavor_text": "Quand les alli\u00e9s utilisent l\u2019objet qu\u2019ils tiennent,\nle Pok\u00e9mon leur donne l\u2019objet qu\u2019il tient en\nremplacement.",
            "language": {
                "name": "fr",
                "url": "/api/v2/language/5/"
            },
            "version_group": {
                "name": "ultra-sun-ultra-moon",
                "url": "/api/v2/version-group/18/"
            }
        },
        {
            "flavor_text": "Gibt Mitstreitern, die ihr Item aufgebraucht haben,\nsein eigenes Item.",
            "language": {
                "name": "de",
                "url": "/api/v2/language/6/"
            },
            "version_group": {
                "name": "ultra-sun-ultra-moon",
                "url": "/api/v2/version-group/18/"
            }
        },
        {
            "flavor_text": "El Pok\u00e9mon pasa su objeto a un aliado que ya haya\nutilizado el suyo.",
            "language": {
                "name": "es",
                "url": "/api/v2/language/7/"
            },
            "version_group": {
                "name": "ultra-sun-ultra-moon",
                "url": "/api/v2/version-group/18/"
            }
        },
        {
            "flavor_text": "Se un alleato usa uno strumento, il Pok\u00e9mon\ngli passa il proprio.",
            "language": {
                "name": "it",
                "url": "/api/v2/language/8/"
            },
            "version_group": {
                "name": "ultra-sun-ultra-moon",
                "url": "/api/v2/version-group/18/"
            }
        },
        {
            "flavor_text": "The Pok\u00e9mon passes its item to an ally that has\nused up an item.",
            "language": {
                "name": "en",
                "url": "/api/v2/language/9/"
            },
            "version_group": {
                "name": "ultra-sun-ultra-moon",
                "url": "/api/v2/version-group/18/"
            }
        },
        {
            "flavor_text": "\u5473\u65b9\u304c\u3000\u9053\u5177\u3092\u3000\u4f7f\u3046\u3068\n\u81ea\u5206\u306e\u3000\u6301\u3063\u3066\u3044\u308b\u3000\u9053\u5177\u3092\n\u5473\u65b9\u306b\u3000\u6e21\u3059\u3002",
            "language": {
                "name": "ja",
                "url": "/api/v2/language/11/"
            },
            "version_group": {
                "name": "ultra-sun-ultra-moon",
                "url": "/api/v2/version-group/18/"
            }
        },
        {
            "flavor_text": "\u540c\u4f34\u4f7f\u7528\u9053\u5177\u65f6\uff0c\n\u4f1a\u628a\u81ea\u5df1\u6301\u6709\u7684\u9053\u5177\u4f20\u9012\u7ed9\u540c\u4f34\u3002",
            "language": {
                "name": "zh-Hans",
                "url": "/api/v2/language/12/"
            },
            "version_group": {
                "name": "ultra-sun-ultra-moon",
                "url": "/api/v2/version-group/18/"
            }
        },
        {
            "flavor_text": "\u307f\u304b\u305f\u304c\u3000\u3069\u3046\u3050\u3092\u3000\u3064\u304b\u3046\u3068\n\u3058\u3076\u3093\u306e\u3000\u3082\u3063\u3066\u3044\u308b\u3000\u3069\u3046\u3050\u3092\n\u307f\u304b\u305f\u306b\u3000\u308f\u305f\u3059\u3002",
            "language": {
                "name": "ja-Hrkt",
                "url": "/api/v2/language/1/"
            },
            "version_group": {
                "name": "lets-go-pikachu-lets-go-eevee",
                "url": "/api/v2/version-group/19/"
            }
        },
        {
            "flavor_text": "\uac19\uc740 \ud3b8\uc774 \ub3c4\uad6c\ub97c \uc4f0\uba74\n\uc790\uc2e0\uc774 \uc9c0\ub2c8\uace0 \uc788\ub294 \ub3c4\uad6c\ub97c\n\uac19\uc740 \ud3b8\uc5d0\uac8c \uac74\ub128\ub2e4.",
            "language": {
                "name": "ko",
                "url": "/api/v2/language/3/"
            },
            "version_group": {
                "name": "lets-go-pikachu-lets-go-eevee",
                "url": "/api/v2/version-group/19/"
            }
        },
        {
            "flavor_text": "\u540c\u4f34\u4f7f\u7528\u9053\u5177\u6642\uff0c\n\u6703\u628a\u81ea\u5df1\u6301\u6709\u7684\u9053\u5177\u4ea4\u7d66\u540c\u4f34\u3002",
            "language": {
                "name": "zh-Hant",
                "url": "/api/v2/language/4/"
            },
            "version_group": {
                "name": "lets-go-pikachu-lets-go-eevee",
                "url": "/api/v2/version-group/19/"
            }
        },
        {
            "flavor_text": "Quand les alli\u00e9s utilisent l\u2019objet qu\u2019ils tiennent,\nle Pok\u00e9mon leur donne l\u2019objet qu\u2019il tient en\nremplacement.",
            "language": {
                "name": "fr",
                "url": "/api/v2/language/5/"
            },
            "version_group": {
                "name": "lets-go-pikachu-lets-go-eevee",
                "url": "/api/v2/version-group/19/"
            }
        },
        {
            "flavor_text": "Gibt Mitstreitern, die ihr Item aufgebraucht haben,\nsein eigenes Item.",
            "language": {
                "name": "de",
                "url": "/api/v2/language/6/"
            },
            "version_group": {
                "name": "lets-go-pikachu-lets-go-eevee",
                "url": "/api/v2/version-group/19/"
            }
        },
        {
            "flavor_text": "El Pok\u00e9mon pasa su objeto a un aliado que ya haya\nutilizado el suyo.",
            "language": {
                "name": "es",
                "url": "/api/v2/language/7/"
            },
            "version_group": {
                "name": "lets-go-pikachu-lets-go-eevee",
                "url": "/api/v2/version-group/19/"
            }
        },
        {
            "flavor_text": "Se un alleato usa uno strumento, il Pok\u00e9mon\ngli passa il proprio.",
            "language": {
                "name": "it",
                "url": "/api/v2/language/8/"
            },
            "version_group": {
                "name": "lets-go-pikachu-lets-go-eevee",
                "url": "/api/v2/version-group/19/"
            }
        },
        {
            "flavor_text": "The Pok\u00e9mon passes its item to an ally that has\nused up an item.",
            "language": {
                "name": "en",
                "url": "/api/v2/language/9/"
            },
            "version_group": {
                "name": "lets-go-pikachu-lets-go-eevee",
                "url": "/api/v2/version-group/19/"
            }
        },
        {
            "flavor_text": "\u5473\u65b9\u304c\u3000\u9053\u5177\u3092\u3000\u4f7f\u3046\u3068\n\u81ea\u5206\u306e\u3000\u6301\u3063\u3066\u3044\u308b\u3000\u9053\u5177\u3092\n\u5473\u65b9\u306b\u3000\u6e21\u3059\u3002",
            "language": {
                "name": "ja",
                "url": "/api/v2/language/11/"
            },
            "version_group": {
                "name": "lets-go-pikachu-lets-go-eevee",
                "url": "/api/v2/version-group/19/"
            }
        },
        {
            "flavor_text": "\u540c\u4f34\u4f7f\u7528\u9053\u5177\u65f6\uff0c\n\u4f1a\u628a\u81ea\u5df1\u6301\u6709\u7684\u9053\u5177\u4f20\u9012\u7ed9\u540c\u4f34\u3002",
            "language": {
                "name": "zh-Hans",
                "url": "/api/v2/language/12/"
            },
            "version_group": {
                "name": "lets-go-pikachu-lets-go-eevee",
                "url": "/api/v2/version-group/19/"
            }
        },
        {
            "flavor_text": "\u307f\u304b\u305f\u304c\u3000\u3069\u3046\u3050\u3092\u3000\u3064\u304b\u3046\u3068\n\u3058\u3076\u3093\u306e\u3000\u3082\u3063\u3066\u3044\u308b\u3000\u3069\u3046\u3050\u3092\n\u307f\u304b\u305f\u306b\u3000\u308f\u305f\u3059\u3002",
            "language": {
                "name": "ja-Hrkt",
                "url": "/api/v2/language/1/"
            },
            "version_group": {
                "name": "sword-shield",
                "url": "/api/v2/version-group/20/"
            }
        },
        {
            "flavor_text": "\uac19\uc740 \ud3b8\uc774 \ub3c4\uad6c\ub97c \uc4f0\uba74\n\uc790\uc2e0\uc774 \uc9c0\ub2c8\uace0 \uc788\ub294 \ub3c4\uad6c\ub97c\n\uac19\uc740 \ud3b8\uc5d0\uac8c \uac74\ub128\ub2e4.",
            "language": {
                "name": "ko",
                "url": "/api/v2/language/3/"
            },
            "version_group": {
                "name": "sword-shield",
                "url": "/api/v2/version-group/20/"
            }
        },
        {
            "flavor_text": "\u540c\u4f34\u4f7f\u7528\u9053\u5177\u6642\uff0c\n\u6703\u628a\u81ea\u5df1\u6301\u6709\u7684\u9053\u5177\u4ea4\u7d66\u540c\u4f34\u3002",
            "language": {
                "name": "zh-Hant",
                "url": "/api/v2/language/4/"
            },
            "version_group": {
                "name": "sword-shield",
                "url": "/api/v2/version-group/20/"
            }
        },
        {
            "flavor_text": "Quand les alli\u00e9s utilisent l\u2019objet qu\u2019ils tiennent,\nle Pok\u00e9mon leur donne l\u2019objet qu\u2019il tient\nen remplacement.",
            "language": {
                "name": "fr",
                "url": "/api/v2/language/5/"
            },
            "version_group": {
                "name": "sword-shield",
                "url": "/api/v2/version-group/20/"
            }
        },
        {
            "flavor_text": "Gibt Mitstreitern, die ihr Item aufgebraucht haben,\nsein eigenes Item.",
            "language": {
                "name": "de",
                "url": "/api/v2/language/6/"
            },
            "version_group": {
                "name": "sword-shield",
                "url": "/api/v2/version-group/20/"
            }
        },
        {
            "flavor_text": "Pasa su objeto a un aliado que ya haya utilizado el suyo.",
            "language": {
                "name": "es",
                "url": "/api/v2/language/7/"
            },
            "version_group": {
                "name": "sword-shield",
                "url": "/api/v2/version-group/20/"
            }
        },
        {
            "flavor_text": "Se un alleato usa uno strumento, il Pok\u00e9mon\ngli passa il proprio.",
            "language": {
                "name": "it",
                "url": "/api/v2/language/8/"
            },
            "version_group": {
                "name": "sword-shield",
                "url": "/api/v2/version-group/20/"
            }
        },
        {
            "flavor_text": "The Pok\u00e9mon passes its item to an ally that has\nused up an item.",
            "language": {
                "name": "en",
                "url": "/api/v2/language/9/"
            },
            "version_group": {
                "name": "sword-shield",
                "url": "/api/v2/version-group/20/"
            }
        },
        {
            "flavor_text": "\u5473\u65b9\u304c\u3000\u9053\u5177\u3092\u3000\u4f7f\u3046\u3068\n\u81ea\u5206\u306e\u3000\u6301\u3063\u3066\u3044\u308b\u3000\u9053\u5177\u3092\n\u5473\u65b9\u306b\u3000\u6e21\u3059\u3002",
            "language": {
                "name": "ja",
                "url": "/api/v2/language/11/"
            },
            "version_group": {
                "name": "sword-shield",
                "url": "/api/v2/version-group/20/"
            }
        },
        {
            "flavor_text": "\u540c\u4f34\u4f7f\u7528\u9053\u5177\u65f6\uff0c\n\u4f1a\u628a\u81ea\u5df1\u6301\u6709\u7684\u9053\u5177\u4f20\u9012\u7ed9\u540c\u4f34\u3002",
            "language": {
                "name": "zh-Hans",
                "url": "/api/v2/language/12/"
            },
            "version_group": {
                "name": "sword-shield",
                "url": "/api/v2/version-group/20/"
            }
        }
    ],
    "generation": {
        "name": "generation-vi",
        "url": "/api/v2/generation/6/"
    },
    "id": 180,
    "is_main_series": true,
    "name": "symbiosis",
    "names": [
        {
            "language": {
                "name": "ja-Hrkt",
                "url": "/api/v2/language/1/"
            },
            "name": "\u304d\u3087\u3046\u305b\u3044"
        },
        {
            "language": {
                "name": "ko",
                "url": "/api/v2/language/3/"
            },
            "name": "\uacf5\uc0dd"
        },
        {
            "language": {
                "name": "zh-Hant",
                "url": "/api/v2/language/4/"
            },
            "name": "\u5171\u751f"
        },
        {
            "language": {
                "name": "fr",
                "url": "/api/v2/language/5/"
            },
            "name": "Symbiose"
        },
        {
            "language": {
                "name": "de",
                "url": "/api/v2/language/6/"
            },
            "name": "Nutznie\u00dfer"
        },
        {
            "language": {
                "name": "es",
                "url": "/api/v2/language/7/"
            },
            "name": "Simbiosis"
        },
        {
            "language": {
                "name": "it",
                "url": "/api/v2/language/8/"
            },
            "name": "Simbiosi"
        },
        {
            "language": {
                "name": "en",
                "url": "/api/v2/language/9/"
            },
            "name": "Symbiosis"
        },
        {
            "language": {
                "name": "ja",
                "url": "/api/v2/language/11/"
            },
            "name": "\u304d\u3087\u3046\u305b\u3044"
        },
        {
            "language": {
                "name": "zh-Hans",
                "url": "/api/v2/language/12/"
            },
            "name": "\u5171\u751f"
        }
    ],
    "pokemon": [
        {
            "is_hidden": true,
            "pokemon": {
                "name": "flabebe",
                "url": "/api/v2/pokemon/669/"
            },
            "slot": 3
        },
        {
            "is_hidden": true,
            "pokemon": {
                "name": "floette",
                "url": "/api/v2/pokemon/670/"
            },
            "slot": 3
        },
        {
            "is_hidden": true,
            "pokemon": {
                "name": "florges",
                "url": "/api/v2/pokemon/671/"
            },
            "slot": 3
        },
        {
            "is_hidden": true,
            "pokemon": {
                "name": "oranguru",
                "url": "/api/v2/pokemon/765/"
            },
            "slot": 3
        },
        {
            "is_hidden": true,
            "pokemon": {
                "name": "floette-eternal",
                "url": "/api/v2/pokemon/10061/"
            },
            "slot": 3
        }
    ]
}