{
    "descriptions": [
        {
            "description": "\u3059\u3053\u3057\u3000\u304a\u3061\u3087\u3046\u3057\u3082\u306e",
            "language": {
                "name": "ja-Hrkt",
                "url": "/api/v2/language/1/"
            }
        },
        {
            "description": "\uc57d\uac04 \uc6b0\ucb50\uc7c1\uc774\uc784",
            "language": {
                "name": "ko",
                "url": "/api/v2/language/3/"
            }
        },
        {
            "description": "\u6709\u9ede\u5bb9\u6613\u5f97\u610f\u5fd8\u5f62",
            "language": {
                "name": "zh-Hant",
                "url": "/api/v2/language/4/"
            }
        },
        {
            "description": "Il aime faire le pitre",
            "language": {
                "name": "fr",
                "url": "/api/v2/language/5/"
            }
        },
        {
            "description": "Ist ein bisschen albern",
            "language": {
                "name": "de",
                "url": "/api/v2/language/6/"
            }
        },
        {
            "description": "Le encanta hacer payasadas",
            "language": {
                "name": "es",
                "url": "/api/v2/language/7/"
            }
        },
        {
            "description": "\u00c8 una specie di buffone",
            "language": {
                "name": "it",
                "url": "/api/v2/language/8/"
            }
        },
        {
            "description": "Somewhat of a clown",
            "language": {
                "name": "en",
                "url": "/api/v2/language/9/"
            }
        },
        {
            "description": "\u3059\u3053\u3057\u3000\u304a\u8abf\u5b50\u8005",
            "language": {
                "name": "ja",
                "url": "/api/v2/language/11/"
            }
        },
        {
            "description": "\u6709\u70b9\u5bb9\u6613\u5f97\u610f\u5fd8\u5f62",
            "language": {
                "name": "zh-Hans",
                "url": "/api/v2/language/12/"
            }
        }
    ],
    "gene_modulo": 3,
    "highest_stat": {
        "name": "speed",
        "url": "/api/v2/stat/6/"
    },
    "id": 24,
    "possible_values": [
        3,
        8,
        13,
        18,
        23,
        28
    ]
}