{
    "descriptions": [
        {
            "description": "\u3068\u3066\u3082\u3000\u304d\u3061\u3087\u3046\u3081\u3093",
            "language": {
                "name": "ja-Hrkt",
                "url": "/api/v2/language/1/"
            }
        },
        {
            "description": "\ub9e4\uc6b0 \uaf3c\uaf3c\ud568",
            "language": {
                "name": "ko",
                "url": "/api/v2/language/3/"
            }
        },
        {
            "description": "\u4e00\u7d72\u4e0d\u82df",
            "language": {
                "name": "zh-Hant",
                "url": "/api/v2/language/4/"
            }
        },
        {
            "description": "Il est tr\u00e8s particulier",
            "language": {
                "name": "fr",
                "url": "/api/v2/language/5/"
            }
        },
        {
            "description": "Ist sehr pedantisch",
            "language": {
                "name": "de",
                "url": "/api/v2/language/6/"
            }
        },
        {
            "description": "Es muy tiquismiquis",
            "language": {
                "name": "es",
                "url": "/api/v2/language/7/"
            }
        },
        {
            "description": "\u00c8 molto esigente",
            "language": {
                "name": "it",
                "url": "/api/v2/language/8/"
            }
        },
        {
            "description": "Very finicky",
            "language": {
                "name": "en",
                "url": "/api/v2/language/9/"
            }
        },
        {
            "description": "\u3068\u3066\u3082\u3000\u304d\u3061\u3087\u3046\u3081\u3093",
            "language": {
                "name": "ja",
                "url": "/api/v2/language/11/"
            }
        },
        {
            "description": "\u4e00\u4e1d\u4e0d\u82df",
            "language": {
                "name": "zh-Hans",
                "url": "/api/v2/language/12/"
            }
        }
    ],
    "gene_modulo": 4,
    "highest_stat": {
        "name": "special-attack",
        "url": "/api/v2/stat/4/"
    },
    "id": 28,
    "possible_values": [
        4,
        9,
        14,
        19,
        24,
        29
    ]
}