{
    "effect_changes": [
        {
            "effect_entries": [
                {
                    "effect": "Hat au\u00dferhalb vom Kampf keinen Effekt.",
                    "language": {
                        "name": "de",
                        "url": "/api/v2/language/6/"
                    }
                },
                {
                    "effect": "Has no overworld effect.",
                    "language": {
                        "name": "en",
                        "url": "/api/v2/language/9/"
                    }
                }
            ],
            "version_group": {
                "name": "emerald",
                "url": "/api/v2/version-group/6/"
            }
        },
        {
            "effect_entries": [
                {
                    "effect": "Verdoppelt den Radius in dem cut Gras entfernt, wenn irgendein Pok\u00e9mon im Team diese F\u00e4higkeit hat.",
                    "language": {
                        "name": "de",
                        "url": "/api/v2/language/6/"
                    }
                },
                {
                    "effect": "Doubles cut's grass-cutting radius on the overworld if any party Pok\u00e9mon has this ability.",
                    "language": {
                        "name": "en",
                        "url": "/api/v2/language/9/"
                    }
                }
            ],
            "version_group": {
                "name": "diamond-pearl",
                "url": "/api/v2/version-group/8/"
            }
        }
    ],
    "effect_entries": [
        {
            "effect": "Pok\u00e9mon mit dieser F\u00e4higkeit kann der attack nicht gesenkt werden.\n\nDie F\u00e4higkeit verhindert nur Statuswertver\u00e4nderungen, der verminderte attack durch burn wird nicht verhindert. Pok\u00e9mon mit dieser F\u00e4higkeit k\u00f6nnen trotzdem negative accuracy durch heart swap oder power swap \u00fcbertragen werden.",
            "language": {
                "name": "de",
                "url": "/api/v2/language/6/"
            },
            "short_effect": "Verhindert das Absenken des Angriffs."
        },
        {
            "effect": "This Pok\u00e9mon's Attack cannot be lowered by other Pok\u00e9mon.\n\nThis ability does not prevent any Attack losses other than stat modifiers, such as the Attack cut from a burn.  This Pok\u00e9mon can still be passed negative Attack modifiers through heart swap or power swap.",
            "language": {
                "name": "en",
                "url": "/api/v2/language/9/"
            },
            "short_effect": "Prevents Attack from being lowered by other Pok\u00e9mon."
        }
    ],
    "flavor_text_entries": [
        {
            "flavor_text": "Prevents ATTACK reduction.",
            "language": {
                "name": "en",
                "url": "/api/v2/language/9/"
            },
            "version_group": {
                "name": "ruby-sapphire",
                "url": "/api/v2/version-group/5/"
            }
        },
        {
            "flavor_text": "Prevents ATTACK reduction.",
            "language": {
                "name": "en",
                "url": "/api/v2/language/9/"
            },
            "version_group": {
                "name": "emerald",
                "url": "/api/v2/version-group/6/"
            }
        },
        {
            "flavor_text": "Prevents ATTACK reduction.",
            "language": {
                "name": "en",
                "url": "/api/v2/language/9/"
            },
            "version_group": {
                "name": "firered-leafgreen",
                "url": "/api/v2/version-group/7/"
            }
        },
        {
            "flavor_text": "Prevents the Attack stat\nfrom being lowered.",
            "language": {
                "name": "en",
                "url": "/api/v2/language/9/"
            },
            "version_group": {
                "name": "diamond-pearl",
                "url": "/api/v2/version-group/8/"
            }
        },
        {
            "flavor_text": "Prevents the Attack stat\nfrom being lowered.",
            "language": {
                "name": "en",
                "url": "/api/v2/language/9/"
            },
            "version_group": {
                "name": "platinum",
                "url": "/api/v2/version-group/9/"
            }
        },
        {
            "flavor_text": "Prevents the Attack\nstat from being lowered.",
            "language": {
                "name": "en",
                "url": "/api/v2/language/9/"
            },
            "version_group": {
                "name": "heartgold-soulsilver",
                "url": "/api/v2/version-group/10/"
            }
        },
        {
            "flavor_text": "Emp\u00eache la r\u00e9duction de\nl\u2019Attaque.",
            "language": {
                "name": "fr",
                "url": "/api/v2/language/5/"
            },
            "version_group": {
                "name": "black-white",
                "url": "/api/v2/version-group/11/"
            }
        },
        {
            "flavor_text": "Prevents other Pok\u00e9mon\nfrom lowering Attack stat.",
            "language": {
                "name": "en",
                "url": "/api/v2/language/9/"
            },
            "version_group": {
                "name": "black-white",
                "url": "/api/v2/version-group/11/"
            }
        },
        {
            "flavor_text": "Prevents other Pok\u00e9mon\nfrom lowering Attack stat.",
            "language": {
                "name": "en",
                "url": "/api/v2/language/9/"
            },
            "version_group": {
                "name": "black-2-white-2",
                "url": "/api/v2/version-group/14/"
            }
        },
        {
            "flavor_text": "\u3042\u3044\u3066\u306b\u3000\u3053\u3046\u3052\u304d\u3092\n\u3055\u3052\u3089\u308c\u306a\u3044\u3002",
            "language": {
                "name": "ja-Hrkt",
                "url": "/api/v2/language/1/"
            },
            "version_group": {
                "name": "x-y",
                "url": "/api/v2/version-group/15/"
            }
        },
        {
            "flavor_text": "\uc0c1\ub300\uac00 \uacf5\uaca9\uc744\n\ub5a8\uc5b4\ub728\ub9ac\uc9c0 \ubabb\ud55c\ub2e4.",
            "language": {
                "name": "ko",
                "url": "/api/v2/language/3/"
            },
            "version_group": {
                "name": "x-y",
                "url": "/api/v2/version-group/15/"
            }
        },
        {
            "flavor_text": "Emp\u00eache la r\u00e9duction de\nl\u2019Attaque.",
            "language": {
                "name": "fr",
                "url": "/api/v2/language/5/"
            },
            "version_group": {
                "name": "x-y",
                "url": "/api/v2/version-group/15/"
            }
        },
        {
            "flavor_text": "Hindert Angreifer daran,\nden Angriffs-Wert zu senken.",
            "language": {
                "name": "de",
                "url": "/api/v2/language/6/"
            },
            "version_group": {
                "name": "x-y",
                "url": "/api/v2/version-group/15/"
            }
        },
        {
            "flavor_text": "Evita que disminuya el Ataque.",
            "language": {
                "name": "es",
                "url": "/api/v2/language/7/"
            },
            "version_group": {
                "name": "x-y",
                "url": "/api/v2/version-group/15/"
            }
        },
        {
            "flavor_text": "Evita che la statistica Attacco\nvenga ridotta.",
            "language": {
                "name": "it",
                "url": "/api/v2/language/8/"
            },
            "version_group": {
                "name": "x-y",
                "url": "/api/v2/version-group/15/"
            }
        },
        {
            "flavor_text": "Prevents other Pok\u00e9mon\nfrom lowering its Attack stat.",
            "language": {
                "name": "en",
                "url": "/api/v2/language/9/"
            },
            "version_group": {
                "name": "x-y",
                "url": "/api/v2/version-group/15/"
            }
        },
        {
            "flavor_text": "\u76f8\u624b\u306b\u3000\u653b\u6483\u3092\n\u3055\u3052\u3089\u308c\u306a\u3044\u3002",
            "language": {
                "name": "ja",
                "url": "/api/v2/language/11/"
            },
            "version_group": {
                "name": "x-y",
                "url": "/api/v2/version-group/15/"
            }
        },
        {
            "flavor_text": "\u3042\u3044\u3066\u306b\u3000\u3053\u3046\u3052\u304d\u3092\n\u3055\u3052\u3089\u308c\u306a\u3044\u3002",
            "language": {
                "name": "ja-Hrkt",
                "url": "/api/v2/language/1/"
            },
            "version_group": {
                "name": "omega-ruby-alpha-sapphire",
                "url": "/api/v2/version-group/16/"
            }
        },
        {
            "flavor_text": "\uc0c1\ub300\uac00 \uacf5\uaca9\uc744\n\ub5a8\uc5b4\ub728\ub9ac\uc9c0 \ubabb\ud55c\ub2e4.",
            "language": {
                "name": "ko",
                "url": "/api/v2/language/3/"
            },
            "version_group": {
                "name": "omega-ruby-alpha-sapphire",
                "url": "/api/v2/version-group/16/"
            }
        },
        {
            "flavor_text": "Emp\u00eache la r\u00e9duction de\nl\u2019Attaque.",
            "language": {
                "name": "fr",
                "url": "/api/v2/language/5/"
            },
            "version_group": {
                "name": "omega-ruby-alpha-sapphire",
                "url": "/api/v2/version-group/16/"
            }
        },
        {
            "flavor_text": "Hindert Angreifer daran,\nden Angriffs-Wert zu senken.",
            "language": {
                "name": "de",
                "url": "/api/v2/language/6/"
            },
            "version_group": {
                "name": "omega-ruby-alpha-sapphire",
                "url": "/api/v2/version-group/16/"
            }
        },
        {
            "flavor_text": "Evita que disminuya el Ataque.",
            "language": {
                "name": "es",
                "url": "/api/v2/language/7/"
            },
            "version_group": {
                "name": "omega-ruby-alpha-sapphire",
                "url": "/api/v2/version-group/16/"
            }
        },
        {
            "flavor_text": "Evita che la statistica Attacco\nvenga ridotta.",
            "language": {
                "name": "it",
                "url": "/api/v2/language/8/"
            },
            "version_group": {
                "name": "omega-ruby-alpha-sapphire",
                "url": "/api/v2/version-group/16/"
            }
        },
        {
            "flavor_text": "Prevents other Pok\u00e9mon\nfrom lowering its Attack stat.",
            "language": {
                "name": "en",
                "url": "/api/v2/language/9/"
            },
            "version_group": {
                "name": "omega-ruby-alpha-sapphire",
                "url": "/api/v2/version-group/16/"
            }
        },
        {
            "flavor_text": "\u76f8\u624b\u306b\u3000\u653b\u6483\u3092\n\u3055\u3052\u3089\u308c\u306a\u3044\u3002",
            "language": {
                "name": "ja",
                "url": "/api/v2/language/11/"
            },
            "version_group": {
                "name": "omega-ruby-alpha-sapphire",
                "url": "/api/v2/version-group/16/"
            }
        },
        {
            "flavor_text": "\u3061\u304b\u3089\u3058\u307e\u3093\u306e\u3000\u30cf\u30b5\u30df\u3092\u3000\u3082\u3063\u3066\u3044\u308b\u306e\u3067\n\u3042\u3044\u3066\u306b\u3000\u3053\u3046\u3052\u304d\u3092\u3000\u3055\u3052\u3089\u308c\u306a\u3044\u3002",
            "language": {
                "name": "ja-Hrkt",
                "url": "/api/v2/language/1/"
            },
            "version_group": {
                "name": "sun-moon",
                "url": "/api/v2/version-group/17/"
            }
        },
        {
            "flavor_text": "\ud798\uc774 \uc790\ub791\uc778 \uc9d1\uac8c\ub97c \uac00\uc9c0\uace0 \uc788\uc5b4\n\uc0c1\ub300\uac00 \uacf5\uaca9\uc744 \ub5a8\uc5b4\ub728\ub9ac\uc9c0 \ubabb\ud55c\ub2e4.",
            "language": {
                "name": "ko",
                "url": "/api/v2/language/3/"
            },
            "version_group": {
                "name": "sun-moon",
                "url": "/api/v2/version-group/17/"
            }
        },
        {
            "flavor_text": "\u56e0\u70ba\u64c1\u6709\u4ee5\u529b\u91cf\u70ba\u50b2\u7684\u9257\u5b50\uff0c\n\u4e0d\u6703\u88ab\u5c0d\u624b\u964d\u4f4e\u653b\u64ca\u3002",
            "language": {
                "name": "zh-Hant",
                "url": "/api/v2/language/4/"
            },
            "version_group": {
                "name": "sun-moon",
                "url": "/api/v2/version-group/17/"
            }
        },
        {
            "flavor_text": "Le Pok\u00e9mon est arm\u00e9 de lames tranchantes qui font\nsa fiert\u00e9 et emp\u00eachent son Attaque de baisser.",
            "language": {
                "name": "fr",
                "url": "/api/v2/language/5/"
            },
            "version_group": {
                "name": "sun-moon",
                "url": "/api/v2/version-group/17/"
            }
        },
        {
            "flavor_text": "Hindert Angreifer durch m\u00e4chtige Scheren daran,\nden Angriffs-Wert zu senken.",
            "language": {
                "name": "de",
                "url": "/api/v2/language/6/"
            },
            "version_group": {
                "name": "sun-moon",
                "url": "/api/v2/version-group/17/"
            }
        },
        {
            "flavor_text": "Evita que el rival le baje el Ataque.",
            "language": {
                "name": "es",
                "url": "/api/v2/language/7/"
            },
            "version_group": {
                "name": "sun-moon",
                "url": "/api/v2/version-group/17/"
            }
        },
        {
            "flavor_text": "L\u2019Attacco del Pok\u00e9mon non pu\u00f2 diminuire\ngrazie alla morsa micidiale in cui \u00e8 in grado\ndi stringere i nemici.",
            "language": {
                "name": "it",
                "url": "/api/v2/language/8/"
            },
            "version_group": {
                "name": "sun-moon",
                "url": "/api/v2/version-group/17/"
            }
        },
        {
            "flavor_text": "The Pok\u00e9mon\u2019s proud of its powerful pincers. They\nprevent other Pok\u00e9mon from lowering its Attack stat.",
            "language": {
                "name": "en",
                "url": "/api/v2/language/9/"
            },
            "version_group": {
                "name": "sun-moon",
                "url": "/api/v2/version-group/17/"
            }
        },
        {
            "flavor_text": "\u529b\u81ea\u6162\u306e\u3000\u30cf\u30b5\u30df\u3092\u3000\u6301\u3063\u3066\u3044\u308b\u306e\u3067\n\u76f8\u624b\u306b\u3000\u653b\u6483\u3092\u3000\u4e0b\u3052\u3089\u308c\u306a\u3044\u3002",
            "language": {
                "name": "ja",
                "url": "/api/v2/language/11/"
            },
            "version_group": {
                "name": "sun-moon",
                "url": "/api/v2/version-group/17/"
            }
        },
        {
            "flavor_text": "\u56e0\u4e3a\u62e5\u6709\u4ee5\u529b\u91cf\u81ea\u8c6a\u7684\u94b3\u5b50\uff0c\n\u4e0d\u4f1a\u88ab\u5bf9\u624b\u964d\u4f4e\u653b\u51fb\u3002",
            "language": {
                "name": "zh-Hans",
                "url": "/api/v2/language/12/"
            },
            "version_group": {
                "name": "sun-moon",
                "url": "/api/v2/version-group/17/"
            }
        },
        {
            "flavor_text": "\u3061\u304b\u3089\u3058\u307e\u3093\u306e\u3000\u30cf\u30b5\u30df\u3092\u3000\u3082\u3063\u3066\u3044\u308b\u306e\u3067\n\u3042\u3044\u3066\u306b\u3000\u3053\u3046\u3052\u304d\u3092\u3000\u3055\u3052\u3089\u308c\u306a\u3044\u3002",
            "language": {
                "name": "ja-Hrkt",
                "url": "/api/v2/language/1/"
            },
            "version_group": {
                "name": "ultra-sun-ultra-moon",
                "url": "/api/v2/version-group/18/"
            }
        },
        {
            "flavor_text": "\ud798\uc774 \uc790\ub791\uc778 \uc9d1\uac8c\ub97c \uac00\uc9c0\uace0 \uc788\uc5b4\n\uc0c1\ub300\uac00 \uacf5\uaca9\uc744 \ub5a8\uc5b4\ub728\ub9ac\uc9c0 \ubabb\ud55c\ub2e4.",
            "language": {
                "name": "ko",
                "url": "/api/v2/language/3/"
            },
            "version_group": {
                "name": "ultra-sun-ultra-moon",
                "url": "/api/v2/version-group/18/"
            }
        },
        {
            "flavor_text": "\u56e0\u70ba\u64c1\u6709\u4ee5\u529b\u91cf\u70ba\u50b2\u7684\u9257\u5b50\uff0c\n\u4e0d\u6703\u88ab\u5c0d\u624b\u964d\u4f4e\u653b\u64ca\u3002",
            "language": {
                "name": "zh-Hant",
                "url": "/api/v2/language/4/"
            },
            "version_group": {
                "name": "ultra-sun-ultra-moon",
                "url": "/api/v2/version-group/18/"
            }
        },
        {
            "flavor_text": "Le Pok\u00e9mon est arm\u00e9 de lames tranchantes qui font\nsa fiert\u00e9 et emp\u00eachent son Attaque de baisser.",
            "language": {
                "name": "fr",
                "url": "/api/v2/language/5/"
            },
            "version_group": {
                "name": "ultra-sun-ultra-moon",
                "url": "/api/v2/version-group/18/"
            }
        },
        {
            "flavor_text": "Hindert Angreifer durch m\u00e4chtige Scheren daran,\nden Angriffs-Wert zu senken.",
            "language": {
                "name": "de",
                "url": "/api/v2/language/6/"
            },
            "version_group": {
                "name": "ultra-sun-ultra-moon",
                "url": "/api/v2/version-group/18/"
            }
        },
        {
            "flavor_text": "Evita que el rival le baje el Ataque.",
            "language": {
                "name": "es",
                "url": "/api/v2/language/7/"
            },
            "version_group": {
                "name": "ultra-sun-ultra-moon",
                "url": "/api/v2/version-group/18/"
            }
        },
        {
            "flavor_text": "L\u2019Attacco del Pok\u00e9mon non pu\u00f2 diminuire\ngrazie alla morsa micidiale in cui \u00e8 in grado\ndi stringere i nemici.",
            "language": {
                "name": "it",
                "url": "/api/v2/language/8/"
            },
            "version_group": {
                "name": "ultra-sun-ultra-moon",
                "url": "/api/v2/version-group/18/"
            }
        },
        {
            "flavor_text": "The Pok\u00e9mon\u2019s proud of its powerful pincers. They\nprevent other Pok\u00e9mon from lowering its Attack stat.",
            "language": {
                "name": "en",
                "url": "/api/v2/language/9/"
            },
            "version_group": {
                "name": "ultra-sun-ultra-moon",
                "url": "/api/v2/version-group/18/"
            }
        },
        {
            "flavor_text": "\u529b\u81ea\u6162\u306e\u3000\u30cf\u30b5\u30df\u3092\u3000\u6301\u3063\u3066\u3044\u308b\u306e\u3067\n\u76f8\u624b\u306b\u3000\u653b\u6483\u3092\u3000\u4e0b\u3052\u3089\u308c\u306a\u3044\u3002",
            "language": {
                "name": "ja",
                "url": "/api/v2/language/11/"
            },
            "version_group": {
                "name": "ultra-sun-ultra-moon",
                "url": "/api/v2/version-group/18/"
            }
        },
        {
            "flavor_text": "\u56e0\u4e3a\u62e5\u6709\u4ee5\u529b\u91cf\u81ea\u8c6a\u7684\u94b3\u5b50\uff0c\n\u4e0d\u4f1a\u88ab\u5bf9\u624b\u964d\u4f4e\u653b\u51fb\u3002",
            "language": {
                "name": "zh-Hans",
                "url": "/api/v2/language/12/"
            },
            "version_group": {
                "name": "ultra-sun-ultra-moon",
                "url": "/api/v2/version-group/18/"
            }
        },
        {
            "flavor_text": "\u3061\u304b\u3089\u3058\u307e\u3093\u306e\u3000\u30cf\u30b5\u30df\u3092\u3000\u3082\u3063\u3066\u3044\u308b\u306e\u3067\n\u3042\u3044\u3066\u306b\u3000\u3053\u3046\u3052\u304d\u3092\u3000\u3055\u3052\u3089\u308c\u306a\u3044\u3002",
            "language": {
                "name": "ja-Hrkt",
                "url": "/api/v2/language/1/"
            },
            "version_group": {
                "name": "lets-go-pikachu-lets-go-eevee",
                "url": "/api/v2/version-group/19/"
            }
        },
        {
            "flavor_text": "\ud798\uc774 \uc790\ub791\uc778 \uc9d1\uac8c\ub97c \uac00\uc9c0\uace0 \uc788\uc5b4\n\uc0c1\ub300\uac00 \uacf5\uaca9\uc744 \ub5a8\uc5b4\ub728\ub9ac\uc9c0 \ubabb\ud55c\ub2e4.",
            "language": {
                "name": "ko",
                "url": "/api/v2/language/3/"
            },
            "version_group": {
                "name": "lets-go-pikachu-lets-go-eevee",
                "url": "/api/v2/version-group/19/"
            }
        },
        {
            "flavor_text": "\u56e0\u70ba\u64c1\u6709\u4ee5\u529b\u91cf\u70ba\u50b2\u7684\u9257\u5b50\uff0c\n\u4e0d\u6703\u88ab\u5c0d\u624b\u964d\u4f4e\u653b\u64ca\u3002",
            "language": {
                "name": "zh-Hant",
                "url": "/api/v2/language/4/"
            },
            "version_group": {
                "name": "lets-go-pikachu-lets-go-eevee",
                "url": "/api/v2/version-group/19/"
            }
        },
        {
            "flavor_text": "Le Pok\u00e9mon est arm\u00e9 de lames tranchantes qui font\nsa fiert\u00e9 et emp\u00eachent son Attaque de baisser.",
            "language": {
                "name": "fr",
                "url": "/api/v2/language/5/"
            },
            "version_group": {
                "name": "lets-go-pikachu-lets-go-eevee",
                "url": "/api/v2/version-group/19/"
            }
        },
        {
            "flavor_text": "Hindert Angreifer durch m\u00e4chtige Scheren daran,\nden Angriffs-Wert zu senken.",
            "language": {
                "name": "de",
                "url": "/api/v2/language/6/"
            },
            "version_group": {
                "name": "lets-go-pikachu-lets-go-eevee",
                "url": "/api/v2/version-group/19/"
            }
        },
        {
            "flavor_text": "Evita que el rival le baje el Ataque.",
            "language": {
                "name": "es",
                "url": "/api/v2/language/7/"
            },
            "version_group": {
                "name": "lets-go-pikachu-lets-go-eevee",
                "url": "/api/v2/version-group/19/"
            }
        },
        {
            "flavor_text": "L\u2019Attacco del Pok\u00e9mon non pu\u00f2 diminuire\ngrazie alla morsa micidiale in cui \u00e8 in grado\ndi stringere i nemici.",
            "language": {
                "name": "it",
                "url": "/api/v2/language/8/"
            },
            "version_group": {
                "name": "lets-go-pikachu-lets-go-eevee",
                "url": "/api/v2/version-group/19/"
            }
        },
        {
            "flavor_text": "The Pok\u00e9mon\u2019s proud of its powerful pincers. They\nprevent other Pok\u00e9mon from lowering its Attack stat.",
            "language": {
                "name": "en",
                "url": "/api/v2/language/9/"
            },
            "version_group": {
                "name": "lets-go-pikachu-lets-go-eevee",
                "url": "/api/v2/version-group/19/"
            }
        },
        {
            "flavor_text": "\u529b\u81ea\u6162\u306e\u3000\u30cf\u30b5\u30df\u3092\u3000\u6301\u3063\u3066\u3044\u308b\u306e\u3067\n\u76f8\u624b\u306b\u3000\u653b\u6483\u3092\u3000\u4e0b\u3052\u3089\u308c\u306a\u3044\u3002",
            "language": {
                "name": "ja",
                "url": "/api/v2/language/11/"
            },
            "version_group": {
                "name": "lets-go-pikachu-lets-go-eevee",
                "url": "/api/v2/version-group/19/"
            }
        },
        {
            "flavor_text": "\u56e0\u4e3a\u62e5\u6709\u4ee5\u529b\u91cf\u81ea\u8c6a\u7684\u94b3\u5b50\uff0c\n\u4e0d\u4f1a\u88ab\u5bf9\u624b\u964d\u4f4e\u653b\u51fb\u3002",
            "language": {
                "name": "zh-Hans",
                "url": "/api/v2/language/12/"
            },
            "version_group": {
                "name": "lets-go-pikachu-lets-go-eevee",
                "url": "/api/v2/version-group/19/"
            }
        },
        {
            "flavor_text": "\u3061\u304b\u3089\u3058\u307e\u3093\u306e\u3000\u30cf\u30b5\u30df\u3092\u3000\u3082\u3063\u3066\u3044\u308b\u306e\u3067\n\u3042\u3044\u3066\u306b\u3000\u3053\u3046\u3052\u304d\u3092\u3000\u3055\u3052\u3089\u308c\u306a\u3044\u3002",
            "language": {
                "name": "ja-Hrkt",
                "url": "/api/v2/language/1/"
            },
            "version_group": {
                "name": "sword-shield",
                "url": "/api/v2/version-group/20/"
            }
        },
        {
            "flavor_text": "\ud798\uc774 \uc790\ub791\uc778 \uc9d1\uac8c\ub97c \uac00\uc9c0\uace0 \uc788\uc5b4\n\uc0c1\ub300\uac00 \uacf5\uaca9\uc744 \ub5a8\uc5b4\ub728\ub9ac\uc9c0 \ubabb\ud55c\ub2e4.",
            "language": {
                "name": "ko",
                "url": "/api/v2/language/3/"
            },
            "version_group": {
                "name": "sword-shield",
                "url": "/api/v2/version-group/20/"
            }
        },
        {
            "flavor_text": "\u56e0\u70ba\u64c1\u6709\u4ee5\u529b\u91cf\u70ba\u50b2\u7684\u9257\u5b50\uff0c\n\u4e0d\u6703\u88ab\u5c0d\u624b\u964d\u4f4e\u653b\u64ca\u3002",
            "language": {
                "name": "zh-Hant",
                "url": "/api/v2/language/4/"
            },
            "version_group": {
                "name": "sword-shield",
                "url": "/api/v2/version-group/20/"
            }
        },
        {
            "flavor_text": "Le Pok\u00e9mon est arm\u00e9 de lames tranchantes qui font\nsa fiert\u00e9 et emp\u00eachent son Attaque de baisser.",
            "language": {
                "name": "fr",
                "url": "/api/v2/language/5/"
            },
            "version_group": {
                "name": "sword-shield",
                "url": "/api/v2/version-group/20/"
            }
        },
        {
            "flavor_text": "Hindert Angreifer durch m\u00e4chtige Scheren daran,\nden Angriffs-Wert zu senken.",
            "language": {
                "name": "de",
                "url": "/api/v2/language/6/"
            },
            "version_group": {
                "name": "sword-shield",
                "url": "/api/v2/version-group/20/"
            }
        },
        {
            "flavor_text": "Evita que el rival le baje el Ataque.",
            "language": {
                "name": "es",
                "url": "/api/v2/language/7/"
            },
            "version_group": {
                "name": "sword-shield",
                "url": "/api/v2/version-group/20/"
            }
        },
        {
            "flavor_text": "L\u2019Attacco del Pok\u00e9mon non pu\u00f2 diminuire\ngrazie alla morsa micidiale in cui \u00e8 in grado\ndi stringere i nemici.",
            "language": {
                "name": "it",
                "url": "/api/v2/language/8/"
            },
            "version_group": {
                "name": "sword-shield",
                "url": "/api/v2/version-group/20/"
            }
        },
        {
            "flavor_text": "The Pok\u00e9mon\u2019s proud of its powerful pincers. They\nprevent other Pok\u00e9mon from lowering its Attack stat.",
            "language": {
                "name": "en",
                "url": "/api/v2/language/9/"
            },
            "version_group": {
                "name": "sword-shield",
                "url": "/api/v2/version-group/20/"
            }
        },
        {
            "flavor_text": "\u529b\u81ea\u6162\u306e\u3000\u30cf\u30b5\u30df\u3092\u3000\u6301\u3063\u3066\u3044\u308b\u306e\u3067\n\u76f8\u624b\u306b\u3000\u653b\u6483\u3092\u3000\u4e0b\u3052\u3089\u308c\u306a\u3044\u3002",
            "language": {
                "name": "ja",
                "url": "/api/v2/language/11/"
            },
            "version_group": {
                "name": "sword-shield",
                "url": "/api/v2/version-group/20/"
            }
        },
        {
            "flavor_text": "\u56e0\u4e3a\u62e5\u6709\u4ee5\u529b\u91cf\u81ea\u8c6a\u7684\u94b3\u5b50\uff0c\n\u4e0d\u4f1a\u88ab\u5bf9\u624b\u964d\u4f4e\u653b\u51fb\u3002",
            "language": {
                "name": "zh-Hans",
                "url": "/api/v2/language/12/"
            },
            "version_group": {
                "name": "sword-shield",
                "url": "/api/v2/version-group/20/"
            }
        }
    ],
    "generation": {
        "name": "generation-iii",
        "url": "/api/v2/generation/3/"
    },
    "id": 52,
    "is_main_series": true,
    "name": "hyper-cutter",
    "names": [
        {
            "language": {
                "name": "ja-Hrkt",
                "url": "/api/v2/language/1/"
            },
            "name": "\u304b\u3044\u308a\u304d\u30d0\u30b5\u30df"
        },
        {
            "language": {
                "name": "ko",
                "url": "/api/v2/language/3/"
            },
            "name": "\uad34\ub825\uc9d1\uac8c"
        },
        {
            "language": {
                "name": "zh-Hant",
                "url": "/api/v2/language/4/"
            },
            "name": "\u602a\u529b\u9257"
        },
        {
            "language": {
                "name": "fr",
                "url": "/api/v2/language/5/"
            },
            "name": "Hyper Cutter"
        },
        {
            "language": {
                "name": "de",
                "url": "/api/v2/language/6/"
            },
            "name": "Scherenmacht"
        },
        {
            "language": {
                "name": "es",
                "url": "/api/v2/language/7/"
            },
            "name": "Corte Fuerte"
        },
        {
            "language": {
                "name": "it",
                "url": "/api/v2/language/8/"
            },
            "name": "Ipertaglio"
        },
        {
            "language": {
                "name": "en",
                "url": "/api/v2/language/9/"
            },
            "name": "Hyper Cutter"
        },
        {
            "language": {
                "name": "ja",
                "url": "/api/v2/language/11/"
            },
            "name": "\u304b\u3044\u308a\u304d\u30d0\u30b5\u30df"
        },
        {
            "language": {
                "name": "zh-Hans",
                "url": "/api/v2/language/12/"
            },
            "name": "\u602a\u529b\u94b3"
        }
    ],
    "pokemon": [
        {
            "is_hidden": false,
            "pokemon": {
                "name": "krabby",
                "url": "/api/v2/pokemon/98/"
            },
            "slot": 1
        },
        {
            "is_hidden": false,
            "pokemon": {
                "name": "kingler",
                "url": "/api/v2/pokemon/99/"
            },
            "slot": 1
        },
        {
            "is_hidden": false,
            "pokemon": {
                "name": "pinsir",
                "url": "/api/v2/pokemon/127/"
            },
            "slot": 1
        },
        {
            "is_hidden": false,
            "pokemon": {
                "name": "gligar",
                "url": "/api/v2/pokemon/207/"
            },
            "slot": 1
        },
        {
            "is_hidden": false,
            "pokemon": {
                "name": "mawile",
                "url": "/api/v2/pokemon/303/"
            },
            "slot": 1
        },
        {
            "is_hidden": false,
            "pokemon": {
                "name": "trapinch",
                "url": "/api/v2/pokemon/328/"
            },
            "slot": 1
        },
        {
            "is_hidden": false,
            "pokemon": {
                "name": "corphish",
                "url": "/api/v2/pokemon/341/"
            },
            "slot": 1
        },
        {
            "is_hidden": false,
            "pokemon": {
                "name": "crawdaunt",
                "url": "/api/v2/pokemon/342/"
            },
            "slot": 1
        },
        {
            "is_hidden": false,
            "pokemon": {
                "name": "gliscor",
                "url": "/api/v2/pokemon/472/"
            },
            "slot": 1
        },
        {
            "is_hidden": false,
            "pokemon": {
                "name": "crabrawler",
                "url": "/api/v2/pokemon/739/"
            },
            "slot": 1
        },
        {
            "is_hidden": false,
            "pokemon": {
                "name": "crabominable",
                "url": "/api/v2/pokemon/740/"
            },
            "slot": 1
        },
        {
            "is_hidden": false,
            "pokemon": {
                "name": "kingler-gmax",
                "url": "/api/v2/pokemon/10203/"
            },
            "slot": 1
        }
    ]
}