{
    "effect_changes": [
        {
            "effect_entries": [
                {
                    "effect": "Hat au\u00dferhalb vom Kampf keinen Effekt.",
                    "language": {
                        "name": "de",
                        "url": "/api/v2/language/6/"
                    }
                },
                {
                    "effect": "Has no overworld effect.",
                    "language": {
                        "name": "en",
                        "url": "/api/v2/language/9/"
                    }
                }
            ],
            "version_group": {
                "name": "emerald",
                "url": "/api/v2/version-group/6/"
            }
        }
    ],
    "effect_entries": [
        {
            "effect": "Wenn ein Pok\u00e9mon mit dieser F\u00e4higkeit von einer Attacke mit Kontakt getroffen wird, besteht eine 30% Chance, dass der Angreifer paralysiert wird.\n\nPok\u00e9mon die immun gegen electric Attacken sind k\u00f6nnen trotzdem von dieser F\u00e4higkeit paralysiert werden.\n\nAu\u00dferhalb vom Kampf: Wenn ein Pok\u00e9mon mit dieser F\u00e4higkeit an erster Stelle im Team steht, besteht eine 50% Chance einem electric Pok\u00e9mon zu begegnen, falls es welche gibt.",
            "language": {
                "name": "de",
                "url": "/api/v2/language/6/"
            },
            "short_effect": "30% Chance das angreifende Pok\u00e9mon bei Kontakt zu paralysieren."
        },
        {
            "effect": "Whenever a move makes contact with this Pok\u00e9mon, the move's user has a 30% chance of being paralyzed.\n\nPok\u00e9mon that are immune to electric-type moves can still be paralyzed by this ability.\n\nOverworld: If the lead Pok\u00e9mon has this ability, there is a 50% chance that encounters will be with an electric Pok\u00e9mon, if applicable.",
            "language": {
                "name": "en",
                "url": "/api/v2/language/9/"
            },
            "short_effect": "Has a 30% chance of paralyzing attacking Pok\u00e9mon on contact."
        }
    ],
    "flavor_text_entries": [
        {
            "flavor_text": "Paralyzes on contact.",
            "language": {
                "name": "en",
                "url": "/api/v2/language/9/"
            },
            "version_group": {
                "name": "ruby-sapphire",
                "url": "/api/v2/version-group/5/"
            }
        },
        {
            "flavor_text": "Paralyzes on contact.",
            "language": {
                "name": "en",
                "url": "/api/v2/language/9/"
            },
            "version_group": {
                "name": "emerald",
                "url": "/api/v2/version-group/6/"
            }
        },
        {
            "flavor_text": "Paralyzes on contact.",
            "language": {
                "name": "en",
                "url": "/api/v2/language/9/"
            },
            "version_group": {
                "name": "firered-leafgreen",
                "url": "/api/v2/version-group/7/"
            }
        },
        {
            "flavor_text": "Contact with the Pok\u00e9mon\nmay cause paralysis.",
            "language": {
                "name": "en",
                "url": "/api/v2/language/9/"
            },
            "version_group": {
                "name": "diamond-pearl",
                "url": "/api/v2/version-group/8/"
            }
        },
        {
            "flavor_text": "Contact with the Pok\u00e9mon\nmay cause paralysis.",
            "language": {
                "name": "en",
                "url": "/api/v2/language/9/"
            },
            "version_group": {
                "name": "platinum",
                "url": "/api/v2/version-group/9/"
            }
        },
        {
            "flavor_text": "Contact with the Pok\u00e9mon\nmay cause paralysis.",
            "language": {
                "name": "en",
                "url": "/api/v2/language/9/"
            },
            "version_group": {
                "name": "heartgold-soulsilver",
                "url": "/api/v2/version-group/10/"
            }
        },
        {
            "flavor_text": "Un contact avec le\nPok\u00e9mon peut paralyser.",
            "language": {
                "name": "fr",
                "url": "/api/v2/language/5/"
            },
            "version_group": {
                "name": "black-white",
                "url": "/api/v2/version-group/11/"
            }
        },
        {
            "flavor_text": "Contact with the Pok\u00e9mon\nmay cause paralysis.",
            "language": {
                "name": "en",
                "url": "/api/v2/language/9/"
            },
            "version_group": {
                "name": "black-white",
                "url": "/api/v2/version-group/11/"
            }
        },
        {
            "flavor_text": "Contact with the Pok\u00e9mon\nmay cause paralysis.",
            "language": {
                "name": "en",
                "url": "/api/v2/language/9/"
            },
            "version_group": {
                "name": "black-2-white-2",
                "url": "/api/v2/version-group/14/"
            }
        },
        {
            "flavor_text": "\u3055\u308f\u3063\u305f\u3000\u3042\u3044\u3066\u3092\n\u307e\u3072\u3055\u305b\u308b\u3000\u3053\u3068\u304c\u3042\u308b\u3002",
            "language": {
                "name": "ja-Hrkt",
                "url": "/api/v2/language/1/"
            },
            "version_group": {
                "name": "x-y",
                "url": "/api/v2/version-group/15/"
            }
        },
        {
            "flavor_text": "\uc811\ucd09\ud55c \uc0c1\ub300\ub97c\n\ub9c8\ube44\uc2dc\ud0ac \ub54c\uac00 \uc788\ub2e4.",
            "language": {
                "name": "ko",
                "url": "/api/v2/language/3/"
            },
            "version_group": {
                "name": "x-y",
                "url": "/api/v2/version-group/15/"
            }
        },
        {
            "flavor_text": "Un contact avec le Pok\u00e9mon\npeut paralyser.",
            "language": {
                "name": "fr",
                "url": "/api/v2/language/5/"
            },
            "version_group": {
                "name": "x-y",
                "url": "/api/v2/version-group/15/"
            }
        },
        {
            "flavor_text": "Kann bei Ber\u00fchrung paralysieren.",
            "language": {
                "name": "de",
                "url": "/api/v2/language/6/"
            },
            "version_group": {
                "name": "x-y",
                "url": "/api/v2/version-group/15/"
            }
        },
        {
            "flavor_text": "Puede paralizar al m\u00ednimo\ncontacto.",
            "language": {
                "name": "es",
                "url": "/api/v2/language/7/"
            },
            "version_group": {
                "name": "x-y",
                "url": "/api/v2/version-group/15/"
            }
        },
        {
            "flavor_text": "Il contatto fisico con il Pok\u00e9mon\npu\u00f2 causare paralisi.",
            "language": {
                "name": "it",
                "url": "/api/v2/language/8/"
            },
            "version_group": {
                "name": "x-y",
                "url": "/api/v2/version-group/15/"
            }
        },
        {
            "flavor_text": "Contact with the Pok\u00e9mon\nmay cause paralysis.",
            "language": {
                "name": "en",
                "url": "/api/v2/language/9/"
            },
            "version_group": {
                "name": "x-y",
                "url": "/api/v2/version-group/15/"
            }
        },
        {
            "flavor_text": "\u89e6\u3063\u305f\u3000\u76f8\u624b\u3092\n\u307e\u3072\u3055\u305b\u308b\u3000\u3053\u3068\u304c\u3042\u308b\u3002",
            "language": {
                "name": "ja",
                "url": "/api/v2/language/11/"
            },
            "version_group": {
                "name": "x-y",
                "url": "/api/v2/version-group/15/"
            }
        },
        {
            "flavor_text": "\u3055\u308f\u3063\u305f\u3000\u3042\u3044\u3066\u3092\n\u307e\u3072\u3055\u305b\u308b\u3000\u3053\u3068\u304c\u3042\u308b\u3002",
            "language": {
                "name": "ja-Hrkt",
                "url": "/api/v2/language/1/"
            },
            "version_group": {
                "name": "omega-ruby-alpha-sapphire",
                "url": "/api/v2/version-group/16/"
            }
        },
        {
            "flavor_text": "\uc811\ucd09\ud55c \uc0c1\ub300\ub97c\n\ub9c8\ube44\uc2dc\ud0ac \ub54c\uac00 \uc788\ub2e4.",
            "language": {
                "name": "ko",
                "url": "/api/v2/language/3/"
            },
            "version_group": {
                "name": "omega-ruby-alpha-sapphire",
                "url": "/api/v2/version-group/16/"
            }
        },
        {
            "flavor_text": "Un contact avec le Pok\u00e9mon\npeut paralyser.",
            "language": {
                "name": "fr",
                "url": "/api/v2/language/5/"
            },
            "version_group": {
                "name": "omega-ruby-alpha-sapphire",
                "url": "/api/v2/version-group/16/"
            }
        },
        {
            "flavor_text": "Kann bei Ber\u00fchrung paralysieren.",
            "language": {
                "name": "de",
                "url": "/api/v2/language/6/"
            },
            "version_group": {
                "name": "omega-ruby-alpha-sapphire",
                "url": "/api/v2/version-group/16/"
            }
        },
        {
            "flavor_text": "Puede paralizar al m\u00ednimo\ncontacto.",
            "language": {
                "name": "es",
                "url": "/api/v2/language/7/"
            },
            "version_group": {
                "name": "omega-ruby-alpha-sapphire",
                "url": "/api/v2/version-group/16/"
            }
        },
        {
            "flavor_text": "Il contatto fisico con il Pok\u00e9mon\npu\u00f2 causare paralisi.",
            "language": {
                "name": "it",
                "url": "/api/v2/language/8/"
            },
            "version_group": {
                "name": "omega-ruby-alpha-sapphire",
                "url": "/api/v2/version-group/16/"
            }
        },
        {
            "flavor_text": "Contact with the Pok\u00e9mon\nmay cause paralysis.",
            "language": {
                "name": "en",
                "url": "/api/v2/language/9/"
            },
            "version_group": {
                "name": "omega-ruby-alpha-sapphire",
                "url": "/api/v2/version-group/16/"
            }
        },
        {
            "flavor_text": "\u89e6\u3063\u305f\u3000\u76f8\u624b\u3092\n\u307e\u3072\u3055\u305b\u308b\u3000\u3053\u3068\u304c\u3042\u308b\u3002",
            "language": {
                "name": "ja",
                "url": "/api/v2/language/11/"
            },
            "version_group": {
                "name": "omega-ruby-alpha-sapphire",
                "url": "/api/v2/version-group/16/"
            }
        },
        {
            "flavor_text": "\u305b\u3044\u3067\u3093\u304d\u3092\u3000\u304b\u3089\u3060\u306b\u3000\u307e\u3068\u3044\n\u3055\u308f\u3063\u305f\u3000\u3042\u3044\u3066\u3092\n\u307e\u3072\u3055\u305b\u308b\u3000\u3053\u3068\u304c\u3042\u308b\u3002",
            "language": {
                "name": "ja-Hrkt",
                "url": "/api/v2/language/1/"
            },
            "version_group": {
                "name": "sun-moon",
                "url": "/api/v2/version-group/17/"
            }
        },
        {
            "flavor_text": "\uc815\uc804\uae30\ub97c \ubab8\uc5d0 \ub458\ub7ec\n\uc811\ucd09\ud55c \uc0c1\ub300\ub97c\n\ub9c8\ube44\uc2dc\ud0ac \ub54c\uac00 \uc788\ub2e4.",
            "language": {
                "name": "ko",
                "url": "/api/v2/language/3/"
            },
            "version_group": {
                "name": "sun-moon",
                "url": "/api/v2/version-group/17/"
            }
        },
        {
            "flavor_text": "\u8eab\u4e0a\u5e36\u6709\u975c\u96fb\uff0c\n\u6709\u6642\u6703\u4ee4\u63a5\u89f8\u5230\u7684\u5c0d\u624b\u9ebb\u75fa\u3002",
            "language": {
                "name": "zh-Hant",
                "url": "/api/v2/language/4/"
            },
            "version_group": {
                "name": "sun-moon",
                "url": "/api/v2/version-group/17/"
            }
        },
        {
            "flavor_text": "Le Pok\u00e9mon charge son corps en \u00e9lectricit\u00e9 statique,\net tout contact avec lui peut paralyser.",
            "language": {
                "name": "fr",
                "url": "/api/v2/language/5/"
            },
            "version_group": {
                "name": "sun-moon",
                "url": "/api/v2/version-group/17/"
            }
        },
        {
            "flavor_text": "Kann bei Ber\u00fchrung durch statisch aufgeladenen\nK\u00f6rper paralysieren.",
            "language": {
                "name": "de",
                "url": "/api/v2/language/6/"
            },
            "version_group": {
                "name": "sun-moon",
                "url": "/api/v2/version-group/17/"
            }
        },
        {
            "flavor_text": "La electricidad est\u00e1tica que lo envuelve puede\nparalizar al m\u00ednimo contacto.",
            "language": {
                "name": "es",
                "url": "/api/v2/language/7/"
            },
            "version_group": {
                "name": "sun-moon",
                "url": "/api/v2/version-group/17/"
            }
        },
        {
            "flavor_text": "Il contatto fisico con il corpo percorso\ndall\u2019elettricit\u00e0 statica del Pok\u00e9mon pu\u00f2\ncausare paralisi.",
            "language": {
                "name": "it",
                "url": "/api/v2/language/8/"
            },
            "version_group": {
                "name": "sun-moon",
                "url": "/api/v2/version-group/17/"
            }
        },
        {
            "flavor_text": "The Pok\u00e9mon is charged with static electricity, so\ncontact with it may cause paralysis.",
            "language": {
                "name": "en",
                "url": "/api/v2/language/9/"
            },
            "version_group": {
                "name": "sun-moon",
                "url": "/api/v2/version-group/17/"
            }
        },
        {
            "flavor_text": "\u9759\u96fb\u6c17\u3092\u3000\u4f53\u306b\u3000\u307e\u3068\u3044\n\u89e6\u3063\u305f\u3000\u76f8\u624b\u3092\n\u307e\u3072\u3055\u305b\u308b\u3000\u3053\u3068\u304c\u3042\u308b\u3002",
            "language": {
                "name": "ja",
                "url": "/api/v2/language/11/"
            },
            "version_group": {
                "name": "sun-moon",
                "url": "/api/v2/version-group/17/"
            }
        },
        {
            "flavor_text": "\u8eab\u4e0a\u5e26\u6709\u9759\u7535\uff0c\n\u6709\u65f6\u4f1a\u8ba9\u63a5\u89e6\u5230\u7684\u5bf9\u624b\u9ebb\u75f9\u3002",
            "language": {
                "name": "zh-Hans",
                "url": "/api/v2/language/12/"
            },
            "version_group": {
                "name": "sun-moon",
                "url": "/api/v2/version-group/17/"
            }
        },
        {
            "flavor_text": "\u305b\u3044\u3067\u3093\u304d\u3092\u3000\u304b\u3089\u3060\u306b\u3000\u307e\u3068\u3044\n\u3055\u308f\u3063\u305f\u3000\u3042\u3044\u3066\u3092\n\u307e\u3072\u3055\u305b\u308b\u3000\u3053\u3068\u304c\u3042\u308b\u3002",
            "language": {
                "name": "ja-Hrkt",
                "url": "/api/v2/language/1/"
            },
            "version_group": {
                "name": "ultra-sun-ultra-moon",
                "url": "/api/v2/version-group/18/"
            }
        },
        {
            "flavor_text": "\uc815\uc804\uae30\ub97c \ubab8\uc5d0 \ub458\ub7ec\n\uc811\ucd09\ud55c \uc0c1\ub300\ub97c\n\ub9c8\ube44\uc2dc\ud0ac \ub54c\uac00 \uc788\ub2e4.",
            "language": {
                "name": "ko",
                "url": "/api/v2/language/3/"
            },
            "version_group": {
                "name": "ultra-sun-ultra-moon",
                "url": "/api/v2/version-group/18/"
            }
        },
        {
            "flavor_text": "\u8eab\u4e0a\u5e36\u6709\u975c\u96fb\uff0c\n\u6709\u6642\u6703\u4ee4\u63a5\u89f8\u5230\u7684\u5c0d\u624b\u9ebb\u75fa\u3002",
            "language": {
                "name": "zh-Hant",
                "url": "/api/v2/language/4/"
            },
            "version_group": {
                "name": "ultra-sun-ultra-moon",
                "url": "/api/v2/version-group/18/"
            }
        },
        {
            "flavor_text": "Le Pok\u00e9mon charge son corps en \u00e9lectricit\u00e9 statique,\net tout contact avec lui peut paralyser.",
            "language": {
                "name": "fr",
                "url": "/api/v2/language/5/"
            },
            "version_group": {
                "name": "ultra-sun-ultra-moon",
                "url": "/api/v2/version-group/18/"
            }
        },
        {
            "flavor_text": "Kann bei Ber\u00fchrung durch statisch aufgeladenen\nK\u00f6rper paralysieren.",
            "language": {
                "name": "de",
                "url": "/api/v2/language/6/"
            },
            "version_group": {
                "name": "ultra-sun-ultra-moon",
                "url": "/api/v2/version-group/18/"
            }
        },
        {
            "flavor_text": "La electricidad est\u00e1tica que lo envuelve puede\nparalizar al m\u00ednimo contacto.",
            "language": {
                "name": "es",
                "url": "/api/v2/language/7/"
            },
            "version_group": {
                "name": "ultra-sun-ultra-moon",
                "url": "/api/v2/version-group/18/"
            }
        },
        {
            "flavor_text": "Il contatto fisico con il corpo percorso\ndall\u2019elettricit\u00e0 statica del Pok\u00e9mon pu\u00f2\ncausare paralisi.",
            "language": {
                "name": "it",
                "url": "/api/v2/language/8/"
            },
            "version_group": {
                "name": "ultra-sun-ultra-moon",
                "url": "/api/v2/version-group/18/"
            }
        },
        {
            "flavor_text": "The Pok\u00e9mon is charged with static electricity, so\ncontact with it may cause paralysis.",
            "language": {
                "name": "en",
                "url": "/api/v2/language/9/"
            },
            "version_group": {
                "name": "ultra-sun-ultra-moon",
                "url": "/api/v2/version-group/18/"
            }
        },
        {
            "flavor_text": "\u9759\u96fb\u6c17\u3092\u3000\u4f53\u306b\u3000\u307e\u3068\u3044\n\u89e6\u3063\u305f\u3000\u76f8\u624b\u3092\n\u307e\u3072\u3055\u305b\u308b\u3000\u3053\u3068\u304c\u3042\u308b\u3002",
            "language": {
                "name": "ja",
                "url": "/api/v2/language/11/"
            },
            "version_group": {
                "name": "ultra-sun-ultra-moon",
                "url": "/api/v2/version-group/18/"
            }
        },
        {
            "flavor_text": "\u8eab\u4e0a\u5e26\u6709\u9759\u7535\uff0c\n\u6709\u65f6\u4f1a\u8ba9\u63a5\u89e6\u5230\u7684\u5bf9\u624b\u9ebb\u75f9\u3002",
            "language": {
                "name": "zh-Hans",
                "url": "/api/v2/language/12/"
            },
            "version_group": {
                "name": "ultra-sun-ultra-moon",
                "url": "/api/v2/version-group/18/"
            }
        },
        {
            "flavor_text": "\u305b\u3044\u3067\u3093\u304d\u3092\u3000\u304b\u3089\u3060\u306b\u3000\u307e\u3068\u3044\n\u3055\u308f\u3063\u305f\u3000\u3042\u3044\u3066\u3092\n\u307e\u3072\u3055\u305b\u308b\u3000\u3053\u3068\u304c\u3042\u308b\u3002",
            "language": {
                "name": "ja-Hrkt",
                "url": "/api/v2/language/1/"
            },
            "version_group": {
                "name": "lets-go-pikachu-lets-go-eevee",
                "url": "/api/v2/version-group/19/"
            }
        },
        {
            "flavor_text": "\uc815\uc804\uae30\ub97c \ubab8\uc5d0 \ub458\ub7ec\n\uc811\ucd09\ud55c \uc0c1\ub300\ub97c\n\ub9c8\ube44\uc2dc\ud0ac \ub54c\uac00 \uc788\ub2e4.",
            "language": {
                "name": "ko",
                "url": "/api/v2/language/3/"
            },
            "version_group": {
                "name": "lets-go-pikachu-lets-go-eevee",
                "url": "/api/v2/version-group/19/"
            }
        },
        {
            "flavor_text": "\u8eab\u4e0a\u5e36\u6709\u975c\u96fb\uff0c\n\u6709\u6642\u6703\u4ee4\u63a5\u89f8\u5230\u7684\u5c0d\u624b\u9ebb\u75fa\u3002",
            "language": {
                "name": "zh-Hant",
                "url": "/api/v2/language/4/"
            },
            "version_group": {
                "name": "lets-go-pikachu-lets-go-eevee",
                "url": "/api/v2/version-group/19/"
            }
        },
        {
            "flavor_text": "Le Pok\u00e9mon charge son corps en \u00e9lectricit\u00e9 statique,\net tout contact avec lui peut paralyser.",
            "language": {
                "name": "fr",
                "url": "/api/v2/language/5/"
            },
            "version_group": {
                "name": "lets-go-pikachu-lets-go-eevee",
                "url": "/api/v2/version-group/19/"
            }
        },
        {
            "flavor_text": "Kann bei Ber\u00fchrung durch statisch aufgeladenen\nK\u00f6rper paralysieren.",
            "language": {
                "name": "de",
                "url": "/api/v2/language/6/"
            },
            "version_group": {
                "name": "lets-go-pikachu-lets-go-eevee",
                "url": "/api/v2/version-group/19/"
            }
        },
        {
            "flavor_text": "La electricidad est\u00e1tica que lo envuelve puede\nparalizar al m\u00ednimo contacto.",
            "language": {
                "name": "es",
                "url": "/api/v2/language/7/"
            },
            "version_group": {
                "name": "lets-go-pikachu-lets-go-eevee",
                "url": "/api/v2/version-group/19/"
            }
        },
        {
            "flavor_text": "Il contatto fisico con il corpo percorso\ndall\u2019elettricit\u00e0 statica del Pok\u00e9mon pu\u00f2\ncausare paralisi.",
            "language": {
                "name": "it",
                "url": "/api/v2/language/8/"
            },
            "version_group": {
                "name": "lets-go-pikachu-lets-go-eevee",
                "url": "/api/v2/version-group/19/"
            }
        },
        {
            "flavor_text": "The Pok\u00e9mon is charged with static electricity, so\ncontact with it may cause paralysis.",
            "language": {
                "name": "en",
                "url": "/api/v2/language/9/"
            },
            "version_group": {
                "name": "lets-go-pikachu-lets-go-eevee",
                "url": "/api/v2/version-group/19/"
            }
        },
        {
            "flavor_text": "\u9759\u96fb\u6c17\u3092\u3000\u4f53\u306b\u3000\u307e\u3068\u3044\n\u89e6\u3063\u305f\u3000\u76f8\u624b\u3092\n\u307e\u3072\u3055\u305b\u308b\u3000\u3053\u3068\u304c\u3042\u308b\u3002",
            "language": {
                "name": "ja",
                "url": "/api/v2/language/11/"
            },
            "version_group": {
                "name": "lets-go-pikachu-lets-go-eevee",
                "url": "/api/v2/version-group/19/"
            }
        },
        {
            "flavor_text": "\u8eab\u4e0a\u5e26\u6709\u9759\u7535\uff0c\n\u6709\u65f6\u4f1a\u8ba9\u63a5\u89e6\u5230\u7684\u5bf9\u624b\u9ebb\u75f9\u3002",
            "language": {
                "name": "zh-Hans",
                "url": "/api/v2/language/12/"
            },
            "version_group": {
                "name": "lets-go-pikachu-lets-go-eevee",
                "url": "/api/v2/version-group/19/"
            }
        },
        {
            "flavor_text": "\u305b\u3044\u3067\u3093\u304d\u3092\u3000\u304b\u3089\u3060\u306b\u3000\u307e\u3068\u3044\n\u3055\u308f\u3063\u305f\u3000\u3042\u3044\u3066\u3092\n\u307e\u3072\u3055\u305b\u308b\u3000\u3053\u3068\u304c\u3042\u308b\u3002",
            "language": {
                "name": "ja-Hrkt",
                "url": "/api/v2/language/1/"
            },
            "version_group": {
                "name": "sword-shield",
                "url": "/api/v2/version-group/20/"
            }
        },
        {
            "flavor_text": "\uc815\uc804\uae30\ub97c \ubab8\uc5d0 \ub458\ub7ec\n\uc811\ucd09\ud55c \uc0c1\ub300\ub97c\n\ub9c8\ube44\uc2dc\ud0ac \ub54c\uac00 \uc788\ub2e4.",
            "language": {
                "name": "ko",
                "url": "/api/v2/language/3/"
            },
            "version_group": {
                "name": "sword-shield",
                "url": "/api/v2/version-group/20/"
            }
        },
        {
            "flavor_text": "\u8eab\u4e0a\u5e36\u6709\u975c\u96fb\uff0c\n\u6709\u6642\u6703\u4ee4\u63a5\u89f8\u5230\u7684\u5c0d\u624b\u9ebb\u75fa\u3002",
            "language": {
                "name": "zh-Hant",
                "url": "/api/v2/language/4/"
            },
            "version_group": {
                "name": "sword-shield",
                "url": "/api/v2/version-group/20/"
            }
        },
        {
            "flavor_text": "Le Pok\u00e9mon charge son corps en \u00e9lectricit\u00e9 statique,\net tout contact avec lui peut paralyser.",
            "language": {
                "name": "fr",
                "url": "/api/v2/language/5/"
            },
            "version_group": {
                "name": "sword-shield",
                "url": "/api/v2/version-group/20/"
            }
        },
        {
            "flavor_text": "Kann bei Ber\u00fchrung durch statisch aufgeladenen K\u00f6rper\nparalysieren.",
            "language": {
                "name": "de",
                "url": "/api/v2/language/6/"
            },
            "version_group": {
                "name": "sword-shield",
                "url": "/api/v2/version-group/20/"
            }
        },
        {
            "flavor_text": "La electricidad est\u00e1tica que lo envuelve puede paralizar\nal m\u00ednimo contacto.",
            "language": {
                "name": "es",
                "url": "/api/v2/language/7/"
            },
            "version_group": {
                "name": "sword-shield",
                "url": "/api/v2/version-group/20/"
            }
        },
        {
            "flavor_text": "Il contatto fisico con il corpo percorso\ndall\u2019elettricit\u00e0 statica del Pok\u00e9mon pu\u00f2\ncausare paralisi.",
            "language": {
                "name": "it",
                "url": "/api/v2/language/8/"
            },
            "version_group": {
                "name": "sword-shield",
                "url": "/api/v2/version-group/20/"
            }
        },
        {
            "flavor_text": "The Pok\u00e9mon is charged with static electricity, so\ncontact with it may cause paralysis.",
            "language": {
                "name": "en",
                "url": "/api/v2/language/9/"
            },
            "version_group": {
                "name": "sword-shield",
                "url": "/api/v2/version-group/20/"
            }
        },
        {
            "flavor_text": "\u9759\u96fb\u6c17\u3092\u3000\u4f53\u306b\u3000\u307e\u3068\u3044\n\u89e6\u3063\u305f\u3000\u76f8\u624b\u3092\n\u307e\u3072\u3055\u305b\u308b\u3000\u3053\u3068\u304c\u3042\u308b\u3002",
            "language": {
                "name": "ja",
                "url": "/api/v2/language/11/"
            },
            "version_group": {
                "name": "sword-shield",
                "url": "/api/v2/version-group/20/"
            }
        },
        {
            "flavor_text": "\u8eab\u4e0a\u5e26\u6709\u9759\u7535\uff0c\n\u6709\u65f6\u4f1a\u8ba9\u63a5\u89e6\u5230\u7684\u5bf9\u624b\u9ebb\u75f9\u3002",
            "language": {
                "name": "zh-Hans",
                "url": "/api/v2/language/12/"
            },
            "version_group": {
                "name": "sword-shield",
                "url": "/api/v2/version-group/20/"
            }
        }
    ],
    "generation": {
        "name": "generation-iii",
        "url": "/api/v2/generation/3/"
    },
    "id": 9,
    "is_main_series": true,
    "name": "static",
    "names": [
        {
            "language": {
                "name": "ja-Hrkt",
                "url": "/api/v2/language/1/"
            },
            "name": "\u305b\u3044\u3067\u3093\u304d"
        },
        {
            "language": {
                "name": "ko",
                "url": "/api/v2/language/3/"
            },
            "name": "\uc815\uc804\uae30"
        },
        {
            "language": {
                "name": "zh-Hant",
                "url": "/api/v2/language/4/"
            },
            "name": "\u975c\u96fb"
        },
        {
            "language": {
                "name": "fr",
                "url": "/api/v2/language/5/"
            },
            "name": "Statik"
        },
        {
            "language": {
                "name": "de",
                "url": "/api/v2/language/6/"
            },
            "name": "Statik"
        },
        {
            "language": {
                "name": "es",
                "url": "/api/v2/language/7/"
            },
            "name": "Elec. Est\u00e1tica"
        },
        {
            "language": {
                "name": "it",
                "url": "/api/v2/language/8/"
            },
            "name": "Statico"
        },
        {
            "language": {
                "name": "en",
                "url": "/api/v2/language/9/"
            },
            "name": "Static"
        },
        {
            "language": {
                "name": "ja",
                "url": "/api/v2/language/11/"
            },
            "name": "\u305b\u3044\u3067\u3093\u304d"
        },
        {
            "language": {
                "name": "zh-Hans",
                "url": "/api/v2/language/12/"
            },
            "name": "\u9759\u7535"
        }
    ],
    "pokemon": [
        {
            "is_hidden": false,
            "pokemon": {
                "name": "pikachu",
                "url": "/api/v2/pokemon/25/"
            },
            "slot": 1
        },
        {
            "is_hidden": false,
            "pokemon": {
                "name": "raichu",
                "url": "/api/v2/pokemon/26/"
            },
            "slot": 1
        },
        {
            "is_hidden": false,
            "pokemon": {
                "name": "voltorb",
                "url": "/api/v2/pokemon/100/"
            },
            "slot": 2
        },
        {
            "is_hidden": false,
            "pokemon": {
                "name": "electrode",
                "url": "/api/v2/pokemon/101/"
            },
            "slot": 2
        },
        {
            "is_hidden": false,
            "pokemon": {
                "name": "electabuzz",
                "url": "/api/v2/pokemon/125/"
            },
            "slot": 1
        },
        {
            "is_hidden": true,
            "pokemon": {
                "name": "zapdos",
                "url": "/api/v2/pokemon/145/"
            },
            "slot": 3
        },
        {
            "is_hidden": false,
            "pokemon": {
                "name": "pichu",
                "url": "/api/v2/pokemon/172/"
            },
            "slot": 1
        },
        {
            "is_hidden": false,
            "pokemon": {
                "name": "mareep",
                "url": "/api/v2/pokemon/179/"
            },
            "slot": 1
        },
        {
            "is_hidden": false,
            "pokemon": {
                "name": "flaaffy",
                "url": "/api/v2/pokemon/180/"
            },
            "slot": 1
        },
        {
            "is_hidden": false,
            "pokemon": {
                "name": "ampharos",
                "url": "/api/v2/pokemon/181/"
            },
            "slot": 1
        },
        {
            "is_hidden": false,
            "pokemon": {
                "name": "elekid",
                "url": "/api/v2/pokemon/239/"
            },
            "slot": 1
        },
        {
            "is_hidden": false,
            "pokemon": {
                "name": "electrike",
                "url": "/api/v2/pokemon/309/"
            },
            "slot": 1
        },
        {
            "is_hidden": false,
            "pokemon": {
                "name": "manectric",
                "url": "/api/v2/pokemon/310/"
            },
            "slot": 1
        },
        {
            "is_hidden": false,
            "pokemon": {
                "name": "emolga",
                "url": "/api/v2/pokemon/587/"
            },
            "slot": 1
        },
        {
            "is_hidden": false,
            "pokemon": {
                "name": "stunfisk",
                "url": "/api/v2/pokemon/618/"
            },
            "slot": 1
        },
        {
            "is_hidden": false,
            "pokemon": {
                "name": "toxel",
                "url": "/api/v2/pokemon/848/"
            },
            "slot": 2
        },
        {
            "is_hidden": false,
            "pokemon": {
                "name": "arctozolt",
                "url": "/api/v2/pokemon/881/"
            },
            "slot": 2
        },
        {
            "is_hidden": false,
            "pokemon": {
                "name": "pawmi",
                "url": "/api/v2/pokemon/921/"
            },
            "slot": 1
        },
        {
            "is_hidden": false,
            "pokemon": {
                "name": "tadbulb",
                "url": "/api/v2/pokemon/938/"
            },
            "slot": 2
        },
        {
            "is_hidden": false,
            "pokemon": {
                "name": "bellibolt",
                "url": "/api/v2/pokemon/939/"
            },
            "slot": 2
        },
        {
            "is_hidden": false,
            "pokemon": {
                "name": "pikachu-rock-star",
                "url": "/api/v2/pokemon/10080/"
            },
            "slot": 1
        },
        {
            "is_hidden": false,
            "pokemon": {
                "name": "pikachu-belle",
                "url": "/api/v2/pokemon/10081/"
            },
            "slot": 1
        },
        {
            "is_hidden": false,
            "pokemon": {
                "name": "pikachu-pop-star",
                "url": "/api/v2/pokemon/10082/"
            },
            "slot": 1
        },
        {
            "is_hidden": false,
            "pokemon": {
                "name": "pikachu-phd",
                "url": "/api/v2/pokemon/10083/"
            },
            "slot": 1
        },
        {
            "is_hidden": false,
            "pokemon": {
                "name": "pikachu-libre",
                "url": "/api/v2/pokemon/10084/"
            },
            "slot": 1
        },
        {
            "is_hidden": false,
            "pokemon": {
                "name": "pikachu-cosplay",
                "url": "/api/v2/pokemon/10085/"
            },
            "slot": 1
        },
        {
            "is_hidden": false,
            "pokemon": {
                "name": "pikachu-original-cap",
                "url": "/api/v2/pokemon/10094/"
            },
            "slot": 1
        },
        {
            "is_hidden": false,
            "pokemon": {
                "name": "pikachu-hoenn-cap",
                "url": "/api/v2/pokemon/10095/"
            },
            "slot": 1
        },
        {
            "is_hidden": false,
            "pokemon": {
                "name": "pikachu-sinnoh-cap",
                "url": "/api/v2/pokemon/10096/"
            },
            "slot": 1
        },
        {
            "is_hidden": false,
            "pokemon": {
                "name": "pikachu-unova-cap",
                "url": "/api/v2/pokemon/10097/"
            },
            "slot": 1
        },
        {
            "is_hidden": false,
            "pokemon": {
                "name": "pikachu-kalos-cap",
                "url": "/api/v2/pokemon/10098/"
            },
            "slot": 1
        },
        {
            "is_hidden": false,
            "pokemon": {
                "name": "pikachu-alola-cap",
                "url": "/api/v2/pokemon/10099/"
            },
            "slot": 1
        },
        {
            "is_hidden": false,
            "pokemon": {
                "name": "pikachu-partner-cap",
                "url": "/api/v2/pokemon/10148/"
            },
            "slot": 1
        },
        {
            "is_hidden": false,
            "pokemon": {
                "name": "pikachu-starter",
                "url": "/api/v2/pokemon/10158/"
            },
            "slot": 1
        },
        {
            "is_hidden": false,
            "pokemon": {
                "name": "pikachu-world-cap",
                "url": "/api/v2/pokemon/10160/"
            },
            "slot": 1
        },
        {
            "is_hidden": false,
            "pokemon": {
                "name": "pikachu-gmax",
                "url": "/api/v2/pokemon/10199/"
            },
            "slot": 1
        },
        {
            "is_hidden": false,
            "pokemon": {
                "name": "voltorb-hisui",
                "url": "/api/v2/pokemon/10231/"
            },
            "slot": 2
        },
        {
            "is_hidden": false,
            "pokemon": {
                "name": "electrode-hisui",
                "url": "/api/v2/pokemon/10232/"
            },
            "slot": 2
        }
    ]
}