{
    "descriptions": [
        {
            "description": "\u3061\u3087\u3063\u3068\u3000\u304a\u3053\u308a\u3063\u307d\u3044",
            "language": {
                "name": "ja-Hrkt",
                "url": "/api/v2/language/1/"
            }
        },
        {
            "description": "\uc57d\uac04 \ud654\ub97c \uc798 \ub0b4\ub294 \uc131\ubbf8\uc784",
            "language": {
                "name": "ko",
                "url": "/api/v2/language/3/"
            }
        },
        {
            "description": "\u6709\u9ede\u5bb9\u6613\u751f\u6c23",
            "language": {
                "name": "zh-Hant",
                "url": "/api/v2/language/4/"
            }
        },
        {
            "description": "Il est un peu col\u00e9reux",
            "language": {
                "name": "fr",
                "url": "/api/v2/language/5/"
            }
        },
        {
            "description": "Besitzt Temperament",
            "language": {
                "name": "de",
                "url": "/api/v2/language/6/"
            }
        },
        {
            "description": "A veces se enfada",
            "language": {
                "name": "es",
                "url": "/api/v2/language/7/"
            }
        },
        {
            "description": "Si arrabbia facilmente",
            "language": {
                "name": "it",
                "url": "/api/v2/language/8/"
            }
        },
        {
            "description": "A little quick tempered",
            "language": {
                "name": "en",
                "url": "/api/v2/language/9/"
            }
        },
        {
            "description": "\u3061\u3087\u3063\u3068\u3000\u6012\u308a\u3063\u307d\u3044",
            "language": {
                "name": "ja",
                "url": "/api/v2/language/11/"
            }
        },
        {
            "description": "\u6709\u70b9\u5bb9\u6613\u751f\u6c14",
            "language": {
                "name": "zh-Hans",
                "url": "/api/v2/language/12/"
            }
        }
    ],
    "gene_modulo": 2,
    "highest_stat": {
        "name": "attack",
        "url": "/api/v2/stat/2/"
    },
    "id": 14,
    "possible_values": [
        2,
        7,
        12,
        17,
        22,
        27
    ]
}