{
    "effect_changes": [],
    "effect_entries": [
        {
            "effect": "Wenn ein Pok\u00e9mon mit dieser F\u00e4higkeit den Kampf betritt und ein Gegner eine Attacke hat die super effective gegen das Pok\u00e9mon ist, self destruct, explosion oder eine K.O.-Attacke hat, werden alle Trainer dar\u00fcber benachrichtigt.\n\nDie Attacke selbst wird nicht angek\u00fcndigt, nur ihre Anwesenheit. Attacken die typenlosen Schaden verursachen, wie future sight und Attacken mit variablen Typ, wie hidden power, werden nach ihrem angezeigten Typ gez\u00e4hlt. counter, metal burst, mirror coat und K.O.-Attacken gegen die das Pok\u00e9mon immun ist werden nicht gez\u00e4hlt.",
            "language": {
                "name": "de",
                "url": "/api/v2/language/6/"
            },
            "short_effect": "Benachrichtigt alle Trainer im Kampf, wenn ein Gegner eine sehr effektive Attacke, self destruct, explosion oder eine K.O.Attacke hat."
        },
        {
            "effect": "When this Pok\u00e9mon enters battle, if one of its opponents has a move that is super effective against it, self destruct, explosion, or a one-hit knockout move, all participating trainers are notified.\n\nThe move itself is not revealed; only that there is such a move.  Moves that inflict typeless damage, such as future sight, and moves of variable type, such as hidden power, count as their listed types.  counter, metal burst, mirror coat, and one-hit KO moves to which this Pok\u00e9mon is immune do not trigger this ability.",
            "language": {
                "name": "en",
                "url": "/api/v2/language/9/"
            },
            "short_effect": "Notifies all trainers upon entering battle if an opponent has a super-effective move, self destruct, explosion, or a one-hit KO move."
        }
    ],
    "flavor_text_entries": [
        {
            "flavor_text": "Senses the foe\u2019s\ndangerous moves.",
            "language": {
                "name": "en",
                "url": "/api/v2/language/9/"
            },
            "version_group": {
                "name": "diamond-pearl",
                "url": "/api/v2/version-group/8/"
            }
        },
        {
            "flavor_text": "Senses the foe\u2019s\ndangerous moves.",
            "language": {
                "name": "en",
                "url": "/api/v2/language/9/"
            },
            "version_group": {
                "name": "platinum",
                "url": "/api/v2/version-group/9/"
            }
        },
        {
            "flavor_text": "Senses the foe\u2019s\ndangerous moves.",
            "language": {
                "name": "en",
                "url": "/api/v2/language/9/"
            },
            "version_group": {
                "name": "heartgold-soulsilver",
                "url": "/api/v2/version-group/10/"
            }
        },
        {
            "flavor_text": "Pr\u00e9voit les capacit\u00e9s\nennemies dangereuses.",
            "language": {
                "name": "fr",
                "url": "/api/v2/language/5/"
            },
            "version_group": {
                "name": "black-white",
                "url": "/api/v2/version-group/11/"
            }
        },
        {
            "flavor_text": "Senses a foe\u2019s\ndangerous moves.",
            "language": {
                "name": "en",
                "url": "/api/v2/language/9/"
            },
            "version_group": {
                "name": "black-white",
                "url": "/api/v2/version-group/11/"
            }
        },
        {
            "flavor_text": "Senses a foe\u2019s\ndangerous moves.",
            "language": {
                "name": "en",
                "url": "/api/v2/language/9/"
            },
            "version_group": {
                "name": "black-2-white-2",
                "url": "/api/v2/version-group/14/"
            }
        },
        {
            "flavor_text": "\u3042\u3044\u3066\u306e\u3000\u3082\u3064\u3000\u304d\u3051\u3093\u306a\n\u308f\u3056\u3092\u3000\u3055\u3063\u3061\u3059\u308b\u3002",
            "language": {
                "name": "ja-Hrkt",
                "url": "/api/v2/language/1/"
            },
            "version_group": {
                "name": "x-y",
                "url": "/api/v2/version-group/15/"
            }
        },
        {
            "flavor_text": "\uc0c1\ub300\uac00 \uc9c0\ub2cc \uc704\ud5d8\ud55c\n\uae30\uc220\uc744 \uac10\uc9c0\ud55c\ub2e4.",
            "language": {
                "name": "ko",
                "url": "/api/v2/language/3/"
            },
            "version_group": {
                "name": "x-y",
                "url": "/api/v2/version-group/15/"
            }
        },
        {
            "flavor_text": "Pr\u00e9voit les capacit\u00e9s ennemies\ndangereuses.",
            "language": {
                "name": "fr",
                "url": "/api/v2/language/5/"
            },
            "version_group": {
                "name": "x-y",
                "url": "/api/v2/version-group/15/"
            }
        },
        {
            "flavor_text": "Ahnt gef\u00e4hrliche Attacken\ndes Gegners voraus.",
            "language": {
                "name": "de",
                "url": "/api/v2/language/6/"
            },
            "version_group": {
                "name": "x-y",
                "url": "/api/v2/version-group/15/"
            }
        },
        {
            "flavor_text": "Prev\u00e9 los movimientos peligrosos\ndel rival.",
            "language": {
                "name": "es",
                "url": "/api/v2/language/7/"
            },
            "version_group": {
                "name": "x-y",
                "url": "/api/v2/version-group/15/"
            }
        },
        {
            "flavor_text": "Rivela se il nemico ha mosse\npericolose.",
            "language": {
                "name": "it",
                "url": "/api/v2/language/8/"
            },
            "version_group": {
                "name": "x-y",
                "url": "/api/v2/version-group/15/"
            }
        },
        {
            "flavor_text": "Senses an opposing Pok\u00e9mon\u2019s\ndangerous moves.",
            "language": {
                "name": "en",
                "url": "/api/v2/language/9/"
            },
            "version_group": {
                "name": "x-y",
                "url": "/api/v2/version-group/15/"
            }
        },
        {
            "flavor_text": "\u76f8\u624b\u306e\u3000\u6301\u3064\u3000\u5371\u967a\u306a\n\u6280\u3092\u3000\u5bdf\u77e5\u3059\u308b\u3002",
            "language": {
                "name": "ja",
                "url": "/api/v2/language/11/"
            },
            "version_group": {
                "name": "x-y",
                "url": "/api/v2/version-group/15/"
            }
        },
        {
            "flavor_text": "\u3042\u3044\u3066\u306e\u3000\u3082\u3064\u3000\u304d\u3051\u3093\u306a\n\u308f\u3056\u3092\u3000\u3055\u3063\u3061\u3059\u308b\u3002",
            "language": {
                "name": "ja-Hrkt",
                "url": "/api/v2/language/1/"
            },
            "version_group": {
                "name": "omega-ruby-alpha-sapphire",
                "url": "/api/v2/version-group/16/"
            }
        },
        {
            "flavor_text": "\uc0c1\ub300\uac00 \uc9c0\ub2cc \uc704\ud5d8\ud55c\n\uae30\uc220\uc744 \uac10\uc9c0\ud55c\ub2e4.",
            "language": {
                "name": "ko",
                "url": "/api/v2/language/3/"
            },
            "version_group": {
                "name": "omega-ruby-alpha-sapphire",
                "url": "/api/v2/version-group/16/"
            }
        },
        {
            "flavor_text": "Pr\u00e9voit les capacit\u00e9s ennemies\ndangereuses.",
            "language": {
                "name": "fr",
                "url": "/api/v2/language/5/"
            },
            "version_group": {
                "name": "omega-ruby-alpha-sapphire",
                "url": "/api/v2/version-group/16/"
            }
        },
        {
            "flavor_text": "Ahnt gef\u00e4hrliche Attacken\ndes Gegners voraus.",
            "language": {
                "name": "de",
                "url": "/api/v2/language/6/"
            },
            "version_group": {
                "name": "omega-ruby-alpha-sapphire",
                "url": "/api/v2/version-group/16/"
            }
        },
        {
            "flavor_text": "Prev\u00e9 los movimientos peligrosos\ndel rival.",
            "language": {
                "name": "es",
                "url": "/api/v2/language/7/"
            },
            "version_group": {
                "name": "omega-ruby-alpha-sapphire",
                "url": "/api/v2/version-group/16/"
            }
        },
        {
            "flavor_text": "Rivela se il nemico ha mosse\npericolose.",
            "language": {
                "name": "it",
                "url": "/api/v2/language/8/"
            },
            "version_group": {
                "name": "omega-ruby-alpha-sapphire",
                "url": "/api/v2/version-group/16/"
            }
        },
        {
            "flavor_text": "Senses an opposing Pok\u00e9mon\u2019s\ndangerous moves.",
            "language": {
                "name": "en",
                "url": "/api/v2/language/9/"
            },
            "version_group": {
                "name": "omega-ruby-alpha-sapphire",
                "url": "/api/v2/version-group/16/"
            }
        },
        {
            "flavor_text": "\u76f8\u624b\u306e\u3000\u6301\u3064\u3000\u5371\u967a\u306a\n\u6280\u3092\u3000\u5bdf\u77e5\u3059\u308b\u3002",
            "language": {
                "name": "ja",
                "url": "/api/v2/language/11/"
            },
            "version_group": {
                "name": "omega-ruby-alpha-sapphire",
                "url": "/api/v2/version-group/16/"
            }
        },
        {
            "flavor_text": "\u3042\u3044\u3066\u306e\u3000\u3082\u3064\u3000\u304d\u3051\u3093\u306a\u3000\u308f\u3056\u3092\n\u3055\u3063\u3061\u3059\u308b\u3000\u3053\u3068\u304c\u3067\u304d\u308b\u3002",
            "language": {
                "name": "ja-Hrkt",
                "url": "/api/v2/language/1/"
            },
            "version_group": {
                "name": "sun-moon",
                "url": "/api/v2/version-group/17/"
            }
        },
        {
            "flavor_text": "\uc0c1\ub300\uac00 \uc9c0\ub2cc \uc704\ud5d8\ud55c \uae30\uc220\uc744\n\uac10\uc9c0\ud560 \uc218 \uc788\ub2e4.",
            "language": {
                "name": "ko",
                "url": "/api/v2/language/3/"
            },
            "version_group": {
                "name": "sun-moon",
                "url": "/api/v2/version-group/17/"
            }
        },
        {
            "flavor_text": "\u5bdf\u89ba\u5c0d\u624b\u6301\u6709\u7684\n\u5371\u96aa\u62db\u5f0f\u3002",
            "language": {
                "name": "zh-Hant",
                "url": "/api/v2/language/4/"
            },
            "version_group": {
                "name": "sun-moon",
                "url": "/api/v2/version-group/17/"
            }
        },
        {
            "flavor_text": "Le Pok\u00e9mon devine si l\u2019adversaire conna\u00eet\nune capacit\u00e9 dangereuse pour lui.",
            "language": {
                "name": "fr",
                "url": "/api/v2/language/5/"
            },
            "version_group": {
                "name": "sun-moon",
                "url": "/api/v2/version-group/17/"
            }
        },
        {
            "flavor_text": "Kann gef\u00e4hrliche Attacken des Gegners erahnen.",
            "language": {
                "name": "de",
                "url": "/api/v2/language/6/"
            },
            "version_group": {
                "name": "sun-moon",
                "url": "/api/v2/version-group/17/"
            }
        },
        {
            "flavor_text": "Prev\u00e9 los movimientos peligrosos del rival.",
            "language": {
                "name": "es",
                "url": "/api/v2/language/7/"
            },
            "version_group": {
                "name": "sun-moon",
                "url": "/api/v2/version-group/17/"
            }
        },
        {
            "flavor_text": "Rivela se il nemico ha mosse pericolose.",
            "language": {
                "name": "it",
                "url": "/api/v2/language/8/"
            },
            "version_group": {
                "name": "sun-moon",
                "url": "/api/v2/version-group/17/"
            }
        },
        {
            "flavor_text": "The Pok\u00e9mon can sense an opposing Pok\u00e9mon\u2019s\ndangerous moves.",
            "language": {
                "name": "en",
                "url": "/api/v2/language/9/"
            },
            "version_group": {
                "name": "sun-moon",
                "url": "/api/v2/version-group/17/"
            }
        },
        {
            "flavor_text": "\u76f8\u624b\u306e\u3000\u6301\u3064\u3000\u5371\u967a\u306a\u3000\u6280\u3092\n\u5bdf\u77e5\u3059\u308b\u3000\u3053\u3068\u304c\u3067\u304d\u308b\u3002",
            "language": {
                "name": "ja",
                "url": "/api/v2/language/11/"
            },
            "version_group": {
                "name": "sun-moon",
                "url": "/api/v2/version-group/17/"
            }
        },
        {
            "flavor_text": "\u53ef\u4ee5\u5bdf\u89c9\u5230\n\u5bf9\u624b\u62e5\u6709\u7684\u5371\u9669\u62db\u5f0f\u3002",
            "language": {
                "name": "zh-Hans",
                "url": "/api/v2/language/12/"
            },
            "version_group": {
                "name": "sun-moon",
                "url": "/api/v2/version-group/17/"
            }
        },
        {
            "flavor_text": "\u3042\u3044\u3066\u306e\u3000\u3082\u3064\u3000\u304d\u3051\u3093\u306a\u3000\u308f\u3056\u3092\n\u3055\u3063\u3061\u3059\u308b\u3000\u3053\u3068\u304c\u3067\u304d\u308b\u3002",
            "language": {
                "name": "ja-Hrkt",
                "url": "/api/v2/language/1/"
            },
            "version_group": {
                "name": "ultra-sun-ultra-moon",
                "url": "/api/v2/version-group/18/"
            }
        },
        {
            "flavor_text": "\uc0c1\ub300\uac00 \uc9c0\ub2cc \uc704\ud5d8\ud55c \uae30\uc220\uc744\n\uac10\uc9c0\ud560 \uc218 \uc788\ub2e4.",
            "language": {
                "name": "ko",
                "url": "/api/v2/language/3/"
            },
            "version_group": {
                "name": "ultra-sun-ultra-moon",
                "url": "/api/v2/version-group/18/"
            }
        },
        {
            "flavor_text": "\u5bdf\u89ba\u5c0d\u624b\u6301\u6709\u7684\n\u5371\u96aa\u62db\u5f0f\u3002",
            "language": {
                "name": "zh-Hant",
                "url": "/api/v2/language/4/"
            },
            "version_group": {
                "name": "ultra-sun-ultra-moon",
                "url": "/api/v2/version-group/18/"
            }
        },
        {
            "flavor_text": "Le Pok\u00e9mon devine si l\u2019adversaire conna\u00eet\nune capacit\u00e9 dangereuse pour lui.",
            "language": {
                "name": "fr",
                "url": "/api/v2/language/5/"
            },
            "version_group": {
                "name": "ultra-sun-ultra-moon",
                "url": "/api/v2/version-group/18/"
            }
        },
        {
            "flavor_text": "Kann gef\u00e4hrliche Attacken des Gegners erahnen.",
            "language": {
                "name": "de",
                "url": "/api/v2/language/6/"
            },
            "version_group": {
                "name": "ultra-sun-ultra-moon",
                "url": "/api/v2/version-group/18/"
            }
        },
        {
            "flavor_text": "Prev\u00e9 los movimientos peligrosos del rival.",
            "language": {
                "name": "es",
                "url": "/api/v2/language/7/"
            },
            "version_group": {
                "name": "ultra-sun-ultra-moon",
                "url": "/api/v2/version-group/18/"
            }
        },
        {
            "flavor_text": "Rivela se il nemico ha mosse pericolose.",
            "language": {
                "name": "it",
                "url": "/api/v2/language/8/"
            },
            "version_group": {
                "name": "ultra-sun-ultra-moon",
                "url": "/api/v2/version-group/18/"
            }
        },
        {
            "flavor_text": "The Pok\u00e9mon can sense an opposing Pok\u00e9mon\u2019s\ndangerous moves.",
            "language": {
                "name": "en",
                "url": "/api/v2/language/9/"
            },
            "version_group": {
                "name": "ultra-sun-ultra-moon",
                "url": "/api/v2/version-group/18/"
            }
        },
        {
            "flavor_text": "\u76f8\u624b\u306e\u3000\u6301\u3064\u3000\u5371\u967a\u306a\u3000\u6280\u3092\n\u5bdf\u77e5\u3059\u308b\u3000\u3053\u3068\u304c\u3067\u304d\u308b\u3002",
            "language": {
                "name": "ja",
                "url": "/api/v2/language/11/"
            },
            "version_group": {
                "name": "ultra-sun-ultra-moon",
                "url": "/api/v2/version-group/18/"
            }
        },
        {
            "flavor_text": "\u53ef\u4ee5\u5bdf\u89c9\u5230\n\u5bf9\u624b\u62e5\u6709\u7684\u5371\u9669\u62db\u5f0f\u3002",
            "language": {
                "name": "zh-Hans",
                "url": "/api/v2/language/12/"
            },
            "version_group": {
                "name": "ultra-sun-ultra-moon",
                "url": "/api/v2/version-group/18/"
            }
        },
        {
            "flavor_text": "\u3042\u3044\u3066\u306e\u3000\u3082\u3064\u3000\u304d\u3051\u3093\u306a\u3000\u308f\u3056\u3092\n\u3055\u3063\u3061\u3059\u308b\u3000\u3053\u3068\u304c\u3067\u304d\u308b\u3002",
            "language": {
                "name": "ja-Hrkt",
                "url": "/api/v2/language/1/"
            },
            "version_group": {
                "name": "lets-go-pikachu-lets-go-eevee",
                "url": "/api/v2/version-group/19/"
            }
        },
        {
            "flavor_text": "\uc0c1\ub300\uac00 \uc9c0\ub2cc \uc704\ud5d8\ud55c \uae30\uc220\uc744\n\uac10\uc9c0\ud560 \uc218 \uc788\ub2e4.",
            "language": {
                "name": "ko",
                "url": "/api/v2/language/3/"
            },
            "version_group": {
                "name": "lets-go-pikachu-lets-go-eevee",
                "url": "/api/v2/version-group/19/"
            }
        },
        {
            "flavor_text": "\u5bdf\u89ba\u5c0d\u624b\u6301\u6709\u7684\n\u5371\u96aa\u62db\u5f0f\u3002",
            "language": {
                "name": "zh-Hant",
                "url": "/api/v2/language/4/"
            },
            "version_group": {
                "name": "lets-go-pikachu-lets-go-eevee",
                "url": "/api/v2/version-group/19/"
            }
        },
        {
            "flavor_text": "Le Pok\u00e9mon devine si l\u2019adversaire conna\u00eet\nune capacit\u00e9 dangereuse pour lui.",
            "language": {
                "name": "fr",
                "url": "/api/v2/language/5/"
            },
            "version_group": {
                "name": "lets-go-pikachu-lets-go-eevee",
                "url": "/api/v2/version-group/19/"
            }
        },
        {
            "flavor_text": "Kann gef\u00e4hrliche Attacken des Gegners erahnen.",
            "language": {
                "name": "de",
                "url": "/api/v2/language/6/"
            },
            "version_group": {
                "name": "lets-go-pikachu-lets-go-eevee",
                "url": "/api/v2/version-group/19/"
            }
        },
        {
            "flavor_text": "Prev\u00e9 los movimientos peligrosos del rival.",
            "language": {
                "name": "es",
                "url": "/api/v2/language/7/"
            },
            "version_group": {
                "name": "lets-go-pikachu-lets-go-eevee",
                "url": "/api/v2/version-group/19/"
            }
        },
        {
            "flavor_text": "Rivela se il nemico ha mosse pericolose.",
            "language": {
                "name": "it",
                "url": "/api/v2/language/8/"
            },
            "version_group": {
                "name": "lets-go-pikachu-lets-go-eevee",
                "url": "/api/v2/version-group/19/"
            }
        },
        {
            "flavor_text": "The Pok\u00e9mon can sense an opposing Pok\u00e9mon\u2019s\ndangerous moves.",
            "language": {
                "name": "en",
                "url": "/api/v2/language/9/"
            },
            "version_group": {
                "name": "lets-go-pikachu-lets-go-eevee",
                "url": "/api/v2/version-group/19/"
            }
        },
        {
            "flavor_text": "\u76f8\u624b\u306e\u3000\u6301\u3064\u3000\u5371\u967a\u306a\u3000\u6280\u3092\n\u5bdf\u77e5\u3059\u308b\u3000\u3053\u3068\u304c\u3067\u304d\u308b\u3002",
            "language": {
                "name": "ja",
                "url": "/api/v2/language/11/"
            },
            "version_group": {
                "name": "lets-go-pikachu-lets-go-eevee",
                "url": "/api/v2/version-group/19/"
            }
        },
        {
            "flavor_text": "\u53ef\u4ee5\u5bdf\u89c9\u5230\n\u5bf9\u624b\u62e5\u6709\u7684\u5371\u9669\u62db\u5f0f\u3002",
            "language": {
                "name": "zh-Hans",
                "url": "/api/v2/language/12/"
            },
            "version_group": {
                "name": "lets-go-pikachu-lets-go-eevee",
                "url": "/api/v2/version-group/19/"
            }
        },
        {
            "flavor_text": "\u3042\u3044\u3066\u306e\u3000\u3082\u3064\u3000\u304d\u3051\u3093\u306a\u3000\u308f\u3056\u3092\n\u3055\u3063\u3061\u3059\u308b\u3000\u3053\u3068\u304c\u3067\u304d\u308b\u3002",
            "language": {
                "name": "ja-Hrkt",
                "url": "/api/v2/language/1/"
            },
            "version_group": {
                "name": "sword-shield",
                "url": "/api/v2/version-group/20/"
            }
        },
        {
            "flavor_text": "\uc0c1\ub300\uac00 \uc9c0\ub2cc \uc704\ud5d8\ud55c \uae30\uc220\uc744\n\uac10\uc9c0\ud560 \uc218 \uc788\ub2e4.",
            "language": {
                "name": "ko",
                "url": "/api/v2/language/3/"
            },
            "version_group": {
                "name": "sword-shield",
                "url": "/api/v2/version-group/20/"
            }
        },
        {
            "flavor_text": "\u5bdf\u89ba\u5c0d\u624b\u6301\u6709\u7684\n\u5371\u96aa\u62db\u5f0f\u3002",
            "language": {
                "name": "zh-Hant",
                "url": "/api/v2/language/4/"
            },
            "version_group": {
                "name": "sword-shield",
                "url": "/api/v2/version-group/20/"
            }
        },
        {
            "flavor_text": "Le Pok\u00e9mon devine si l\u2019adversaire conna\u00eet une capacit\u00e9\ndangereuse pour lui.",
            "language": {
                "name": "fr",
                "url": "/api/v2/language/5/"
            },
            "version_group": {
                "name": "sword-shield",
                "url": "/api/v2/version-group/20/"
            }
        },
        {
            "flavor_text": "Kann gef\u00e4hrliche gegnerische Attacken erahnen.",
            "language": {
                "name": "de",
                "url": "/api/v2/language/6/"
            },
            "version_group": {
                "name": "sword-shield",
                "url": "/api/v2/version-group/20/"
            }
        },
        {
            "flavor_text": "Prev\u00e9 los movimientos peligrosos del rival.",
            "language": {
                "name": "es",
                "url": "/api/v2/language/7/"
            },
            "version_group": {
                "name": "sword-shield",
                "url": "/api/v2/version-group/20/"
            }
        },
        {
            "flavor_text": "Rivela se il nemico ha mosse pericolose.",
            "language": {
                "name": "it",
                "url": "/api/v2/language/8/"
            },
            "version_group": {
                "name": "sword-shield",
                "url": "/api/v2/version-group/20/"
            }
        },
        {
            "flavor_text": "The Pok\u00e9mon can sense an opposing Pok\u00e9mon\u2019s\ndangerous moves.",
            "language": {
                "name": "en",
                "url": "/api/v2/language/9/"
            },
            "version_group": {
                "name": "sword-shield",
                "url": "/api/v2/version-group/20/"
            }
        },
        {
            "flavor_text": "\u76f8\u624b\u306e\u3000\u6301\u3064\u3000\u5371\u967a\u306a\u3000\u6280\u3092\n\u5bdf\u77e5\u3059\u308b\u3000\u3053\u3068\u304c\u3067\u304d\u308b\u3002",
            "language": {
                "name": "ja",
                "url": "/api/v2/language/11/"
            },
            "version_group": {
                "name": "sword-shield",
                "url": "/api/v2/version-group/20/"
            }
        },
        {
            "flavor_text": "\u53ef\u4ee5\u5bdf\u89c9\u5230\n\u5bf9\u624b\u62e5\u6709\u7684\u5371\u9669\u62db\u5f0f\u3002",
            "language": {
                "name": "zh-Hans",
                "url": "/api/v2/language/12/"
            },
            "version_group": {
                "name": "sword-shield",
                "url": "/api/v2/version-group/20/"
            }
        }
    ],
    "generation": {
        "name": "generation-iv",
        "url": "/api/v2/generation/4/"
    },
    "id": 107,
    "is_main_series": true,
    "name": "anticipation",
    "names": [
        {
            "language": {
                "name": "ja-Hrkt",
                "url": "/api/v2/language/1/"
            },
            "name": "\u304d\u3051\u3093\u3088\u3061"
        },
        {
            "language": {
                "name": "ko",
                "url": "/api/v2/language/3/"
            },
            "name": "\uc704\ud5d8\uc608\uc9c0"
        },
        {
            "language": {
                "name": "zh-Hant",
                "url": "/api/v2/language/4/"
            },
            "name": "\u5371\u96aa\u9810\u77e5"
        },
        {
            "language": {
                "name": "fr",
                "url": "/api/v2/language/5/"
            },
            "name": "Anticipation"
        },
        {
            "language": {
                "name": "de",
                "url": "/api/v2/language/6/"
            },
            "name": "Vorahnung"
        },
        {
            "language": {
                "name": "es",
                "url": "/api/v2/language/7/"
            },
            "name": "Anticipaci\u00f3n"
        },
        {
            "language": {
                "name": "it",
                "url": "/api/v2/language/8/"
            },
            "name": "Presagio"
        },
        {
            "language": {
                "name": "en",
                "url": "/api/v2/language/9/"
            },
            "name": "Anticipation"
        },
        {
            "language": {
                "name": "ja",
                "url": "/api/v2/language/11/"
            },
            "name": "\u304d\u3051\u3093\u3088\u3061"
        },
        {
            "language": {
                "name": "zh-Hans",
                "url": "/api/v2/language/12/"
            },
            "name": "\u5371\u9669\u9884\u77e5"
        }
    ],
    "pokemon": [
        {
            "is_hidden": true,
            "pokemon": {
                "name": "eevee",
                "url": "/api/v2/pokemon/133/"
            },
            "slot": 3
        },
        {
            "is_hidden": false,
            "pokemon": {
                "name": "barboach",
                "url": "/api/v2/pokemon/339/"
            },
            "slot": 2
        },
        {
            "is_hidden": false,
            "pokemon": {
                "name": "whiscash",
                "url": "/api/v2/pokemon/340/"
            },
            "slot": 2
        },
        {
            "is_hidden": false,
            "pokemon": {
                "name": "wormadam-plant",
                "url": "/api/v2/pokemon/413/"
            },
            "slot": 1
        },
        {
            "is_hidden": false,
            "pokemon": {
                "name": "croagunk",
                "url": "/api/v2/pokemon/453/"
            },
            "slot": 1
        },
        {
            "is_hidden": false,
            "pokemon": {
                "name": "toxicroak",
                "url": "/api/v2/pokemon/454/"
            },
            "slot": 1
        },
        {
            "is_hidden": true,
            "pokemon": {
                "name": "ferrothorn",
                "url": "/api/v2/pokemon/598/"
            },
            "slot": 3
        },
        {
            "is_hidden": false,
            "pokemon": {
                "name": "hatenna",
                "url": "/api/v2/pokemon/856/"
            },
            "slot": 2
        },
        {
            "is_hidden": false,
            "pokemon": {
                "name": "hattrem",
                "url": "/api/v2/pokemon/857/"
            },
            "slot": 2
        },
        {
            "is_hidden": false,
            "pokemon": {
                "name": "hatterene",
                "url": "/api/v2/pokemon/858/"
            },
            "slot": 2
        },
        {
            "is_hidden": false,
            "pokemon": {
                "name": "flittle",
                "url": "/api/v2/pokemon/955/"
            },
            "slot": 1
        },
        {
            "is_hidden": false,
            "pokemon": {
                "name": "wormadam-sandy",
                "url": "/api/v2/pokemon/10004/"
            },
            "slot": 1
        },
        {
            "is_hidden": false,
            "pokemon": {
                "name": "wormadam-trash",
                "url": "/api/v2/pokemon/10005/"
            },
            "slot": 1
        },
        {
            "is_hidden": true,
            "pokemon": {
                "name": "eevee-starter",
                "url": "/api/v2/pokemon/10159/"
            },
            "slot": 3
        },
        {
            "is_hidden": true,
            "pokemon": {
                "name": "ponyta-galar",
                "url": "/api/v2/pokemon/10162/"
            },
            "slot": 3
        },
        {
            "is_hidden": true,
            "pokemon": {
                "name": "rapidash-galar",
                "url": "/api/v2/pokemon/10163/"
            },
            "slot": 3
        },
        {
            "is_hidden": true,
            "pokemon": {
                "name": "eevee-gmax",
                "url": "/api/v2/pokemon/10205/"
            },
            "slot": 3
        },
        {
            "is_hidden": false,
            "pokemon": {
                "name": "hatterene-gmax",
                "url": "/api/v2/pokemon/10221/"
            },
            "slot": 2
        }
    ]
}