{
    "effect_changes": [],
    "effect_entries": [],
    "flavor_text_entries": [],
    "generation": {
        "name": "generation-ix",
        "url": "/api/v2/generation/9/"
    },
    "id": 273,
    "is_main_series": true,
    "name": "well-baked-body",
    "names": [
        {
            "language": {
                "name": "ja-Hrkt",
                "url": "/api/v2/language/1/"
            },
            "name": "\u3053\u3093\u304c\u308a\u30dc\u30c7\u30a3"
        },
        {
            "language": {
                "name": "fr",
                "url": "/api/v2/language/5/"
            },
            "name": "Bien Cuit"
        },
        {
            "language": {
                "name": "de",
                "url": "/api/v2/language/6/"
            },
            "name": "Knusperkruste"
        },
        {
            "language": {
                "name": "es",
                "url": "/api/v2/language/7/"
            },
            "name": "Cuerpo Horneado"
        },
        {
            "language": {
                "name": "it",
                "url": "/api/v2/language/8/"
            },
            "name": "Bentostato"
        },
        {
            "language": {
                "name": "en",
                "url": "/api/v2/language/9/"
            },
            "name": "Well-Baked Body"
        },
        {
            "language": {
                "name": "ja",
                "url": "/api/v2/language/11/"
            },
            "name": "\u3053\u3093\u304c\u308a\u30dc\u30c7\u30a3"
        }
    ],
    "pokemon": [
        {
            "is_hidden": false,
            "pokemon": {
                "name": "dachsbun",
                "url": "/api/v2/pokemon/927/"
            },
            "slot": 1
        }
    ]
}