{
    "effect_changes": [
        {
            "effect_entries": [
                {
                    "effect": "will o wisp triggert die F\u00e4higkeit nicht bei Pok\u00e9mon die immun gegen burn sind.",
                    "language": {
                        "name": "de",
                        "url": "/api/v2/language/6/"
                    }
                },
                {
                    "effect": "will o wisp does not trigger this ability for Pok\u00e9mon immune to burns.",
                    "language": {
                        "name": "en",
                        "url": "/api/v2/language/9/"
                    }
                }
            ],
            "version_group": {
                "name": "diamond-pearl",
                "url": "/api/v2/version-group/8/"
            }
        }
    ],
    "effect_entries": [
        {
            "effect": "Ein Pok\u00e9mon mit dieser F\u00e4higkeit ist immun gegen fire Attacken. Sobald es von einer fire Attacke getroffen wurde, erh\u00f6ht sich der Schaden der eigenen fire Attacken um 50% bis es den Kampf verl\u00e4sst.\n\nDie F\u00e4higkeit hat keinen Effekt, wenn das Pok\u00e9mon eingefroren ist. Der Bonus bleibt erhalten wenn das Pok\u00e9mon eingefroren ist und wieder auftaut oder wenn es die F\u00e4higkeit wechselt bzw. diese deaktiviert wird. fire Attacken ignorieren den substitute. Der Effekt wirkt auch bei fire Attacken die keinen Schaden verursachen, wie z.B. will o wisp.",
            "language": {
                "name": "de",
                "url": "/api/v2/language/6/"
            },
            "short_effect": "Sch\u00fctzt vor fire Attacken. Sobald eine fire Attacke blockiert wurde, erh\u00f6ht sich der Schaden der eigenen fire Attacken um 50%."
        },
        {
            "effect": "This Pok\u00e9mon is immune to fire-type moves.  Once this Pok\u00e9mon has been hit by a Fire move, its own Fire moves will inflict 1.5\u00d7 as much damage until it leaves battle.\n\nThis ability has no effect while the Pok\u00e9mon is frozen.  The Fire damage bonus is retained even if the Pok\u00e9mon is frozen and thawed or the ability is lost or disabled.  Fire moves will ignore this Pok\u00e9mon's substitute.  This ability takes effect even on non-damaging moves, i.e. will o wisp.",
            "language": {
                "name": "en",
                "url": "/api/v2/language/9/"
            },
            "short_effect": "Protects against fire moves.  Once one has been blocked, the Pok\u00e9mon's own Fire moves inflict 1.5\u00d7 damage until it leaves battle."
        }
    ],
    "flavor_text_entries": [
        {
            "flavor_text": "Powers up if hit by fire.",
            "language": {
                "name": "en",
                "url": "/api/v2/language/9/"
            },
            "version_group": {
                "name": "ruby-sapphire",
                "url": "/api/v2/version-group/5/"
            }
        },
        {
            "flavor_text": "Powers up if hit by fire.",
            "language": {
                "name": "en",
                "url": "/api/v2/language/9/"
            },
            "version_group": {
                "name": "emerald",
                "url": "/api/v2/version-group/6/"
            }
        },
        {
            "flavor_text": "Powers up if hit by fire.",
            "language": {
                "name": "en",
                "url": "/api/v2/language/9/"
            },
            "version_group": {
                "name": "firered-leafgreen",
                "url": "/api/v2/version-group/7/"
            }
        },
        {
            "flavor_text": "Powers up Fire-type moves\nif hit by a fire move.",
            "language": {
                "name": "en",
                "url": "/api/v2/language/9/"
            },
            "version_group": {
                "name": "diamond-pearl",
                "url": "/api/v2/version-group/8/"
            }
        },
        {
            "flavor_text": "Powers up Fire-type moves\nif hit by a fire move.",
            "language": {
                "name": "en",
                "url": "/api/v2/language/9/"
            },
            "version_group": {
                "name": "platinum",
                "url": "/api/v2/version-group/9/"
            }
        },
        {
            "flavor_text": "It powers up Fire-type\nmoves if it\u2019s hit by one.",
            "language": {
                "name": "en",
                "url": "/api/v2/language/9/"
            },
            "version_group": {
                "name": "heartgold-soulsilver",
                "url": "/api/v2/version-group/10/"
            }
        },
        {
            "flavor_text": "Booste capacit\u00e9s Feu si\ntouch\u00e9 par attaques Feu.",
            "language": {
                "name": "fr",
                "url": "/api/v2/language/5/"
            },
            "version_group": {
                "name": "black-white",
                "url": "/api/v2/version-group/11/"
            }
        },
        {
            "flavor_text": "It powers up Fire-type\nmoves if it\u2019s hit by one.",
            "language": {
                "name": "en",
                "url": "/api/v2/language/9/"
            },
            "version_group": {
                "name": "black-white",
                "url": "/api/v2/version-group/11/"
            }
        },
        {
            "flavor_text": "It powers up Fire-type\nmoves if it\u2019s hit by one.",
            "language": {
                "name": "en",
                "url": "/api/v2/language/9/"
            },
            "version_group": {
                "name": "black-2-white-2",
                "url": "/api/v2/version-group/14/"
            }
        },
        {
            "flavor_text": "\u307b\u306e\u304a\u3092\u3000\u3046\u3051\u308b\u3068\n\u307b\u306e\u304a\u308f\u3056\u304c\u3000\u3064\u3088\u304f\u306a\u308b\u3002",
            "language": {
                "name": "ja-Hrkt",
                "url": "/api/v2/language/1/"
            },
            "version_group": {
                "name": "x-y",
                "url": "/api/v2/version-group/15/"
            }
        },
        {
            "flavor_text": "\ubd88\uaf43\uc744 \ubc1b\uc73c\uba74\n\ubd88\uaf43 \uae30\uc220\uc774 \uac15\ud574\uc9c4\ub2e4.",
            "language": {
                "name": "ko",
                "url": "/api/v2/language/3/"
            },
            "version_group": {
                "name": "x-y",
                "url": "/api/v2/version-group/15/"
            }
        },
        {
            "flavor_text": "Booste les capacit\u00e9s Feu si\ntouch\u00e9 par attaque Feu.",
            "language": {
                "name": "fr",
                "url": "/api/v2/language/5/"
            },
            "version_group": {
                "name": "x-y",
                "url": "/api/v2/version-group/15/"
            }
        },
        {
            "flavor_text": "Verst\u00e4rkt Feuer-Attacken, wenn\nvon Feuer-Attacken getroffen.",
            "language": {
                "name": "de",
                "url": "/api/v2/language/6/"
            },
            "version_group": {
                "name": "x-y",
                "url": "/api/v2/version-group/15/"
            }
        },
        {
            "flavor_text": "Potencia movimientos de tipo\nFuego si ha sufrido antes alguno.",
            "language": {
                "name": "es",
                "url": "/api/v2/language/7/"
            },
            "version_group": {
                "name": "x-y",
                "url": "/api/v2/version-group/15/"
            }
        },
        {
            "flavor_text": "Potenzia le proprie mosse Fuoco\nse se ne subisce una.",
            "language": {
                "name": "it",
                "url": "/api/v2/language/8/"
            },
            "version_group": {
                "name": "x-y",
                "url": "/api/v2/version-group/15/"
            }
        },
        {
            "flavor_text": "Powers up the Pok\u00e9mon\u2019s Fire-\ntype moves if it\u2019s hit by one.",
            "language": {
                "name": "en",
                "url": "/api/v2/language/9/"
            },
            "version_group": {
                "name": "x-y",
                "url": "/api/v2/version-group/15/"
            }
        },
        {
            "flavor_text": "\u307b\u306e\u304a\u3092\u3000\u53d7\u3051\u308b\u3068\n\u307b\u306e\u304a\u6280\u304c\u3000\u5f37\u304f\u306a\u308b\u3002",
            "language": {
                "name": "ja",
                "url": "/api/v2/language/11/"
            },
            "version_group": {
                "name": "x-y",
                "url": "/api/v2/version-group/15/"
            }
        },
        {
            "flavor_text": "\u307b\u306e\u304a\u3092\u3000\u3046\u3051\u308b\u3068\n\u307b\u306e\u304a\u308f\u3056\u304c\u3000\u3064\u3088\u304f\u306a\u308b\u3002",
            "language": {
                "name": "ja-Hrkt",
                "url": "/api/v2/language/1/"
            },
            "version_group": {
                "name": "omega-ruby-alpha-sapphire",
                "url": "/api/v2/version-group/16/"
            }
        },
        {
            "flavor_text": "\ubd88\uaf43\uc744 \ubc1b\uc73c\uba74\n\ubd88\uaf43 \uae30\uc220\uc774 \uac15\ud574\uc9c4\ub2e4.",
            "language": {
                "name": "ko",
                "url": "/api/v2/language/3/"
            },
            "version_group": {
                "name": "omega-ruby-alpha-sapphire",
                "url": "/api/v2/version-group/16/"
            }
        },
        {
            "flavor_text": "Booste les capacit\u00e9s Feu si\ntouch\u00e9 par attaque Feu.",
            "language": {
                "name": "fr",
                "url": "/api/v2/language/5/"
            },
            "version_group": {
                "name": "omega-ruby-alpha-sapphire",
                "url": "/api/v2/version-group/16/"
            }
        },
        {
            "flavor_text": "Verst\u00e4rkt Feuer-Attacken, wenn\nvon Feuer-Attacken getroffen.",
            "language": {
                "name": "de",
                "url": "/api/v2/language/6/"
            },
            "version_group": {
                "name": "omega-ruby-alpha-sapphire",
                "url": "/api/v2/version-group/16/"
            }
        },
        {
            "flavor_text": "Potencia movimientos de tipo\nFuego si ha sufrido antes alguno.",
            "language": {
                "name": "es",
                "url": "/api/v2/language/7/"
            },
            "version_group": {
                "name": "omega-ruby-alpha-sapphire",
                "url": "/api/v2/version-group/16/"
            }
        },
        {
            "flavor_text": "Potenzia le proprie mosse Fuoco\nse se ne subisce una.",
            "language": {
                "name": "it",
                "url": "/api/v2/language/8/"
            },
            "version_group": {
                "name": "omega-ruby-alpha-sapphire",
                "url": "/api/v2/version-group/16/"
            }
        },
        {
            "flavor_text": "Powers up the Pok\u00e9mon\u2019s\nFire-type moves if it\u2019s hit by one.",
            "language": {
                "name": "en",
                "url": "/api/v2/language/9/"
            },
            "version_group": {
                "name": "omega-ruby-alpha-sapphire",
                "url": "/api/v2/version-group/16/"
            }
        },
        {
            "flavor_text": "\u307b\u306e\u304a\u3092\u3000\u53d7\u3051\u308b\u3068\n\u307b\u306e\u304a\u6280\u304c\u3000\u5f37\u304f\u306a\u308b\u3002",
            "language": {
                "name": "ja",
                "url": "/api/v2/language/11/"
            },
            "version_group": {
                "name": "omega-ruby-alpha-sapphire",
                "url": "/api/v2/version-group/16/"
            }
        },
        {
            "flavor_text": "\u307b\u306e\u304a\u30bf\u30a4\u30d7\u306e\u3000\u308f\u3056\u3092\u3000\u3046\u3051\u308b\u3068\n\u307b\u306e\u304a\u3092\u3000\u3082\u3089\u3044\u3000\u3058\u3076\u3093\u304c\u3000\u3060\u3059\n\u307b\u306e\u304a\u30bf\u30a4\u30d7\u306e\u3000\u308f\u3056\u304c\u3000\u3064\u3088\u304f\u306a\u308b\u3002",
            "language": {
                "name": "ja-Hrkt",
                "url": "/api/v2/language/1/"
            },
            "version_group": {
                "name": "sun-moon",
                "url": "/api/v2/version-group/17/"
            }
        },
        {
            "flavor_text": "\ubd88\uaf43\ud0c0\uc785\uc758 \uae30\uc220\uc744 \ubc1b\uc73c\uba74\n\ubd88\uaf43\uc744 \ubc1b\uc544\uc11c \uc790\uc2e0\uc774 \uc0ac\uc6a9\ud558\ub294\n\ubd88\uaf43\ud0c0\uc785\uc758 \uae30\uc220\uc774 \uac15\ud574\uc9c4\ub2e4.",
            "language": {
                "name": "ko",
                "url": "/api/v2/language/3/"
            },
            "version_group": {
                "name": "sun-moon",
                "url": "/api/v2/version-group/17/"
            }
        },
        {
            "flavor_text": "\u53d7\u5230\u706b\u5c6c\u6027\u7684\u62db\u5f0f\u653b\u64ca\u6642\uff0c\n\u5438\u6536\u706b\u7130\uff0c\u8b93\u81ea\u5df1\u4f7f\u51fa\u7684\n\u706b\u5c6c\u6027\u62db\u5f0f\u8b8a\u5f37\u3002",
            "language": {
                "name": "zh-Hant",
                "url": "/api/v2/language/4/"
            },
            "version_group": {
                "name": "sun-moon",
                "url": "/api/v2/version-group/17/"
            }
        },
        {
            "flavor_text": "Lorsque le Pok\u00e9mon est touch\u00e9 par une capacit\u00e9\nde type Feu, il absorbe la chaleur pour renforcer\nses propres capacit\u00e9s Feu.",
            "language": {
                "name": "fr",
                "url": "/api/v2/language/5/"
            },
            "version_group": {
                "name": "sun-moon",
                "url": "/api/v2/version-group/17/"
            }
        },
        {
            "flavor_text": "Verst\u00e4rkt Feuer-Attacken, wenn es von\nFeuer-Attacken getroffen wird.",
            "language": {
                "name": "de",
                "url": "/api/v2/language/6/"
            },
            "version_group": {
                "name": "sun-moon",
                "url": "/api/v2/version-group/17/"
            }
        },
        {
            "flavor_text": "Si le alcanza alg\u00fan movimiento de tipo Fuego,\npotencia sus propios movimientos de dicho tipo.",
            "language": {
                "name": "es",
                "url": "/api/v2/language/7/"
            },
            "version_group": {
                "name": "sun-moon",
                "url": "/api/v2/version-group/17/"
            }
        },
        {
            "flavor_text": "Se il Pok\u00e9mon subisce una mossa di tipo Fuoco,\nne sfrutta il calore per potenziare le proprie mosse\ndello stesso tipo.",
            "language": {
                "name": "it",
                "url": "/api/v2/language/8/"
            },
            "version_group": {
                "name": "sun-moon",
                "url": "/api/v2/version-group/17/"
            }
        },
        {
            "flavor_text": "Powers up the Pok\u00e9mon\u2019s Fire-type moves if it\u2019s hit\nby one.",
            "language": {
                "name": "en",
                "url": "/api/v2/language/9/"
            },
            "version_group": {
                "name": "sun-moon",
                "url": "/api/v2/version-group/17/"
            }
        },
        {
            "flavor_text": "\u307b\u306e\u304a\u30bf\u30a4\u30d7\u306e\u3000\u6280\u3092\u3000\u53d7\u3051\u308b\u3068\n\u708e\u3092\u3000\u3082\u3089\u3044\u3000\u81ea\u5206\u304c\u3000\u51fa\u3059\n\u307b\u306e\u304a\u30bf\u30a4\u30d7\u306e\u3000\u6280\u304c\u3000\u5f37\u304f\u306a\u308b\u3002",
            "language": {
                "name": "ja",
                "url": "/api/v2/language/11/"
            },
            "version_group": {
                "name": "sun-moon",
                "url": "/api/v2/version-group/17/"
            }
        },
        {
            "flavor_text": "\u53d7\u5230\u706b\u5c5e\u6027\u7684\u62db\u5f0f\u653b\u51fb\u65f6\uff0c\n\u5438\u6536\u706b\u7130\uff0c\u81ea\u5df1\u4f7f\u51fa\u7684\n\u706b\u5c5e\u6027\u62db\u5f0f\u4f1a\u53d8\u5f3a\u3002",
            "language": {
                "name": "zh-Hans",
                "url": "/api/v2/language/12/"
            },
            "version_group": {
                "name": "sun-moon",
                "url": "/api/v2/version-group/17/"
            }
        },
        {
            "flavor_text": "\u307b\u306e\u304a\u30bf\u30a4\u30d7\u306e\u3000\u308f\u3056\u3092\u3000\u3046\u3051\u308b\u3068\n\u307b\u306e\u304a\u3092\u3000\u3082\u3089\u3044\u3000\u3058\u3076\u3093\u304c\u3000\u3060\u3059\n\u307b\u306e\u304a\u30bf\u30a4\u30d7\u306e\u3000\u308f\u3056\u304c\u3000\u3064\u3088\u304f\u306a\u308b\u3002",
            "language": {
                "name": "ja-Hrkt",
                "url": "/api/v2/language/1/"
            },
            "version_group": {
                "name": "ultra-sun-ultra-moon",
                "url": "/api/v2/version-group/18/"
            }
        },
        {
            "flavor_text": "\ubd88\uaf43\ud0c0\uc785\uc758 \uae30\uc220\uc744 \ubc1b\uc73c\uba74\n\ubd88\uaf43\uc744 \ubc1b\uc544\uc11c \uc790\uc2e0\uc774 \uc0ac\uc6a9\ud558\ub294\n\ubd88\uaf43\ud0c0\uc785\uc758 \uae30\uc220\uc774 \uac15\ud574\uc9c4\ub2e4.",
            "language": {
                "name": "ko",
                "url": "/api/v2/language/3/"
            },
            "version_group": {
                "name": "ultra-sun-ultra-moon",
                "url": "/api/v2/version-group/18/"
            }
        },
        {
            "flavor_text": "\u53d7\u5230\u706b\u5c6c\u6027\u7684\u62db\u5f0f\u653b\u64ca\u6642\uff0c\n\u5438\u6536\u706b\u7130\uff0c\u8b93\u81ea\u5df1\u4f7f\u51fa\u7684\n\u706b\u5c6c\u6027\u62db\u5f0f\u8b8a\u5f37\u3002",
            "language": {
                "name": "zh-Hant",
                "url": "/api/v2/language/4/"
            },
            "version_group": {
                "name": "ultra-sun-ultra-moon",
                "url": "/api/v2/version-group/18/"
            }
        },
        {
            "flavor_text": "Lorsque le Pok\u00e9mon est touch\u00e9 par une capacit\u00e9\nde type Feu, il absorbe la chaleur pour renforcer\nses propres capacit\u00e9s Feu.",
            "language": {
                "name": "fr",
                "url": "/api/v2/language/5/"
            },
            "version_group": {
                "name": "ultra-sun-ultra-moon",
                "url": "/api/v2/version-group/18/"
            }
        },
        {
            "flavor_text": "Verst\u00e4rkt Feuer-Attacken, wenn es von\nFeuer-Attacken getroffen wird.",
            "language": {
                "name": "de",
                "url": "/api/v2/language/6/"
            },
            "version_group": {
                "name": "ultra-sun-ultra-moon",
                "url": "/api/v2/version-group/18/"
            }
        },
        {
            "flavor_text": "Si le alcanza alg\u00fan movimiento de tipo Fuego,\npotencia sus propios movimientos de dicho tipo.",
            "language": {
                "name": "es",
                "url": "/api/v2/language/7/"
            },
            "version_group": {
                "name": "ultra-sun-ultra-moon",
                "url": "/api/v2/version-group/18/"
            }
        },
        {
            "flavor_text": "Se il Pok\u00e9mon subisce una mossa di tipo Fuoco,\nne sfrutta il calore per potenziare le proprie mosse\ndello stesso tipo.",
            "language": {
                "name": "it",
                "url": "/api/v2/language/8/"
            },
            "version_group": {
                "name": "ultra-sun-ultra-moon",
                "url": "/api/v2/version-group/18/"
            }
        },
        {
            "flavor_text": "Powers up the Pok\u00e9mon\u2019s Fire-type moves if it\u2019s hit\nby one.",
            "language": {
                "name": "en",
                "url": "/api/v2/language/9/"
            },
            "version_group": {
                "name": "ultra-sun-ultra-moon",
                "url": "/api/v2/version-group/18/"
            }
        },
        {
            "flavor_text": "\u307b\u306e\u304a\u30bf\u30a4\u30d7\u306e\u3000\u6280\u3092\u3000\u53d7\u3051\u308b\u3068\n\u708e\u3092\u3000\u3082\u3089\u3044\u3000\u81ea\u5206\u304c\u3000\u51fa\u3059\n\u307b\u306e\u304a\u30bf\u30a4\u30d7\u306e\u3000\u6280\u304c\u3000\u5f37\u304f\u306a\u308b\u3002",
            "language": {
                "name": "ja",
                "url": "/api/v2/language/11/"
            },
            "version_group": {
                "name": "ultra-sun-ultra-moon",
                "url": "/api/v2/version-group/18/"
            }
        },
        {
            "flavor_text": "\u53d7\u5230\u706b\u5c5e\u6027\u7684\u62db\u5f0f\u653b\u51fb\u65f6\uff0c\n\u5438\u6536\u706b\u7130\uff0c\u81ea\u5df1\u4f7f\u51fa\u7684\n\u706b\u5c5e\u6027\u62db\u5f0f\u4f1a\u53d8\u5f3a\u3002",
            "language": {
                "name": "zh-Hans",
                "url": "/api/v2/language/12/"
            },
            "version_group": {
                "name": "ultra-sun-ultra-moon",
                "url": "/api/v2/version-group/18/"
            }
        },
        {
            "flavor_text": "\u307b\u306e\u304a\u30bf\u30a4\u30d7\u306e\u3000\u308f\u3056\u3092\u3000\u3046\u3051\u308b\u3068\n\u307b\u306e\u304a\u3092\u3000\u3082\u3089\u3044\u3000\u3058\u3076\u3093\u304c\u3000\u3060\u3059\n\u307b\u306e\u304a\u30bf\u30a4\u30d7\u306e\u3000\u308f\u3056\u304c\u3000\u3064\u3088\u304f\u306a\u308b\u3002",
            "language": {
                "name": "ja-Hrkt",
                "url": "/api/v2/language/1/"
            },
            "version_group": {
                "name": "lets-go-pikachu-lets-go-eevee",
                "url": "/api/v2/version-group/19/"
            }
        },
        {
            "flavor_text": "\ubd88\uaf43\ud0c0\uc785\uc758 \uae30\uc220\uc744 \ubc1b\uc73c\uba74\n\ubd88\uaf43\uc744 \ubc1b\uc544\uc11c \uc790\uc2e0\uc774 \uc0ac\uc6a9\ud558\ub294\n\ubd88\uaf43\ud0c0\uc785\uc758 \uae30\uc220\uc774 \uac15\ud574\uc9c4\ub2e4.",
            "language": {
                "name": "ko",
                "url": "/api/v2/language/3/"
            },
            "version_group": {
                "name": "lets-go-pikachu-lets-go-eevee",
                "url": "/api/v2/version-group/19/"
            }
        },
        {
            "flavor_text": "\u53d7\u5230\u706b\u5c6c\u6027\u7684\u62db\u5f0f\u653b\u64ca\u6642\uff0c\n\u5438\u6536\u706b\u7130\uff0c\u8b93\u81ea\u5df1\u4f7f\u51fa\u7684\n\u706b\u5c6c\u6027\u62db\u5f0f\u8b8a\u5f37\u3002",
            "language": {
                "name": "zh-Hant",
                "url": "/api/v2/language/4/"
            },
            "version_group": {
                "name": "lets-go-pikachu-lets-go-eevee",
                "url": "/api/v2/version-group/19/"
            }
        },
        {
            "flavor_text": "Lorsque le Pok\u00e9mon est touch\u00e9 par une capacit\u00e9\nde type Feu, il absorbe la chaleur pour renforcer\nses propres capacit\u00e9s Feu.",
            "language": {
                "name": "fr",
                "url": "/api/v2/language/5/"
            },
            "version_group": {
                "name": "lets-go-pikachu-lets-go-eevee",
                "url": "/api/v2/version-group/19/"
            }
        },
        {
            "flavor_text": "Verst\u00e4rkt Feuer-Attacken, wenn es von\nFeuer-Attacken getroffen wird.",
            "language": {
                "name": "de",
                "url": "/api/v2/language/6/"
            },
            "version_group": {
                "name": "lets-go-pikachu-lets-go-eevee",
                "url": "/api/v2/version-group/19/"
            }
        },
        {
            "flavor_text": "Si le alcanza alg\u00fan movimiento de tipo Fuego,\npotencia sus propios movimientos de dicho tipo.",
            "language": {
                "name": "es",
                "url": "/api/v2/language/7/"
            },
            "version_group": {
                "name": "lets-go-pikachu-lets-go-eevee",
                "url": "/api/v2/version-group/19/"
            }
        },
        {
            "flavor_text": "Se il Pok\u00e9mon subisce una mossa di tipo Fuoco,\nne sfrutta il calore per potenziare le proprie mosse\ndello stesso tipo.",
            "language": {
                "name": "it",
                "url": "/api/v2/language/8/"
            },
            "version_group": {
                "name": "lets-go-pikachu-lets-go-eevee",
                "url": "/api/v2/version-group/19/"
            }
        },
        {
            "flavor_text": "Powers up the Pok\u00e9mon\u2019s Fire-type moves if it\u2019s hit\nby one.",
            "language": {
                "name": "en",
                "url": "/api/v2/language/9/"
            },
            "version_group": {
                "name": "lets-go-pikachu-lets-go-eevee",
                "url": "/api/v2/version-group/19/"
            }
        },
        {
            "flavor_text": "\u307b\u306e\u304a\u30bf\u30a4\u30d7\u306e\u3000\u6280\u3092\u3000\u53d7\u3051\u308b\u3068\n\u708e\u3092\u3000\u3082\u3089\u3044\u3000\u81ea\u5206\u304c\u3000\u51fa\u3059\n\u307b\u306e\u304a\u30bf\u30a4\u30d7\u306e\u3000\u6280\u304c\u3000\u5f37\u304f\u306a\u308b\u3002",
            "language": {
                "name": "ja",
                "url": "/api/v2/language/11/"
            },
            "version_group": {
                "name": "lets-go-pikachu-lets-go-eevee",
                "url": "/api/v2/version-group/19/"
            }
        },
        {
            "flavor_text": "\u53d7\u5230\u706b\u5c5e\u6027\u7684\u62db\u5f0f\u653b\u51fb\u65f6\uff0c\n\u5438\u6536\u706b\u7130\uff0c\u81ea\u5df1\u4f7f\u51fa\u7684\n\u706b\u5c5e\u6027\u62db\u5f0f\u4f1a\u53d8\u5f3a\u3002",
            "language": {
                "name": "zh-Hans",
                "url": "/api/v2/language/12/"
            },
            "version_group": {
                "name": "lets-go-pikachu-lets-go-eevee",
                "url": "/api/v2/version-group/19/"
            }
        },
        {
            "flavor_text": "\u307b\u306e\u304a\u30bf\u30a4\u30d7\u306e\u3000\u308f\u3056\u3092\u3000\u3046\u3051\u308b\u3068\n\u307b\u306e\u304a\u3092\u3000\u3082\u3089\u3044\u3000\u3058\u3076\u3093\u304c\u3000\u3060\u3059\n\u307b\u306e\u304a\u30bf\u30a4\u30d7\u306e\u3000\u308f\u3056\u304c\u3000\u3064\u3088\u304f\u306a\u308b\u3002",
            "language": {
                "name": "ja-Hrkt",
                "url": "/api/v2/language/1/"
            },
            "version_group": {
                "name": "sword-shield",
                "url": "/api/v2/version-group/20/"
            }
        },
        {
            "flavor_text": "\ubd88\uaf43\ud0c0\uc785\uc758 \uae30\uc220\uc744 \ubc1b\uc73c\uba74\n\ubd88\uaf43\uc744 \ubc1b\uc544\uc11c \uc790\uc2e0\uc774 \uc0ac\uc6a9\ud558\ub294\n\ubd88\uaf43\ud0c0\uc785\uc758 \uae30\uc220\uc774 \uac15\ud574\uc9c4\ub2e4.",
            "language": {
                "name": "ko",
                "url": "/api/v2/language/3/"
            },
            "version_group": {
                "name": "sword-shield",
                "url": "/api/v2/version-group/20/"
            }
        },
        {
            "flavor_text": "\u53d7\u5230\u706b\u5c6c\u6027\u7684\u62db\u5f0f\u653b\u64ca\u6642\uff0c\n\u5438\u6536\u706b\u7130\uff0c\u8b93\u81ea\u5df1\u4f7f\u51fa\u7684\n\u706b\u5c6c\u6027\u62db\u5f0f\u8b8a\u5f37\u3002",
            "language": {
                "name": "zh-Hant",
                "url": "/api/v2/language/4/"
            },
            "version_group": {
                "name": "sword-shield",
                "url": "/api/v2/version-group/20/"
            }
        },
        {
            "flavor_text": "Lorsque le Pok\u00e9mon est touch\u00e9 par une capacit\u00e9\nde type Feu, il absorbe la chaleur pour renforcer\nses propres capacit\u00e9s Feu.",
            "language": {
                "name": "fr",
                "url": "/api/v2/language/5/"
            },
            "version_group": {
                "name": "sword-shield",
                "url": "/api/v2/version-group/20/"
            }
        },
        {
            "flavor_text": "Verst\u00e4rkt Feuer-Attacken, wenn es von Feuer-Attacken\ngetroffen wird.",
            "language": {
                "name": "de",
                "url": "/api/v2/language/6/"
            },
            "version_group": {
                "name": "sword-shield",
                "url": "/api/v2/version-group/20/"
            }
        },
        {
            "flavor_text": "Si le alcanza alg\u00fan movimiento de tipo Fuego, potencia\nsus propios movimientos de dicho tipo.",
            "language": {
                "name": "es",
                "url": "/api/v2/language/7/"
            },
            "version_group": {
                "name": "sword-shield",
                "url": "/api/v2/version-group/20/"
            }
        },
        {
            "flavor_text": "Se il Pok\u00e9mon subisce una mossa di tipo Fuoco,\nne sfrutta il calore per potenziare le proprie mosse\ndello stesso tipo.",
            "language": {
                "name": "it",
                "url": "/api/v2/language/8/"
            },
            "version_group": {
                "name": "sword-shield",
                "url": "/api/v2/version-group/20/"
            }
        },
        {
            "flavor_text": "Powers up the Pok\u00e9mon\u2019s Fire-type moves if it\u2019s hit\nby one.",
            "language": {
                "name": "en",
                "url": "/api/v2/language/9/"
            },
            "version_group": {
                "name": "sword-shield",
                "url": "/api/v2/version-group/20/"
            }
        },
        {
            "flavor_text": "\u307b\u306e\u304a\u30bf\u30a4\u30d7\u306e\u3000\u6280\u3092\u3000\u53d7\u3051\u308b\u3068\n\u708e\u3092\u3000\u3082\u3089\u3044\u3000\u81ea\u5206\u304c\u3000\u51fa\u3059\n\u307b\u306e\u304a\u30bf\u30a4\u30d7\u306e\u3000\u6280\u304c\u3000\u5f37\u304f\u306a\u308b\u3002",
            "language": {
                "name": "ja",
                "url": "/api/v2/language/11/"
            },
            "version_group": {
                "name": "sword-shield",
                "url": "/api/v2/version-group/20/"
            }
        },
        {
            "flavor_text": "\u53d7\u5230\u706b\u5c5e\u6027\u7684\u62db\u5f0f\u653b\u51fb\u65f6\uff0c\n\u5438\u6536\u706b\u7130\uff0c\u81ea\u5df1\u4f7f\u51fa\u7684\n\u706b\u5c5e\u6027\u62db\u5f0f\u4f1a\u53d8\u5f3a\u3002",
            "language": {
                "name": "zh-Hans",
                "url": "/api/v2/language/12/"
            },
            "version_group": {
                "name": "sword-shield",
                "url": "/api/v2/version-group/20/"
            }
        }
    ],
    "generation": {
        "name": "generation-iii",
        "url": "/api/v2/generation/3/"
    },
    "id": 18,
    "is_main_series": true,
    "name": "flash-fire",
    "names": [
        {
            "language": {
                "name": "ja-Hrkt",
                "url": "/api/v2/language/1/"
            },
            "name": "\u3082\u3089\u3044\u3073"
        },
        {
            "language": {
                "name": "ko",
                "url": "/api/v2/language/3/"
            },
            "name": "\ud0c0\uc624\ub974\ub294\ubd88\uaf43"
        },
        {
            "language": {
                "name": "zh-Hant",
                "url": "/api/v2/language/4/"
            },
            "name": "\u5f15\u706b"
        },
        {
            "language": {
                "name": "fr",
                "url": "/api/v2/language/5/"
            },
            "name": "Torche"
        },
        {
            "language": {
                "name": "de",
                "url": "/api/v2/language/6/"
            },
            "name": "Feuerf\u00e4nger"
        },
        {
            "language": {
                "name": "es",
                "url": "/api/v2/language/7/"
            },
            "name": "Absorbe Fuego"
        },
        {
            "language": {
                "name": "it",
                "url": "/api/v2/language/8/"
            },
            "name": "Fuocardore"
        },
        {
            "language": {
                "name": "en",
                "url": "/api/v2/language/9/"
            },
            "name": "Flash Fire"
        },
        {
            "language": {
                "name": "ja",
                "url": "/api/v2/language/11/"
            },
            "name": "\u3082\u3089\u3044\u3073"
        },
        {
            "language": {
                "name": "zh-Hans",
                "url": "/api/v2/language/12/"
            },
            "name": "\u5f15\u706b"
        }
    ],
    "pokemon": [
        {
            "is_hidden": false,
            "pokemon": {
                "name": "vulpix",
                "url": "/api/v2/pokemon/37/"
            },
            "slot": 1
        },
        {
            "is_hidden": false,
            "pokemon": {
                "name": "ninetales",
                "url": "/api/v2/pokemon/38/"
            },
            "slot": 1
        },
        {
            "is_hidden": false,
            "pokemon": {
                "name": "growlithe",
                "url": "/api/v2/pokemon/58/"
            },
            "slot": 2
        },
        {
            "is_hidden": false,
            "pokemon": {
                "name": "arcanine",
                "url": "/api/v2/pokemon/59/"
            },
            "slot": 2
        },
        {
            "is_hidden": false,
            "pokemon": {
                "name": "ponyta",
                "url": "/api/v2/pokemon/77/"
            },
            "slot": 2
        },
        {
            "is_hidden": false,
            "pokemon": {
                "name": "rapidash",
                "url": "/api/v2/pokemon/78/"
            },
            "slot": 2
        },
        {
            "is_hidden": false,
            "pokemon": {
                "name": "flareon",
                "url": "/api/v2/pokemon/136/"
            },
            "slot": 1
        },
        {
            "is_hidden": true,
            "pokemon": {
                "name": "cyndaquil",
                "url": "/api/v2/pokemon/155/"
            },
            "slot": 3
        },
        {
            "is_hidden": true,
            "pokemon": {
                "name": "quilava",
                "url": "/api/v2/pokemon/156/"
            },
            "slot": 3
        },
        {
            "is_hidden": true,
            "pokemon": {
                "name": "typhlosion",
                "url": "/api/v2/pokemon/157/"
            },
            "slot": 3
        },
        {
            "is_hidden": false,
            "pokemon": {
                "name": "houndour",
                "url": "/api/v2/pokemon/228/"
            },
            "slot": 2
        },
        {
            "is_hidden": false,
            "pokemon": {
                "name": "houndoom",
                "url": "/api/v2/pokemon/229/"
            },
            "slot": 2
        },
        {
            "is_hidden": false,
            "pokemon": {
                "name": "heatran",
                "url": "/api/v2/pokemon/485/"
            },
            "slot": 1
        },
        {
            "is_hidden": false,
            "pokemon": {
                "name": "litwick",
                "url": "/api/v2/pokemon/607/"
            },
            "slot": 1
        },
        {
            "is_hidden": false,
            "pokemon": {
                "name": "lampent",
                "url": "/api/v2/pokemon/608/"
            },
            "slot": 1
        },
        {
            "is_hidden": false,
            "pokemon": {
                "name": "chandelure",
                "url": "/api/v2/pokemon/609/"
            },
            "slot": 1
        },
        {
            "is_hidden": false,
            "pokemon": {
                "name": "heatmor",
                "url": "/api/v2/pokemon/631/"
            },
            "slot": 2
        },
        {
            "is_hidden": true,
            "pokemon": {
                "name": "rolycoly",
                "url": "/api/v2/pokemon/837/"
            },
            "slot": 3
        },
        {
            "is_hidden": true,
            "pokemon": {
                "name": "carkol",
                "url": "/api/v2/pokemon/838/"
            },
            "slot": 3
        },
        {
            "is_hidden": true,
            "pokemon": {
                "name": "coalossal",
                "url": "/api/v2/pokemon/839/"
            },
            "slot": 3
        },
        {
            "is_hidden": false,
            "pokemon": {
                "name": "sizzlipede",
                "url": "/api/v2/pokemon/850/"
            },
            "slot": 1
        },
        {
            "is_hidden": false,
            "pokemon": {
                "name": "centiskorch",
                "url": "/api/v2/pokemon/851/"
            },
            "slot": 1
        },
        {
            "is_hidden": false,
            "pokemon": {
                "name": "charcadet",
                "url": "/api/v2/pokemon/935/"
            },
            "slot": 1
        },
        {
            "is_hidden": false,
            "pokemon": {
                "name": "armarouge",
                "url": "/api/v2/pokemon/936/"
            },
            "slot": 1
        },
        {
            "is_hidden": false,
            "pokemon": {
                "name": "ceruledge",
                "url": "/api/v2/pokemon/937/"
            },
            "slot": 1
        },
        {
            "is_hidden": true,
            "pokemon": {
                "name": "coalossal-gmax",
                "url": "/api/v2/pokemon/10215/"
            },
            "slot": 3
        },
        {
            "is_hidden": false,
            "pokemon": {
                "name": "centiskorch-gmax",
                "url": "/api/v2/pokemon/10220/"
            },
            "slot": 1
        },
        {
            "is_hidden": false,
            "pokemon": {
                "name": "growlithe-hisui",
                "url": "/api/v2/pokemon/10229/"
            },
            "slot": 2
        },
        {
            "is_hidden": false,
            "pokemon": {
                "name": "arcanine-hisui",
                "url": "/api/v2/pokemon/10230/"
            },
            "slot": 2
        }
    ]
}