{
    "effect_changes": [],
    "effect_entries": [],
    "flavor_text_entries": [
        {
            "flavor_text": "\u30d0\u30c9\u30ec\u30c3\u30af\u30b9\u306e\u3000\u304d\u3093\u3061\u3087\u3046\u304b\u3093\u3068\n\u30ec\u30a4\u30b9\u30dd\u30b9\u306e\u3000\u304f\u308d\u306e\u3044\u306a\u306a\u304d\u306e\n\u3075\u305f\u3064\u306e\u3000\u3068\u304f\u305b\u3044\u3092\u3000\u3042\u308f\u305b\u3082\u3064\u3002",
            "language": {
                "name": "ja-Hrkt",
                "url": "/api/v2/language/1/"
            },
            "version_group": {
                "name": "sword-shield",
                "url": "/api/v2/version-group/20/"
            }
        },
        {
            "flavor_text": "\ubc84\ub4dc\ub809\uc2a4\uc758 \uae34\uc7a5\uac10\uacfc\n\ub808\uc774\uc2a4\ud3ec\uc2a4\uc758 \ud751\uc758\uc6b8\uc74c\n\ub450 \uac00\uc9c0 \ud2b9\uc131\uc744 \uacb8\ube44\ud55c\ub2e4.",
            "language": {
                "name": "ko",
                "url": "/api/v2/language/3/"
            },
            "version_group": {
                "name": "sword-shield",
                "url": "/api/v2/version-group/20/"
            }
        },
        {
            "flavor_text": "\u517c\u5177\u857e\u51a0\u738b\u7684\u7dca\u5f35\u611f\u548c\n\u9748\u5e7d\u99ac\u7684\u6f06\u9ed1\u5636\u9cf4\u9019\uff12\u7a2e\u7279\u6027\u3002",
            "language": {
                "name": "zh-Hant",
                "url": "/api/v2/language/4/"
            },
            "version_group": {
                "name": "sword-shield",
                "url": "/api/v2/version-group/20/"
            }
        },
        {
            "flavor_text": "Les talents Tension de Sylveroy et Sombre Ruade\nde Spectreval sont cumul\u00e9s.",
            "language": {
                "name": "fr",
                "url": "/api/v2/language/5/"
            },
            "version_group": {
                "name": "sword-shield",
                "url": "/api/v2/version-group/20/"
            }
        },
        {
            "flavor_text": "Das Pok\u00e9mon verf\u00fcgt sowohl \u00fcber Coronospas F\u00e4higkeit\nAnspannung als auch \u00fcber Phantoross\u2019 F\u00e4higkeit\nDunkles Wiehern.",
            "language": {
                "name": "de",
                "url": "/api/v2/language/6/"
            },
            "version_group": {
                "name": "sword-shield",
                "url": "/api/v2/version-group/20/"
            }
        },
        {
            "flavor_text": "El Pok\u00e9mon tiene dos habilidades: Relincho Negro de\nSpectrier y Nerviosismo de Calyrex.",
            "language": {
                "name": "es",
                "url": "/api/v2/language/7/"
            },
            "version_group": {
                "name": "sword-shield",
                "url": "/api/v2/version-group/20/"
            }
        },
        {
            "flavor_text": "Il Pok\u00e9mon ha una doppia abilit\u00e0: Agitazione di Calyrex\ne Nitrito Nero di Spectrier.",
            "language": {
                "name": "it",
                "url": "/api/v2/language/8/"
            },
            "version_group": {
                "name": "sword-shield",
                "url": "/api/v2/version-group/20/"
            }
        },
        {
            "flavor_text": "This Ability combines the effects of both Calyrex\u2019s\nUnnerve Ability and Spectrier\u2019s Grim Neigh Ability.",
            "language": {
                "name": "en",
                "url": "/api/v2/language/9/"
            },
            "version_group": {
                "name": "sword-shield",
                "url": "/api/v2/version-group/20/"
            }
        },
        {
            "flavor_text": "\u30d0\u30c9\u30ec\u30c3\u30af\u30b9\u306e\u3000\u304d\u3093\u3061\u3087\u3046\u304b\u3093\u3068\n\u30ec\u30a4\u30b9\u30dd\u30b9\u306e\u3000\u304f\u308d\u306e\u3044\u306a\u306a\u304d\u306e\n\u4e8c\u3064\u306e\u3000\u7279\u6027\u3092\u3000\u3042\u308f\u305b\u6301\u3064\u3002",
            "language": {
                "name": "ja",
                "url": "/api/v2/language/11/"
            },
            "version_group": {
                "name": "sword-shield",
                "url": "/api/v2/version-group/20/"
            }
        },
        {
            "flavor_text": "\u517c\u5907\u857e\u51a0\u738b\u7684\u7d27\u5f20\u611f\u548c\n\u7075\u5e7d\u9a6c\u7684\u6f06\u9ed1\u5636\u9e23\u8fd9\u4e24\u79cd\u7279\u6027\u3002",
            "language": {
                "name": "zh-Hans",
                "url": "/api/v2/language/12/"
            },
            "version_group": {
                "name": "sword-shield",
                "url": "/api/v2/version-group/20/"
            }
        }
    ],
    "generation": {
        "name": "generation-viii",
        "url": "/api/v2/generation/8/"
    },
    "id": 267,
    "is_main_series": true,
    "name": "as-one-spectrier",
    "names": [
        {
            "language": {
                "name": "ja-Hrkt",
                "url": "/api/v2/language/1/"
            },
            "name": "\u3058\u3093\u3070\u3044\u3063\u305f\u3044"
        },
        {
            "language": {
                "name": "ko",
                "url": "/api/v2/language/3/"
            },
            "name": "\ud63c\uc5f0\uc77c\uccb4"
        },
        {
            "language": {
                "name": "zh-Hant",
                "url": "/api/v2/language/4/"
            },
            "name": "\u4eba\u99ac\u4e00\u9ad4"
        },
        {
            "language": {
                "name": "fr",
                "url": "/api/v2/language/5/"
            },
            "name": "Osmose \u00c9quine"
        },
        {
            "language": {
                "name": "de",
                "url": "/api/v2/language/6/"
            },
            "name": "Reitgespann"
        },
        {
            "language": {
                "name": "es",
                "url": "/api/v2/language/7/"
            },
            "name": "Unidad Ecuestre"
        },
        {
            "language": {
                "name": "it",
                "url": "/api/v2/language/8/"
            },
            "name": "Sintonia Equina"
        },
        {
            "language": {
                "name": "en",
                "url": "/api/v2/language/9/"
            },
            "name": "As One"
        },
        {
            "language": {
                "name": "ja",
                "url": "/api/v2/language/11/"
            },
            "name": "\u3058\u3093\u3070\u3044\u3063\u305f\u3044"
        },
        {
            "language": {
                "name": "zh-Hans",
                "url": "/api/v2/language/12/"
            },
            "name": "\u4eba\u9a6c\u4e00\u4f53"
        }
    ],
    "pokemon": [
        {
            "is_hidden": false,
            "pokemon": {
                "name": "calyrex-shadow",
                "url": "/api/v2/pokemon/10194/"
            },
            "slot": 1
        }
    ]
}