{
    "effect_changes": [],
    "effect_entries": [
        {
            "effect": "Wenn ein Pok\u00e9mon mit dieser F\u00e4higkeit den Kampf betritt, \u00e4ndert sich das weather in starke Windstr\u00f6mungen. W\u00e4hrend das Wetter aktiv ist, werden alle Typenvorteile gegen\u00fcber flying aufgehoben. Das hei\u00dft, das z.B. rock gegen ein flying Pok\u00e9mon nur normalen Schaden anrichten. Die Effektivit\u00e4t gegen einen eventuellen Zweittyp wird nicht ver\u00e4ndert.\n\nDas weather kann weder durch F\u00e4higkeiten wie drizzle noch durch Attacken wie sandstorm ge\u00e4ndert werden und solche Attacken schlagen fehl.\n\nDie Windstr\u00f6mungen h\u00f6ren auf, wenn das Pok\u00e9mon mit dieser F\u00e4higkeit den Kampf verl\u00e4sst oder in eine hintere Position rotiert wird und kein Anderes mit derselben F\u00e4higkeit noch im Kampf ist, wenn die F\u00e4higkeit deaktiviert wird oder ein Pok\u00e9mon mit der F\u00e4higkeit delta stream oder primordial sea den Kampf betritt. Die Wettereffekte k\u00f6nnen durch F\u00e4higkeiten wie air lock aufgehoben werden.",
            "language": {
                "name": "de",
                "url": "/api/v2/language/6/"
            },
            "short_effect": "\u00c4ndert beim Betreten des Kampfes das weather in Windstr\u00f6mungen und hebt Typenvorteile gegen\u00fcber flying Attacken auf."
        },
        {
            "effect": "When this Pok\u00e9mon enters battle or gains this ability, the weather becomes a mysterious air current.  A mysterious air current causes moves to not be super effective against Flying; they do neutral damage instead.  anticipation and stealth rock are not affected.\n\nThe mysterious air current ends when this Pok\u00e9mon leaves battle or loses this ability, or when this ability is nullified.  The weather cannot otherwise be changed except by the effects of desolate land and primordial sea.\n\nair lock and cloud nine will prevent the effect of a mysterious air current, but will not allow the weather to be changed.",
            "language": {
                "name": "en",
                "url": "/api/v2/language/9/"
            },
            "short_effect": "Creates a mysterious air current, which cannot be replaced and causes moves to never be super effective against Flying Pok\u00e9mon."
        }
    ],
    "flavor_text_entries": [
        {
            "flavor_text": "\u3072\u3053\u3046\u306e\u3000\u3058\u3083\u304f\u3066\u3093\u304c\n\u306a\u304f\u306a\u308b\u3000\u3066\u3093\u304d\u306b\u3059\u308b\u3002",
            "language": {
                "name": "ja-Hrkt",
                "url": "/api/v2/language/1/"
            },
            "version_group": {
                "name": "omega-ruby-alpha-sapphire",
                "url": "/api/v2/version-group/16/"
            }
        },
        {
            "flavor_text": "\ube44\ud589\ud0c0\uc785\uc758 \uc57d\uc810\uc774\n\uc5c6\uc5b4\uc9c0\ub294 \ub0a0\uc528\ub85c \ub9cc\ub4e0\ub2e4.",
            "language": {
                "name": "ko",
                "url": "/api/v2/language/3/"
            },
            "version_group": {
                "name": "omega-ruby-alpha-sapphire",
                "url": "/api/v2/version-group/16/"
            }
        },
        {
            "flavor_text": "Alt\u00e8re les conditions m\u00e9t\u00e9o et\nannule les faiblesses du type Vol.",
            "language": {
                "name": "fr",
                "url": "/api/v2/language/5/"
            },
            "version_group": {
                "name": "omega-ruby-alpha-sapphire",
                "url": "/api/v2/version-group/16/"
            }
        },
        {
            "flavor_text": "\u00c4ndert das Wetter. Schw\u00e4chen\ndes Typs Flug werden beseitigt.",
            "language": {
                "name": "de",
                "url": "/api/v2/language/6/"
            },
            "version_group": {
                "name": "omega-ruby-alpha-sapphire",
                "url": "/api/v2/version-group/16/"
            }
        },
        {
            "flavor_text": "Altera el clima para anular las\nvulnerabilidades del tipo Volador.",
            "language": {
                "name": "es",
                "url": "/api/v2/language/7/"
            },
            "version_group": {
                "name": "omega-ruby-alpha-sapphire",
                "url": "/api/v2/version-group/16/"
            }
        },
        {
            "flavor_text": "Crea un clima che annulla i punti\ndeboli del tipo Volante.",
            "language": {
                "name": "it",
                "url": "/api/v2/language/8/"
            },
            "version_group": {
                "name": "omega-ruby-alpha-sapphire",
                "url": "/api/v2/version-group/16/"
            }
        },
        {
            "flavor_text": "Affects weather and eliminates all\nof the Flying type\u2019s weaknesses.",
            "language": {
                "name": "en",
                "url": "/api/v2/language/9/"
            },
            "version_group": {
                "name": "omega-ruby-alpha-sapphire",
                "url": "/api/v2/version-group/16/"
            }
        },
        {
            "flavor_text": "\u3072\u3053\u3046\u30bf\u30a4\u30d7\u306e\u3000\u5f31\u70b9\u304c\n\u306a\u304f\u306a\u308b\u3000\u5929\u6c17\u306b\u3059\u308b\u3002",
            "language": {
                "name": "ja",
                "url": "/api/v2/language/11/"
            },
            "version_group": {
                "name": "omega-ruby-alpha-sapphire",
                "url": "/api/v2/version-group/16/"
            }
        },
        {
            "flavor_text": "\u3072\u3053\u3046\u30bf\u30a4\u30d7\u306e\u3000\u3058\u3083\u304f\u3066\u3093\u304c\n\u306a\u304f\u306a\u308b\u3000\u3066\u3093\u304d\u306b\u3059\u308b\u3002",
            "language": {
                "name": "ja-Hrkt",
                "url": "/api/v2/language/1/"
            },
            "version_group": {
                "name": "sun-moon",
                "url": "/api/v2/version-group/17/"
            }
        },
        {
            "flavor_text": "\ube44\ud589\ud0c0\uc785\uc758 \uc57d\uc810\uc774\n\uc5c6\uc5b4\uc9c0\ub294 \ub0a0\uc528\ub85c \ub9cc\ub4e0\ub2e4.",
            "language": {
                "name": "ko",
                "url": "/api/v2/language/3/"
            },
            "version_group": {
                "name": "sun-moon",
                "url": "/api/v2/version-group/17/"
            }
        },
        {
            "flavor_text": "\u8b8a\u70ba\u4ee4\u98db\u884c\u5c6c\u6027\u7684\u5f31\u9ede\n\u6d88\u5931\u7684\u5929\u6c23\u3002",
            "language": {
                "name": "zh-Hant",
                "url": "/api/v2/language/4/"
            },
            "version_group": {
                "name": "sun-moon",
                "url": "/api/v2/version-group/17/"
            }
        },
        {
            "flavor_text": "Alt\u00e8re les conditions m\u00e9t\u00e9o et annule les faiblesses\ndu type Vol.",
            "language": {
                "name": "fr",
                "url": "/api/v2/language/5/"
            },
            "version_group": {
                "name": "sun-moon",
                "url": "/api/v2/version-group/17/"
            }
        },
        {
            "flavor_text": "\u00c4ndert das Wetter, um die Schw\u00e4chen des Typs Flug\nzu beseitigen.",
            "language": {
                "name": "de",
                "url": "/api/v2/language/6/"
            },
            "version_group": {
                "name": "sun-moon",
                "url": "/api/v2/version-group/17/"
            }
        },
        {
            "flavor_text": "Altera el clima para anular las vulnerabilidades del\ntipo Volador.",
            "language": {
                "name": "es",
                "url": "/api/v2/language/7/"
            },
            "version_group": {
                "name": "sun-moon",
                "url": "/api/v2/version-group/17/"
            }
        },
        {
            "flavor_text": "Crea un clima che annulla i punti deboli\ndel tipo Volante.",
            "language": {
                "name": "it",
                "url": "/api/v2/language/8/"
            },
            "version_group": {
                "name": "sun-moon",
                "url": "/api/v2/version-group/17/"
            }
        },
        {
            "flavor_text": "The Pok\u00e9mon changes the weather to eliminate all\nof the Flying type\u2019s weaknesses.",
            "language": {
                "name": "en",
                "url": "/api/v2/language/9/"
            },
            "version_group": {
                "name": "sun-moon",
                "url": "/api/v2/version-group/17/"
            }
        },
        {
            "flavor_text": "\u3072\u3053\u3046\u30bf\u30a4\u30d7\u306e\u3000\u5f31\u70b9\u304c\n\u306a\u304f\u306a\u308b\u3000\u5929\u6c17\u306b\u3059\u308b\u3002",
            "language": {
                "name": "ja",
                "url": "/api/v2/language/11/"
            },
            "version_group": {
                "name": "sun-moon",
                "url": "/api/v2/version-group/17/"
            }
        },
        {
            "flavor_text": "\u53d8\u4e3a\u4ee4\u98de\u884c\u5c5e\u6027\u7684\u5f31\u70b9\n\u6d88\u5931\u7684\u5929\u6c14\u3002",
            "language": {
                "name": "zh-Hans",
                "url": "/api/v2/language/12/"
            },
            "version_group": {
                "name": "sun-moon",
                "url": "/api/v2/version-group/17/"
            }
        },
        {
            "flavor_text": "\u3072\u3053\u3046\u30bf\u30a4\u30d7\u306e\u3000\u3058\u3083\u304f\u3066\u3093\u304c\n\u306a\u304f\u306a\u308b\u3000\u3066\u3093\u304d\u306b\u3059\u308b\u3002",
            "language": {
                "name": "ja-Hrkt",
                "url": "/api/v2/language/1/"
            },
            "version_group": {
                "name": "ultra-sun-ultra-moon",
                "url": "/api/v2/version-group/18/"
            }
        },
        {
            "flavor_text": "\ube44\ud589\ud0c0\uc785\uc758 \uc57d\uc810\uc774\n\uc5c6\uc5b4\uc9c0\ub294 \ub0a0\uc528\ub85c \ub9cc\ub4e0\ub2e4.",
            "language": {
                "name": "ko",
                "url": "/api/v2/language/3/"
            },
            "version_group": {
                "name": "ultra-sun-ultra-moon",
                "url": "/api/v2/version-group/18/"
            }
        },
        {
            "flavor_text": "\u8b8a\u70ba\u4ee4\u98db\u884c\u5c6c\u6027\u7684\u5f31\u9ede\n\u6d88\u5931\u7684\u5929\u6c23\u3002",
            "language": {
                "name": "zh-Hant",
                "url": "/api/v2/language/4/"
            },
            "version_group": {
                "name": "ultra-sun-ultra-moon",
                "url": "/api/v2/version-group/18/"
            }
        },
        {
            "flavor_text": "Alt\u00e8re les conditions m\u00e9t\u00e9o et annule les faiblesses\ndu type Vol.",
            "language": {
                "name": "fr",
                "url": "/api/v2/language/5/"
            },
            "version_group": {
                "name": "ultra-sun-ultra-moon",
                "url": "/api/v2/version-group/18/"
            }
        },
        {
            "flavor_text": "\u00c4ndert das Wetter, um die Schw\u00e4chen des Typs Flug\nzu beseitigen.",
            "language": {
                "name": "de",
                "url": "/api/v2/language/6/"
            },
            "version_group": {
                "name": "ultra-sun-ultra-moon",
                "url": "/api/v2/version-group/18/"
            }
        },
        {
            "flavor_text": "Altera el clima para anular las vulnerabilidades del\ntipo Volador.",
            "language": {
                "name": "es",
                "url": "/api/v2/language/7/"
            },
            "version_group": {
                "name": "ultra-sun-ultra-moon",
                "url": "/api/v2/version-group/18/"
            }
        },
        {
            "flavor_text": "Crea un clima che annulla i punti deboli\ndel tipo Volante.",
            "language": {
                "name": "it",
                "url": "/api/v2/language/8/"
            },
            "version_group": {
                "name": "ultra-sun-ultra-moon",
                "url": "/api/v2/version-group/18/"
            }
        },
        {
            "flavor_text": "The Pok\u00e9mon changes the weather to eliminate all\nof the Flying type\u2019s weaknesses.",
            "language": {
                "name": "en",
                "url": "/api/v2/language/9/"
            },
            "version_group": {
                "name": "ultra-sun-ultra-moon",
                "url": "/api/v2/version-group/18/"
            }
        },
        {
            "flavor_text": "\u3072\u3053\u3046\u30bf\u30a4\u30d7\u306e\u3000\u5f31\u70b9\u304c\n\u306a\u304f\u306a\u308b\u3000\u5929\u6c17\u306b\u3059\u308b\u3002",
            "language": {
                "name": "ja",
                "url": "/api/v2/language/11/"
            },
            "version_group": {
                "name": "ultra-sun-ultra-moon",
                "url": "/api/v2/version-group/18/"
            }
        },
        {
            "flavor_text": "\u53d8\u4e3a\u4ee4\u98de\u884c\u5c5e\u6027\u7684\u5f31\u70b9\n\u6d88\u5931\u7684\u5929\u6c14\u3002",
            "language": {
                "name": "zh-Hans",
                "url": "/api/v2/language/12/"
            },
            "version_group": {
                "name": "ultra-sun-ultra-moon",
                "url": "/api/v2/version-group/18/"
            }
        },
        {
            "flavor_text": "\u3072\u3053\u3046\u30bf\u30a4\u30d7\u306e\u3000\u3058\u3083\u304f\u3066\u3093\u304c\n\u306a\u304f\u306a\u308b\u3000\u3066\u3093\u304d\u306b\u3059\u308b\u3002",
            "language": {
                "name": "ja-Hrkt",
                "url": "/api/v2/language/1/"
            },
            "version_group": {
                "name": "lets-go-pikachu-lets-go-eevee",
                "url": "/api/v2/version-group/19/"
            }
        },
        {
            "flavor_text": "\ube44\ud589\ud0c0\uc785\uc758 \uc57d\uc810\uc774\n\uc5c6\uc5b4\uc9c0\ub294 \ub0a0\uc528\ub85c \ub9cc\ub4e0\ub2e4.",
            "language": {
                "name": "ko",
                "url": "/api/v2/language/3/"
            },
            "version_group": {
                "name": "lets-go-pikachu-lets-go-eevee",
                "url": "/api/v2/version-group/19/"
            }
        },
        {
            "flavor_text": "\u8b8a\u70ba\u4ee4\u98db\u884c\u5c6c\u6027\u7684\u5f31\u9ede\n\u6d88\u5931\u7684\u5929\u6c23\u3002",
            "language": {
                "name": "zh-Hant",
                "url": "/api/v2/language/4/"
            },
            "version_group": {
                "name": "lets-go-pikachu-lets-go-eevee",
                "url": "/api/v2/version-group/19/"
            }
        },
        {
            "flavor_text": "Alt\u00e8re les conditions m\u00e9t\u00e9o et annule les faiblesses\ndu type Vol.",
            "language": {
                "name": "fr",
                "url": "/api/v2/language/5/"
            },
            "version_group": {
                "name": "lets-go-pikachu-lets-go-eevee",
                "url": "/api/v2/version-group/19/"
            }
        },
        {
            "flavor_text": "\u00c4ndert das Wetter, um die Schw\u00e4chen des Typs Flug\nzu beseitigen.",
            "language": {
                "name": "de",
                "url": "/api/v2/language/6/"
            },
            "version_group": {
                "name": "lets-go-pikachu-lets-go-eevee",
                "url": "/api/v2/version-group/19/"
            }
        },
        {
            "flavor_text": "Altera el clima para anular las vulnerabilidades del\ntipo Volador.",
            "language": {
                "name": "es",
                "url": "/api/v2/language/7/"
            },
            "version_group": {
                "name": "lets-go-pikachu-lets-go-eevee",
                "url": "/api/v2/version-group/19/"
            }
        },
        {
            "flavor_text": "Crea un clima che annulla i punti deboli\ndel tipo Volante.",
            "language": {
                "name": "it",
                "url": "/api/v2/language/8/"
            },
            "version_group": {
                "name": "lets-go-pikachu-lets-go-eevee",
                "url": "/api/v2/version-group/19/"
            }
        },
        {
            "flavor_text": "The Pok\u00e9mon changes the weather to eliminate all\nof the Flying type\u2019s weaknesses.",
            "language": {
                "name": "en",
                "url": "/api/v2/language/9/"
            },
            "version_group": {
                "name": "lets-go-pikachu-lets-go-eevee",
                "url": "/api/v2/version-group/19/"
            }
        },
        {
            "flavor_text": "\u3072\u3053\u3046\u30bf\u30a4\u30d7\u306e\u3000\u5f31\u70b9\u304c\n\u306a\u304f\u306a\u308b\u3000\u5929\u6c17\u306b\u3059\u308b\u3002",
            "language": {
                "name": "ja",
                "url": "/api/v2/language/11/"
            },
            "version_group": {
                "name": "lets-go-pikachu-lets-go-eevee",
                "url": "/api/v2/version-group/19/"
            }
        },
        {
            "flavor_text": "\u53d8\u4e3a\u4ee4\u98de\u884c\u5c5e\u6027\u7684\u5f31\u70b9\n\u6d88\u5931\u7684\u5929\u6c14\u3002",
            "language": {
                "name": "zh-Hans",
                "url": "/api/v2/language/12/"
            },
            "version_group": {
                "name": "lets-go-pikachu-lets-go-eevee",
                "url": "/api/v2/version-group/19/"
            }
        },
        {
            "flavor_text": "\u3072\u3053\u3046\u30bf\u30a4\u30d7\u306e\u3000\u3058\u3083\u304f\u3066\u3093\u304c\n\u306a\u304f\u306a\u308b\u3000\u3066\u3093\u304d\u306b\u3059\u308b\u3002",
            "language": {
                "name": "ja-Hrkt",
                "url": "/api/v2/language/1/"
            },
            "version_group": {
                "name": "sword-shield",
                "url": "/api/v2/version-group/20/"
            }
        },
        {
            "flavor_text": "\ube44\ud589\ud0c0\uc785\uc758 \uc57d\uc810\uc774\n\uc5c6\uc5b4\uc9c0\ub294 \ub0a0\uc528\ub85c \ub9cc\ub4e0\ub2e4.",
            "language": {
                "name": "ko",
                "url": "/api/v2/language/3/"
            },
            "version_group": {
                "name": "sword-shield",
                "url": "/api/v2/version-group/20/"
            }
        },
        {
            "flavor_text": "\u8b8a\u70ba\u4ee4\u98db\u884c\u5c6c\u6027\u7684\u5f31\u9ede\n\u6d88\u5931\u7684\u5929\u6c23\u3002",
            "language": {
                "name": "zh-Hant",
                "url": "/api/v2/language/4/"
            },
            "version_group": {
                "name": "sword-shield",
                "url": "/api/v2/version-group/20/"
            }
        },
        {
            "flavor_text": "Alt\u00e8re les conditions m\u00e9t\u00e9o et annule les faiblesses\ndu type Vol.",
            "language": {
                "name": "fr",
                "url": "/api/v2/language/5/"
            },
            "version_group": {
                "name": "sword-shield",
                "url": "/api/v2/version-group/20/"
            }
        },
        {
            "flavor_text": "\u00c4ndert das Wetter, um die Schw\u00e4chen des Typs Flug\nzu beseitigen.",
            "language": {
                "name": "de",
                "url": "/api/v2/language/6/"
            },
            "version_group": {
                "name": "sword-shield",
                "url": "/api/v2/version-group/20/"
            }
        },
        {
            "flavor_text": "Altera el clima para anular las vulnerabilidades del tipo\nVolador.",
            "language": {
                "name": "es",
                "url": "/api/v2/language/7/"
            },
            "version_group": {
                "name": "sword-shield",
                "url": "/api/v2/version-group/20/"
            }
        },
        {
            "flavor_text": "Crea un clima che annulla i punti deboli\ndel tipo Volante.",
            "language": {
                "name": "it",
                "url": "/api/v2/language/8/"
            },
            "version_group": {
                "name": "sword-shield",
                "url": "/api/v2/version-group/20/"
            }
        },
        {
            "flavor_text": "The Pok\u00e9mon changes the weather to eliminate all\nof the Flying type\u2019s weaknesses.",
            "language": {
                "name": "en",
                "url": "/api/v2/language/9/"
            },
            "version_group": {
                "name": "sword-shield",
                "url": "/api/v2/version-group/20/"
            }
        },
        {
            "flavor_text": "\u3072\u3053\u3046\u30bf\u30a4\u30d7\u306e\u3000\u5f31\u70b9\u304c\n\u306a\u304f\u306a\u308b\u3000\u5929\u6c17\u306b\u3059\u308b\u3002",
            "language": {
                "name": "ja",
                "url": "/api/v2/language/11/"
            },
            "version_group": {
                "name": "sword-shield",
                "url": "/api/v2/version-group/20/"
            }
        },
        {
            "flavor_text": "\u53d8\u4e3a\u4ee4\u98de\u884c\u5c5e\u6027\u7684\u5f31\u70b9\n\u6d88\u5931\u7684\u5929\u6c14\u3002",
            "language": {
                "name": "zh-Hans",
                "url": "/api/v2/language/12/"
            },
            "version_group": {
                "name": "sword-shield",
                "url": "/api/v2/version-group/20/"
            }
        }
    ],
    "generation": {
        "name": "generation-vi",
        "url": "/api/v2/generation/6/"
    },
    "id": 191,
    "is_main_series": true,
    "name": "delta-stream",
    "names": [
        {
            "language": {
                "name": "ja-Hrkt",
                "url": "/api/v2/language/1/"
            },
            "name": "\u30c7\u30eb\u30bf\u30b9\u30c8\u30ea\u30fc\u30e0"
        },
        {
            "language": {
                "name": "ko",
                "url": "/api/v2/language/3/"
            },
            "name": "\ub378\ud0c0\uc2a4\ud2b8\ub9bc"
        },
        {
            "language": {
                "name": "zh-Hant",
                "url": "/api/v2/language/4/"
            },
            "name": "\u5fb7\u723e\u5854\u6c23\u6d41"
        },
        {
            "language": {
                "name": "fr",
                "url": "/api/v2/language/5/"
            },
            "name": "Souffle Delta"
        },
        {
            "language": {
                "name": "de",
                "url": "/api/v2/language/6/"
            },
            "name": "Delta-Wind"
        },
        {
            "language": {
                "name": "es",
                "url": "/api/v2/language/7/"
            },
            "name": "R\u00e1faga Delta"
        },
        {
            "language": {
                "name": "it",
                "url": "/api/v2/language/8/"
            },
            "name": "Flusso Delta"
        },
        {
            "language": {
                "name": "en",
                "url": "/api/v2/language/9/"
            },
            "name": "Delta Stream"
        },
        {
            "language": {
                "name": "ja",
                "url": "/api/v2/language/11/"
            },
            "name": "\u30c7\u30eb\u30bf\u30b9\u30c8\u30ea\u30fc\u30e0"
        },
        {
            "language": {
                "name": "zh-Hans",
                "url": "/api/v2/language/12/"
            },
            "name": "\u5fb7\u5c14\u5854\u6c14\u6d41"
        }
    ],
    "pokemon": [
        {
            "is_hidden": false,
            "pokemon": {
                "name": "rayquaza-mega",
                "url": "/api/v2/pokemon/10079/"
            },
            "slot": 1
        }
    ]
}