{
    "effect_changes": [],
    "effect_entries": [
        {
            "effect": "Attacken von Pok\u00e9mon mit dieser F\u00e4higkeit agieren alle als normal Attacken.\n\nAttacken die typenlosen Schaden verursachen werden nicht beeinflusst. Attacken mit variablen Typ, so wie hidden power, werden beeinflusst. Sie funktionieren sonst wie \u00fcblich, aber z.B. weather ball wird immer vom Typ normal sein, aber es sieht trotzdem anders aus und hat doppelte St\u00e4rke bei Wettereffekten.\n\nSo wie thunder wave durch Immunit\u00e4ten verhindert wird, anders als die meisten Attacken ohne Schaden, werden ghost Pok\u00e9mon nicht beeinflusst vom Effekt dieser F\u00e4higkeit.",
            "language": {
                "name": "de",
                "url": "/api/v2/language/6/"
            },
            "short_effect": "Attacken des Pok\u00e9mon werden alle zu normal Attacken."
        },
        {
            "effect": "This Pok\u00e9mon's moves all act as if they were normal-type.\n\nMoves that inflict typeless damage do so as usual.  Moves of variable type, such as hidden power, are affected.  They otherwise work as usual, however; weather ball, for example, is always forced to be Normal, but it still has doubled power and looks different during weather.\n\nAs thunder wave is prevented by immunities, unlike most non-damaging moves, it does not affect ghost-type Pok\u00e9mon under the effect of this ability.",
            "language": {
                "name": "en",
                "url": "/api/v2/language/9/"
            },
            "short_effect": "Makes the Pok\u00e9mon's moves all act normal-type."
        }
    ],
    "flavor_text_entries": [
        {
            "flavor_text": "All the Pok\u00e9mon\u2019s moves\nbecome the Normal type.",
            "language": {
                "name": "en",
                "url": "/api/v2/language/9/"
            },
            "version_group": {
                "name": "diamond-pearl",
                "url": "/api/v2/version-group/8/"
            }
        },
        {
            "flavor_text": "All the Pok\u00e9mon\u2019s moves\nbecome the Normal type.",
            "language": {
                "name": "en",
                "url": "/api/v2/language/9/"
            },
            "version_group": {
                "name": "platinum",
                "url": "/api/v2/version-group/9/"
            }
        },
        {
            "flavor_text": "All the Pok\u00e9mon\u2019s moves\nbecome the Normal type.",
            "language": {
                "name": "en",
                "url": "/api/v2/language/9/"
            },
            "version_group": {
                "name": "heartgold-soulsilver",
                "url": "/api/v2/version-group/10/"
            }
        },
        {
            "flavor_text": "Toutes les capacit\u00e9s sont\nde type Normal.",
            "language": {
                "name": "fr",
                "url": "/api/v2/language/5/"
            },
            "version_group": {
                "name": "black-white",
                "url": "/api/v2/version-group/11/"
            }
        },
        {
            "flavor_text": "All the Pok\u00e9mon\u2019s moves\nbecome the Normal type.",
            "language": {
                "name": "en",
                "url": "/api/v2/language/9/"
            },
            "version_group": {
                "name": "black-white",
                "url": "/api/v2/version-group/11/"
            }
        },
        {
            "flavor_text": "All the Pok\u00e9mon\u2019s moves\nbecome the Normal type.",
            "language": {
                "name": "en",
                "url": "/api/v2/language/9/"
            },
            "version_group": {
                "name": "black-2-white-2",
                "url": "/api/v2/version-group/14/"
            }
        },
        {
            "flavor_text": "\u3060\u3057\u305f\u308f\u3056\u304c\u3000\u3059\u3079\u3066\n\u30ce\u30fc\u30de\u30eb\u30bf\u30a4\u30d7\u306b\u3000\u306a\u308b\u3002",
            "language": {
                "name": "ja-Hrkt",
                "url": "/api/v2/language/1/"
            },
            "version_group": {
                "name": "x-y",
                "url": "/api/v2/version-group/15/"
            }
        },
        {
            "flavor_text": "\uc4f4 \uae30\uc220\uc774 \ubaa8\ub450\n\ub178\ub9d0\ud0c0\uc785\uc774 \ub41c\ub2e4.",
            "language": {
                "name": "ko",
                "url": "/api/v2/language/3/"
            },
            "version_group": {
                "name": "x-y",
                "url": "/api/v2/version-group/15/"
            }
        },
        {
            "flavor_text": "Toutes les capacit\u00e9s sont de\ntype Normal.",
            "language": {
                "name": "fr",
                "url": "/api/v2/language/5/"
            },
            "version_group": {
                "name": "x-y",
                "url": "/api/v2/version-group/15/"
            }
        },
        {
            "flavor_text": "Alle Attacken des Pok\u00e9mon\nwerden zu Normal-Attacken.",
            "language": {
                "name": "de",
                "url": "/api/v2/language/6/"
            },
            "version_group": {
                "name": "x-y",
                "url": "/api/v2/version-group/15/"
            }
        },
        {
            "flavor_text": "Todos los movimientos se vuelven\nde tipo Normal.",
            "language": {
                "name": "es",
                "url": "/api/v2/language/7/"
            },
            "version_group": {
                "name": "x-y",
                "url": "/api/v2/version-group/15/"
            }
        },
        {
            "flavor_text": "Le mosse del Pok\u00e9mon\ndiventano di tipo Normale.",
            "language": {
                "name": "it",
                "url": "/api/v2/language/8/"
            },
            "version_group": {
                "name": "x-y",
                "url": "/api/v2/version-group/15/"
            }
        },
        {
            "flavor_text": "All the Pok\u00e9mon\u2019s moves\nbecome Normal type.",
            "language": {
                "name": "en",
                "url": "/api/v2/language/9/"
            },
            "version_group": {
                "name": "x-y",
                "url": "/api/v2/version-group/15/"
            }
        },
        {
            "flavor_text": "\u3060\u3057\u305f\u6280\u304c\u3000\u3059\u3079\u3066\n\u30ce\u30fc\u30de\u30eb\u30bf\u30a4\u30d7\u306b\u3000\u306a\u308b\u3002",
            "language": {
                "name": "ja",
                "url": "/api/v2/language/11/"
            },
            "version_group": {
                "name": "x-y",
                "url": "/api/v2/version-group/15/"
            }
        },
        {
            "flavor_text": "\u3060\u3057\u305f\u308f\u3056\u304c\u3000\u3059\u3079\u3066\n\u30ce\u30fc\u30de\u30eb\u30bf\u30a4\u30d7\u306b\u3000\u306a\u308b\u3002",
            "language": {
                "name": "ja-Hrkt",
                "url": "/api/v2/language/1/"
            },
            "version_group": {
                "name": "omega-ruby-alpha-sapphire",
                "url": "/api/v2/version-group/16/"
            }
        },
        {
            "flavor_text": "\uc4f4 \uae30\uc220\uc774 \ubaa8\ub450\n\ub178\ub9d0\ud0c0\uc785\uc774 \ub41c\ub2e4.",
            "language": {
                "name": "ko",
                "url": "/api/v2/language/3/"
            },
            "version_group": {
                "name": "omega-ruby-alpha-sapphire",
                "url": "/api/v2/version-group/16/"
            }
        },
        {
            "flavor_text": "Toutes les capacit\u00e9s sont de\ntype Normal.",
            "language": {
                "name": "fr",
                "url": "/api/v2/language/5/"
            },
            "version_group": {
                "name": "omega-ruby-alpha-sapphire",
                "url": "/api/v2/version-group/16/"
            }
        },
        {
            "flavor_text": "Alle Attacken des Pok\u00e9mon\nwerden zu Normal-Attacken.",
            "language": {
                "name": "de",
                "url": "/api/v2/language/6/"
            },
            "version_group": {
                "name": "omega-ruby-alpha-sapphire",
                "url": "/api/v2/version-group/16/"
            }
        },
        {
            "flavor_text": "Todos los movimientos se vuelven\nde tipo Normal.",
            "language": {
                "name": "es",
                "url": "/api/v2/language/7/"
            },
            "version_group": {
                "name": "omega-ruby-alpha-sapphire",
                "url": "/api/v2/version-group/16/"
            }
        },
        {
            "flavor_text": "Le mosse del Pok\u00e9mon\ndiventano di tipo Normale.",
            "language": {
                "name": "it",
                "url": "/api/v2/language/8/"
            },
            "version_group": {
                "name": "omega-ruby-alpha-sapphire",
                "url": "/api/v2/version-group/16/"
            }
        },
        {
            "flavor_text": "All the Pok\u00e9mon\u2019s moves\nbecome Normal type.",
            "language": {
                "name": "en",
                "url": "/api/v2/language/9/"
            },
            "version_group": {
                "name": "omega-ruby-alpha-sapphire",
                "url": "/api/v2/version-group/16/"
            }
        },
        {
            "flavor_text": "\u3060\u3057\u305f\u6280\u304c\u3000\u3059\u3079\u3066\n\u30ce\u30fc\u30de\u30eb\u30bf\u30a4\u30d7\u306b\u3000\u306a\u308b\u3002",
            "language": {
                "name": "ja",
                "url": "/api/v2/language/11/"
            },
            "version_group": {
                "name": "omega-ruby-alpha-sapphire",
                "url": "/api/v2/version-group/16/"
            }
        },
        {
            "flavor_text": "\u3069\u3093\u306a\u3000\u30bf\u30a4\u30d7\u306e\u3000\u308f\u3056\u3067\u3082\n\u3059\u3079\u3066\u3000\u30ce\u30fc\u30de\u30eb\u30bf\u30a4\u30d7\u306b\u3000\u306a\u308b\u3002\n\u3044\u308a\u3087\u304f\u304c\u3000\u3059\u3053\u3057\u3000\u3042\u304c\u308b\u3002",
            "language": {
                "name": "ja-Hrkt",
                "url": "/api/v2/language/1/"
            },
            "version_group": {
                "name": "sun-moon",
                "url": "/api/v2/version-group/17/"
            }
        },
        {
            "flavor_text": "\uc5b4\ub5a4 \ud0c0\uc785\uc758 \uae30\uc220\ub3c4\n\ubaa8\ub450 \ub178\ub9d0\ud0c0\uc785\uc774 \ub41c\ub2e4.\n\uc704\ub825\uc774 \uc870\uae08 \uc62c\ub77c\uac04\ub2e4.",
            "language": {
                "name": "ko",
                "url": "/api/v2/language/3/"
            },
            "version_group": {
                "name": "sun-moon",
                "url": "/api/v2/version-group/17/"
            }
        },
        {
            "flavor_text": "\u7121\u8ad6\u662f\u4ec0\u9ebc\u5c6c\u6027\u7684\u62db\u5f0f\uff0c\n\u5168\u90e8\u90fd\u6703\u8b8a\u70ba\u4e00\u822c\u5c6c\u6027\u3002\n\u5a01\u529b\u6703\u5c11\u91cf\u63d0\u9ad8\u3002",
            "language": {
                "name": "zh-Hant",
                "url": "/api/v2/language/4/"
            },
            "version_group": {
                "name": "sun-moon",
                "url": "/api/v2/version-group/17/"
            }
        },
        {
            "flavor_text": "Toutes les capacit\u00e9s du Pok\u00e9mon deviennent de\ntype Normal, quel que soit leur type original.\nLeur puissance augmente l\u00e9g\u00e8rement.",
            "language": {
                "name": "fr",
                "url": "/api/v2/language/5/"
            },
            "version_group": {
                "name": "sun-moon",
                "url": "/api/v2/version-group/17/"
            }
        },
        {
            "flavor_text": "Alle Attacken des Pok\u00e9mon nehmen den Typ Normal\nan und ihre St\u00e4rke erh\u00f6ht sich ein wenig.",
            "language": {
                "name": "de",
                "url": "/api/v2/language/6/"
            },
            "version_group": {
                "name": "sun-moon",
                "url": "/api/v2/version-group/17/"
            }
        },
        {
            "flavor_text": "Todos los movimientos se vuelven de tipo Normal y\naumentan ligeramente su potencia.",
            "language": {
                "name": "es",
                "url": "/api/v2/language/7/"
            },
            "version_group": {
                "name": "sun-moon",
                "url": "/api/v2/version-group/17/"
            }
        },
        {
            "flavor_text": "Tutte le mosse del Pok\u00e9mon diventano di tipo\nNormale e la loro potenza aumenta un po\u2019.",
            "language": {
                "name": "it",
                "url": "/api/v2/language/8/"
            },
            "version_group": {
                "name": "sun-moon",
                "url": "/api/v2/version-group/17/"
            }
        },
        {
            "flavor_text": "All the Pok\u00e9mon\u2019s moves become Normal type.\nThe power of those moves is boosted a little.",
            "language": {
                "name": "en",
                "url": "/api/v2/language/9/"
            },
            "version_group": {
                "name": "sun-moon",
                "url": "/api/v2/version-group/17/"
            }
        },
        {
            "flavor_text": "\u3069\u3093\u306a\u3000\u30bf\u30a4\u30d7\u306e\u3000\u6280\u3067\u3082\n\u3059\u3079\u3066\u3000\u30ce\u30fc\u30de\u30eb\u30bf\u30a4\u30d7\u306b\u3000\u306a\u308b\u3002\n\u5a01\u529b\u304c\u3000\u5c11\u3057\u3000\u4e0a\u304c\u308b\u3002",
            "language": {
                "name": "ja",
                "url": "/api/v2/language/11/"
            },
            "version_group": {
                "name": "sun-moon",
                "url": "/api/v2/version-group/17/"
            }
        },
        {
            "flavor_text": "\u65e0\u8bba\u662f\u4ec0\u4e48\u5c5e\u6027\u7684\u62db\u5f0f\uff0c\n\u5168\u90e8\u4f1a\u53d8\u4e3a\u4e00\u822c\u5c5e\u6027\u3002\n\u5a01\u529b\u4f1a\u5c11\u91cf\u63d0\u9ad8\u3002",
            "language": {
                "name": "zh-Hans",
                "url": "/api/v2/language/12/"
            },
            "version_group": {
                "name": "sun-moon",
                "url": "/api/v2/version-group/17/"
            }
        },
        {
            "flavor_text": "\u3069\u3093\u306a\u3000\u30bf\u30a4\u30d7\u306e\u3000\u308f\u3056\u3067\u3082\n\u3059\u3079\u3066\u3000\u30ce\u30fc\u30de\u30eb\u30bf\u30a4\u30d7\u306b\u3000\u306a\u308b\u3002\n\u3044\u308a\u3087\u304f\u304c\u3000\u3059\u3053\u3057\u3000\u3042\u304c\u308b\u3002",
            "language": {
                "name": "ja-Hrkt",
                "url": "/api/v2/language/1/"
            },
            "version_group": {
                "name": "ultra-sun-ultra-moon",
                "url": "/api/v2/version-group/18/"
            }
        },
        {
            "flavor_text": "\uc5b4\ub5a4 \ud0c0\uc785\uc758 \uae30\uc220\ub3c4\n\ubaa8\ub450 \ub178\ub9d0\ud0c0\uc785\uc774 \ub41c\ub2e4.\n\uc704\ub825\uc774 \uc870\uae08 \uc62c\ub77c\uac04\ub2e4.",
            "language": {
                "name": "ko",
                "url": "/api/v2/language/3/"
            },
            "version_group": {
                "name": "ultra-sun-ultra-moon",
                "url": "/api/v2/version-group/18/"
            }
        },
        {
            "flavor_text": "\u7121\u8ad6\u662f\u4ec0\u9ebc\u5c6c\u6027\u7684\u62db\u5f0f\uff0c\n\u5168\u90e8\u90fd\u6703\u8b8a\u70ba\u4e00\u822c\u5c6c\u6027\u3002\n\u5a01\u529b\u6703\u5c11\u91cf\u63d0\u9ad8\u3002",
            "language": {
                "name": "zh-Hant",
                "url": "/api/v2/language/4/"
            },
            "version_group": {
                "name": "ultra-sun-ultra-moon",
                "url": "/api/v2/version-group/18/"
            }
        },
        {
            "flavor_text": "Toutes les capacit\u00e9s du Pok\u00e9mon deviennent de\ntype Normal, quel que soit leur type original.\nLeur puissance augmente l\u00e9g\u00e8rement.",
            "language": {
                "name": "fr",
                "url": "/api/v2/language/5/"
            },
            "version_group": {
                "name": "ultra-sun-ultra-moon",
                "url": "/api/v2/version-group/18/"
            }
        },
        {
            "flavor_text": "Alle Attacken des Pok\u00e9mon nehmen den Typ Normal\nan und ihre St\u00e4rke erh\u00f6ht sich ein wenig.",
            "language": {
                "name": "de",
                "url": "/api/v2/language/6/"
            },
            "version_group": {
                "name": "ultra-sun-ultra-moon",
                "url": "/api/v2/version-group/18/"
            }
        },
        {
            "flavor_text": "Todos los movimientos se vuelven de tipo Normal y\naumentan ligeramente su potencia.",
            "language": {
                "name": "es",
                "url": "/api/v2/language/7/"
            },
            "version_group": {
                "name": "ultra-sun-ultra-moon",
                "url": "/api/v2/version-group/18/"
            }
        },
        {
            "flavor_text": "Tutte le mosse del Pok\u00e9mon diventano di tipo\nNormale e la loro potenza aumenta un po\u2019.",
            "language": {
                "name": "it",
                "url": "/api/v2/language/8/"
            },
            "version_group": {
                "name": "ultra-sun-ultra-moon",
                "url": "/api/v2/version-group/18/"
            }
        },
        {
            "flavor_text": "All the Pok\u00e9mon\u2019s moves become Normal type.\nThe power of those moves is boosted a little.",
            "language": {
                "name": "en",
                "url": "/api/v2/language/9/"
            },
            "version_group": {
                "name": "ultra-sun-ultra-moon",
                "url": "/api/v2/version-group/18/"
            }
        },
        {
            "flavor_text": "\u3069\u3093\u306a\u3000\u30bf\u30a4\u30d7\u306e\u3000\u6280\u3067\u3082\n\u3059\u3079\u3066\u3000\u30ce\u30fc\u30de\u30eb\u30bf\u30a4\u30d7\u306b\u3000\u306a\u308b\u3002\n\u5a01\u529b\u304c\u3000\u5c11\u3057\u3000\u4e0a\u304c\u308b\u3002",
            "language": {
                "name": "ja",
                "url": "/api/v2/language/11/"
            },
            "version_group": {
                "name": "ultra-sun-ultra-moon",
                "url": "/api/v2/version-group/18/"
            }
        },
        {
            "flavor_text": "\u65e0\u8bba\u662f\u4ec0\u4e48\u5c5e\u6027\u7684\u62db\u5f0f\uff0c\n\u5168\u90e8\u4f1a\u53d8\u4e3a\u4e00\u822c\u5c5e\u6027\u3002\n\u5a01\u529b\u4f1a\u5c11\u91cf\u63d0\u9ad8\u3002",
            "language": {
                "name": "zh-Hans",
                "url": "/api/v2/language/12/"
            },
            "version_group": {
                "name": "ultra-sun-ultra-moon",
                "url": "/api/v2/version-group/18/"
            }
        },
        {
            "flavor_text": "\u3069\u3093\u306a\u3000\u30bf\u30a4\u30d7\u306e\u3000\u308f\u3056\u3067\u3082\n\u3059\u3079\u3066\u3000\u30ce\u30fc\u30de\u30eb\u30bf\u30a4\u30d7\u306b\u3000\u306a\u308b\u3002\n\u3044\u308a\u3087\u304f\u304c\u3000\u3059\u3053\u3057\u3000\u3042\u304c\u308b\u3002",
            "language": {
                "name": "ja-Hrkt",
                "url": "/api/v2/language/1/"
            },
            "version_group": {
                "name": "lets-go-pikachu-lets-go-eevee",
                "url": "/api/v2/version-group/19/"
            }
        },
        {
            "flavor_text": "\uc5b4\ub5a4 \ud0c0\uc785\uc758 \uae30\uc220\ub3c4\n\ubaa8\ub450 \ub178\ub9d0\ud0c0\uc785\uc774 \ub41c\ub2e4.\n\uc704\ub825\uc774 \uc870\uae08 \uc62c\ub77c\uac04\ub2e4.",
            "language": {
                "name": "ko",
                "url": "/api/v2/language/3/"
            },
            "version_group": {
                "name": "lets-go-pikachu-lets-go-eevee",
                "url": "/api/v2/version-group/19/"
            }
        },
        {
            "flavor_text": "\u7121\u8ad6\u662f\u4ec0\u9ebc\u5c6c\u6027\u7684\u62db\u5f0f\uff0c\n\u5168\u90e8\u90fd\u6703\u8b8a\u70ba\u4e00\u822c\u5c6c\u6027\u3002\n\u5a01\u529b\u6703\u5c11\u91cf\u63d0\u9ad8\u3002",
            "language": {
                "name": "zh-Hant",
                "url": "/api/v2/language/4/"
            },
            "version_group": {
                "name": "lets-go-pikachu-lets-go-eevee",
                "url": "/api/v2/version-group/19/"
            }
        },
        {
            "flavor_text": "Toutes les capacit\u00e9s du Pok\u00e9mon deviennent de\ntype Normal, quel que soit leur type original.\nLeur puissance augmente l\u00e9g\u00e8rement.",
            "language": {
                "name": "fr",
                "url": "/api/v2/language/5/"
            },
            "version_group": {
                "name": "lets-go-pikachu-lets-go-eevee",
                "url": "/api/v2/version-group/19/"
            }
        },
        {
            "flavor_text": "Alle Attacken des Pok\u00e9mon nehmen den Typ Normal\nan und ihre St\u00e4rke erh\u00f6ht sich ein wenig.",
            "language": {
                "name": "de",
                "url": "/api/v2/language/6/"
            },
            "version_group": {
                "name": "lets-go-pikachu-lets-go-eevee",
                "url": "/api/v2/version-group/19/"
            }
        },
        {
            "flavor_text": "Todos los movimientos se vuelven de tipo Normal y\naumentan ligeramente su potencia.",
            "language": {
                "name": "es",
                "url": "/api/v2/language/7/"
            },
            "version_group": {
                "name": "lets-go-pikachu-lets-go-eevee",
                "url": "/api/v2/version-group/19/"
            }
        },
        {
            "flavor_text": "Tutte le mosse del Pok\u00e9mon diventano di tipo\nNormale e la loro potenza aumenta un po\u2019.",
            "language": {
                "name": "it",
                "url": "/api/v2/language/8/"
            },
            "version_group": {
                "name": "lets-go-pikachu-lets-go-eevee",
                "url": "/api/v2/version-group/19/"
            }
        },
        {
            "flavor_text": "All the Pok\u00e9mon\u2019s moves become Normal type.\nThe power of those moves is boosted a little.",
            "language": {
                "name": "en",
                "url": "/api/v2/language/9/"
            },
            "version_group": {
                "name": "lets-go-pikachu-lets-go-eevee",
                "url": "/api/v2/version-group/19/"
            }
        },
        {
            "flavor_text": "\u3069\u3093\u306a\u3000\u30bf\u30a4\u30d7\u306e\u3000\u6280\u3067\u3082\n\u3059\u3079\u3066\u3000\u30ce\u30fc\u30de\u30eb\u30bf\u30a4\u30d7\u306b\u3000\u306a\u308b\u3002\n\u5a01\u529b\u304c\u3000\u5c11\u3057\u3000\u4e0a\u304c\u308b\u3002",
            "language": {
                "name": "ja",
                "url": "/api/v2/language/11/"
            },
            "version_group": {
                "name": "lets-go-pikachu-lets-go-eevee",
                "url": "/api/v2/version-group/19/"
            }
        },
        {
            "flavor_text": "\u65e0\u8bba\u662f\u4ec0\u4e48\u5c5e\u6027\u7684\u62db\u5f0f\uff0c\n\u5168\u90e8\u4f1a\u53d8\u4e3a\u4e00\u822c\u5c5e\u6027\u3002\n\u5a01\u529b\u4f1a\u5c11\u91cf\u63d0\u9ad8\u3002",
            "language": {
                "name": "zh-Hans",
                "url": "/api/v2/language/12/"
            },
            "version_group": {
                "name": "lets-go-pikachu-lets-go-eevee",
                "url": "/api/v2/version-group/19/"
            }
        },
        {
            "flavor_text": "\u3069\u3093\u306a\u3000\u30bf\u30a4\u30d7\u306e\u3000\u308f\u3056\u3067\u3082\n\u3059\u3079\u3066\u3000\u30ce\u30fc\u30de\u30eb\u30bf\u30a4\u30d7\u306b\u3000\u306a\u308b\u3002\n\u3044\u308a\u3087\u304f\u304c\u3000\u3059\u3053\u3057\u3000\u3042\u304c\u308b\u3002",
            "language": {
                "name": "ja-Hrkt",
                "url": "/api/v2/language/1/"
            },
            "version_group": {
                "name": "sword-shield",
                "url": "/api/v2/version-group/20/"
            }
        },
        {
            "flavor_text": "\uc5b4\ub5a4 \ud0c0\uc785\uc758 \uae30\uc220\ub3c4\n\ubaa8\ub450 \ub178\ub9d0\ud0c0\uc785\uc774 \ub41c\ub2e4.\n\uc704\ub825\uc774 \uc870\uae08 \uc62c\ub77c\uac04\ub2e4.",
            "language": {
                "name": "ko",
                "url": "/api/v2/language/3/"
            },
            "version_group": {
                "name": "sword-shield",
                "url": "/api/v2/version-group/20/"
            }
        },
        {
            "flavor_text": "\u7121\u8ad6\u662f\u4ec0\u9ebc\u5c6c\u6027\u7684\u62db\u5f0f\uff0c\n\u5168\u90e8\u90fd\u6703\u8b8a\u70ba\u4e00\u822c\u5c6c\u6027\u3002\n\u5a01\u529b\u6703\u5c11\u91cf\u63d0\u9ad8\u3002",
            "language": {
                "name": "zh-Hant",
                "url": "/api/v2/language/4/"
            },
            "version_group": {
                "name": "sword-shield",
                "url": "/api/v2/version-group/20/"
            }
        },
        {
            "flavor_text": "Toutes les capacit\u00e9s du Pok\u00e9mon deviennent\nde type Normal, quel que soit leur type original.\nLeur puissance augmente l\u00e9g\u00e8rement.",
            "language": {
                "name": "fr",
                "url": "/api/v2/language/5/"
            },
            "version_group": {
                "name": "sword-shield",
                "url": "/api/v2/version-group/20/"
            }
        },
        {
            "flavor_text": "Alle Attacken des Pok\u00e9mon nehmen den Typ Normal\nan und ihre St\u00e4rke erh\u00f6ht sich ein wenig.",
            "language": {
                "name": "de",
                "url": "/api/v2/language/6/"
            },
            "version_group": {
                "name": "sword-shield",
                "url": "/api/v2/version-group/20/"
            }
        },
        {
            "flavor_text": "Hace que todos sus movimientos se vuelvan de tipo\nNormal y aumenten ligeramente su potencia.",
            "language": {
                "name": "es",
                "url": "/api/v2/language/7/"
            },
            "version_group": {
                "name": "sword-shield",
                "url": "/api/v2/version-group/20/"
            }
        },
        {
            "flavor_text": "Tutte le mosse del Pok\u00e9mon diventano di tipo\nNormale e la loro potenza aumenta un po\u2019.",
            "language": {
                "name": "it",
                "url": "/api/v2/language/8/"
            },
            "version_group": {
                "name": "sword-shield",
                "url": "/api/v2/version-group/20/"
            }
        },
        {
            "flavor_text": "All the Pok\u00e9mon\u2019s moves become Normal type.\nThe power of those moves is boosted a little.",
            "language": {
                "name": "en",
                "url": "/api/v2/language/9/"
            },
            "version_group": {
                "name": "sword-shield",
                "url": "/api/v2/version-group/20/"
            }
        },
        {
            "flavor_text": "\u3069\u3093\u306a\u3000\u30bf\u30a4\u30d7\u306e\u3000\u6280\u3067\u3082\n\u3059\u3079\u3066\u3000\u30ce\u30fc\u30de\u30eb\u30bf\u30a4\u30d7\u306b\u3000\u306a\u308b\u3002\n\u5a01\u529b\u304c\u3000\u5c11\u3057\u3000\u4e0a\u304c\u308b\u3002",
            "language": {
                "name": "ja",
                "url": "/api/v2/language/11/"
            },
            "version_group": {
                "name": "sword-shield",
                "url": "/api/v2/version-group/20/"
            }
        },
        {
            "flavor_text": "\u65e0\u8bba\u662f\u4ec0\u4e48\u5c5e\u6027\u7684\u62db\u5f0f\uff0c\n\u5168\u90e8\u4f1a\u53d8\u4e3a\u4e00\u822c\u5c5e\u6027\u3002\n\u5a01\u529b\u4f1a\u5c11\u91cf\u63d0\u9ad8\u3002",
            "language": {
                "name": "zh-Hans",
                "url": "/api/v2/language/12/"
            },
            "version_group": {
                "name": "sword-shield",
                "url": "/api/v2/version-group/20/"
            }
        }
    ],
    "generation": {
        "name": "generation-iv",
        "url": "/api/v2/generation/4/"
    },
    "id": 96,
    "is_main_series": true,
    "name": "normalize",
    "names": [
        {
            "language": {
                "name": "ja-Hrkt",
                "url": "/api/v2/language/1/"
            },
            "name": "\u30ce\u30fc\u30de\u30eb\u30b9\u30ad\u30f3"
        },
        {
            "language": {
                "name": "ko",
                "url": "/api/v2/language/3/"
            },
            "name": "\ub178\ub9d0\uc2a4\ud0a8"
        },
        {
            "language": {
                "name": "zh-Hant",
                "url": "/api/v2/language/4/"
            },
            "name": "\u4e00\u822c\u76ae\u819a"
        },
        {
            "language": {
                "name": "fr",
                "url": "/api/v2/language/5/"
            },
            "name": "Normalise"
        },
        {
            "language": {
                "name": "de",
                "url": "/api/v2/language/6/"
            },
            "name": "Regulierung"
        },
        {
            "language": {
                "name": "es",
                "url": "/api/v2/language/7/"
            },
            "name": "Normalidad"
        },
        {
            "language": {
                "name": "it",
                "url": "/api/v2/language/8/"
            },
            "name": "Normalit\u00e0"
        },
        {
            "language": {
                "name": "en",
                "url": "/api/v2/language/9/"
            },
            "name": "Normalize"
        },
        {
            "language": {
                "name": "ja",
                "url": "/api/v2/language/11/"
            },
            "name": "\u30ce\u30fc\u30de\u30eb\u30b9\u30ad\u30f3"
        },
        {
            "language": {
                "name": "zh-Hans",
                "url": "/api/v2/language/12/"
            },
            "name": "\u4e00\u822c\u76ae\u80a4"
        }
    ],
    "pokemon": [
        {
            "is_hidden": false,
            "pokemon": {
                "name": "skitty",
                "url": "/api/v2/pokemon/300/"
            },
            "slot": 2
        },
        {
            "is_hidden": false,
            "pokemon": {
                "name": "delcatty",
                "url": "/api/v2/pokemon/301/"
            },
            "slot": 2
        }
    ]
}