{
    "effect_changes": [],
    "effect_entries": [
        {
            "effect": "When an ally faints, this Pok\u00e9mon gains its Ability.",
            "language": {
                "name": "en",
                "url": "/api/v2/language/9/"
            },
            "short_effect": "When an ally faints, this Pok\u00e9mon gains its Ability."
        }
    ],
    "flavor_text_entries": [
        {
            "flavor_text": "\u305f\u304a\u3055\u308c\u305f\u3000\u307f\u304b\u305f\u306e\u3000\u3068\u304f\u305b\u3044\u3092\u3000\u3046\u3051\u3064\u304e\n\u304a\u306a\u3058\u3000\u3068\u304f\u305b\u3044\u306b\u3000\u304b\u308f\u308b\u3002",
            "language": {
                "name": "ja-Hrkt",
                "url": "/api/v2/language/1/"
            },
            "version_group": {
                "name": "sun-moon",
                "url": "/api/v2/version-group/17/"
            }
        },
        {
            "flavor_text": "\uc4f0\ub7ec\uc9c4 \uac19\uc740 \ud3b8\uc758 \ud2b9\uc131\uc744\n\uc774\uc5b4\ubc1b\uc544 \uac19\uc740 \ud2b9\uc131\uc73c\ub85c \ubc14\ub010\ub2e4.",
            "language": {
                "name": "ko",
                "url": "/api/v2/language/3/"
            },
            "version_group": {
                "name": "sun-moon",
                "url": "/api/v2/version-group/17/"
            }
        },
        {
            "flavor_text": "\u7e7c\u627f\u88ab\u6253\u5012\u7684\u540c\u4f34\u7684\u7279\u6027\uff0c\n\u8b8a\u70ba\u76f8\u540c\u7684\u7279\u6027\u3002",
            "language": {
                "name": "zh-Hant",
                "url": "/api/v2/language/4/"
            },
            "version_group": {
                "name": "sun-moon",
                "url": "/api/v2/version-group/17/"
            }
        },
        {
            "flavor_text": "Le Pok\u00e9mon acquiert le talent d\u2019un alli\u00e9 mis K.O.",
            "language": {
                "name": "fr",
                "url": "/api/v2/language/5/"
            },
            "version_group": {
                "name": "sun-moon",
                "url": "/api/v2/version-group/17/"
            }
        },
        {
            "flavor_text": "Wechselt seine F\u00e4higkeit zu der eines kampfunf\u00e4hig\ngewordenen Mitstreiters.",
            "language": {
                "name": "de",
                "url": "/api/v2/language/6/"
            },
            "version_group": {
                "name": "sun-moon",
                "url": "/api/v2/version-group/17/"
            }
        },
        {
            "flavor_text": "Reacciona copiando la habilidad de un aliado\ndebilitado.",
            "language": {
                "name": "es",
                "url": "/api/v2/language/7/"
            },
            "version_group": {
                "name": "sun-moon",
                "url": "/api/v2/version-group/17/"
            }
        },
        {
            "flavor_text": "Il Pok\u00e9mon trasforma la propria abilit\u00e0 in quella\ndi un alleato andato KO.",
            "language": {
                "name": "it",
                "url": "/api/v2/language/8/"
            },
            "version_group": {
                "name": "sun-moon",
                "url": "/api/v2/version-group/17/"
            }
        },
        {
            "flavor_text": "The Pok\u00e9mon copies the Ability of a defeated ally.",
            "language": {
                "name": "en",
                "url": "/api/v2/language/9/"
            },
            "version_group": {
                "name": "sun-moon",
                "url": "/api/v2/version-group/17/"
            }
        },
        {
            "flavor_text": "\u5012\u3055\u308c\u305f\u3000\u5473\u65b9\u306e\u3000\u7279\u6027\u3092\u3000\u53d7\u3051\u7d99\u304e\n\u540c\u3058\u3000\u7279\u6027\u306b\u3000\u5909\u308f\u308b\u3002",
            "language": {
                "name": "ja",
                "url": "/api/v2/language/11/"
            },
            "version_group": {
                "name": "sun-moon",
                "url": "/api/v2/version-group/17/"
            }
        },
        {
            "flavor_text": "\u7ee7\u627f\u88ab\u6253\u5012\u7684\u540c\u4f34\u7684\u7279\u6027\uff0c\n\u53d8\u4e3a\u76f8\u540c\u7684\u7279\u6027\u3002",
            "language": {
                "name": "zh-Hans",
                "url": "/api/v2/language/12/"
            },
            "version_group": {
                "name": "sun-moon",
                "url": "/api/v2/version-group/17/"
            }
        },
        {
            "flavor_text": "\u305f\u304a\u3055\u308c\u305f\u3000\u307f\u304b\u305f\u306e\u3000\u3068\u304f\u305b\u3044\u3092\u3000\u3046\u3051\u3064\u304e\n\u304a\u306a\u3058\u3000\u3068\u304f\u305b\u3044\u306b\u3000\u304b\u308f\u308b\u3002",
            "language": {
                "name": "ja-Hrkt",
                "url": "/api/v2/language/1/"
            },
            "version_group": {
                "name": "ultra-sun-ultra-moon",
                "url": "/api/v2/version-group/18/"
            }
        },
        {
            "flavor_text": "\uc4f0\ub7ec\uc9c4 \uac19\uc740 \ud3b8\uc758 \ud2b9\uc131\uc744\n\uc774\uc5b4\ubc1b\uc544 \uac19\uc740 \ud2b9\uc131\uc73c\ub85c \ubc14\ub010\ub2e4.",
            "language": {
                "name": "ko",
                "url": "/api/v2/language/3/"
            },
            "version_group": {
                "name": "ultra-sun-ultra-moon",
                "url": "/api/v2/version-group/18/"
            }
        },
        {
            "flavor_text": "\u7e7c\u627f\u88ab\u6253\u5012\u7684\u540c\u4f34\u7684\u7279\u6027\uff0c\n\u8b8a\u70ba\u76f8\u540c\u7684\u7279\u6027\u3002",
            "language": {
                "name": "zh-Hant",
                "url": "/api/v2/language/4/"
            },
            "version_group": {
                "name": "ultra-sun-ultra-moon",
                "url": "/api/v2/version-group/18/"
            }
        },
        {
            "flavor_text": "Le Pok\u00e9mon acquiert le talent d\u2019un alli\u00e9 mis K.O.",
            "language": {
                "name": "fr",
                "url": "/api/v2/language/5/"
            },
            "version_group": {
                "name": "ultra-sun-ultra-moon",
                "url": "/api/v2/version-group/18/"
            }
        },
        {
            "flavor_text": "Wechselt seine F\u00e4higkeit zu der eines kampfunf\u00e4hig\ngewordenen Mitstreiters.",
            "language": {
                "name": "de",
                "url": "/api/v2/language/6/"
            },
            "version_group": {
                "name": "ultra-sun-ultra-moon",
                "url": "/api/v2/version-group/18/"
            }
        },
        {
            "flavor_text": "Reacciona copiando la habilidad de un aliado\ndebilitado.",
            "language": {
                "name": "es",
                "url": "/api/v2/language/7/"
            },
            "version_group": {
                "name": "ultra-sun-ultra-moon",
                "url": "/api/v2/version-group/18/"
            }
        },
        {
            "flavor_text": "Il Pok\u00e9mon trasforma la propria abilit\u00e0 in quella\ndi un alleato andato KO.",
            "language": {
                "name": "it",
                "url": "/api/v2/language/8/"
            },
            "version_group": {
                "name": "ultra-sun-ultra-moon",
                "url": "/api/v2/version-group/18/"
            }
        },
        {
            "flavor_text": "The Pok\u00e9mon copies the Ability of a defeated ally.",
            "language": {
                "name": "en",
                "url": "/api/v2/language/9/"
            },
            "version_group": {
                "name": "ultra-sun-ultra-moon",
                "url": "/api/v2/version-group/18/"
            }
        },
        {
            "flavor_text": "\u5012\u3055\u308c\u305f\u3000\u5473\u65b9\u306e\u3000\u7279\u6027\u3092\u3000\u53d7\u3051\u7d99\u304e\n\u540c\u3058\u3000\u7279\u6027\u306b\u3000\u5909\u308f\u308b\u3002",
            "language": {
                "name": "ja",
                "url": "/api/v2/language/11/"
            },
            "version_group": {
                "name": "ultra-sun-ultra-moon",
                "url": "/api/v2/version-group/18/"
            }
        },
        {
            "flavor_text": "\u7ee7\u627f\u88ab\u6253\u5012\u7684\u540c\u4f34\u7684\u7279\u6027\uff0c\n\u53d8\u4e3a\u76f8\u540c\u7684\u7279\u6027\u3002",
            "language": {
                "name": "zh-Hans",
                "url": "/api/v2/language/12/"
            },
            "version_group": {
                "name": "ultra-sun-ultra-moon",
                "url": "/api/v2/version-group/18/"
            }
        },
        {
            "flavor_text": "\u305f\u304a\u3055\u308c\u305f\u3000\u307f\u304b\u305f\u306e\u3000\u3068\u304f\u305b\u3044\u3092\u3000\u3046\u3051\u3064\u304e\n\u304a\u306a\u3058\u3000\u3068\u304f\u305b\u3044\u306b\u3000\u304b\u308f\u308b\u3002",
            "language": {
                "name": "ja-Hrkt",
                "url": "/api/v2/language/1/"
            },
            "version_group": {
                "name": "lets-go-pikachu-lets-go-eevee",
                "url": "/api/v2/version-group/19/"
            }
        },
        {
            "flavor_text": "\uc4f0\ub7ec\uc9c4 \uac19\uc740 \ud3b8\uc758 \ud2b9\uc131\uc744\n\uc774\uc5b4\ubc1b\uc544 \uac19\uc740 \ud2b9\uc131\uc73c\ub85c \ubc14\ub010\ub2e4.",
            "language": {
                "name": "ko",
                "url": "/api/v2/language/3/"
            },
            "version_group": {
                "name": "lets-go-pikachu-lets-go-eevee",
                "url": "/api/v2/version-group/19/"
            }
        },
        {
            "flavor_text": "\u7e7c\u627f\u88ab\u6253\u5012\u7684\u540c\u4f34\u7684\u7279\u6027\uff0c\n\u8b8a\u70ba\u76f8\u540c\u7684\u7279\u6027\u3002",
            "language": {
                "name": "zh-Hant",
                "url": "/api/v2/language/4/"
            },
            "version_group": {
                "name": "lets-go-pikachu-lets-go-eevee",
                "url": "/api/v2/version-group/19/"
            }
        },
        {
            "flavor_text": "Le Pok\u00e9mon acquiert le talent d\u2019un alli\u00e9 mis K.O.",
            "language": {
                "name": "fr",
                "url": "/api/v2/language/5/"
            },
            "version_group": {
                "name": "lets-go-pikachu-lets-go-eevee",
                "url": "/api/v2/version-group/19/"
            }
        },
        {
            "flavor_text": "Wechselt seine F\u00e4higkeit zu der eines kampfunf\u00e4hig\ngewordenen Mitstreiters.",
            "language": {
                "name": "de",
                "url": "/api/v2/language/6/"
            },
            "version_group": {
                "name": "lets-go-pikachu-lets-go-eevee",
                "url": "/api/v2/version-group/19/"
            }
        },
        {
            "flavor_text": "Reacciona copiando la habilidad de un aliado\ndebilitado.",
            "language": {
                "name": "es",
                "url": "/api/v2/language/7/"
            },
            "version_group": {
                "name": "lets-go-pikachu-lets-go-eevee",
                "url": "/api/v2/version-group/19/"
            }
        },
        {
            "flavor_text": "Il Pok\u00e9mon trasforma la propria abilit\u00e0 in quella\ndi un alleato andato KO.",
            "language": {
                "name": "it",
                "url": "/api/v2/language/8/"
            },
            "version_group": {
                "name": "lets-go-pikachu-lets-go-eevee",
                "url": "/api/v2/version-group/19/"
            }
        },
        {
            "flavor_text": "The Pok\u00e9mon copies the Ability of a defeated ally.",
            "language": {
                "name": "en",
                "url": "/api/v2/language/9/"
            },
            "version_group": {
                "name": "lets-go-pikachu-lets-go-eevee",
                "url": "/api/v2/version-group/19/"
            }
        },
        {
            "flavor_text": "\u5012\u3055\u308c\u305f\u3000\u5473\u65b9\u306e\u3000\u7279\u6027\u3092\u3000\u53d7\u3051\u7d99\u304e\n\u540c\u3058\u3000\u7279\u6027\u306b\u3000\u5909\u308f\u308b\u3002",
            "language": {
                "name": "ja",
                "url": "/api/v2/language/11/"
            },
            "version_group": {
                "name": "lets-go-pikachu-lets-go-eevee",
                "url": "/api/v2/version-group/19/"
            }
        },
        {
            "flavor_text": "\u7ee7\u627f\u88ab\u6253\u5012\u7684\u540c\u4f34\u7684\u7279\u6027\uff0c\n\u53d8\u4e3a\u76f8\u540c\u7684\u7279\u6027\u3002",
            "language": {
                "name": "zh-Hans",
                "url": "/api/v2/language/12/"
            },
            "version_group": {
                "name": "lets-go-pikachu-lets-go-eevee",
                "url": "/api/v2/version-group/19/"
            }
        },
        {
            "flavor_text": "\u305f\u304a\u3055\u308c\u305f\u3000\u307f\u304b\u305f\u306e\u3000\u3068\u304f\u305b\u3044\u3092\u3000\u3046\u3051\u3064\u304e\n\u304a\u306a\u3058\u3000\u3068\u304f\u305b\u3044\u306b\u3000\u304b\u308f\u308b\u3002",
            "language": {
                "name": "ja-Hrkt",
                "url": "/api/v2/language/1/"
            },
            "version_group": {
                "name": "sword-shield",
                "url": "/api/v2/version-group/20/"
            }
        },
        {
            "flavor_text": "\uc4f0\ub7ec\uc9c4 \uac19\uc740 \ud3b8\uc758 \ud2b9\uc131\uc744\n\uc774\uc5b4\ubc1b\uc544 \uac19\uc740 \ud2b9\uc131\uc73c\ub85c \ubc14\ub010\ub2e4.",
            "language": {
                "name": "ko",
                "url": "/api/v2/language/3/"
            },
            "version_group": {
                "name": "sword-shield",
                "url": "/api/v2/version-group/20/"
            }
        },
        {
            "flavor_text": "\u7e7c\u627f\u88ab\u6253\u5012\u7684\u540c\u4f34\u7684\u7279\u6027\uff0c\n\u8b8a\u70ba\u76f8\u540c\u7684\u7279\u6027\u3002",
            "language": {
                "name": "zh-Hant",
                "url": "/api/v2/language/4/"
            },
            "version_group": {
                "name": "sword-shield",
                "url": "/api/v2/version-group/20/"
            }
        },
        {
            "flavor_text": "Le Pok\u00e9mon acquiert le talent d\u2019un alli\u00e9 mis K.O.",
            "language": {
                "name": "fr",
                "url": "/api/v2/language/5/"
            },
            "version_group": {
                "name": "sword-shield",
                "url": "/api/v2/version-group/20/"
            }
        },
        {
            "flavor_text": "Wechselt seine F\u00e4higkeit zu der eines kampfunf\u00e4hig\ngewordenen Mitstreiters.",
            "language": {
                "name": "de",
                "url": "/api/v2/language/6/"
            },
            "version_group": {
                "name": "sword-shield",
                "url": "/api/v2/version-group/20/"
            }
        },
        {
            "flavor_text": "Reacciona copiando la habilidad de un aliado\ndebilitado.",
            "language": {
                "name": "es",
                "url": "/api/v2/language/7/"
            },
            "version_group": {
                "name": "sword-shield",
                "url": "/api/v2/version-group/20/"
            }
        },
        {
            "flavor_text": "Il Pok\u00e9mon trasforma la propria abilit\u00e0 in quella\ndi un alleato andato KO.",
            "language": {
                "name": "it",
                "url": "/api/v2/language/8/"
            },
            "version_group": {
                "name": "sword-shield",
                "url": "/api/v2/version-group/20/"
            }
        },
        {
            "flavor_text": "The Pok\u00e9mon copies the Ability of a defeated ally.",
            "language": {
                "name": "en",
                "url": "/api/v2/language/9/"
            },
            "version_group": {
                "name": "sword-shield",
                "url": "/api/v2/version-group/20/"
            }
        },
        {
            "flavor_text": "\u5012\u3055\u308c\u305f\u3000\u5473\u65b9\u306e\u3000\u7279\u6027\u3092\u3000\u53d7\u3051\u7d99\u304e\n\u540c\u3058\u3000\u7279\u6027\u306b\u3000\u5909\u308f\u308b\u3002",
            "language": {
                "name": "ja",
                "url": "/api/v2/language/11/"
            },
            "version_group": {
                "name": "sword-shield",
                "url": "/api/v2/version-group/20/"
            }
        },
        {
            "flavor_text": "\u7ee7\u627f\u88ab\u6253\u5012\u7684\u540c\u4f34\u7684\u7279\u6027\uff0c\n\u53d8\u4e3a\u76f8\u540c\u7684\u7279\u6027\u3002",
            "language": {
                "name": "zh-Hans",
                "url": "/api/v2/language/12/"
            },
            "version_group": {
                "name": "sword-shield",
                "url": "/api/v2/version-group/20/"
            }
        }
    ],
    "generation": {
        "name": "generation-vii",
        "url": "/api/v2/generation/7/"
    },
    "id": 223,
    "is_main_series": true,
    "name": "power-of-alchemy",
    "names": [
        {
            "language": {
                "name": "ja-Hrkt",
                "url": "/api/v2/language/1/"
            },
            "name": "\u304b\u304c\u304f\u306e\u3061\u304b\u3089"
        },
        {
            "language": {
                "name": "ko",
                "url": "/api/v2/language/3/"
            },
            "name": "\uacfc\ud559\uc758\ud798"
        },
        {
            "language": {
                "name": "zh-Hant",
                "url": "/api/v2/language/4/"
            },
            "name": "\u5316\u5b78\u4e4b\u529b"
        },
        {
            "language": {
                "name": "fr",
                "url": "/api/v2/language/5/"
            },
            "name": "Osmose"
        },
        {
            "language": {
                "name": "de",
                "url": "/api/v2/language/6/"
            },
            "name": "Chemiekraft"
        },
        {
            "language": {
                "name": "es",
                "url": "/api/v2/language/7/"
            },
            "name": "Reacci\u00f3n Qu\u00edmica"
        },
        {
            "language": {
                "name": "it",
                "url": "/api/v2/language/8/"
            },
            "name": "Forza Chimica"
        },
        {
            "language": {
                "name": "en",
                "url": "/api/v2/language/9/"
            },
            "name": "Power of Alchemy"
        },
        {
            "language": {
                "name": "ja",
                "url": "/api/v2/language/11/"
            },
            "name": "\u304b\u304c\u304f\u306e\u3061\u304b\u3089"
        },
        {
            "language": {
                "name": "zh-Hans",
                "url": "/api/v2/language/12/"
            },
            "name": "\u5316\u5b66\u4e4b\u529b"
        }
    ],
    "pokemon": [
        {
            "is_hidden": true,
            "pokemon": {
                "name": "grimer-alola",
                "url": "/api/v2/pokemon/10112/"
            },
            "slot": 3
        },
        {
            "is_hidden": true,
            "pokemon": {
                "name": "muk-alola",
                "url": "/api/v2/pokemon/10113/"
            },
            "slot": 3
        }
    ]
}