{
    "effect_changes": [],
    "effect_entries": [
        {
            "effect": "A move used by this Pok\u00e9mon will not make contact.",
            "language": {
                "name": "en",
                "url": "/api/v2/language/9/"
            },
            "short_effect": "This Pok\u00e9mon's moves do not make contact."
        }
    ],
    "flavor_text_entries": [
        {
            "flavor_text": "\u3059\u3079\u3066\u306e\u3000\u308f\u3056\u3092\n\u3042\u3044\u3066\u306b\u3000\u305b\u3063\u3057\u3087\u304f\u3000\u3057\u306a\u3044\u3067\n\u3060\u3059\u3053\u3068\u304c\u3000\u3067\u304d\u308b\u3002",
            "language": {
                "name": "ja-Hrkt",
                "url": "/api/v2/language/1/"
            },
            "version_group": {
                "name": "sun-moon",
                "url": "/api/v2/version-group/17/"
            }
        },
        {
            "flavor_text": "\ubaa8\ub4e0 \uae30\uc220\uc744\n\uc0c1\ub300\uc5d0\uac8c \uc811\ucd09\ud558\uc9c0 \uc54a\uace0\n\uc0ac\uc6a9\ud560 \uc218 \uc788\ub2e4.",
            "language": {
                "name": "ko",
                "url": "/api/v2/language/3/"
            },
            "version_group": {
                "name": "sun-moon",
                "url": "/api/v2/version-group/17/"
            }
        },
        {
            "flavor_text": "\u53ef\u4ee5\u4e0d\u63a5\u89f8\u5c0d\u624b\n\u5c31\u4f7f\u51fa\u6240\u6709\u7684\u62db\u5f0f\u3002",
            "language": {
                "name": "zh-Hant",
                "url": "/api/v2/language/4/"
            },
            "version_group": {
                "name": "sun-moon",
                "url": "/api/v2/version-group/17/"
            }
        },
        {
            "flavor_text": "Le Pok\u00e9mon est capable d\u2019utiliser toutes\nses capacit\u00e9s sans entrer en contact direct\navec sa cible.",
            "language": {
                "name": "fr",
                "url": "/api/v2/language/5/"
            },
            "version_group": {
                "name": "sun-moon",
                "url": "/api/v2/version-group/17/"
            }
        },
        {
            "flavor_text": "Erm\u00f6glicht dem Pok\u00e9mon den Einsatz aller seiner\nAttacken, ohne das Ziel dabei direkt zu ber\u00fchren.",
            "language": {
                "name": "de",
                "url": "/api/v2/language/6/"
            },
            "version_group": {
                "name": "sun-moon",
                "url": "/api/v2/version-group/17/"
            }
        },
        {
            "flavor_text": "Permite usar cualquier movimiento sin entrar en\ncontacto con el rival.",
            "language": {
                "name": "es",
                "url": "/api/v2/language/7/"
            },
            "version_group": {
                "name": "sun-moon",
                "url": "/api/v2/version-group/17/"
            }
        },
        {
            "flavor_text": "Il Pok\u00e9mon \u00e8 in grado di usare tutte le sue mosse\nsenza entrare in contatto diretto con il bersaglio.",
            "language": {
                "name": "it",
                "url": "/api/v2/language/8/"
            },
            "version_group": {
                "name": "sun-moon",
                "url": "/api/v2/version-group/17/"
            }
        },
        {
            "flavor_text": "The Pok\u00e9mon uses its moves without making contact\nwith the target.",
            "language": {
                "name": "en",
                "url": "/api/v2/language/9/"
            },
            "version_group": {
                "name": "sun-moon",
                "url": "/api/v2/version-group/17/"
            }
        },
        {
            "flavor_text": "\u3059\u3079\u3066\u306e\u3000\u6280\u3092\n\u76f8\u624b\u306b\u3000\u63a5\u89e6\u3000\u3057\u306a\u3044\u3067\n\u51fa\u3059\u3053\u3068\u304c\u3000\u3067\u304d\u308b\u3002",
            "language": {
                "name": "ja",
                "url": "/api/v2/language/11/"
            },
            "version_group": {
                "name": "sun-moon",
                "url": "/api/v2/version-group/17/"
            }
        },
        {
            "flavor_text": "\u53ef\u4ee5\u4e0d\u63a5\u89e6\u5bf9\u624b\n\u5c31\u4f7f\u51fa\u6240\u6709\u7684\u62db\u5f0f\u3002",
            "language": {
                "name": "zh-Hans",
                "url": "/api/v2/language/12/"
            },
            "version_group": {
                "name": "sun-moon",
                "url": "/api/v2/version-group/17/"
            }
        },
        {
            "flavor_text": "\u3059\u3079\u3066\u306e\u3000\u308f\u3056\u3092\n\u3042\u3044\u3066\u306b\u3000\u305b\u3063\u3057\u3087\u304f\u3000\u3057\u306a\u3044\u3067\n\u3060\u3059\u3053\u3068\u304c\u3000\u3067\u304d\u308b\u3002",
            "language": {
                "name": "ja-Hrkt",
                "url": "/api/v2/language/1/"
            },
            "version_group": {
                "name": "ultra-sun-ultra-moon",
                "url": "/api/v2/version-group/18/"
            }
        },
        {
            "flavor_text": "\ubaa8\ub4e0 \uae30\uc220\uc744\n\uc0c1\ub300\uc5d0\uac8c \uc811\ucd09\ud558\uc9c0 \uc54a\uace0\n\uc0ac\uc6a9\ud560 \uc218 \uc788\ub2e4.",
            "language": {
                "name": "ko",
                "url": "/api/v2/language/3/"
            },
            "version_group": {
                "name": "ultra-sun-ultra-moon",
                "url": "/api/v2/version-group/18/"
            }
        },
        {
            "flavor_text": "\u53ef\u4ee5\u4e0d\u63a5\u89f8\u5c0d\u624b\n\u5c31\u4f7f\u51fa\u6240\u6709\u7684\u62db\u5f0f\u3002",
            "language": {
                "name": "zh-Hant",
                "url": "/api/v2/language/4/"
            },
            "version_group": {
                "name": "ultra-sun-ultra-moon",
                "url": "/api/v2/version-group/18/"
            }
        },
        {
            "flavor_text": "Le Pok\u00e9mon est capable d\u2019utiliser toutes\nses capacit\u00e9s sans entrer en contact direct\navec sa cible.",
            "language": {
                "name": "fr",
                "url": "/api/v2/language/5/"
            },
            "version_group": {
                "name": "ultra-sun-ultra-moon",
                "url": "/api/v2/version-group/18/"
            }
        },
        {
            "flavor_text": "Erm\u00f6glicht dem Pok\u00e9mon den Einsatz aller seiner\nAttacken, ohne das Ziel dabei direkt zu ber\u00fchren.",
            "language": {
                "name": "de",
                "url": "/api/v2/language/6/"
            },
            "version_group": {
                "name": "ultra-sun-ultra-moon",
                "url": "/api/v2/version-group/18/"
            }
        },
        {
            "flavor_text": "Permite usar cualquier movimiento sin entrar en\ncontacto con el rival.",
            "language": {
                "name": "es",
                "url": "/api/v2/language/7/"
            },
            "version_group": {
                "name": "ultra-sun-ultra-moon",
                "url": "/api/v2/version-group/18/"
            }
        },
        {
            "flavor_text": "Il Pok\u00e9mon \u00e8 in grado di usare tutte le sue mosse\nsenza entrare in contatto diretto con il bersaglio.",
            "language": {
                "name": "it",
                "url": "/api/v2/language/8/"
            },
            "version_group": {
                "name": "ultra-sun-ultra-moon",
                "url": "/api/v2/version-group/18/"
            }
        },
        {
            "flavor_text": "The Pok\u00e9mon uses its moves without making contact\nwith the target.",
            "language": {
                "name": "en",
                "url": "/api/v2/language/9/"
            },
            "version_group": {
                "name": "ultra-sun-ultra-moon",
                "url": "/api/v2/version-group/18/"
            }
        },
        {
            "flavor_text": "\u3059\u3079\u3066\u306e\u3000\u6280\u3092\n\u76f8\u624b\u306b\u3000\u63a5\u89e6\u3000\u3057\u306a\u3044\u3067\n\u51fa\u3059\u3053\u3068\u304c\u3000\u3067\u304d\u308b\u3002",
            "language": {
                "name": "ja",
                "url": "/api/v2/language/11/"
            },
            "version_group": {
                "name": "ultra-sun-ultra-moon",
                "url": "/api/v2/version-group/18/"
            }
        },
        {
            "flavor_text": "\u53ef\u4ee5\u4e0d\u63a5\u89e6\u5bf9\u624b\n\u5c31\u4f7f\u51fa\u6240\u6709\u7684\u62db\u5f0f\u3002",
            "language": {
                "name": "zh-Hans",
                "url": "/api/v2/language/12/"
            },
            "version_group": {
                "name": "ultra-sun-ultra-moon",
                "url": "/api/v2/version-group/18/"
            }
        },
        {
            "flavor_text": "\u3059\u3079\u3066\u306e\u3000\u308f\u3056\u3092\n\u3042\u3044\u3066\u306b\u3000\u305b\u3063\u3057\u3087\u304f\u3000\u3057\u306a\u3044\u3067\n\u3060\u3059\u3053\u3068\u304c\u3000\u3067\u304d\u308b\u3002",
            "language": {
                "name": "ja-Hrkt",
                "url": "/api/v2/language/1/"
            },
            "version_group": {
                "name": "lets-go-pikachu-lets-go-eevee",
                "url": "/api/v2/version-group/19/"
            }
        },
        {
            "flavor_text": "\ubaa8\ub4e0 \uae30\uc220\uc744\n\uc0c1\ub300\uc5d0\uac8c \uc811\ucd09\ud558\uc9c0 \uc54a\uace0\n\uc0ac\uc6a9\ud560 \uc218 \uc788\ub2e4.",
            "language": {
                "name": "ko",
                "url": "/api/v2/language/3/"
            },
            "version_group": {
                "name": "lets-go-pikachu-lets-go-eevee",
                "url": "/api/v2/version-group/19/"
            }
        },
        {
            "flavor_text": "\u53ef\u4ee5\u4e0d\u63a5\u89f8\u5c0d\u624b\n\u5c31\u4f7f\u51fa\u6240\u6709\u7684\u62db\u5f0f\u3002",
            "language": {
                "name": "zh-Hant",
                "url": "/api/v2/language/4/"
            },
            "version_group": {
                "name": "lets-go-pikachu-lets-go-eevee",
                "url": "/api/v2/version-group/19/"
            }
        },
        {
            "flavor_text": "Le Pok\u00e9mon est capable d\u2019utiliser toutes\nses capacit\u00e9s sans entrer en contact direct\navec sa cible.",
            "language": {
                "name": "fr",
                "url": "/api/v2/language/5/"
            },
            "version_group": {
                "name": "lets-go-pikachu-lets-go-eevee",
                "url": "/api/v2/version-group/19/"
            }
        },
        {
            "flavor_text": "Erm\u00f6glicht dem Pok\u00e9mon den Einsatz aller seiner\nAttacken, ohne das Ziel dabei direkt zu ber\u00fchren.",
            "language": {
                "name": "de",
                "url": "/api/v2/language/6/"
            },
            "version_group": {
                "name": "lets-go-pikachu-lets-go-eevee",
                "url": "/api/v2/version-group/19/"
            }
        },
        {
            "flavor_text": "Permite usar cualquier movimiento sin entrar en\ncontacto con el rival.",
            "language": {
                "name": "es",
                "url": "/api/v2/language/7/"
            },
            "version_group": {
                "name": "lets-go-pikachu-lets-go-eevee",
                "url": "/api/v2/version-group/19/"
            }
        },
        {
            "flavor_text": "Il Pok\u00e9mon \u00e8 in grado di usare tutte le sue mosse\nsenza entrare in contatto diretto con il bersaglio.",
            "language": {
                "name": "it",
                "url": "/api/v2/language/8/"
            },
            "version_group": {
                "name": "lets-go-pikachu-lets-go-eevee",
                "url": "/api/v2/version-group/19/"
            }
        },
        {
            "flavor_text": "The Pok\u00e9mon uses its moves without making contact\nwith the target.",
            "language": {
                "name": "en",
                "url": "/api/v2/language/9/"
            },
            "version_group": {
                "name": "lets-go-pikachu-lets-go-eevee",
                "url": "/api/v2/version-group/19/"
            }
        },
        {
            "flavor_text": "\u3059\u3079\u3066\u306e\u3000\u6280\u3092\n\u76f8\u624b\u306b\u3000\u63a5\u89e6\u3000\u3057\u306a\u3044\u3067\n\u51fa\u3059\u3053\u3068\u304c\u3000\u3067\u304d\u308b\u3002",
            "language": {
                "name": "ja",
                "url": "/api/v2/language/11/"
            },
            "version_group": {
                "name": "lets-go-pikachu-lets-go-eevee",
                "url": "/api/v2/version-group/19/"
            }
        },
        {
            "flavor_text": "\u53ef\u4ee5\u4e0d\u63a5\u89e6\u5bf9\u624b\n\u5c31\u4f7f\u51fa\u6240\u6709\u7684\u62db\u5f0f\u3002",
            "language": {
                "name": "zh-Hans",
                "url": "/api/v2/language/12/"
            },
            "version_group": {
                "name": "lets-go-pikachu-lets-go-eevee",
                "url": "/api/v2/version-group/19/"
            }
        },
        {
            "flavor_text": "\u3059\u3079\u3066\u306e\u3000\u308f\u3056\u3092\n\u3042\u3044\u3066\u306b\u3000\u305b\u3063\u3057\u3087\u304f\u3000\u3057\u306a\u3044\u3067\n\u3060\u3059\u3053\u3068\u304c\u3000\u3067\u304d\u308b\u3002",
            "language": {
                "name": "ja-Hrkt",
                "url": "/api/v2/language/1/"
            },
            "version_group": {
                "name": "sword-shield",
                "url": "/api/v2/version-group/20/"
            }
        },
        {
            "flavor_text": "\ubaa8\ub4e0 \uae30\uc220\uc744\n\uc0c1\ub300\uc5d0\uac8c \uc811\ucd09\ud558\uc9c0 \uc54a\uace0\n\uc0ac\uc6a9\ud560 \uc218 \uc788\ub2e4.",
            "language": {
                "name": "ko",
                "url": "/api/v2/language/3/"
            },
            "version_group": {
                "name": "sword-shield",
                "url": "/api/v2/version-group/20/"
            }
        },
        {
            "flavor_text": "\u53ef\u4ee5\u4e0d\u63a5\u89f8\u5c0d\u624b\n\u5c31\u4f7f\u51fa\u6240\u6709\u7684\u62db\u5f0f\u3002",
            "language": {
                "name": "zh-Hant",
                "url": "/api/v2/language/4/"
            },
            "version_group": {
                "name": "sword-shield",
                "url": "/api/v2/version-group/20/"
            }
        },
        {
            "flavor_text": "Le Pok\u00e9mon est capable d\u2019utiliser toutes ses capacit\u00e9s\nsans entrer en contact direct avec sa cible.",
            "language": {
                "name": "fr",
                "url": "/api/v2/language/5/"
            },
            "version_group": {
                "name": "sword-shield",
                "url": "/api/v2/version-group/20/"
            }
        },
        {
            "flavor_text": "Erm\u00f6glicht dem Pok\u00e9mon den Einsatz aller seiner\nAttacken, ohne das Ziel dabei direkt zu ber\u00fchren.",
            "language": {
                "name": "de",
                "url": "/api/v2/language/6/"
            },
            "version_group": {
                "name": "sword-shield",
                "url": "/api/v2/version-group/20/"
            }
        },
        {
            "flavor_text": "Puede usar cualquier movimiento sin entrar en contacto\ncon el rival.",
            "language": {
                "name": "es",
                "url": "/api/v2/language/7/"
            },
            "version_group": {
                "name": "sword-shield",
                "url": "/api/v2/version-group/20/"
            }
        },
        {
            "flavor_text": "Il Pok\u00e9mon \u00e8 in grado di usare tutte le sue mosse\nsenza entrare in contatto diretto con il bersaglio.",
            "language": {
                "name": "it",
                "url": "/api/v2/language/8/"
            },
            "version_group": {
                "name": "sword-shield",
                "url": "/api/v2/version-group/20/"
            }
        },
        {
            "flavor_text": "The Pok\u00e9mon uses its moves without making contact\nwith the target.",
            "language": {
                "name": "en",
                "url": "/api/v2/language/9/"
            },
            "version_group": {
                "name": "sword-shield",
                "url": "/api/v2/version-group/20/"
            }
        },
        {
            "flavor_text": "\u3059\u3079\u3066\u306e\u3000\u6280\u3092\n\u76f8\u624b\u306b\u3000\u63a5\u89e6\u3000\u3057\u306a\u3044\u3067\n\u51fa\u3059\u3053\u3068\u304c\u3000\u3067\u304d\u308b\u3002",
            "language": {
                "name": "ja",
                "url": "/api/v2/language/11/"
            },
            "version_group": {
                "name": "sword-shield",
                "url": "/api/v2/version-group/20/"
            }
        },
        {
            "flavor_text": "\u53ef\u4ee5\u4e0d\u63a5\u89e6\u5bf9\u624b\n\u5c31\u4f7f\u51fa\u6240\u6709\u7684\u62db\u5f0f\u3002",
            "language": {
                "name": "zh-Hans",
                "url": "/api/v2/language/12/"
            },
            "version_group": {
                "name": "sword-shield",
                "url": "/api/v2/version-group/20/"
            }
        }
    ],
    "generation": {
        "name": "generation-vii",
        "url": "/api/v2/generation/7/"
    },
    "id": 203,
    "is_main_series": true,
    "name": "long-reach",
    "names": [
        {
            "language": {
                "name": "ja-Hrkt",
                "url": "/api/v2/language/1/"
            },
            "name": "\u3048\u3093\u304b\u304f"
        },
        {
            "language": {
                "name": "ko",
                "url": "/api/v2/language/3/"
            },
            "name": "\uc6d0\uaca9"
        },
        {
            "language": {
                "name": "zh-Hant",
                "url": "/api/v2/language/4/"
            },
            "name": "\u9060\u9694"
        },
        {
            "language": {
                "name": "fr",
                "url": "/api/v2/language/5/"
            },
            "name": "Longue Port\u00e9e"
        },
        {
            "language": {
                "name": "de",
                "url": "/api/v2/language/6/"
            },
            "name": "Langstrecke"
        },
        {
            "language": {
                "name": "es",
                "url": "/api/v2/language/7/"
            },
            "name": "Remoto"
        },
        {
            "language": {
                "name": "it",
                "url": "/api/v2/language/8/"
            },
            "name": "Distacco"
        },
        {
            "language": {
                "name": "en",
                "url": "/api/v2/language/9/"
            },
            "name": "Long Reach"
        },
        {
            "language": {
                "name": "ja",
                "url": "/api/v2/language/11/"
            },
            "name": "\u3048\u3093\u304b\u304f"
        },
        {
            "language": {
                "name": "zh-Hans",
                "url": "/api/v2/language/12/"
            },
            "name": "\u8fdc\u9694"
        }
    ],
    "pokemon": [
        {
            "is_hidden": true,
            "pokemon": {
                "name": "rowlet",
                "url": "/api/v2/pokemon/722/"
            },
            "slot": 3
        },
        {
            "is_hidden": true,
            "pokemon": {
                "name": "dartrix",
                "url": "/api/v2/pokemon/723/"
            },
            "slot": 3
        },
        {
            "is_hidden": true,
            "pokemon": {
                "name": "decidueye",
                "url": "/api/v2/pokemon/724/"
            },
            "slot": 3
        }
    ]
}