{
    "effect_changes": [],
    "effect_entries": [
        {
            "effect": "Super-effective damage this Pok\u00e9mon takes is reduced to 0.75\u00d7.\n\nThis Ability is not bypassed by mold breaker, teravolt, or turboblaze.",
            "language": {
                "name": "en",
                "url": "/api/v2/language/9/"
            },
            "short_effect": "Reduces super-effective damage to 0.75\u00d7."
        }
    ],
    "flavor_text_entries": [
        {
            "flavor_text": "\u3053\u3046\u304b\u3070\u3064\u3050\u3093\u306b\u3000\u306a\u3063\u3066\u3057\u307e\u3046\n\u3053\u3046\u3052\u304d\u306e\u3000\u3044\u308a\u3087\u304f\u3092\n\u3088\u308f\u3081\u308b\u3000\u3053\u3068\u304c\u3000\u3067\u304d\u308b\u3002",
            "language": {
                "name": "ja-Hrkt",
                "url": "/api/v2/language/1/"
            },
            "version_group": {
                "name": "sun-moon",
                "url": "/api/v2/version-group/17/"
            }
        },
        {
            "flavor_text": "\ud6a8\uacfc\uac00 \uad49\uc7a5\ud55c\n\uacf5\uaca9\uc758 \uc704\ub825\uc744\n\uc57d\ud558\uac8c \ub9cc\ub4e0\ub2e4.",
            "language": {
                "name": "ko",
                "url": "/api/v2/language/3/"
            },
            "version_group": {
                "name": "sun-moon",
                "url": "/api/v2/version-group/17/"
            }
        },
        {
            "flavor_text": "\u53d7\u5230\u6548\u679c\u7d55\u4f73\u7684\u653b\u64ca\u6642\uff0c\n\u53ef\u6e1b\u5f31\u5176\u5a01\u529b\u3002",
            "language": {
                "name": "zh-Hant",
                "url": "/api/v2/language/4/"
            },
            "version_group": {
                "name": "sun-moon",
                "url": "/api/v2/version-group/17/"
            }
        },
        {
            "flavor_text": "R\u00e9duit les d\u00e9g\u00e2ts subis lorsque le Pok\u00e9mon\nest touch\u00e9 par une capacit\u00e9 super efficace.",
            "language": {
                "name": "fr",
                "url": "/api/v2/language/5/"
            },
            "version_group": {
                "name": "sun-moon",
                "url": "/api/v2/version-group/17/"
            }
        },
        {
            "flavor_text": "Reduziert die St\u00e4rke von sehr effektiven Attacken\nund verringert damit den Schaden, den das Pok\u00e9mon\ndurch sie erleidet.",
            "language": {
                "name": "de",
                "url": "/api/v2/language/6/"
            },
            "version_group": {
                "name": "sun-moon",
                "url": "/api/v2/version-group/17/"
            }
        },
        {
            "flavor_text": "Mitiga el da\u00f1o que le infligen los movimientos\nsupereficaces.",
            "language": {
                "name": "es",
                "url": "/api/v2/language/7/"
            },
            "version_group": {
                "name": "sun-moon",
                "url": "/api/v2/version-group/17/"
            }
        },
        {
            "flavor_text": "Riduce la potenza delle mosse superefficaci subite.",
            "language": {
                "name": "it",
                "url": "/api/v2/language/8/"
            },
            "version_group": {
                "name": "sun-moon",
                "url": "/api/v2/version-group/17/"
            }
        },
        {
            "flavor_text": "Reduces the power of supereffective attacks taken.",
            "language": {
                "name": "en",
                "url": "/api/v2/language/9/"
            },
            "version_group": {
                "name": "sun-moon",
                "url": "/api/v2/version-group/17/"
            }
        },
        {
            "flavor_text": "\u52b9\u679c\u30d0\u30c4\u30b0\u30f3\u306b\u3000\u306a\u3063\u3066\u3057\u307e\u3046\n\u653b\u6483\u306e\u3000\u5a01\u529b\u3092\n\u5f31\u3081\u308b\u3000\u3053\u3068\u304c\u3000\u3067\u304d\u308b\u3002",
            "language": {
                "name": "ja",
                "url": "/api/v2/language/11/"
            },
            "version_group": {
                "name": "sun-moon",
                "url": "/api/v2/version-group/17/"
            }
        },
        {
            "flavor_text": "\u53d7\u5230\u6548\u679c\u7edd\u4f73\u7684\u653b\u51fb\u65f6\uff0c\n\u53ef\u4ee5\u51cf\u5f31\u5176\u5a01\u529b\u3002",
            "language": {
                "name": "zh-Hans",
                "url": "/api/v2/language/12/"
            },
            "version_group": {
                "name": "sun-moon",
                "url": "/api/v2/version-group/17/"
            }
        },
        {
            "flavor_text": "\u3053\u3046\u304b\u3070\u3064\u3050\u3093\u306b\u3000\u306a\u3063\u3066\u3057\u307e\u3046\n\u3053\u3046\u3052\u304d\u306e\u3000\u3044\u308a\u3087\u304f\u3092\n\u3088\u308f\u3081\u308b\u3000\u3053\u3068\u304c\u3000\u3067\u304d\u308b\u3002",
            "language": {
                "name": "ja-Hrkt",
                "url": "/api/v2/language/1/"
            },
            "version_group": {
                "name": "ultra-sun-ultra-moon",
                "url": "/api/v2/version-group/18/"
            }
        },
        {
            "flavor_text": "\ud6a8\uacfc\uac00 \uad49\uc7a5\ud55c\n\uacf5\uaca9\uc758 \uc704\ub825\uc744\n\uc57d\ud558\uac8c \ub9cc\ub4e0\ub2e4.",
            "language": {
                "name": "ko",
                "url": "/api/v2/language/3/"
            },
            "version_group": {
                "name": "ultra-sun-ultra-moon",
                "url": "/api/v2/version-group/18/"
            }
        },
        {
            "flavor_text": "\u53d7\u5230\u6548\u679c\u7d55\u4f73\u7684\u653b\u64ca\u6642\uff0c\n\u53ef\u6e1b\u5f31\u5176\u5a01\u529b\u3002",
            "language": {
                "name": "zh-Hant",
                "url": "/api/v2/language/4/"
            },
            "version_group": {
                "name": "ultra-sun-ultra-moon",
                "url": "/api/v2/version-group/18/"
            }
        },
        {
            "flavor_text": "R\u00e9duit les d\u00e9g\u00e2ts subis lorsque le Pok\u00e9mon\nest touch\u00e9 par une capacit\u00e9 super efficace.",
            "language": {
                "name": "fr",
                "url": "/api/v2/language/5/"
            },
            "version_group": {
                "name": "ultra-sun-ultra-moon",
                "url": "/api/v2/version-group/18/"
            }
        },
        {
            "flavor_text": "Reduziert die St\u00e4rke von sehr effektiven Attacken\nund verringert damit den Schaden, den das Pok\u00e9mon\ndurch sie erleidet.",
            "language": {
                "name": "de",
                "url": "/api/v2/language/6/"
            },
            "version_group": {
                "name": "ultra-sun-ultra-moon",
                "url": "/api/v2/version-group/18/"
            }
        },
        {
            "flavor_text": "Mitiga el da\u00f1o que le infligen los movimientos\nsupereficaces.",
            "language": {
                "name": "es",
                "url": "/api/v2/language/7/"
            },
            "version_group": {
                "name": "ultra-sun-ultra-moon",
                "url": "/api/v2/version-group/18/"
            }
        },
        {
            "flavor_text": "Riduce la potenza delle mosse superefficaci subite.",
            "language": {
                "name": "it",
                "url": "/api/v2/language/8/"
            },
            "version_group": {
                "name": "ultra-sun-ultra-moon",
                "url": "/api/v2/version-group/18/"
            }
        },
        {
            "flavor_text": "Reduces the power of supereffective attacks taken.",
            "language": {
                "name": "en",
                "url": "/api/v2/language/9/"
            },
            "version_group": {
                "name": "ultra-sun-ultra-moon",
                "url": "/api/v2/version-group/18/"
            }
        },
        {
            "flavor_text": "\u52b9\u679c\u30d0\u30c4\u30b0\u30f3\u306b\u3000\u306a\u3063\u3066\u3057\u307e\u3046\n\u653b\u6483\u306e\u3000\u5a01\u529b\u3092\n\u5f31\u3081\u308b\u3000\u3053\u3068\u304c\u3000\u3067\u304d\u308b\u3002",
            "language": {
                "name": "ja",
                "url": "/api/v2/language/11/"
            },
            "version_group": {
                "name": "ultra-sun-ultra-moon",
                "url": "/api/v2/version-group/18/"
            }
        },
        {
            "flavor_text": "\u53d7\u5230\u6548\u679c\u7edd\u4f73\u7684\u653b\u51fb\u65f6\uff0c\n\u53ef\u4ee5\u51cf\u5f31\u5176\u5a01\u529b\u3002",
            "language": {
                "name": "zh-Hans",
                "url": "/api/v2/language/12/"
            },
            "version_group": {
                "name": "ultra-sun-ultra-moon",
                "url": "/api/v2/version-group/18/"
            }
        },
        {
            "flavor_text": "\u3053\u3046\u304b\u3070\u3064\u3050\u3093\u306b\u3000\u306a\u3063\u3066\u3057\u307e\u3046\n\u3053\u3046\u3052\u304d\u306e\u3000\u3044\u308a\u3087\u304f\u3092\n\u3088\u308f\u3081\u308b\u3000\u3053\u3068\u304c\u3000\u3067\u304d\u308b\u3002",
            "language": {
                "name": "ja-Hrkt",
                "url": "/api/v2/language/1/"
            },
            "version_group": {
                "name": "lets-go-pikachu-lets-go-eevee",
                "url": "/api/v2/version-group/19/"
            }
        },
        {
            "flavor_text": "\ud6a8\uacfc\uac00 \uad49\uc7a5\ud55c\n\uacf5\uaca9\uc758 \uc704\ub825\uc744\n\uc57d\ud558\uac8c \ub9cc\ub4e0\ub2e4.",
            "language": {
                "name": "ko",
                "url": "/api/v2/language/3/"
            },
            "version_group": {
                "name": "lets-go-pikachu-lets-go-eevee",
                "url": "/api/v2/version-group/19/"
            }
        },
        {
            "flavor_text": "\u53d7\u5230\u6548\u679c\u7d55\u4f73\u7684\u653b\u64ca\u6642\uff0c\n\u53ef\u6e1b\u5f31\u5176\u5a01\u529b\u3002",
            "language": {
                "name": "zh-Hant",
                "url": "/api/v2/language/4/"
            },
            "version_group": {
                "name": "lets-go-pikachu-lets-go-eevee",
                "url": "/api/v2/version-group/19/"
            }
        },
        {
            "flavor_text": "R\u00e9duit les d\u00e9g\u00e2ts subis lorsque le Pok\u00e9mon\nest touch\u00e9 par une capacit\u00e9 super efficace.",
            "language": {
                "name": "fr",
                "url": "/api/v2/language/5/"
            },
            "version_group": {
                "name": "lets-go-pikachu-lets-go-eevee",
                "url": "/api/v2/version-group/19/"
            }
        },
        {
            "flavor_text": "Reduziert die St\u00e4rke von sehr effektiven Attacken\nund verringert damit den Schaden, den das Pok\u00e9mon\ndurch sie erleidet.",
            "language": {
                "name": "de",
                "url": "/api/v2/language/6/"
            },
            "version_group": {
                "name": "lets-go-pikachu-lets-go-eevee",
                "url": "/api/v2/version-group/19/"
            }
        },
        {
            "flavor_text": "Mitiga el da\u00f1o que le infligen los movimientos\nsupereficaces.",
            "language": {
                "name": "es",
                "url": "/api/v2/language/7/"
            },
            "version_group": {
                "name": "lets-go-pikachu-lets-go-eevee",
                "url": "/api/v2/version-group/19/"
            }
        },
        {
            "flavor_text": "Riduce la potenza delle mosse superefficaci subite.",
            "language": {
                "name": "it",
                "url": "/api/v2/language/8/"
            },
            "version_group": {
                "name": "lets-go-pikachu-lets-go-eevee",
                "url": "/api/v2/version-group/19/"
            }
        },
        {
            "flavor_text": "Reduces the power of supereffective attacks taken.",
            "language": {
                "name": "en",
                "url": "/api/v2/language/9/"
            },
            "version_group": {
                "name": "lets-go-pikachu-lets-go-eevee",
                "url": "/api/v2/version-group/19/"
            }
        },
        {
            "flavor_text": "\u52b9\u679c\u30d0\u30c4\u30b0\u30f3\u306b\u3000\u306a\u3063\u3066\u3057\u307e\u3046\n\u653b\u6483\u306e\u3000\u5a01\u529b\u3092\n\u5f31\u3081\u308b\u3000\u3053\u3068\u304c\u3000\u3067\u304d\u308b\u3002",
            "language": {
                "name": "ja",
                "url": "/api/v2/language/11/"
            },
            "version_group": {
                "name": "lets-go-pikachu-lets-go-eevee",
                "url": "/api/v2/version-group/19/"
            }
        },
        {
            "flavor_text": "\u53d7\u5230\u6548\u679c\u7edd\u4f73\u7684\u653b\u51fb\u65f6\uff0c\n\u53ef\u4ee5\u51cf\u5f31\u5176\u5a01\u529b\u3002",
            "language": {
                "name": "zh-Hans",
                "url": "/api/v2/language/12/"
            },
            "version_group": {
                "name": "lets-go-pikachu-lets-go-eevee",
                "url": "/api/v2/version-group/19/"
            }
        },
        {
            "flavor_text": "\u3053\u3046\u304b\u3070\u3064\u3050\u3093\u306b\u3000\u306a\u3063\u3066\u3057\u307e\u3046\n\u3053\u3046\u3052\u304d\u306e\u3000\u3044\u308a\u3087\u304f\u3092\n\u3088\u308f\u3081\u308b\u3000\u3053\u3068\u304c\u3000\u3067\u304d\u308b\u3002",
            "language": {
                "name": "ja-Hrkt",
                "url": "/api/v2/language/1/"
            },
            "version_group": {
                "name": "sword-shield",
                "url": "/api/v2/version-group/20/"
            }
        },
        {
            "flavor_text": "\ud6a8\uacfc\uac00 \uad49\uc7a5\ud55c\n\uacf5\uaca9\uc758 \uc704\ub825\uc744\n\uc57d\ud558\uac8c \ub9cc\ub4e0\ub2e4.",
            "language": {
                "name": "ko",
                "url": "/api/v2/language/3/"
            },
            "version_group": {
                "name": "sword-shield",
                "url": "/api/v2/version-group/20/"
            }
        },
        {
            "flavor_text": "\u53d7\u5230\u6548\u679c\u7d55\u4f73\u7684\u653b\u64ca\u6642\uff0c\n\u53ef\u6e1b\u5f31\u5176\u5a01\u529b\u3002",
            "language": {
                "name": "zh-Hant",
                "url": "/api/v2/language/4/"
            },
            "version_group": {
                "name": "sword-shield",
                "url": "/api/v2/version-group/20/"
            }
        },
        {
            "flavor_text": "R\u00e9duit les d\u00e9g\u00e2ts subis lorsque le Pok\u00e9mon\nest touch\u00e9 par une capacit\u00e9 super efficace.",
            "language": {
                "name": "fr",
                "url": "/api/v2/language/5/"
            },
            "version_group": {
                "name": "sword-shield",
                "url": "/api/v2/version-group/20/"
            }
        },
        {
            "flavor_text": "Reduziert die St\u00e4rke von sehr effektiven Attacken und\nverringert damit den Schaden, den das Pok\u00e9mon durch\nsie erleidet.",
            "language": {
                "name": "de",
                "url": "/api/v2/language/6/"
            },
            "version_group": {
                "name": "sword-shield",
                "url": "/api/v2/version-group/20/"
            }
        },
        {
            "flavor_text": "Mitiga el da\u00f1o que le infligen los movimientos\nsupereficaces.",
            "language": {
                "name": "es",
                "url": "/api/v2/language/7/"
            },
            "version_group": {
                "name": "sword-shield",
                "url": "/api/v2/version-group/20/"
            }
        },
        {
            "flavor_text": "Riduce i danni subiti dalle mosse superefficaci.",
            "language": {
                "name": "it",
                "url": "/api/v2/language/8/"
            },
            "version_group": {
                "name": "sword-shield",
                "url": "/api/v2/version-group/20/"
            }
        },
        {
            "flavor_text": "Reduces the power of supereffective attacks taken.",
            "language": {
                "name": "en",
                "url": "/api/v2/language/9/"
            },
            "version_group": {
                "name": "sword-shield",
                "url": "/api/v2/version-group/20/"
            }
        },
        {
            "flavor_text": "\u52b9\u679c\u30d0\u30c4\u30b0\u30f3\u306b\u3000\u306a\u3063\u3066\u3057\u307e\u3046\n\u653b\u6483\u306e\u3000\u5a01\u529b\u3092\n\u5f31\u3081\u308b\u3000\u3053\u3068\u304c\u3000\u3067\u304d\u308b\u3002",
            "language": {
                "name": "ja",
                "url": "/api/v2/language/11/"
            },
            "version_group": {
                "name": "sword-shield",
                "url": "/api/v2/version-group/20/"
            }
        },
        {
            "flavor_text": "\u53d7\u5230\u6548\u679c\u7edd\u4f73\u7684\u653b\u51fb\u65f6\uff0c\n\u53ef\u4ee5\u51cf\u5f31\u5176\u5a01\u529b\u3002",
            "language": {
                "name": "zh-Hans",
                "url": "/api/v2/language/12/"
            },
            "version_group": {
                "name": "sword-shield",
                "url": "/api/v2/version-group/20/"
            }
        }
    ],
    "generation": {
        "name": "generation-vii",
        "url": "/api/v2/generation/7/"
    },
    "id": 232,
    "is_main_series": true,
    "name": "prism-armor",
    "names": [
        {
            "language": {
                "name": "ja-Hrkt",
                "url": "/api/v2/language/1/"
            },
            "name": "\u30d7\u30ea\u30ba\u30e0\u30a2\u30fc\u30de\u30fc"
        },
        {
            "language": {
                "name": "ko",
                "url": "/api/v2/language/3/"
            },
            "name": "\ud504\ub9ac\uc998\uc544\uba38"
        },
        {
            "language": {
                "name": "zh-Hant",
                "url": "/api/v2/language/4/"
            },
            "name": "\u7a1c\u93e1\u88dd\u7532"
        },
        {
            "language": {
                "name": "fr",
                "url": "/api/v2/language/5/"
            },
            "name": "Prisme-Armure"
        },
        {
            "language": {
                "name": "de",
                "url": "/api/v2/language/6/"
            },
            "name": "Prismar\u00fcstung"
        },
        {
            "language": {
                "name": "es",
                "url": "/api/v2/language/7/"
            },
            "name": "Armadura Prisma"
        },
        {
            "language": {
                "name": "it",
                "url": "/api/v2/language/8/"
            },
            "name": "Scudoprisma"
        },
        {
            "language": {
                "name": "en",
                "url": "/api/v2/language/9/"
            },
            "name": "Prism Armor"
        },
        {
            "language": {
                "name": "ja",
                "url": "/api/v2/language/11/"
            },
            "name": "\u30d7\u30ea\u30ba\u30e0\u30a2\u30fc\u30de\u30fc"
        },
        {
            "language": {
                "name": "zh-Hans",
                "url": "/api/v2/language/12/"
            },
            "name": "\u68f1\u955c\u88c5\u7532"
        }
    ],
    "pokemon": [
        {
            "is_hidden": false,
            "pokemon": {
                "name": "necrozma",
                "url": "/api/v2/pokemon/800/"
            },
            "slot": 1
        },
        {
            "is_hidden": false,
            "pokemon": {
                "name": "necrozma-dusk",
                "url": "/api/v2/pokemon/10155/"
            },
            "slot": 1
        },
        {
            "is_hidden": false,
            "pokemon": {
                "name": "necrozma-dawn",
                "url": "/api/v2/pokemon/10156/"
            },
            "slot": 1
        }
    ]
}