{
    "effect_changes": [],
    "effect_entries": [
        {
            "effect": "Pok\u00e9mon mit dieser F\u00e4higkeit ignorieren light screen, reflect und safeguard.",
            "language": {
                "name": "de",
                "url": "/api/v2/language/6/"
            },
            "short_effect": "Umgeht light screen, reflect und safeguard."
        },
        {
            "effect": "This Pok\u00e9mon's moves ignore light screen, reflect, and safeguard.",
            "language": {
                "name": "en",
                "url": "/api/v2/language/9/"
            },
            "short_effect": "Bypasses light screen, reflect, and safeguard."
        }
    ],
    "flavor_text_entries": [
        {
            "flavor_text": "Traverse les barri\u00e8res de\nl\u2019ennemi pour attaquer.",
            "language": {
                "name": "fr",
                "url": "/api/v2/language/5/"
            },
            "version_group": {
                "name": "black-white",
                "url": "/api/v2/version-group/11/"
            }
        },
        {
            "flavor_text": "Passes through the foe\u2019s\nbarrier and strikes.",
            "language": {
                "name": "en",
                "url": "/api/v2/language/9/"
            },
            "version_group": {
                "name": "black-white",
                "url": "/api/v2/version-group/11/"
            }
        },
        {
            "flavor_text": "Passes through the foe\u2019s\nbarrier and strikes.",
            "language": {
                "name": "en",
                "url": "/api/v2/language/9/"
            },
            "version_group": {
                "name": "black-2-white-2",
                "url": "/api/v2/version-group/14/"
            }
        },
        {
            "flavor_text": "\u3042\u3044\u3066\u306e\u3000\u304b\u3079\u3092\n\u3059\u308a\u306c\u3051\u3066\u3000\u3053\u3046\u3052\u304d\u3002",
            "language": {
                "name": "ja-Hrkt",
                "url": "/api/v2/language/1/"
            },
            "version_group": {
                "name": "x-y",
                "url": "/api/v2/version-group/15/"
            }
        },
        {
            "flavor_text": "\uc0c1\ub300\uc758 \ubcbd\uc744\n\ub6ab\uace0 \uacf5\uaca9\ud55c\ub2e4.",
            "language": {
                "name": "ko",
                "url": "/api/v2/language/3/"
            },
            "version_group": {
                "name": "x-y",
                "url": "/api/v2/version-group/15/"
            }
        },
        {
            "flavor_text": "Traverse les barri\u00e8res de\nl\u2019ennemi pour attaquer.",
            "language": {
                "name": "fr",
                "url": "/api/v2/language/5/"
            },
            "version_group": {
                "name": "x-y",
                "url": "/api/v2/version-group/15/"
            }
        },
        {
            "flavor_text": "\u00dcberwindet gegnerische Schilde\nund greift an.",
            "language": {
                "name": "de",
                "url": "/api/v2/language/6/"
            },
            "version_group": {
                "name": "x-y",
                "url": "/api/v2/version-group/15/"
            }
        },
        {
            "flavor_text": "Ataca rodeando la barrera del\nrival.",
            "language": {
                "name": "es",
                "url": "/api/v2/language/7/"
            },
            "version_group": {
                "name": "x-y",
                "url": "/api/v2/version-group/15/"
            }
        },
        {
            "flavor_text": "Attacca evitando le barriere\ndel nemico.",
            "language": {
                "name": "it",
                "url": "/api/v2/language/8/"
            },
            "version_group": {
                "name": "x-y",
                "url": "/api/v2/version-group/15/"
            }
        },
        {
            "flavor_text": "Passes through the opposing\nPok\u00e9mon\u2019s barrier and strikes.",
            "language": {
                "name": "en",
                "url": "/api/v2/language/9/"
            },
            "version_group": {
                "name": "x-y",
                "url": "/api/v2/version-group/15/"
            }
        },
        {
            "flavor_text": "\u76f8\u624b\u306e\u3000\u304b\u3079\u3092\n\u3059\u308a\u306c\u3051\u3066\u3000\u653b\u6483\u3002",
            "language": {
                "name": "ja",
                "url": "/api/v2/language/11/"
            },
            "version_group": {
                "name": "x-y",
                "url": "/api/v2/version-group/15/"
            }
        },
        {
            "flavor_text": "\u3042\u3044\u3066\u306e\u3000\u304b\u3079\u3092\n\u3059\u308a\u306c\u3051\u3066\u3000\u3053\u3046\u3052\u304d\u3002",
            "language": {
                "name": "ja-Hrkt",
                "url": "/api/v2/language/1/"
            },
            "version_group": {
                "name": "omega-ruby-alpha-sapphire",
                "url": "/api/v2/version-group/16/"
            }
        },
        {
            "flavor_text": "\uc0c1\ub300\uc758 \ubcbd\uc744\n\ub6ab\uace0 \uacf5\uaca9\ud55c\ub2e4.",
            "language": {
                "name": "ko",
                "url": "/api/v2/language/3/"
            },
            "version_group": {
                "name": "omega-ruby-alpha-sapphire",
                "url": "/api/v2/version-group/16/"
            }
        },
        {
            "flavor_text": "Traverse les barri\u00e8res de\nl\u2019ennemi pour attaquer.",
            "language": {
                "name": "fr",
                "url": "/api/v2/language/5/"
            },
            "version_group": {
                "name": "omega-ruby-alpha-sapphire",
                "url": "/api/v2/version-group/16/"
            }
        },
        {
            "flavor_text": "\u00dcberwindet gegnerische Schilde\nund greift an.",
            "language": {
                "name": "de",
                "url": "/api/v2/language/6/"
            },
            "version_group": {
                "name": "omega-ruby-alpha-sapphire",
                "url": "/api/v2/version-group/16/"
            }
        },
        {
            "flavor_text": "Ataca rodeando la barrera del\nrival.",
            "language": {
                "name": "es",
                "url": "/api/v2/language/7/"
            },
            "version_group": {
                "name": "omega-ruby-alpha-sapphire",
                "url": "/api/v2/version-group/16/"
            }
        },
        {
            "flavor_text": "Attacca evitando le barriere\ndel nemico.",
            "language": {
                "name": "it",
                "url": "/api/v2/language/8/"
            },
            "version_group": {
                "name": "omega-ruby-alpha-sapphire",
                "url": "/api/v2/version-group/16/"
            }
        },
        {
            "flavor_text": "Passes through the opposing\nPok\u00e9mon\u2019s barrier and strikes.",
            "language": {
                "name": "en",
                "url": "/api/v2/language/9/"
            },
            "version_group": {
                "name": "omega-ruby-alpha-sapphire",
                "url": "/api/v2/version-group/16/"
            }
        },
        {
            "flavor_text": "\u76f8\u624b\u306e\u3000\u304b\u3079\u3092\n\u3059\u308a\u306c\u3051\u3066\u3000\u653b\u6483\u3002",
            "language": {
                "name": "ja",
                "url": "/api/v2/language/11/"
            },
            "version_group": {
                "name": "omega-ruby-alpha-sapphire",
                "url": "/api/v2/version-group/16/"
            }
        },
        {
            "flavor_text": "\u3042\u3044\u3066\u306e\u3000\u304b\u3079\u3084\u3000\u307f\u304c\u308f\u308a\u3092\n\u3059\u308a\u306c\u3051\u3066\u3000\u3053\u3046\u3052\u304d\u3000\u3067\u304d\u308b",
            "language": {
                "name": "ja-Hrkt",
                "url": "/api/v2/language/1/"
            },
            "version_group": {
                "name": "sun-moon",
                "url": "/api/v2/version-group/17/"
            }
        },
        {
            "flavor_text": "\uc0c1\ub300\uc758 \ubcbd\uc774\ub098 \ub300\ud0c0\ucd9c\ub3d9\uc744\n\ub6ab\uace0 \uacf5\uaca9\ud560 \uc218 \uc788\ub2e4.",
            "language": {
                "name": "ko",
                "url": "/api/v2/language/3/"
            },
            "version_group": {
                "name": "sun-moon",
                "url": "/api/v2/version-group/17/"
            }
        },
        {
            "flavor_text": "\u53ef\u7a7f\u900f\u5c0d\u624b\u7684\u5c4f\u969c\n\u6216\u66ff\u8eab\u9032\u884c\u653b\u64ca\u3002",
            "language": {
                "name": "zh-Hant",
                "url": "/api/v2/language/4/"
            },
            "version_group": {
                "name": "sun-moon",
                "url": "/api/v2/version-group/17/"
            }
        },
        {
            "flavor_text": "Traverse les barri\u00e8res et les clones de l\u2019ennemi\npour attaquer directement.",
            "language": {
                "name": "fr",
                "url": "/api/v2/language/5/"
            },
            "version_group": {
                "name": "sun-moon",
                "url": "/api/v2/version-group/17/"
            }
        },
        {
            "flavor_text": "\u00dcberwindet gegnerische Schilde sowie Delegatoren\nund greift an.",
            "language": {
                "name": "de",
                "url": "/api/v2/language/6/"
            },
            "version_group": {
                "name": "sun-moon",
                "url": "/api/v2/version-group/17/"
            }
        },
        {
            "flavor_text": "Ataca rodeando la barrera o el sustituto del rival.",
            "language": {
                "name": "es",
                "url": "/api/v2/language/7/"
            },
            "version_group": {
                "name": "sun-moon",
                "url": "/api/v2/version-group/17/"
            }
        },
        {
            "flavor_text": "Attacca evitando le barriere e il sostituto\ndel nemico.",
            "language": {
                "name": "it",
                "url": "/api/v2/language/8/"
            },
            "version_group": {
                "name": "sun-moon",
                "url": "/api/v2/version-group/17/"
            }
        },
        {
            "flavor_text": "Passes through the opposing Pok\u00e9mon\u2019s barrier,\nsubstitute, and the like and strikes.",
            "language": {
                "name": "en",
                "url": "/api/v2/language/9/"
            },
            "version_group": {
                "name": "sun-moon",
                "url": "/api/v2/version-group/17/"
            }
        },
        {
            "flavor_text": "\u76f8\u624b\u306e\u3000\u58c1\u3084\u3000\u8eab\u4ee3\u308f\u308a\u3092\n\u3059\u308a\u306c\u3051\u3066\u3000\u653b\u6483\u3000\u3067\u304d\u308b",
            "language": {
                "name": "ja",
                "url": "/api/v2/language/11/"
            },
            "version_group": {
                "name": "sun-moon",
                "url": "/api/v2/version-group/17/"
            }
        },
        {
            "flavor_text": "\u53ef\u4ee5\u7a7f\u900f\u5bf9\u624b\u7684\u58c1\u969c\n\u6216\u66ff\u8eab\u8fdb\u884c\u653b\u51fb\u3002",
            "language": {
                "name": "zh-Hans",
                "url": "/api/v2/language/12/"
            },
            "version_group": {
                "name": "sun-moon",
                "url": "/api/v2/version-group/17/"
            }
        },
        {
            "flavor_text": "\u3042\u3044\u3066\u306e\u3000\u304b\u3079\u3084\u3000\u307f\u304c\u308f\u308a\u3092\n\u3059\u308a\u306c\u3051\u3066\u3000\u3053\u3046\u3052\u304d\u3000\u3067\u304d\u308b",
            "language": {
                "name": "ja-Hrkt",
                "url": "/api/v2/language/1/"
            },
            "version_group": {
                "name": "ultra-sun-ultra-moon",
                "url": "/api/v2/version-group/18/"
            }
        },
        {
            "flavor_text": "\uc0c1\ub300\uc758 \ubcbd\uc774\ub098 \ub300\ud0c0\ucd9c\ub3d9\uc744\n\ub6ab\uace0 \uacf5\uaca9\ud560 \uc218 \uc788\ub2e4.",
            "language": {
                "name": "ko",
                "url": "/api/v2/language/3/"
            },
            "version_group": {
                "name": "ultra-sun-ultra-moon",
                "url": "/api/v2/version-group/18/"
            }
        },
        {
            "flavor_text": "\u53ef\u7a7f\u900f\u5c0d\u624b\u7684\u5c4f\u969c\n\u6216\u66ff\u8eab\u9032\u884c\u653b\u64ca\u3002",
            "language": {
                "name": "zh-Hant",
                "url": "/api/v2/language/4/"
            },
            "version_group": {
                "name": "ultra-sun-ultra-moon",
                "url": "/api/v2/version-group/18/"
            }
        },
        {
            "flavor_text": "Traverse les barri\u00e8res et les clones de l\u2019ennemi\npour attaquer directement.",
            "language": {
                "name": "fr",
                "url": "/api/v2/language/5/"
            },
            "version_group": {
                "name": "ultra-sun-ultra-moon",
                "url": "/api/v2/version-group/18/"
            }
        },
        {
            "flavor_text": "\u00dcberwindet gegnerische Schilde sowie Delegatoren\nund greift an.",
            "language": {
                "name": "de",
                "url": "/api/v2/language/6/"
            },
            "version_group": {
                "name": "ultra-sun-ultra-moon",
                "url": "/api/v2/version-group/18/"
            }
        },
        {
            "flavor_text": "Ataca rodeando la barrera o el sustituto del rival.",
            "language": {
                "name": "es",
                "url": "/api/v2/language/7/"
            },
            "version_group": {
                "name": "ultra-sun-ultra-moon",
                "url": "/api/v2/version-group/18/"
            }
        },
        {
            "flavor_text": "Attacca evitando le barriere e il sostituto\ndel nemico.",
            "language": {
                "name": "it",
                "url": "/api/v2/language/8/"
            },
            "version_group": {
                "name": "ultra-sun-ultra-moon",
                "url": "/api/v2/version-group/18/"
            }
        },
        {
            "flavor_text": "Passes through the opposing Pok\u00e9mon\u2019s barrier,\nsubstitute, and the like and strikes.",
            "language": {
                "name": "en",
                "url": "/api/v2/language/9/"
            },
            "version_group": {
                "name": "ultra-sun-ultra-moon",
                "url": "/api/v2/version-group/18/"
            }
        },
        {
            "flavor_text": "\u76f8\u624b\u306e\u3000\u58c1\u3084\u3000\u8eab\u4ee3\u308f\u308a\u3092\n\u3059\u308a\u306c\u3051\u3066\u3000\u653b\u6483\u3000\u3067\u304d\u308b",
            "language": {
                "name": "ja",
                "url": "/api/v2/language/11/"
            },
            "version_group": {
                "name": "ultra-sun-ultra-moon",
                "url": "/api/v2/version-group/18/"
            }
        },
        {
            "flavor_text": "\u53ef\u4ee5\u7a7f\u900f\u5bf9\u624b\u7684\u58c1\u969c\n\u6216\u66ff\u8eab\u8fdb\u884c\u653b\u51fb\u3002",
            "language": {
                "name": "zh-Hans",
                "url": "/api/v2/language/12/"
            },
            "version_group": {
                "name": "ultra-sun-ultra-moon",
                "url": "/api/v2/version-group/18/"
            }
        },
        {
            "flavor_text": "\u3042\u3044\u3066\u306e\u3000\u304b\u3079\u3084\u3000\u307f\u304c\u308f\u308a\u3092\n\u3059\u308a\u306c\u3051\u3066\u3000\u3053\u3046\u3052\u304d\u3000\u3067\u304d\u308b",
            "language": {
                "name": "ja-Hrkt",
                "url": "/api/v2/language/1/"
            },
            "version_group": {
                "name": "lets-go-pikachu-lets-go-eevee",
                "url": "/api/v2/version-group/19/"
            }
        },
        {
            "flavor_text": "\uc0c1\ub300\uc758 \ubcbd\uc774\ub098 \ub300\ud0c0\ucd9c\ub3d9\uc744\n\ub6ab\uace0 \uacf5\uaca9\ud560 \uc218 \uc788\ub2e4.",
            "language": {
                "name": "ko",
                "url": "/api/v2/language/3/"
            },
            "version_group": {
                "name": "lets-go-pikachu-lets-go-eevee",
                "url": "/api/v2/version-group/19/"
            }
        },
        {
            "flavor_text": "\u53ef\u7a7f\u900f\u5c0d\u624b\u7684\u5c4f\u969c\n\u6216\u66ff\u8eab\u9032\u884c\u653b\u64ca\u3002",
            "language": {
                "name": "zh-Hant",
                "url": "/api/v2/language/4/"
            },
            "version_group": {
                "name": "lets-go-pikachu-lets-go-eevee",
                "url": "/api/v2/version-group/19/"
            }
        },
        {
            "flavor_text": "Traverse les barri\u00e8res et les clones de l\u2019ennemi\npour attaquer directement.",
            "language": {
                "name": "fr",
                "url": "/api/v2/language/5/"
            },
            "version_group": {
                "name": "lets-go-pikachu-lets-go-eevee",
                "url": "/api/v2/version-group/19/"
            }
        },
        {
            "flavor_text": "\u00dcberwindet gegnerische Schilde sowie Delegatoren\nund greift an.",
            "language": {
                "name": "de",
                "url": "/api/v2/language/6/"
            },
            "version_group": {
                "name": "lets-go-pikachu-lets-go-eevee",
                "url": "/api/v2/version-group/19/"
            }
        },
        {
            "flavor_text": "Ataca rodeando la barrera o el sustituto del rival.",
            "language": {
                "name": "es",
                "url": "/api/v2/language/7/"
            },
            "version_group": {
                "name": "lets-go-pikachu-lets-go-eevee",
                "url": "/api/v2/version-group/19/"
            }
        },
        {
            "flavor_text": "Attacca evitando le barriere e il sostituto\ndel nemico.",
            "language": {
                "name": "it",
                "url": "/api/v2/language/8/"
            },
            "version_group": {
                "name": "lets-go-pikachu-lets-go-eevee",
                "url": "/api/v2/version-group/19/"
            }
        },
        {
            "flavor_text": "Passes through the opposing Pok\u00e9mon\u2019s barrier,\nsubstitute, and the like and strikes.",
            "language": {
                "name": "en",
                "url": "/api/v2/language/9/"
            },
            "version_group": {
                "name": "lets-go-pikachu-lets-go-eevee",
                "url": "/api/v2/version-group/19/"
            }
        },
        {
            "flavor_text": "\u76f8\u624b\u306e\u3000\u58c1\u3084\u3000\u8eab\u4ee3\u308f\u308a\u3092\n\u3059\u308a\u306c\u3051\u3066\u3000\u653b\u6483\u3000\u3067\u304d\u308b",
            "language": {
                "name": "ja",
                "url": "/api/v2/language/11/"
            },
            "version_group": {
                "name": "lets-go-pikachu-lets-go-eevee",
                "url": "/api/v2/version-group/19/"
            }
        },
        {
            "flavor_text": "\u53ef\u4ee5\u7a7f\u900f\u5bf9\u624b\u7684\u58c1\u969c\n\u6216\u66ff\u8eab\u8fdb\u884c\u653b\u51fb\u3002",
            "language": {
                "name": "zh-Hans",
                "url": "/api/v2/language/12/"
            },
            "version_group": {
                "name": "lets-go-pikachu-lets-go-eevee",
                "url": "/api/v2/version-group/19/"
            }
        },
        {
            "flavor_text": "\u3042\u3044\u3066\u306e\u3000\u304b\u3079\u3084\u3000\u307f\u304c\u308f\u308a\u3092\n\u3059\u308a\u306c\u3051\u3066\u3000\u3053\u3046\u3052\u304d\u3000\u3067\u304d\u308b",
            "language": {
                "name": "ja-Hrkt",
                "url": "/api/v2/language/1/"
            },
            "version_group": {
                "name": "sword-shield",
                "url": "/api/v2/version-group/20/"
            }
        },
        {
            "flavor_text": "\uc0c1\ub300\uc758 \ubcbd\uc774\ub098 \ub300\ud0c0\ucd9c\ub3d9\uc744\n\ub6ab\uace0 \uacf5\uaca9\ud560 \uc218 \uc788\ub2e4.",
            "language": {
                "name": "ko",
                "url": "/api/v2/language/3/"
            },
            "version_group": {
                "name": "sword-shield",
                "url": "/api/v2/version-group/20/"
            }
        },
        {
            "flavor_text": "\u53ef\u7a7f\u900f\u5c0d\u624b\u7684\u5c4f\u969c\n\u6216\u66ff\u8eab\u9032\u884c\u653b\u64ca\u3002",
            "language": {
                "name": "zh-Hant",
                "url": "/api/v2/language/4/"
            },
            "version_group": {
                "name": "sword-shield",
                "url": "/api/v2/version-group/20/"
            }
        },
        {
            "flavor_text": "Traverse les barri\u00e8res et les clones de l\u2019ennemi\npour attaquer directement.",
            "language": {
                "name": "fr",
                "url": "/api/v2/language/5/"
            },
            "version_group": {
                "name": "sword-shield",
                "url": "/api/v2/version-group/20/"
            }
        },
        {
            "flavor_text": "\u00dcberwindet gegnerische Schilde sowie Delegatoren\nund greift an.",
            "language": {
                "name": "de",
                "url": "/api/v2/language/6/"
            },
            "version_group": {
                "name": "sword-shield",
                "url": "/api/v2/version-group/20/"
            }
        },
        {
            "flavor_text": "Ataca sorteando la barrera o el sustituto del rival.",
            "language": {
                "name": "es",
                "url": "/api/v2/language/7/"
            },
            "version_group": {
                "name": "sword-shield",
                "url": "/api/v2/version-group/20/"
            }
        },
        {
            "flavor_text": "Il Pok\u00e9mon attacca evitando le barriere e il sostituto\ndel nemico.",
            "language": {
                "name": "it",
                "url": "/api/v2/language/8/"
            },
            "version_group": {
                "name": "sword-shield",
                "url": "/api/v2/version-group/20/"
            }
        },
        {
            "flavor_text": "Passes through the opposing Pok\u00e9mon\u2019s barrier,\nsubstitute, and the like and strikes.",
            "language": {
                "name": "en",
                "url": "/api/v2/language/9/"
            },
            "version_group": {
                "name": "sword-shield",
                "url": "/api/v2/version-group/20/"
            }
        },
        {
            "flavor_text": "\u76f8\u624b\u306e\u3000\u58c1\u3084\u3000\u8eab\u4ee3\u308f\u308a\u3092\n\u3059\u308a\u306c\u3051\u3066\u3000\u653b\u6483\u3000\u3067\u304d\u308b",
            "language": {
                "name": "ja",
                "url": "/api/v2/language/11/"
            },
            "version_group": {
                "name": "sword-shield",
                "url": "/api/v2/version-group/20/"
            }
        },
        {
            "flavor_text": "\u53ef\u4ee5\u7a7f\u900f\u5bf9\u624b\u7684\u58c1\u969c\n\u6216\u66ff\u8eab\u8fdb\u884c\u653b\u51fb\u3002",
            "language": {
                "name": "zh-Hans",
                "url": "/api/v2/language/12/"
            },
            "version_group": {
                "name": "sword-shield",
                "url": "/api/v2/version-group/20/"
            }
        }
    ],
    "generation": {
        "name": "generation-v",
        "url": "/api/v2/generation/5/"
    },
    "id": 151,
    "is_main_series": true,
    "name": "infiltrator",
    "names": [
        {
            "language": {
                "name": "ja-Hrkt",
                "url": "/api/v2/language/1/"
            },
            "name": "\u3059\u308a\u306c\u3051"
        },
        {
            "language": {
                "name": "ko",
                "url": "/api/v2/language/3/"
            },
            "name": "\ud2c8\uc0c8\ud3ec\ucc29"
        },
        {
            "language": {
                "name": "zh-Hant",
                "url": "/api/v2/language/4/"
            },
            "name": "\u7a7f\u900f"
        },
        {
            "language": {
                "name": "fr",
                "url": "/api/v2/language/5/"
            },
            "name": "Infiltration"
        },
        {
            "language": {
                "name": "de",
                "url": "/api/v2/language/6/"
            },
            "name": "Schwebedurch"
        },
        {
            "language": {
                "name": "es",
                "url": "/api/v2/language/7/"
            },
            "name": "Allanamiento"
        },
        {
            "language": {
                "name": "it",
                "url": "/api/v2/language/8/"
            },
            "name": "Intrapasso"
        },
        {
            "language": {
                "name": "en",
                "url": "/api/v2/language/9/"
            },
            "name": "Infiltrator"
        },
        {
            "language": {
                "name": "ja",
                "url": "/api/v2/language/11/"
            },
            "name": "\u3059\u308a\u306c\u3051"
        },
        {
            "language": {
                "name": "zh-Hans",
                "url": "/api/v2/language/12/"
            },
            "name": "\u7a7f\u900f"
        }
    ],
    "pokemon": [
        {
            "is_hidden": true,
            "pokemon": {
                "name": "zubat",
                "url": "/api/v2/pokemon/41/"
            },
            "slot": 3
        },
        {
            "is_hidden": true,
            "pokemon": {
                "name": "golbat",
                "url": "/api/v2/pokemon/42/"
            },
            "slot": 3
        },
        {
            "is_hidden": true,
            "pokemon": {
                "name": "crobat",
                "url": "/api/v2/pokemon/169/"
            },
            "slot": 3
        },
        {
            "is_hidden": true,
            "pokemon": {
                "name": "hoppip",
                "url": "/api/v2/pokemon/187/"
            },
            "slot": 3
        },
        {
            "is_hidden": true,
            "pokemon": {
                "name": "skiploom",
                "url": "/api/v2/pokemon/188/"
            },
            "slot": 3
        },
        {
            "is_hidden": true,
            "pokemon": {
                "name": "jumpluff",
                "url": "/api/v2/pokemon/189/"
            },
            "slot": 3
        },
        {
            "is_hidden": true,
            "pokemon": {
                "name": "ninjask",
                "url": "/api/v2/pokemon/291/"
            },
            "slot": 3
        },
        {
            "is_hidden": true,
            "pokemon": {
                "name": "seviper",
                "url": "/api/v2/pokemon/336/"
            },
            "slot": 3
        },
        {
            "is_hidden": true,
            "pokemon": {
                "name": "spiritomb",
                "url": "/api/v2/pokemon/442/"
            },
            "slot": 3
        },
        {
            "is_hidden": false,
            "pokemon": {
                "name": "cottonee",
                "url": "/api/v2/pokemon/546/"
            },
            "slot": 2
        },
        {
            "is_hidden": false,
            "pokemon": {
                "name": "whimsicott",
                "url": "/api/v2/pokemon/547/"
            },
            "slot": 2
        },
        {
            "is_hidden": true,
            "pokemon": {
                "name": "litwick",
                "url": "/api/v2/pokemon/607/"
            },
            "slot": 3
        },
        {
            "is_hidden": true,
            "pokemon": {
                "name": "lampent",
                "url": "/api/v2/pokemon/608/"
            },
            "slot": 3
        },
        {
            "is_hidden": true,
            "pokemon": {
                "name": "chandelure",
                "url": "/api/v2/pokemon/609/"
            },
            "slot": 3
        },
        {
            "is_hidden": false,
            "pokemon": {
                "name": "espurr",
                "url": "/api/v2/pokemon/677/"
            },
            "slot": 2
        },
        {
            "is_hidden": false,
            "pokemon": {
                "name": "meowstic-male",
                "url": "/api/v2/pokemon/678/"
            },
            "slot": 2
        },
        {
            "is_hidden": true,
            "pokemon": {
                "name": "inkay",
                "url": "/api/v2/pokemon/686/"
            },
            "slot": 3
        },
        {
            "is_hidden": true,
            "pokemon": {
                "name": "malamar",
                "url": "/api/v2/pokemon/687/"
            },
            "slot": 3
        },
        {
            "is_hidden": false,
            "pokemon": {
                "name": "noibat",
                "url": "/api/v2/pokemon/714/"
            },
            "slot": 2
        },
        {
            "is_hidden": false,
            "pokemon": {
                "name": "noivern",
                "url": "/api/v2/pokemon/715/"
            },
            "slot": 2
        },
        {
            "is_hidden": false,
            "pokemon": {
                "name": "dreepy",
                "url": "/api/v2/pokemon/885/"
            },
            "slot": 2
        },
        {
            "is_hidden": false,
            "pokemon": {
                "name": "drakloak",
                "url": "/api/v2/pokemon/886/"
            },
            "slot": 2
        },
        {
            "is_hidden": false,
            "pokemon": {
                "name": "dragapult",
                "url": "/api/v2/pokemon/887/"
            },
            "slot": 2
        },
        {
            "is_hidden": true,
            "pokemon": {
                "name": "bramblin",
                "url": "/api/v2/pokemon/946/"
            },
            "slot": 3
        },
        {
            "is_hidden": true,
            "pokemon": {
                "name": "brambleghast",
                "url": "/api/v2/pokemon/947/"
            },
            "slot": 3
        },
        {
            "is_hidden": false,
            "pokemon": {
                "name": "meowstic-female",
                "url": "/api/v2/pokemon/10025/"
            },
            "slot": 2
        }
    ]
}