{
    "effect_changes": [],
    "effect_entries": [],
    "flavor_text_entries": [],
    "generation": {
        "name": "generation-ix",
        "url": "/api/v2/generation/9/"
    },
    "id": 293,
    "is_main_series": true,
    "name": "supreme-overlord",
    "names": [
        {
            "language": {
                "name": "ja-Hrkt",
                "url": "/api/v2/language/1/"
            },
            "name": "\u305d\u3046\u3060\u3044\u3057\u3087\u3046"
        },
        {
            "language": {
                "name": "fr",
                "url": "/api/v2/language/5/"
            },
            "name": "G\u00e9n\u00e9ral Supr\u00eame"
        },
        {
            "language": {
                "name": "de",
                "url": "/api/v2/language/6/"
            },
            "name": "Feldherr"
        },
        {
            "language": {
                "name": "es",
                "url": "/api/v2/language/7/"
            },
            "name": "General Supremo"
        },
        {
            "language": {
                "name": "it",
                "url": "/api/v2/language/8/"
            },
            "name": "Generale Supremo"
        },
        {
            "language": {
                "name": "en",
                "url": "/api/v2/language/9/"
            },
            "name": "Supreme Overlord"
        },
        {
            "language": {
                "name": "ja",
                "url": "/api/v2/language/11/"
            },
            "name": "\u305d\u3046\u3060\u3044\u3057\u3087\u3046"
        }
    ],
    "pokemon": [
        {
            "is_hidden": false,
            "pokemon": {
                "name": "kingambit",
                "url": "/api/v2/pokemon/983/"
            },
            "slot": 2
        }
    ]
}