{
    "effect_changes": [],
    "effect_entries": [
        {
            "effect": "Pok\u00e9mon mit dieser F\u00e4higkeit ignorieren die stat modifier der Gegner bei der Berechnung des Schadens und der accuracy.\n\nDies beeinflusst effektiv alle \u00c4nderungen der Statuswerte au\u00dfer speed.\n\nDie St\u00e4rke von punishment und stored power wird normal berechnet. Wenn sich das Pok\u00e9mon wegen confusion selbst verletzt, beeinflussen die stat modifier den Schaden wie sonst auch.",
            "language": {
                "name": "de",
                "url": "/api/v2/language/6/"
            },
            "short_effect": "Ignoriert die stat modifier der Pok\u00e9mon bei der Schadens- und Genauigkeitsberechnung."
        },
        {
            "effect": "This Pok\u00e9mon ignores other Pok\u00e9mon's stat modifiers for the purposes of damage and accuracy calculation.\n\nEffectively, this affects modifiers of every stat except Speed.\n\nThe power of punishment and stored power is calculated as usual.  When this Pok\u00e9mon hurts itself in confusion, its stat modifiers affect damage as usual.",
            "language": {
                "name": "en",
                "url": "/api/v2/language/9/"
            },
            "short_effect": "Ignores other Pok\u00e9mon's stat modifiers for damage and accuracy calculation."
        }
    ],
    "flavor_text_entries": [
        {
            "flavor_text": "Ignores any change in\nability by the foe.",
            "language": {
                "name": "en",
                "url": "/api/v2/language/9/"
            },
            "version_group": {
                "name": "diamond-pearl",
                "url": "/api/v2/version-group/8/"
            }
        },
        {
            "flavor_text": "Ignores any change in\nability by the foe.",
            "language": {
                "name": "en",
                "url": "/api/v2/language/9/"
            },
            "version_group": {
                "name": "platinum",
                "url": "/api/v2/version-group/9/"
            }
        },
        {
            "flavor_text": "Ignores any change in\nability by the foe.",
            "language": {
                "name": "en",
                "url": "/api/v2/language/9/"
            },
            "version_group": {
                "name": "heartgold-soulsilver",
                "url": "/api/v2/version-group/10/"
            }
        },
        {
            "flavor_text": "Ignore les changements de\nstats de l\u2019ennemi.",
            "language": {
                "name": "fr",
                "url": "/api/v2/language/5/"
            },
            "version_group": {
                "name": "black-white",
                "url": "/api/v2/version-group/11/"
            }
        },
        {
            "flavor_text": "Ignores any stat changes\nin the Pok\u00e9mon.",
            "language": {
                "name": "en",
                "url": "/api/v2/language/9/"
            },
            "version_group": {
                "name": "black-white",
                "url": "/api/v2/version-group/11/"
            }
        },
        {
            "flavor_text": "Ignores any stat changes\nin the Pok\u00e9mon.",
            "language": {
                "name": "en",
                "url": "/api/v2/language/9/"
            },
            "version_group": {
                "name": "black-2-white-2",
                "url": "/api/v2/version-group/14/"
            }
        },
        {
            "flavor_text": "\u3042\u3044\u3066\u306e\u3000\u306e\u3046\u308a\u3087\u304f\u306e\n\u3078\u3093\u304b\u3092\u3000\u3080\u3057\u3059\u308b\u3002",
            "language": {
                "name": "ja-Hrkt",
                "url": "/api/v2/language/1/"
            },
            "version_group": {
                "name": "x-y",
                "url": "/api/v2/version-group/15/"
            }
        },
        {
            "flavor_text": "\uc0c1\ub300\uc758 \ub2a5\ub825\n\ubcc0\ud654\ub97c \ubb34\uc2dc\ud55c\ub2e4.",
            "language": {
                "name": "ko",
                "url": "/api/v2/language/3/"
            },
            "version_group": {
                "name": "x-y",
                "url": "/api/v2/version-group/15/"
            }
        },
        {
            "flavor_text": "Ignore les changements de stats\nde l\u2019ennemi.",
            "language": {
                "name": "fr",
                "url": "/api/v2/language/5/"
            },
            "version_group": {
                "name": "x-y",
                "url": "/api/v2/version-group/15/"
            }
        },
        {
            "flavor_text": "Ignoriert Statusver\u00e4nderungen\ndes Zieles.",
            "language": {
                "name": "de",
                "url": "/api/v2/language/6/"
            },
            "version_group": {
                "name": "x-y",
                "url": "/api/v2/version-group/15/"
            }
        },
        {
            "flavor_text": "No tiene en cuenta las mejoras\nen las caracter\u00edsticas del rival.",
            "language": {
                "name": "es",
                "url": "/api/v2/language/7/"
            },
            "version_group": {
                "name": "x-y",
                "url": "/api/v2/version-group/15/"
            }
        },
        {
            "flavor_text": "Ignora le modifiche alle\nstatistiche del nemico.",
            "language": {
                "name": "it",
                "url": "/api/v2/language/8/"
            },
            "version_group": {
                "name": "x-y",
                "url": "/api/v2/version-group/15/"
            }
        },
        {
            "flavor_text": "Ignores the opposing\nPok\u00e9mon\u2019s stat changes.",
            "language": {
                "name": "en",
                "url": "/api/v2/language/9/"
            },
            "version_group": {
                "name": "x-y",
                "url": "/api/v2/version-group/15/"
            }
        },
        {
            "flavor_text": "\u76f8\u624b\u306e\u3000\u80fd\u529b\u306e\n\u5909\u5316\u3092\u3000\u7121\u8996\u3059\u308b\u3002",
            "language": {
                "name": "ja",
                "url": "/api/v2/language/11/"
            },
            "version_group": {
                "name": "x-y",
                "url": "/api/v2/version-group/15/"
            }
        },
        {
            "flavor_text": "\u3042\u3044\u3066\u306e\u3000\u306e\u3046\u308a\u3087\u304f\u306e\n\u3078\u3093\u304b\u3092\u3000\u3080\u3057\u3059\u308b\u3002",
            "language": {
                "name": "ja-Hrkt",
                "url": "/api/v2/language/1/"
            },
            "version_group": {
                "name": "omega-ruby-alpha-sapphire",
                "url": "/api/v2/version-group/16/"
            }
        },
        {
            "flavor_text": "\uc0c1\ub300\uc758 \ub2a5\ub825\n\ubcc0\ud654\ub97c \ubb34\uc2dc\ud55c\ub2e4.",
            "language": {
                "name": "ko",
                "url": "/api/v2/language/3/"
            },
            "version_group": {
                "name": "omega-ruby-alpha-sapphire",
                "url": "/api/v2/version-group/16/"
            }
        },
        {
            "flavor_text": "Ignore les changements de stats\nde l\u2019ennemi.",
            "language": {
                "name": "fr",
                "url": "/api/v2/language/5/"
            },
            "version_group": {
                "name": "omega-ruby-alpha-sapphire",
                "url": "/api/v2/version-group/16/"
            }
        },
        {
            "flavor_text": "Ignoriert Statusver\u00e4nderungen\ndes Zieles.",
            "language": {
                "name": "de",
                "url": "/api/v2/language/6/"
            },
            "version_group": {
                "name": "omega-ruby-alpha-sapphire",
                "url": "/api/v2/version-group/16/"
            }
        },
        {
            "flavor_text": "No tiene en cuenta las mejoras\nen las caracter\u00edsticas del rival.",
            "language": {
                "name": "es",
                "url": "/api/v2/language/7/"
            },
            "version_group": {
                "name": "omega-ruby-alpha-sapphire",
                "url": "/api/v2/version-group/16/"
            }
        },
        {
            "flavor_text": "Ignora le modifiche alle\nstatistiche del nemico.",
            "language": {
                "name": "it",
                "url": "/api/v2/language/8/"
            },
            "version_group": {
                "name": "omega-ruby-alpha-sapphire",
                "url": "/api/v2/version-group/16/"
            }
        },
        {
            "flavor_text": "Ignores the opposing\nPok\u00e9mon\u2019s stat changes.",
            "language": {
                "name": "en",
                "url": "/api/v2/language/9/"
            },
            "version_group": {
                "name": "omega-ruby-alpha-sapphire",
                "url": "/api/v2/version-group/16/"
            }
        },
        {
            "flavor_text": "\u76f8\u624b\u306e\u3000\u80fd\u529b\u306e\n\u5909\u5316\u3092\u3000\u7121\u8996\u3059\u308b\u3002",
            "language": {
                "name": "ja",
                "url": "/api/v2/language/11/"
            },
            "version_group": {
                "name": "omega-ruby-alpha-sapphire",
                "url": "/api/v2/version-group/16/"
            }
        },
        {
            "flavor_text": "\u3042\u3044\u3066\u306e\u3000\u306e\u3046\u308a\u3087\u304f\u306e\u3000\u3078\u3093\u304b\u3092\n\u3080\u3057\u3057\u3066\u3000\u3053\u3046\u3052\u304d\u304c\u3000\u3067\u304d\u308b\u3002",
            "language": {
                "name": "ja-Hrkt",
                "url": "/api/v2/language/1/"
            },
            "version_group": {
                "name": "sun-moon",
                "url": "/api/v2/version-group/17/"
            }
        },
        {
            "flavor_text": "\uc0c1\ub300\uc758 \ub2a5\ub825 \ubcc0\ud654\ub97c\n\ubb34\uc2dc\ud558\uace0 \uacf5\uaca9\ud560 \uc218 \uc788\ub2e4.",
            "language": {
                "name": "ko",
                "url": "/api/v2/language/3/"
            },
            "version_group": {
                "name": "sun-moon",
                "url": "/api/v2/version-group/17/"
            }
        },
        {
            "flavor_text": "\u53ef\u7121\u8996\u5c0d\u624b\u80fd\u529b\u7684\u8b8a\u5316\uff0c\n\u9032\u884c\u653b\u64ca\u3002",
            "language": {
                "name": "zh-Hant",
                "url": "/api/v2/language/4/"
            },
            "version_group": {
                "name": "sun-moon",
                "url": "/api/v2/version-group/17/"
            }
        },
        {
            "flavor_text": "Quand il attaque, le Pok\u00e9mon ignore les changements\nde stats de l\u2019ennemi.",
            "language": {
                "name": "fr",
                "url": "/api/v2/language/5/"
            },
            "version_group": {
                "name": "sun-moon",
                "url": "/api/v2/version-group/17/"
            }
        },
        {
            "flavor_text": "Greift das Pok\u00e9mon an, ignoriert es s\u00e4mtliche\nStatusver\u00e4nderungen des Zieles.",
            "language": {
                "name": "de",
                "url": "/api/v2/language/6/"
            },
            "version_group": {
                "name": "sun-moon",
                "url": "/api/v2/version-group/17/"
            }
        },
        {
            "flavor_text": "Pasa por alto las mejoras en las caracter\u00edsticas del\nrival al atacar.",
            "language": {
                "name": "es",
                "url": "/api/v2/language/7/"
            },
            "version_group": {
                "name": "sun-moon",
                "url": "/api/v2/version-group/17/"
            }
        },
        {
            "flavor_text": "Quando il Pok\u00e9mon attacca, ignora le modifiche\nalle statistiche del nemico.",
            "language": {
                "name": "it",
                "url": "/api/v2/language/8/"
            },
            "version_group": {
                "name": "sun-moon",
                "url": "/api/v2/version-group/17/"
            }
        },
        {
            "flavor_text": "When attacking, the Pok\u00e9mon ignores the target\nPok\u00e9mon\u2019s stat changes.",
            "language": {
                "name": "en",
                "url": "/api/v2/language/9/"
            },
            "version_group": {
                "name": "sun-moon",
                "url": "/api/v2/version-group/17/"
            }
        },
        {
            "flavor_text": "\u76f8\u624b\u306e\u3000\u80fd\u529b\u306e\u3000\u5909\u5316\u3092\n\u7121\u8996\u3057\u3066\u3000\u653b\u6483\u304c\u3000\u3067\u304d\u308b\u3002",
            "language": {
                "name": "ja",
                "url": "/api/v2/language/11/"
            },
            "version_group": {
                "name": "sun-moon",
                "url": "/api/v2/version-group/17/"
            }
        },
        {
            "flavor_text": "\u53ef\u4ee5\u65e0\u89c6\u5bf9\u624b\u80fd\u529b\u7684\u53d8\u5316\uff0c\n\u8fdb\u884c\u653b\u51fb\u3002",
            "language": {
                "name": "zh-Hans",
                "url": "/api/v2/language/12/"
            },
            "version_group": {
                "name": "sun-moon",
                "url": "/api/v2/version-group/17/"
            }
        },
        {
            "flavor_text": "\u3042\u3044\u3066\u306e\u3000\u306e\u3046\u308a\u3087\u304f\u306e\u3000\u3078\u3093\u304b\u3092\n\u3080\u3057\u3057\u3066\u3000\u3053\u3046\u3052\u304d\u304c\u3000\u3067\u304d\u308b\u3002",
            "language": {
                "name": "ja-Hrkt",
                "url": "/api/v2/language/1/"
            },
            "version_group": {
                "name": "ultra-sun-ultra-moon",
                "url": "/api/v2/version-group/18/"
            }
        },
        {
            "flavor_text": "\uc0c1\ub300\uc758 \ub2a5\ub825 \ubcc0\ud654\ub97c\n\ubb34\uc2dc\ud558\uace0 \uacf5\uaca9\ud560 \uc218 \uc788\ub2e4.",
            "language": {
                "name": "ko",
                "url": "/api/v2/language/3/"
            },
            "version_group": {
                "name": "ultra-sun-ultra-moon",
                "url": "/api/v2/version-group/18/"
            }
        },
        {
            "flavor_text": "\u53ef\u7121\u8996\u5c0d\u624b\u80fd\u529b\u7684\u8b8a\u5316\uff0c\n\u9032\u884c\u653b\u64ca\u3002",
            "language": {
                "name": "zh-Hant",
                "url": "/api/v2/language/4/"
            },
            "version_group": {
                "name": "ultra-sun-ultra-moon",
                "url": "/api/v2/version-group/18/"
            }
        },
        {
            "flavor_text": "Quand il attaque, le Pok\u00e9mon ignore les changements\nde stats de l\u2019ennemi.",
            "language": {
                "name": "fr",
                "url": "/api/v2/language/5/"
            },
            "version_group": {
                "name": "ultra-sun-ultra-moon",
                "url": "/api/v2/version-group/18/"
            }
        },
        {
            "flavor_text": "Greift das Pok\u00e9mon an, ignoriert es s\u00e4mtliche\nStatusver\u00e4nderungen des Zieles.",
            "language": {
                "name": "de",
                "url": "/api/v2/language/6/"
            },
            "version_group": {
                "name": "ultra-sun-ultra-moon",
                "url": "/api/v2/version-group/18/"
            }
        },
        {
            "flavor_text": "Pasa por alto las mejoras en las caracter\u00edsticas del\nrival al atacar.",
            "language": {
                "name": "es",
                "url": "/api/v2/language/7/"
            },
            "version_group": {
                "name": "ultra-sun-ultra-moon",
                "url": "/api/v2/version-group/18/"
            }
        },
        {
            "flavor_text": "Quando il Pok\u00e9mon attacca, ignora le modifiche\nalle statistiche del nemico.",
            "language": {
                "name": "it",
                "url": "/api/v2/language/8/"
            },
            "version_group": {
                "name": "ultra-sun-ultra-moon",
                "url": "/api/v2/version-group/18/"
            }
        },
        {
            "flavor_text": "When attacking, the Pok\u00e9mon ignores the target\nPok\u00e9mon\u2019s stat changes.",
            "language": {
                "name": "en",
                "url": "/api/v2/language/9/"
            },
            "version_group": {
                "name": "ultra-sun-ultra-moon",
                "url": "/api/v2/version-group/18/"
            }
        },
        {
            "flavor_text": "\u76f8\u624b\u306e\u3000\u80fd\u529b\u306e\u3000\u5909\u5316\u3092\n\u7121\u8996\u3057\u3066\u3000\u653b\u6483\u304c\u3000\u3067\u304d\u308b\u3002",
            "language": {
                "name": "ja",
                "url": "/api/v2/language/11/"
            },
            "version_group": {
                "name": "ultra-sun-ultra-moon",
                "url": "/api/v2/version-group/18/"
            }
        },
        {
            "flavor_text": "\u53ef\u4ee5\u65e0\u89c6\u5bf9\u624b\u80fd\u529b\u7684\u53d8\u5316\uff0c\n\u8fdb\u884c\u653b\u51fb\u3002",
            "language": {
                "name": "zh-Hans",
                "url": "/api/v2/language/12/"
            },
            "version_group": {
                "name": "ultra-sun-ultra-moon",
                "url": "/api/v2/version-group/18/"
            }
        },
        {
            "flavor_text": "\u3042\u3044\u3066\u306e\u3000\u306e\u3046\u308a\u3087\u304f\u306e\u3000\u3078\u3093\u304b\u3092\n\u3080\u3057\u3057\u3066\u3000\u3053\u3046\u3052\u304d\u304c\u3000\u3067\u304d\u308b\u3002",
            "language": {
                "name": "ja-Hrkt",
                "url": "/api/v2/language/1/"
            },
            "version_group": {
                "name": "lets-go-pikachu-lets-go-eevee",
                "url": "/api/v2/version-group/19/"
            }
        },
        {
            "flavor_text": "\uc0c1\ub300\uc758 \ub2a5\ub825 \ubcc0\ud654\ub97c\n\ubb34\uc2dc\ud558\uace0 \uacf5\uaca9\ud560 \uc218 \uc788\ub2e4.",
            "language": {
                "name": "ko",
                "url": "/api/v2/language/3/"
            },
            "version_group": {
                "name": "lets-go-pikachu-lets-go-eevee",
                "url": "/api/v2/version-group/19/"
            }
        },
        {
            "flavor_text": "\u53ef\u7121\u8996\u5c0d\u624b\u80fd\u529b\u7684\u8b8a\u5316\uff0c\n\u9032\u884c\u653b\u64ca\u3002",
            "language": {
                "name": "zh-Hant",
                "url": "/api/v2/language/4/"
            },
            "version_group": {
                "name": "lets-go-pikachu-lets-go-eevee",
                "url": "/api/v2/version-group/19/"
            }
        },
        {
            "flavor_text": "Quand il attaque, le Pok\u00e9mon ignore les changements\nde stats de l\u2019ennemi.",
            "language": {
                "name": "fr",
                "url": "/api/v2/language/5/"
            },
            "version_group": {
                "name": "lets-go-pikachu-lets-go-eevee",
                "url": "/api/v2/version-group/19/"
            }
        },
        {
            "flavor_text": "Greift das Pok\u00e9mon an, ignoriert es s\u00e4mtliche\nStatusver\u00e4nderungen des Zieles.",
            "language": {
                "name": "de",
                "url": "/api/v2/language/6/"
            },
            "version_group": {
                "name": "lets-go-pikachu-lets-go-eevee",
                "url": "/api/v2/version-group/19/"
            }
        },
        {
            "flavor_text": "Pasa por alto las mejoras en las caracter\u00edsticas del\nrival al atacar.",
            "language": {
                "name": "es",
                "url": "/api/v2/language/7/"
            },
            "version_group": {
                "name": "lets-go-pikachu-lets-go-eevee",
                "url": "/api/v2/version-group/19/"
            }
        },
        {
            "flavor_text": "Quando il Pok\u00e9mon attacca, ignora le modifiche\nalle statistiche del nemico.",
            "language": {
                "name": "it",
                "url": "/api/v2/language/8/"
            },
            "version_group": {
                "name": "lets-go-pikachu-lets-go-eevee",
                "url": "/api/v2/version-group/19/"
            }
        },
        {
            "flavor_text": "When attacking, the Pok\u00e9mon ignores the target\nPok\u00e9mon\u2019s stat changes.",
            "language": {
                "name": "en",
                "url": "/api/v2/language/9/"
            },
            "version_group": {
                "name": "lets-go-pikachu-lets-go-eevee",
                "url": "/api/v2/version-group/19/"
            }
        },
        {
            "flavor_text": "\u76f8\u624b\u306e\u3000\u80fd\u529b\u306e\u3000\u5909\u5316\u3092\n\u7121\u8996\u3057\u3066\u3000\u653b\u6483\u304c\u3000\u3067\u304d\u308b\u3002",
            "language": {
                "name": "ja",
                "url": "/api/v2/language/11/"
            },
            "version_group": {
                "name": "lets-go-pikachu-lets-go-eevee",
                "url": "/api/v2/version-group/19/"
            }
        },
        {
            "flavor_text": "\u53ef\u4ee5\u65e0\u89c6\u5bf9\u624b\u80fd\u529b\u7684\u53d8\u5316\uff0c\n\u8fdb\u884c\u653b\u51fb\u3002",
            "language": {
                "name": "zh-Hans",
                "url": "/api/v2/language/12/"
            },
            "version_group": {
                "name": "lets-go-pikachu-lets-go-eevee",
                "url": "/api/v2/version-group/19/"
            }
        },
        {
            "flavor_text": "\u3042\u3044\u3066\u306e\u3000\u306e\u3046\u308a\u3087\u304f\u306e\u3000\u3078\u3093\u304b\u3092\n\u3080\u3057\u3057\u3066\u3000\u3053\u3046\u3052\u304d\u304c\u3000\u3067\u304d\u308b\u3002",
            "language": {
                "name": "ja-Hrkt",
                "url": "/api/v2/language/1/"
            },
            "version_group": {
                "name": "sword-shield",
                "url": "/api/v2/version-group/20/"
            }
        },
        {
            "flavor_text": "\uc0c1\ub300\uc758 \ub2a5\ub825 \ubcc0\ud654\ub97c\n\ubb34\uc2dc\ud558\uace0 \uacf5\uaca9\ud560 \uc218 \uc788\ub2e4.",
            "language": {
                "name": "ko",
                "url": "/api/v2/language/3/"
            },
            "version_group": {
                "name": "sword-shield",
                "url": "/api/v2/version-group/20/"
            }
        },
        {
            "flavor_text": "\u53ef\u7121\u8996\u5c0d\u624b\u80fd\u529b\u7684\u8b8a\u5316\uff0c\n\u9032\u884c\u653b\u64ca\u3002",
            "language": {
                "name": "zh-Hant",
                "url": "/api/v2/language/4/"
            },
            "version_group": {
                "name": "sword-shield",
                "url": "/api/v2/version-group/20/"
            }
        },
        {
            "flavor_text": "Quand il attaque, le Pok\u00e9mon ignore les changements\nde stats de l\u2019ennemi.",
            "language": {
                "name": "fr",
                "url": "/api/v2/language/5/"
            },
            "version_group": {
                "name": "sword-shield",
                "url": "/api/v2/version-group/20/"
            }
        },
        {
            "flavor_text": "Greift das Pok\u00e9mon an, ignoriert es s\u00e4mtliche\nStatusver\u00e4nderungen des Zieles.",
            "language": {
                "name": "de",
                "url": "/api/v2/language/6/"
            },
            "version_group": {
                "name": "sword-shield",
                "url": "/api/v2/version-group/20/"
            }
        },
        {
            "flavor_text": "Pasa por alto las mejoras en las caracter\u00edsticas del rival\nal atacar.",
            "language": {
                "name": "es",
                "url": "/api/v2/language/7/"
            },
            "version_group": {
                "name": "sword-shield",
                "url": "/api/v2/version-group/20/"
            }
        },
        {
            "flavor_text": "Quando il Pok\u00e9mon attacca, ignora le modifiche\nalle statistiche del nemico.",
            "language": {
                "name": "it",
                "url": "/api/v2/language/8/"
            },
            "version_group": {
                "name": "sword-shield",
                "url": "/api/v2/version-group/20/"
            }
        },
        {
            "flavor_text": "When attacking, the Pok\u00e9mon ignores the target\nPok\u00e9mon\u2019s stat changes.",
            "language": {
                "name": "en",
                "url": "/api/v2/language/9/"
            },
            "version_group": {
                "name": "sword-shield",
                "url": "/api/v2/version-group/20/"
            }
        },
        {
            "flavor_text": "\u76f8\u624b\u306e\u3000\u80fd\u529b\u306e\u3000\u5909\u5316\u3092\n\u7121\u8996\u3057\u3066\u3000\u653b\u6483\u304c\u3000\u3067\u304d\u308b\u3002",
            "language": {
                "name": "ja",
                "url": "/api/v2/language/11/"
            },
            "version_group": {
                "name": "sword-shield",
                "url": "/api/v2/version-group/20/"
            }
        },
        {
            "flavor_text": "\u53ef\u4ee5\u65e0\u89c6\u5bf9\u624b\u80fd\u529b\u7684\u53d8\u5316\uff0c\n\u8fdb\u884c\u653b\u51fb\u3002",
            "language": {
                "name": "zh-Hans",
                "url": "/api/v2/language/12/"
            },
            "version_group": {
                "name": "sword-shield",
                "url": "/api/v2/version-group/20/"
            }
        }
    ],
    "generation": {
        "name": "generation-iv",
        "url": "/api/v2/generation/4/"
    },
    "id": 109,
    "is_main_series": true,
    "name": "unaware",
    "names": [
        {
            "language": {
                "name": "ja-Hrkt",
                "url": "/api/v2/language/1/"
            },
            "name": "\u3066\u3093\u306d\u3093"
        },
        {
            "language": {
                "name": "ko",
                "url": "/api/v2/language/3/"
            },
            "name": "\ucc9c\uc9c4"
        },
        {
            "language": {
                "name": "zh-Hant",
                "url": "/api/v2/language/4/"
            },
            "name": "\u7d14\u6a38"
        },
        {
            "language": {
                "name": "fr",
                "url": "/api/v2/language/5/"
            },
            "name": "Inconscient"
        },
        {
            "language": {
                "name": "de",
                "url": "/api/v2/language/6/"
            },
            "name": "Unkenntnis"
        },
        {
            "language": {
                "name": "es",
                "url": "/api/v2/language/7/"
            },
            "name": "Ignorante"
        },
        {
            "language": {
                "name": "it",
                "url": "/api/v2/language/8/"
            },
            "name": "Imprudenza"
        },
        {
            "language": {
                "name": "en",
                "url": "/api/v2/language/9/"
            },
            "name": "Unaware"
        },
        {
            "language": {
                "name": "ja",
                "url": "/api/v2/language/11/"
            },
            "name": "\u3066\u3093\u306d\u3093"
        },
        {
            "language": {
                "name": "zh-Hans",
                "url": "/api/v2/language/12/"
            },
            "name": "\u7eaf\u6734"
        }
    ],
    "pokemon": [
        {
            "is_hidden": true,
            "pokemon": {
                "name": "clefable",
                "url": "/api/v2/pokemon/36/"
            },
            "slot": 3
        },
        {
            "is_hidden": true,
            "pokemon": {
                "name": "wooper",
                "url": "/api/v2/pokemon/194/"
            },
            "slot": 3
        },
        {
            "is_hidden": true,
            "pokemon": {
                "name": "quagsire",
                "url": "/api/v2/pokemon/195/"
            },
            "slot": 3
        },
        {
            "is_hidden": false,
            "pokemon": {
                "name": "bidoof",
                "url": "/api/v2/pokemon/399/"
            },
            "slot": 2
        },
        {
            "is_hidden": false,
            "pokemon": {
                "name": "bibarel",
                "url": "/api/v2/pokemon/400/"
            },
            "slot": 2
        },
        {
            "is_hidden": false,
            "pokemon": {
                "name": "woobat",
                "url": "/api/v2/pokemon/527/"
            },
            "slot": 1
        },
        {
            "is_hidden": false,
            "pokemon": {
                "name": "swoobat",
                "url": "/api/v2/pokemon/528/"
            },
            "slot": 1
        },
        {
            "is_hidden": true,
            "pokemon": {
                "name": "pyukumuku",
                "url": "/api/v2/pokemon/771/"
            },
            "slot": 3
        },
        {
            "is_hidden": false,
            "pokemon": {
                "name": "cosmog",
                "url": "/api/v2/pokemon/789/"
            },
            "slot": 1
        },
        {
            "is_hidden": true,
            "pokemon": {
                "name": "fuecoco",
                "url": "/api/v2/pokemon/909/"
            },
            "slot": 3
        },
        {
            "is_hidden": true,
            "pokemon": {
                "name": "crocalor",
                "url": "/api/v2/pokemon/910/"
            },
            "slot": 3
        },
        {
            "is_hidden": true,
            "pokemon": {
                "name": "skeledirge",
                "url": "/api/v2/pokemon/911/"
            },
            "slot": 3
        },
        {
            "is_hidden": false,
            "pokemon": {
                "name": "dondozo",
                "url": "/api/v2/pokemon/977/"
            },
            "slot": 1
        },
        {
            "is_hidden": true,
            "pokemon": {
                "name": "clodsire",
                "url": "/api/v2/pokemon/980/"
            },
            "slot": 3
        },
        {
            "is_hidden": true,
            "pokemon": {
                "name": "wooper-paldea",
                "url": "/api/v2/pokemon/10253/"
            },
            "slot": 3
        }
    ]
}