{
    "effect_changes": [],
    "effect_entries": [
        {
            "effect": "Whenever another Pok\u00e9mon uses a dance move, this Pok\u00e9mon will use the same move immediately afterwards.",
            "language": {
                "name": "en",
                "url": "/api/v2/language/9/"
            },
            "short_effect": "Whenever another Pok\u00e9mon uses a dance move, this Pok\u00e9mon will use the same move immediately afterwards."
        }
    ],
    "flavor_text_entries": [
        {
            "flavor_text": "\u3060\u308c\u304b\u304c\u3000\u304a\u3069\u308a\u308f\u3056\u3092\u3000\u3064\u304b\u3046\u3068\n\u3058\u3076\u3093\u3082\u3000\u305d\u308c\u306b\u3000\u3064\u3065\u3044\u3066\n\u304a\u3069\u308a\u308f\u3056\u3092\u3000\u3060\u3059\u3053\u3068\u304c\u3000\u3067\u304d\u308b\u3002",
            "language": {
                "name": "ja-Hrkt",
                "url": "/api/v2/language/1/"
            },
            "version_group": {
                "name": "sun-moon",
                "url": "/api/v2/version-group/17/"
            }
        },
        {
            "flavor_text": "\ub204\uad70\uac00 \ucda4 \uae30\uc220\uc744 \uc4f0\uba74\n\uc790\uc2e0\ub3c4 \uc774\uc5b4\uc11c\n\ucda4 \uae30\uc220\uc744 \uc4f8 \uc218 \uc788\ub2e4.",
            "language": {
                "name": "ko",
                "url": "/api/v2/language/3/"
            },
            "version_group": {
                "name": "sun-moon",
                "url": "/api/v2/version-group/17/"
            }
        },
        {
            "flavor_text": "\u7576\u6709\u8ab0\u4f7f\u51fa\u8df3\u821e\u62db\u5f0f\u6642\uff0c\n\u81ea\u5df1\u4e5f\u80fd\u63a5\u8457\u4f7f\u51fa\u8df3\u821e\u62db\u5f0f\u3002",
            "language": {
                "name": "zh-Hant",
                "url": "/api/v2/language/4/"
            },
            "version_group": {
                "name": "sun-moon",
                "url": "/api/v2/version-group/17/"
            }
        },
        {
            "flavor_text": "Si n\u2019importe quel Pok\u00e9mon utilise une capacit\u00e9\ndansante, ce Pok\u00e9mon peut se mettre aussi\n\u00e0 danser.",
            "language": {
                "name": "fr",
                "url": "/api/v2/language/5/"
            },
            "version_group": {
                "name": "sun-moon",
                "url": "/api/v2/version-group/17/"
            }
        },
        {
            "flavor_text": "Kann direkt im Anschluss an die Tanz-Attacke\neines anderen Pok\u00e9mon ebenfalls eine solche\neinsetzen.",
            "language": {
                "name": "de",
                "url": "/api/v2/language/6/"
            },
            "version_group": {
                "name": "sun-moon",
                "url": "/api/v2/version-group/17/"
            }
        },
        {
            "flavor_text": "Permite copiar inmediatamente cualquier movimiento\nde baile que haya usado otro Pok\u00e9mon presente en\nel combate.",
            "language": {
                "name": "es",
                "url": "/api/v2/language/7/"
            },
            "version_group": {
                "name": "sun-moon",
                "url": "/api/v2/version-group/17/"
            }
        },
        {
            "flavor_text": "Permette al Pok\u00e9mon di copiare immediatamente\nqualsiasi mossa basata sulla danza usata da un\naltro Pok\u00e9mon in campo.",
            "language": {
                "name": "it",
                "url": "/api/v2/language/8/"
            },
            "version_group": {
                "name": "sun-moon",
                "url": "/api/v2/version-group/17/"
            }
        },
        {
            "flavor_text": "When another Pok\u00e9mon uses a dance move,\nit can use a dance move following it regardless\nof its Speed.",
            "language": {
                "name": "en",
                "url": "/api/v2/language/9/"
            },
            "version_group": {
                "name": "sun-moon",
                "url": "/api/v2/version-group/17/"
            }
        },
        {
            "flavor_text": "\u3060\u308c\u304b\u304c\u3000\u8e0a\u308a\u6280\u3092\u3000\u4f7f\u3046\u3068\n\u81ea\u5206\u3082\u3000\u305d\u308c\u306b\u3000\u7d9a\u3044\u3066\n\u8e0a\u308a\u6280\u3092\u3000\u51fa\u3059\u3053\u3068\u304c\u3000\u3067\u304d\u308b\u3002",
            "language": {
                "name": "ja",
                "url": "/api/v2/language/11/"
            },
            "version_group": {
                "name": "sun-moon",
                "url": "/api/v2/version-group/17/"
            }
        },
        {
            "flavor_text": "\u6709\u8c01\u4f7f\u51fa\u8df3\u821e\u62db\u5f0f\u65f6\uff0c\n\u81ea\u5df1\u4e5f\u80fd\u5c31\u8fd9\u4e48\u63a5\u7740\u4f7f\u51fa\u8df3\u821e\u62db\u5f0f\u3002",
            "language": {
                "name": "zh-Hans",
                "url": "/api/v2/language/12/"
            },
            "version_group": {
                "name": "sun-moon",
                "url": "/api/v2/version-group/17/"
            }
        },
        {
            "flavor_text": "\u3060\u308c\u304b\u304c\u3000\u304a\u3069\u308a\u308f\u3056\u3092\u3000\u3064\u304b\u3046\u3068\n\u3058\u3076\u3093\u3082\u3000\u305d\u308c\u306b\u3000\u3064\u3065\u3044\u3066\n\u304a\u3069\u308a\u308f\u3056\u3092\u3000\u3060\u3059\u3053\u3068\u304c\u3000\u3067\u304d\u308b\u3002",
            "language": {
                "name": "ja-Hrkt",
                "url": "/api/v2/language/1/"
            },
            "version_group": {
                "name": "ultra-sun-ultra-moon",
                "url": "/api/v2/version-group/18/"
            }
        },
        {
            "flavor_text": "\ub204\uad70\uac00 \ucda4 \uae30\uc220\uc744 \uc4f0\uba74\n\uc790\uc2e0\ub3c4 \uc774\uc5b4\uc11c\n\ucda4 \uae30\uc220\uc744 \uc4f8 \uc218 \uc788\ub2e4.",
            "language": {
                "name": "ko",
                "url": "/api/v2/language/3/"
            },
            "version_group": {
                "name": "ultra-sun-ultra-moon",
                "url": "/api/v2/version-group/18/"
            }
        },
        {
            "flavor_text": "\u7576\u6709\u8ab0\u4f7f\u51fa\u8df3\u821e\u62db\u5f0f\u6642\uff0c\n\u81ea\u5df1\u4e5f\u80fd\u63a5\u8457\u4f7f\u51fa\u8df3\u821e\u62db\u5f0f\u3002",
            "language": {
                "name": "zh-Hant",
                "url": "/api/v2/language/4/"
            },
            "version_group": {
                "name": "ultra-sun-ultra-moon",
                "url": "/api/v2/version-group/18/"
            }
        },
        {
            "flavor_text": "Si n\u2019importe quel Pok\u00e9mon utilise une capacit\u00e9\ndansante, ce Pok\u00e9mon peut se mettre aussi\n\u00e0 danser.",
            "language": {
                "name": "fr",
                "url": "/api/v2/language/5/"
            },
            "version_group": {
                "name": "ultra-sun-ultra-moon",
                "url": "/api/v2/version-group/18/"
            }
        },
        {
            "flavor_text": "Kann direkt im Anschluss an die Tanz-Attacke\neines anderen Pok\u00e9mon ebenfalls eine solche\neinsetzen.",
            "language": {
                "name": "de",
                "url": "/api/v2/language/6/"
            },
            "version_group": {
                "name": "ultra-sun-ultra-moon",
                "url": "/api/v2/version-group/18/"
            }
        },
        {
            "flavor_text": "Permite copiar inmediatamente cualquier movimiento\nde baile que haya usado otro Pok\u00e9mon presente en\nel combate.",
            "language": {
                "name": "es",
                "url": "/api/v2/language/7/"
            },
            "version_group": {
                "name": "ultra-sun-ultra-moon",
                "url": "/api/v2/version-group/18/"
            }
        },
        {
            "flavor_text": "Permette al Pok\u00e9mon di copiare immediatamente\nqualsiasi mossa basata sulla danza usata da un\naltro Pok\u00e9mon in campo.",
            "language": {
                "name": "it",
                "url": "/api/v2/language/8/"
            },
            "version_group": {
                "name": "ultra-sun-ultra-moon",
                "url": "/api/v2/version-group/18/"
            }
        },
        {
            "flavor_text": "When another Pok\u00e9mon uses a dance move,\nit can use a dance move following it regardless\nof its Speed.",
            "language": {
                "name": "en",
                "url": "/api/v2/language/9/"
            },
            "version_group": {
                "name": "ultra-sun-ultra-moon",
                "url": "/api/v2/version-group/18/"
            }
        },
        {
            "flavor_text": "\u3060\u308c\u304b\u304c\u3000\u8e0a\u308a\u6280\u3092\u3000\u4f7f\u3046\u3068\n\u81ea\u5206\u3082\u3000\u305d\u308c\u306b\u3000\u7d9a\u3044\u3066\n\u8e0a\u308a\u6280\u3092\u3000\u51fa\u3059\u3053\u3068\u304c\u3000\u3067\u304d\u308b\u3002",
            "language": {
                "name": "ja",
                "url": "/api/v2/language/11/"
            },
            "version_group": {
                "name": "ultra-sun-ultra-moon",
                "url": "/api/v2/version-group/18/"
            }
        },
        {
            "flavor_text": "\u6709\u8c01\u4f7f\u51fa\u8df3\u821e\u62db\u5f0f\u65f6\uff0c\n\u81ea\u5df1\u4e5f\u80fd\u5c31\u8fd9\u4e48\u63a5\u7740\u4f7f\u51fa\u8df3\u821e\u62db\u5f0f\u3002",
            "language": {
                "name": "zh-Hans",
                "url": "/api/v2/language/12/"
            },
            "version_group": {
                "name": "ultra-sun-ultra-moon",
                "url": "/api/v2/version-group/18/"
            }
        },
        {
            "flavor_text": "\u3060\u308c\u304b\u304c\u3000\u304a\u3069\u308a\u308f\u3056\u3092\u3000\u3064\u304b\u3046\u3068\n\u3058\u3076\u3093\u3082\u3000\u305d\u308c\u306b\u3000\u3064\u3065\u3044\u3066\n\u304a\u3069\u308a\u308f\u3056\u3092\u3000\u3060\u3059\u3053\u3068\u304c\u3000\u3067\u304d\u308b\u3002",
            "language": {
                "name": "ja-Hrkt",
                "url": "/api/v2/language/1/"
            },
            "version_group": {
                "name": "lets-go-pikachu-lets-go-eevee",
                "url": "/api/v2/version-group/19/"
            }
        },
        {
            "flavor_text": "\ub204\uad70\uac00 \ucda4 \uae30\uc220\uc744 \uc4f0\uba74\n\uc790\uc2e0\ub3c4 \uc774\uc5b4\uc11c\n\ucda4 \uae30\uc220\uc744 \uc4f8 \uc218 \uc788\ub2e4.",
            "language": {
                "name": "ko",
                "url": "/api/v2/language/3/"
            },
            "version_group": {
                "name": "lets-go-pikachu-lets-go-eevee",
                "url": "/api/v2/version-group/19/"
            }
        },
        {
            "flavor_text": "\u7576\u6709\u8ab0\u4f7f\u51fa\u8df3\u821e\u62db\u5f0f\u6642\uff0c\n\u81ea\u5df1\u4e5f\u80fd\u63a5\u8457\u4f7f\u51fa\u8df3\u821e\u62db\u5f0f\u3002",
            "language": {
                "name": "zh-Hant",
                "url": "/api/v2/language/4/"
            },
            "version_group": {
                "name": "lets-go-pikachu-lets-go-eevee",
                "url": "/api/v2/version-group/19/"
            }
        },
        {
            "flavor_text": "Si n\u2019importe quel Pok\u00e9mon utilise une capacit\u00e9\ndansante, ce Pok\u00e9mon peut se mettre aussi\n\u00e0 danser.",
            "language": {
                "name": "fr",
                "url": "/api/v2/language/5/"
            },
            "version_group": {
                "name": "lets-go-pikachu-lets-go-eevee",
                "url": "/api/v2/version-group/19/"
            }
        },
        {
            "flavor_text": "Kann direkt im Anschluss an die Tanz-Attacke\neines anderen Pok\u00e9mon ebenfalls eine solche\neinsetzen.",
            "language": {
                "name": "de",
                "url": "/api/v2/language/6/"
            },
            "version_group": {
                "name": "lets-go-pikachu-lets-go-eevee",
                "url": "/api/v2/version-group/19/"
            }
        },
        {
            "flavor_text": "Permite copiar inmediatamente cualquier movimiento\nde baile que haya usado otro Pok\u00e9mon presente en\nel combate.",
            "language": {
                "name": "es",
                "url": "/api/v2/language/7/"
            },
            "version_group": {
                "name": "lets-go-pikachu-lets-go-eevee",
                "url": "/api/v2/version-group/19/"
            }
        },
        {
            "flavor_text": "Permette al Pok\u00e9mon di copiare immediatamente\nqualsiasi mossa basata sulla danza usata da un\naltro Pok\u00e9mon in campo.",
            "language": {
                "name": "it",
                "url": "/api/v2/language/8/"
            },
            "version_group": {
                "name": "lets-go-pikachu-lets-go-eevee",
                "url": "/api/v2/version-group/19/"
            }
        },
        {
            "flavor_text": "When another Pok\u00e9mon uses a dance move,\nit can use a dance move following it regardless\nof its Speed.",
            "language": {
                "name": "en",
                "url": "/api/v2/language/9/"
            },
            "version_group": {
                "name": "lets-go-pikachu-lets-go-eevee",
                "url": "/api/v2/version-group/19/"
            }
        },
        {
            "flavor_text": "\u3060\u308c\u304b\u304c\u3000\u8e0a\u308a\u6280\u3092\u3000\u4f7f\u3046\u3068\n\u81ea\u5206\u3082\u3000\u305d\u308c\u306b\u3000\u7d9a\u3044\u3066\n\u8e0a\u308a\u6280\u3092\u3000\u51fa\u3059\u3053\u3068\u304c\u3000\u3067\u304d\u308b\u3002",
            "language": {
                "name": "ja",
                "url": "/api/v2/language/11/"
            },
            "version_group": {
                "name": "lets-go-pikachu-lets-go-eevee",
                "url": "/api/v2/version-group/19/"
            }
        },
        {
            "flavor_text": "\u6709\u8c01\u4f7f\u51fa\u8df3\u821e\u62db\u5f0f\u65f6\uff0c\n\u81ea\u5df1\u4e5f\u80fd\u5c31\u8fd9\u4e48\u63a5\u7740\u4f7f\u51fa\u8df3\u821e\u62db\u5f0f\u3002",
            "language": {
                "name": "zh-Hans",
                "url": "/api/v2/language/12/"
            },
            "version_group": {
                "name": "lets-go-pikachu-lets-go-eevee",
                "url": "/api/v2/version-group/19/"
            }
        },
        {
            "flavor_text": "\u3060\u308c\u304b\u304c\u3000\u304a\u3069\u308a\u308f\u3056\u3092\u3000\u3064\u304b\u3046\u3068\n\u3058\u3076\u3093\u3082\u3000\u305d\u308c\u306b\u3000\u3064\u3065\u3044\u3066\n\u304a\u3069\u308a\u308f\u3056\u3092\u3000\u3060\u3059\u3053\u3068\u304c\u3000\u3067\u304d\u308b\u3002",
            "language": {
                "name": "ja-Hrkt",
                "url": "/api/v2/language/1/"
            },
            "version_group": {
                "name": "sword-shield",
                "url": "/api/v2/version-group/20/"
            }
        },
        {
            "flavor_text": "\ub204\uad70\uac00 \ucda4 \uae30\uc220\uc744 \uc4f0\uba74\n\uc790\uc2e0\ub3c4 \uc774\uc5b4\uc11c\n\ucda4 \uae30\uc220\uc744 \uc4f8 \uc218 \uc788\ub2e4.",
            "language": {
                "name": "ko",
                "url": "/api/v2/language/3/"
            },
            "version_group": {
                "name": "sword-shield",
                "url": "/api/v2/version-group/20/"
            }
        },
        {
            "flavor_text": "\u7576\u6709\u8ab0\u4f7f\u51fa\u8df3\u821e\u62db\u5f0f\u6642\uff0c\n\u81ea\u5df1\u4e5f\u80fd\u63a5\u8457\u4f7f\u51fa\u8df3\u821e\u62db\u5f0f\u3002",
            "language": {
                "name": "zh-Hant",
                "url": "/api/v2/language/4/"
            },
            "version_group": {
                "name": "sword-shield",
                "url": "/api/v2/version-group/20/"
            }
        },
        {
            "flavor_text": "Si n\u2019importe quel Pok\u00e9mon utilise une capacit\u00e9 dansante,\nce Pok\u00e9mon peut se mettre aussi \u00e0 danser.",
            "language": {
                "name": "fr",
                "url": "/api/v2/language/5/"
            },
            "version_group": {
                "name": "sword-shield",
                "url": "/api/v2/version-group/20/"
            }
        },
        {
            "flavor_text": "Kann direkt im Anschluss an die Tanz-Attacke eines\nanderen Pok\u00e9mon ebenfalls eine solche einsetzen.",
            "language": {
                "name": "de",
                "url": "/api/v2/language/6/"
            },
            "version_group": {
                "name": "sword-shield",
                "url": "/api/v2/version-group/20/"
            }
        },
        {
            "flavor_text": "Puede copiar inmediatamente cualquier movimiento\nde baile que haya usado otro Pok\u00e9mon presente en\nel combate.",
            "language": {
                "name": "es",
                "url": "/api/v2/language/7/"
            },
            "version_group": {
                "name": "sword-shield",
                "url": "/api/v2/version-group/20/"
            }
        },
        {
            "flavor_text": "Permette al Pok\u00e9mon di copiare immediatamente\nqualsiasi mossa basata sulla danza usata da un\naltro Pok\u00e9mon in campo.",
            "language": {
                "name": "it",
                "url": "/api/v2/language/8/"
            },
            "version_group": {
                "name": "sword-shield",
                "url": "/api/v2/version-group/20/"
            }
        },
        {
            "flavor_text": "When another Pok\u00e9mon uses a dance move,\nit can use a dance move following it regardless\nof its Speed.",
            "language": {
                "name": "en",
                "url": "/api/v2/language/9/"
            },
            "version_group": {
                "name": "sword-shield",
                "url": "/api/v2/version-group/20/"
            }
        },
        {
            "flavor_text": "\u3060\u308c\u304b\u304c\u3000\u8e0a\u308a\u6280\u3092\u3000\u4f7f\u3046\u3068\n\u81ea\u5206\u3082\u3000\u305d\u308c\u306b\u3000\u7d9a\u3044\u3066\n\u8e0a\u308a\u6280\u3092\u3000\u51fa\u3059\u3053\u3068\u304c\u3000\u3067\u304d\u308b\u3002",
            "language": {
                "name": "ja",
                "url": "/api/v2/language/11/"
            },
            "version_group": {
                "name": "sword-shield",
                "url": "/api/v2/version-group/20/"
            }
        },
        {
            "flavor_text": "\u6709\u8c01\u4f7f\u51fa\u8df3\u821e\u62db\u5f0f\u65f6\uff0c\n\u81ea\u5df1\u4e5f\u80fd\u5c31\u8fd9\u4e48\u63a5\u7740\u4f7f\u51fa\u8df3\u821e\u62db\u5f0f\u3002",
            "language": {
                "name": "zh-Hans",
                "url": "/api/v2/language/12/"
            },
            "version_group": {
                "name": "sword-shield",
                "url": "/api/v2/version-group/20/"
            }
        }
    ],
    "generation": {
        "name": "generation-vii",
        "url": "/api/v2/generation/7/"
    },
    "id": 216,
    "is_main_series": true,
    "name": "dancer",
    "names": [
        {
            "language": {
                "name": "ja-Hrkt",
                "url": "/api/v2/language/1/"
            },
            "name": "\u304a\u3069\u308a\u3053"
        },
        {
            "language": {
                "name": "ko",
                "url": "/api/v2/language/3/"
            },
            "name": "\ubb34\ud76c"
        },
        {
            "language": {
                "name": "zh-Hant",
                "url": "/api/v2/language/4/"
            },
            "name": "\u821e\u8005"
        },
        {
            "language": {
                "name": "fr",
                "url": "/api/v2/language/5/"
            },
            "name": "Danseuse"
        },
        {
            "language": {
                "name": "de",
                "url": "/api/v2/language/6/"
            },
            "name": "T\u00e4nzer"
        },
        {
            "language": {
                "name": "es",
                "url": "/api/v2/language/7/"
            },
            "name": "Pareja de Baile"
        },
        {
            "language": {
                "name": "it",
                "url": "/api/v2/language/8/"
            },
            "name": "Sincrodanza"
        },
        {
            "language": {
                "name": "en",
                "url": "/api/v2/language/9/"
            },
            "name": "Dancer"
        },
        {
            "language": {
                "name": "ja",
                "url": "/api/v2/language/11/"
            },
            "name": "\u304a\u3069\u308a\u3053"
        },
        {
            "language": {
                "name": "zh-Hans",
                "url": "/api/v2/language/12/"
            },
            "name": "\u821e\u8005"
        }
    ],
    "pokemon": [
        {
            "is_hidden": false,
            "pokemon": {
                "name": "oricorio-baile",
                "url": "/api/v2/pokemon/741/"
            },
            "slot": 1
        },
        {
            "is_hidden": false,
            "pokemon": {
                "name": "oricorio-pom-pom",
                "url": "/api/v2/pokemon/10123/"
            },
            "slot": 1
        },
        {
            "is_hidden": false,
            "pokemon": {
                "name": "oricorio-pau",
                "url": "/api/v2/pokemon/10124/"
            },
            "slot": 1
        },
        {
            "is_hidden": false,
            "pokemon": {
                "name": "oricorio-sensu",
                "url": "/api/v2/pokemon/10125/"
            },
            "slot": 1
        }
    ]
}