{
    "effect_changes": [],
    "effect_entries": [
        {
            "effect": "Wenn ein Pok\u00e9mon mit dieser F\u00e4higkeit den Kampf betritt, \u00e4ndert sich das weather in sehr starkes Sonnenlicht. Das weather kann weder durch F\u00e4higkeiten wie drizzle noch durch Attacken wie sandstorm ge\u00e4ndert werden und solche Attacken schlagen fehl.\n\nDer starke Sonnenschein h\u00f6rt auf, wenn das Pok\u00e9mon mit dieser F\u00e4higkeit den Kampf verl\u00e4sst oder in eine hintere Position rotiert wird und kein Anderes mit derselben F\u00e4higkeit noch im Kampf ist, wenn die F\u00e4higkeit deaktiviert wird oder ein Pok\u00e9mon mit der F\u00e4higkeit delta stream oder primordial sea den Kampf betritt. Die Wettereffekte k\u00f6nnen durch F\u00e4higkeiten wie air lock aufgehoben werden.",
            "language": {
                "name": "de",
                "url": "/api/v2/language/6/"
            },
            "short_effect": "\u00c4ndert beim Betreten des Kampfes das weather in sehr starkes Sonnenlicht und verhindert water Attacken."
        },
        {
            "effect": "When this Pok\u00e9mon enters battle or gains this ability, the weather becomes extremely harsh sunlight.  Extremely harsh sunlight has all the properties of sunny day and also causes damaging Water moves to fail.\n\nExtremely harsh sunlight ends when this Pok\u00e9mon leaves battle or loses this ability, or when this ability is nullified.  The weather cannot otherwise be changed except by the effects of delta stream and primordial sea.\n\nair lock and cloud nine will prevent the effects of extremely harsh sunlight, including allowing Water moves to work, but will not allow the weather to be changed.",
            "language": {
                "name": "en",
                "url": "/api/v2/language/9/"
            },
            "short_effect": "Creates extremely harsh sunlight, which has all the properties of Sunny Day, cannot be replaced, and causes damaging Water moves to fail."
        }
    ],
    "flavor_text_entries": [
        {
            "flavor_text": "\u202f\u305a\u30bf\u30a4\u30d7\u306e\u3000\u3053\u3046\u3052\u304d\u3092\n\u3046\u3051\u306a\u3044\u3000\u3066\u3093\u304d\u306b\u3000\u3059\u308b\u3002",
            "language": {
                "name": "ja-Hrkt",
                "url": "/api/v2/language/1/"
            },
            "version_group": {
                "name": "omega-ruby-alpha-sapphire",
                "url": "/api/v2/version-group/16/"
            }
        },
        {
            "flavor_text": "\ubb3c\ud0c0\uc785\uc758 \uacf5\uaca9\uc744\n\ubc1b\uc9c0 \uc54a\ub294 \ub0a0\uc528\ub85c \ub9cc\ub4e0\ub2e4.",
            "language": {
                "name": "ko",
                "url": "/api/v2/language/3/"
            },
            "version_group": {
                "name": "omega-ruby-alpha-sapphire",
                "url": "/api/v2/version-group/16/"
            }
        },
        {
            "flavor_text": "Alt\u00e8re les conditions m\u00e9t\u00e9o et\nrend inefficaces les attaques Eau.",
            "language": {
                "name": "fr",
                "url": "/api/v2/language/5/"
            },
            "version_group": {
                "name": "omega-ruby-alpha-sapphire",
                "url": "/api/v2/version-group/16/"
            }
        },
        {
            "flavor_text": "\u00c4ndert das Wetter. Unterbindet\ndirekte Wasser-Attacken.",
            "language": {
                "name": "de",
                "url": "/api/v2/language/6/"
            },
            "version_group": {
                "name": "omega-ruby-alpha-sapphire",
                "url": "/api/v2/version-group/16/"
            }
        },
        {
            "flavor_text": "Altera el clima para anular los\nataques de tipo Agua.",
            "language": {
                "name": "es",
                "url": "/api/v2/language/7/"
            },
            "version_group": {
                "name": "omega-ruby-alpha-sapphire",
                "url": "/api/v2/version-group/16/"
            }
        },
        {
            "flavor_text": "Crea un clima che rende inefficaci  \ngli attacchi di tipo Acqua.",
            "language": {
                "name": "it",
                "url": "/api/v2/language/8/"
            },
            "version_group": {
                "name": "omega-ruby-alpha-sapphire",
                "url": "/api/v2/version-group/16/"
            }
        },
        {
            "flavor_text": "Affects weather and nullifies any\nWater-type attacks.",
            "language": {
                "name": "en",
                "url": "/api/v2/language/9/"
            },
            "version_group": {
                "name": "omega-ruby-alpha-sapphire",
                "url": "/api/v2/version-group/16/"
            }
        },
        {
            "flavor_text": "\u202f\u305a\u30bf\u30a4\u30d7\u306e\u3000\u653b\u6483\u3092\n\u53d7\u3051\u306a\u3044\u3000\u5929\u6c17\u306b\u3059\u308b\u3002",
            "language": {
                "name": "ja",
                "url": "/api/v2/language/11/"
            },
            "version_group": {
                "name": "omega-ruby-alpha-sapphire",
                "url": "/api/v2/version-group/16/"
            }
        },
        {
            "flavor_text": "\u307f\u305a\u30bf\u30a4\u30d7\u306e\u3000\u3053\u3046\u3052\u304d\u3092\n\u3046\u3051\u306a\u3044\u3000\u3066\u3093\u304d\u306b\u3059\u308b\u3002",
            "language": {
                "name": "ja-Hrkt",
                "url": "/api/v2/language/1/"
            },
            "version_group": {
                "name": "sun-moon",
                "url": "/api/v2/version-group/17/"
            }
        },
        {
            "flavor_text": "\ubb3c\ud0c0\uc785\uc758 \uacf5\uaca9\uc744\n\ubc1b\uc9c0 \uc54a\ub294 \ub0a0\uc528\ub85c \ub9cc\ub4e0\ub2e4.",
            "language": {
                "name": "ko",
                "url": "/api/v2/language/3/"
            },
            "version_group": {
                "name": "sun-moon",
                "url": "/api/v2/version-group/17/"
            }
        },
        {
            "flavor_text": "\u8b8a\u70ba\u8b93\u6c34\u5c6c\u6027\u653b\u64ca\n\u5931\u6548\u7684\u5929\u6c23\u3002",
            "language": {
                "name": "zh-Hant",
                "url": "/api/v2/language/4/"
            },
            "version_group": {
                "name": "sun-moon",
                "url": "/api/v2/version-group/17/"
            }
        },
        {
            "flavor_text": "Alt\u00e8re les conditions m\u00e9t\u00e9o et rend inefficaces\nles attaques de type Eau.",
            "language": {
                "name": "fr",
                "url": "/api/v2/language/5/"
            },
            "version_group": {
                "name": "sun-moon",
                "url": "/api/v2/version-group/17/"
            }
        },
        {
            "flavor_text": "\u00c4ndert das Wetter, um Wasser-Attacken wirkungslos\nzu machen.",
            "language": {
                "name": "de",
                "url": "/api/v2/language/6/"
            },
            "version_group": {
                "name": "sun-moon",
                "url": "/api/v2/version-group/17/"
            }
        },
        {
            "flavor_text": "Altera el clima para anular los ataques de tipo Agua.",
            "language": {
                "name": "es",
                "url": "/api/v2/language/7/"
            },
            "version_group": {
                "name": "sun-moon",
                "url": "/api/v2/version-group/17/"
            }
        },
        {
            "flavor_text": "Crea un clima che rende inefficaci\ngli attacchi di tipo Acqua.",
            "language": {
                "name": "it",
                "url": "/api/v2/language/8/"
            },
            "version_group": {
                "name": "sun-moon",
                "url": "/api/v2/version-group/17/"
            }
        },
        {
            "flavor_text": "The Pok\u00e9mon changes the weather to nullify\nWater-type attacks.",
            "language": {
                "name": "en",
                "url": "/api/v2/language/9/"
            },
            "version_group": {
                "name": "sun-moon",
                "url": "/api/v2/version-group/17/"
            }
        },
        {
            "flavor_text": "\u307f\u305a\u30bf\u30a4\u30d7\u306e\u3000\u653b\u6483\u3092\n\u53d7\u3051\u306a\u3044\u3000\u5929\u6c17\u306b\u3059\u308b\u3002",
            "language": {
                "name": "ja",
                "url": "/api/v2/language/11/"
            },
            "version_group": {
                "name": "sun-moon",
                "url": "/api/v2/version-group/17/"
            }
        },
        {
            "flavor_text": "\u53d8\u4e3a\u4e0d\u4f1a\u53d7\u5230\n\u6c34\u5c5e\u6027\u653b\u51fb\u7684\u5929\u6c14\u3002",
            "language": {
                "name": "zh-Hans",
                "url": "/api/v2/language/12/"
            },
            "version_group": {
                "name": "sun-moon",
                "url": "/api/v2/version-group/17/"
            }
        },
        {
            "flavor_text": "\u307f\u305a\u30bf\u30a4\u30d7\u306e\u3000\u3053\u3046\u3052\u304d\u3092\n\u3046\u3051\u306a\u3044\u3000\u3066\u3093\u304d\u306b\u3059\u308b\u3002",
            "language": {
                "name": "ja-Hrkt",
                "url": "/api/v2/language/1/"
            },
            "version_group": {
                "name": "ultra-sun-ultra-moon",
                "url": "/api/v2/version-group/18/"
            }
        },
        {
            "flavor_text": "\ubb3c\ud0c0\uc785\uc758 \uacf5\uaca9\uc744\n\ubc1b\uc9c0 \uc54a\ub294 \ub0a0\uc528\ub85c \ub9cc\ub4e0\ub2e4.",
            "language": {
                "name": "ko",
                "url": "/api/v2/language/3/"
            },
            "version_group": {
                "name": "ultra-sun-ultra-moon",
                "url": "/api/v2/version-group/18/"
            }
        },
        {
            "flavor_text": "\u8b8a\u70ba\u8b93\u6c34\u5c6c\u6027\u653b\u64ca\n\u5931\u6548\u7684\u5929\u6c23\u3002",
            "language": {
                "name": "zh-Hant",
                "url": "/api/v2/language/4/"
            },
            "version_group": {
                "name": "ultra-sun-ultra-moon",
                "url": "/api/v2/version-group/18/"
            }
        },
        {
            "flavor_text": "Alt\u00e8re les conditions m\u00e9t\u00e9o et rend inefficaces\nles attaques de type Eau.",
            "language": {
                "name": "fr",
                "url": "/api/v2/language/5/"
            },
            "version_group": {
                "name": "ultra-sun-ultra-moon",
                "url": "/api/v2/version-group/18/"
            }
        },
        {
            "flavor_text": "\u00c4ndert das Wetter, um Wasser-Attacken wirkungslos\nzu machen.",
            "language": {
                "name": "de",
                "url": "/api/v2/language/6/"
            },
            "version_group": {
                "name": "ultra-sun-ultra-moon",
                "url": "/api/v2/version-group/18/"
            }
        },
        {
            "flavor_text": "Altera el clima para anular los ataques de tipo Agua.",
            "language": {
                "name": "es",
                "url": "/api/v2/language/7/"
            },
            "version_group": {
                "name": "ultra-sun-ultra-moon",
                "url": "/api/v2/version-group/18/"
            }
        },
        {
            "flavor_text": "Crea un clima che rende inefficaci\ngli attacchi di tipo Acqua.",
            "language": {
                "name": "it",
                "url": "/api/v2/language/8/"
            },
            "version_group": {
                "name": "ultra-sun-ultra-moon",
                "url": "/api/v2/version-group/18/"
            }
        },
        {
            "flavor_text": "The Pok\u00e9mon changes the weather to nullify\nWater-type attacks.",
            "language": {
                "name": "en",
                "url": "/api/v2/language/9/"
            },
            "version_group": {
                "name": "ultra-sun-ultra-moon",
                "url": "/api/v2/version-group/18/"
            }
        },
        {
            "flavor_text": "\u307f\u305a\u30bf\u30a4\u30d7\u306e\u3000\u653b\u6483\u3092\n\u53d7\u3051\u306a\u3044\u3000\u5929\u6c17\u306b\u3059\u308b\u3002",
            "language": {
                "name": "ja",
                "url": "/api/v2/language/11/"
            },
            "version_group": {
                "name": "ultra-sun-ultra-moon",
                "url": "/api/v2/version-group/18/"
            }
        },
        {
            "flavor_text": "\u53d8\u4e3a\u4e0d\u4f1a\u53d7\u5230\n\u6c34\u5c5e\u6027\u653b\u51fb\u7684\u5929\u6c14\u3002",
            "language": {
                "name": "zh-Hans",
                "url": "/api/v2/language/12/"
            },
            "version_group": {
                "name": "ultra-sun-ultra-moon",
                "url": "/api/v2/version-group/18/"
            }
        },
        {
            "flavor_text": "\u307f\u305a\u30bf\u30a4\u30d7\u306e\u3000\u3053\u3046\u3052\u304d\u3092\n\u3046\u3051\u306a\u3044\u3000\u3066\u3093\u304d\u306b\u3059\u308b\u3002",
            "language": {
                "name": "ja-Hrkt",
                "url": "/api/v2/language/1/"
            },
            "version_group": {
                "name": "lets-go-pikachu-lets-go-eevee",
                "url": "/api/v2/version-group/19/"
            }
        },
        {
            "flavor_text": "\ubb3c\ud0c0\uc785\uc758 \uacf5\uaca9\uc744\n\ubc1b\uc9c0 \uc54a\ub294 \ub0a0\uc528\ub85c \ub9cc\ub4e0\ub2e4.",
            "language": {
                "name": "ko",
                "url": "/api/v2/language/3/"
            },
            "version_group": {
                "name": "lets-go-pikachu-lets-go-eevee",
                "url": "/api/v2/version-group/19/"
            }
        },
        {
            "flavor_text": "\u8b8a\u70ba\u8b93\u6c34\u5c6c\u6027\u653b\u64ca\n\u5931\u6548\u7684\u5929\u6c23\u3002",
            "language": {
                "name": "zh-Hant",
                "url": "/api/v2/language/4/"
            },
            "version_group": {
                "name": "lets-go-pikachu-lets-go-eevee",
                "url": "/api/v2/version-group/19/"
            }
        },
        {
            "flavor_text": "Alt\u00e8re les conditions m\u00e9t\u00e9o et rend inefficaces\nles attaques de type Eau.",
            "language": {
                "name": "fr",
                "url": "/api/v2/language/5/"
            },
            "version_group": {
                "name": "lets-go-pikachu-lets-go-eevee",
                "url": "/api/v2/version-group/19/"
            }
        },
        {
            "flavor_text": "\u00c4ndert das Wetter, um Wasser-Attacken wirkungslos\nzu machen.",
            "language": {
                "name": "de",
                "url": "/api/v2/language/6/"
            },
            "version_group": {
                "name": "lets-go-pikachu-lets-go-eevee",
                "url": "/api/v2/version-group/19/"
            }
        },
        {
            "flavor_text": "Altera el clima para anular los ataques de tipo Agua.",
            "language": {
                "name": "es",
                "url": "/api/v2/language/7/"
            },
            "version_group": {
                "name": "lets-go-pikachu-lets-go-eevee",
                "url": "/api/v2/version-group/19/"
            }
        },
        {
            "flavor_text": "Crea un clima che rende inefficaci\ngli attacchi di tipo Acqua.",
            "language": {
                "name": "it",
                "url": "/api/v2/language/8/"
            },
            "version_group": {
                "name": "lets-go-pikachu-lets-go-eevee",
                "url": "/api/v2/version-group/19/"
            }
        },
        {
            "flavor_text": "The Pok\u00e9mon changes the weather to nullify\nWater-type attacks.",
            "language": {
                "name": "en",
                "url": "/api/v2/language/9/"
            },
            "version_group": {
                "name": "lets-go-pikachu-lets-go-eevee",
                "url": "/api/v2/version-group/19/"
            }
        },
        {
            "flavor_text": "\u307f\u305a\u30bf\u30a4\u30d7\u306e\u3000\u653b\u6483\u3092\n\u53d7\u3051\u306a\u3044\u3000\u5929\u6c17\u306b\u3059\u308b\u3002",
            "language": {
                "name": "ja",
                "url": "/api/v2/language/11/"
            },
            "version_group": {
                "name": "lets-go-pikachu-lets-go-eevee",
                "url": "/api/v2/version-group/19/"
            }
        },
        {
            "flavor_text": "\u53d8\u4e3a\u4e0d\u4f1a\u53d7\u5230\n\u6c34\u5c5e\u6027\u653b\u51fb\u7684\u5929\u6c14\u3002",
            "language": {
                "name": "zh-Hans",
                "url": "/api/v2/language/12/"
            },
            "version_group": {
                "name": "lets-go-pikachu-lets-go-eevee",
                "url": "/api/v2/version-group/19/"
            }
        },
        {
            "flavor_text": "\u307f\u305a\u30bf\u30a4\u30d7\u306e\u3000\u3053\u3046\u3052\u304d\u3092\n\u3046\u3051\u306a\u3044\u3000\u3066\u3093\u304d\u306b\u3059\u308b\u3002",
            "language": {
                "name": "ja-Hrkt",
                "url": "/api/v2/language/1/"
            },
            "version_group": {
                "name": "sword-shield",
                "url": "/api/v2/version-group/20/"
            }
        },
        {
            "flavor_text": "\ubb3c\ud0c0\uc785\uc758 \uacf5\uaca9\uc744\n\ubc1b\uc9c0 \uc54a\ub294 \ub0a0\uc528\ub85c \ub9cc\ub4e0\ub2e4.",
            "language": {
                "name": "ko",
                "url": "/api/v2/language/3/"
            },
            "version_group": {
                "name": "sword-shield",
                "url": "/api/v2/version-group/20/"
            }
        },
        {
            "flavor_text": "\u8b8a\u70ba\u8b93\u6c34\u5c6c\u6027\u653b\u64ca\n\u5931\u6548\u7684\u5929\u6c23\u3002",
            "language": {
                "name": "zh-Hant",
                "url": "/api/v2/language/4/"
            },
            "version_group": {
                "name": "sword-shield",
                "url": "/api/v2/version-group/20/"
            }
        },
        {
            "flavor_text": "Alt\u00e8re les conditions m\u00e9t\u00e9o et rend inefficaces\nles attaques de type Eau.",
            "language": {
                "name": "fr",
                "url": "/api/v2/language/5/"
            },
            "version_group": {
                "name": "sword-shield",
                "url": "/api/v2/version-group/20/"
            }
        },
        {
            "flavor_text": "\u00c4ndert das Wetter, um Wasser-Attacken wirkungslos\nzu machen.",
            "language": {
                "name": "de",
                "url": "/api/v2/language/6/"
            },
            "version_group": {
                "name": "sword-shield",
                "url": "/api/v2/version-group/20/"
            }
        },
        {
            "flavor_text": "Altera el clima para anular los ataques de tipo Agua.",
            "language": {
                "name": "es",
                "url": "/api/v2/language/7/"
            },
            "version_group": {
                "name": "sword-shield",
                "url": "/api/v2/version-group/20/"
            }
        },
        {
            "flavor_text": "Crea un clima che rende inefficaci\ngli attacchi di tipo Acqua.",
            "language": {
                "name": "it",
                "url": "/api/v2/language/8/"
            },
            "version_group": {
                "name": "sword-shield",
                "url": "/api/v2/version-group/20/"
            }
        },
        {
            "flavor_text": "The Pok\u00e9mon changes the weather to nullify\nWater-type attacks.",
            "language": {
                "name": "en",
                "url": "/api/v2/language/9/"
            },
            "version_group": {
                "name": "sword-shield",
                "url": "/api/v2/version-group/20/"
            }
        },
        {
            "flavor_text": "\u307f\u305a\u30bf\u30a4\u30d7\u306e\u3000\u653b\u6483\u3092\n\u53d7\u3051\u306a\u3044\u3000\u5929\u6c17\u306b\u3059\u308b\u3002",
            "language": {
                "name": "ja",
                "url": "/api/v2/language/11/"
            },
            "version_group": {
                "name": "sword-shield",
                "url": "/api/v2/version-group/20/"
            }
        },
        {
            "flavor_text": "\u53d8\u4e3a\u4e0d\u4f1a\u53d7\u5230\n\u6c34\u5c5e\u6027\u653b\u51fb\u7684\u5929\u6c14\u3002",
            "language": {
                "name": "zh-Hans",
                "url": "/api/v2/language/12/"
            },
            "version_group": {
                "name": "sword-shield",
                "url": "/api/v2/version-group/20/"
            }
        }
    ],
    "generation": {
        "name": "generation-vi",
        "url": "/api/v2/generation/6/"
    },
    "id": 190,
    "is_main_series": true,
    "name": "desolate-land",
    "names": [
        {
            "language": {
                "name": "ja-Hrkt",
                "url": "/api/v2/language/1/"
            },
            "name": "\u304a\u308f\u308a\u306e\u3060\u3044\u3061"
        },
        {
            "language": {
                "name": "ko",
                "url": "/api/v2/language/3/"
            },
            "name": "\ub05d\uc758\ub300\uc9c0"
        },
        {
            "language": {
                "name": "zh-Hant",
                "url": "/api/v2/language/4/"
            },
            "name": "\u7d42\u7d50\u4e4b\u5730"
        },
        {
            "language": {
                "name": "fr",
                "url": "/api/v2/language/5/"
            },
            "name": "Terre Finale"
        },
        {
            "language": {
                "name": "de",
                "url": "/api/v2/language/6/"
            },
            "name": "Endland"
        },
        {
            "language": {
                "name": "es",
                "url": "/api/v2/language/7/"
            },
            "name": "Tierra del Ocaso"
        },
        {
            "language": {
                "name": "it",
                "url": "/api/v2/language/8/"
            },
            "name": "Terra Estrema"
        },
        {
            "language": {
                "name": "en",
                "url": "/api/v2/language/9/"
            },
            "name": "Desolate Land"
        },
        {
            "language": {
                "name": "ja",
                "url": "/api/v2/language/11/"
            },
            "name": "\u304a\u308f\u308a\u306e\u3060\u3044\u3061"
        },
        {
            "language": {
                "name": "zh-Hans",
                "url": "/api/v2/language/12/"
            },
            "name": "\u7ec8\u7ed3\u4e4b\u5730"
        }
    ],
    "pokemon": [
        {
            "is_hidden": false,
            "pokemon": {
                "name": "groudon-primal",
                "url": "/api/v2/pokemon/10078/"
            },
            "slot": 1
        }
    ]
}