{
    "effect_changes": [],
    "effect_entries": [
        {
            "effect": "This Pok\u00e9mon always acts as though it were Asleep.  It cannot be given another status ailment; it's unaffected by yawn; it can use sleep talk; and so on.",
            "language": {
                "name": "en",
                "url": "/api/v2/language/9/"
            },
            "short_effect": "This Pok\u00e9mon always  acts as though it were Asleep."
        }
    ],
    "flavor_text_entries": [
        {
            "flavor_text": "\u3064\u306d\u306b\u3000\u3086\u3081\u3046\u3064\u3064\u306e\u3000\u3058\u3087\u3046\u305f\u3044\u3067\n\u305c\u3063\u305f\u3044\u306b\u3000\u3081\u3056\u3081\u306a\u3044\u3002\n\u306d\u3080\u3063\u305f\u307e\u307e\u3000\u3053\u3046\u3052\u304d\u304c\u3000\u3067\u304d\u308b\u3002",
            "language": {
                "name": "ja-Hrkt",
                "url": "/api/v2/language/1/"
            },
            "version_group": {
                "name": "sun-moon",
                "url": "/api/v2/version-group/17/"
            }
        },
        {
            "flavor_text": "\ud56d\uc0c1 \ube44\ubabd\uc0ac\ubabd \uc0c1\ud0dc\ub85c\n\uc808\ub300 \uae68\uc9c0 \uc54a\ub294\ub2e4.\n\uc7a0\ub4e0 \uc0c1\ud0dc\ub85c \uacf5\uaca9\ud560 \uc218 \uc788\ub2e4.",
            "language": {
                "name": "ko",
                "url": "/api/v2/language/3/"
            },
            "version_group": {
                "name": "sun-moon",
                "url": "/api/v2/version-group/17/"
            }
        },
        {
            "flavor_text": "\u7e3d\u662f\u534a\u5922\u534a\u9192\u7684\u72c0\u614b\uff0c\n\u7d55\u5c0d\u4e0d\u6703\u9192\u4f86\u3002\n\u53ef\u5728\u7761\u8457\u7684\u72c0\u6cc1\u4e0b\u9032\u884c\u653b\u64ca\u3002",
            "language": {
                "name": "zh-Hant",
                "url": "/api/v2/language/4/"
            },
            "version_group": {
                "name": "sun-moon",
                "url": "/api/v2/version-group/17/"
            }
        },
        {
            "flavor_text": "Le Pok\u00e9mon r\u00eave en permanence et ne se r\u00e9veille\njamais. Il est capable d\u2019attaquer normalement\ntout en dormant.",
            "language": {
                "name": "fr",
                "url": "/api/v2/language/5/"
            },
            "version_group": {
                "name": "sun-moon",
                "url": "/api/v2/version-group/17/"
            }
        },
        {
            "flavor_text": "Das Pok\u00e9mon befindet sich ununterbrochen im\nHalbschlaf und wacht nie vollst\u00e4ndig auf. Es kann\njedoch im Schlaf angreifen.",
            "language": {
                "name": "de",
                "url": "/api/v2/language/6/"
            },
            "version_group": {
                "name": "sun-moon",
                "url": "/api/v2/version-group/17/"
            }
        },
        {
            "flavor_text": "No despierta jam\u00e1s de su profundo letargo \ne incluso ataca dormido.",
            "language": {
                "name": "es",
                "url": "/api/v2/language/7/"
            },
            "version_group": {
                "name": "sun-moon",
                "url": "/api/v2/version-group/17/"
            }
        },
        {
            "flavor_text": "Il Pok\u00e9mon si trova in un costante stato di\ndormiveglia che gli impedisce di svegliarsi.\nPu\u00f2 attaccare anche da addormentato.",
            "language": {
                "name": "it",
                "url": "/api/v2/language/8/"
            },
            "version_group": {
                "name": "sun-moon",
                "url": "/api/v2/version-group/17/"
            }
        },
        {
            "flavor_text": "It\u2019s always drowsing and will never wake up.\nIt can attack without waking up.",
            "language": {
                "name": "en",
                "url": "/api/v2/language/9/"
            },
            "version_group": {
                "name": "sun-moon",
                "url": "/api/v2/version-group/17/"
            }
        },
        {
            "flavor_text": "\u3064\u306d\u306b\u3000\u5922\u3046\u3064\u3064\u306e\u3000\u72b6\u614b\u3067\n\u7d76\u5bfe\u306b\u3000\u76ee\u899a\u3081\u306a\u3044\u3002\n\u7720\u3063\u305f\u307e\u307e\u3000\u653b\u6483\u304c\u3000\u3067\u304d\u308b\u3002",
            "language": {
                "name": "ja",
                "url": "/api/v2/language/11/"
            },
            "version_group": {
                "name": "sun-moon",
                "url": "/api/v2/version-group/17/"
            }
        },
        {
            "flavor_text": "\u603b\u662f\u534a\u68a6\u534a\u9192\u7684\u72b6\u6001\uff0c\n\u7edd\u5bf9\u4e0d\u4f1a\u9192\u6765\u3002\n\u53ef\u4ee5\u5c31\u8fd9\u4e48\u7761\u7740\u8fdb\u884c\u653b\u51fb\u3002",
            "language": {
                "name": "zh-Hans",
                "url": "/api/v2/language/12/"
            },
            "version_group": {
                "name": "sun-moon",
                "url": "/api/v2/version-group/17/"
            }
        },
        {
            "flavor_text": "\u3064\u306d\u306b\u3000\u3086\u3081\u3046\u3064\u3064\u306e\u3000\u3058\u3087\u3046\u305f\u3044\u3067\n\u305c\u3063\u305f\u3044\u306b\u3000\u3081\u3056\u3081\u306a\u3044\u3002\n\u306d\u3080\u3063\u305f\u307e\u307e\u3000\u3053\u3046\u3052\u304d\u304c\u3000\u3067\u304d\u308b\u3002",
            "language": {
                "name": "ja-Hrkt",
                "url": "/api/v2/language/1/"
            },
            "version_group": {
                "name": "ultra-sun-ultra-moon",
                "url": "/api/v2/version-group/18/"
            }
        },
        {
            "flavor_text": "\ud56d\uc0c1 \ube44\ubabd\uc0ac\ubabd \uc0c1\ud0dc\ub85c\n\uc808\ub300 \uae68\uc9c0 \uc54a\ub294\ub2e4.\n\uc7a0\ub4e0 \uc0c1\ud0dc\ub85c \uacf5\uaca9\ud560 \uc218 \uc788\ub2e4.",
            "language": {
                "name": "ko",
                "url": "/api/v2/language/3/"
            },
            "version_group": {
                "name": "ultra-sun-ultra-moon",
                "url": "/api/v2/version-group/18/"
            }
        },
        {
            "flavor_text": "\u7e3d\u662f\u534a\u5922\u534a\u9192\u7684\u72c0\u614b\uff0c\n\u7d55\u5c0d\u4e0d\u6703\u9192\u4f86\u3002\n\u53ef\u5728\u7761\u8457\u7684\u72c0\u6cc1\u4e0b\u9032\u884c\u653b\u64ca\u3002",
            "language": {
                "name": "zh-Hant",
                "url": "/api/v2/language/4/"
            },
            "version_group": {
                "name": "ultra-sun-ultra-moon",
                "url": "/api/v2/version-group/18/"
            }
        },
        {
            "flavor_text": "Le Pok\u00e9mon r\u00eave en permanence et ne se r\u00e9veille\njamais. Il est capable d\u2019attaquer normalement\ntout en dormant.",
            "language": {
                "name": "fr",
                "url": "/api/v2/language/5/"
            },
            "version_group": {
                "name": "ultra-sun-ultra-moon",
                "url": "/api/v2/version-group/18/"
            }
        },
        {
            "flavor_text": "Das Pok\u00e9mon befindet sich ununterbrochen im\nHalbschlaf und wacht nie vollst\u00e4ndig auf. Es kann\njedoch im Schlaf angreifen.",
            "language": {
                "name": "de",
                "url": "/api/v2/language/6/"
            },
            "version_group": {
                "name": "ultra-sun-ultra-moon",
                "url": "/api/v2/version-group/18/"
            }
        },
        {
            "flavor_text": "No despierta jam\u00e1s de su profundo letargo \ne incluso ataca dormido.",
            "language": {
                "name": "es",
                "url": "/api/v2/language/7/"
            },
            "version_group": {
                "name": "ultra-sun-ultra-moon",
                "url": "/api/v2/version-group/18/"
            }
        },
        {
            "flavor_text": "Il Pok\u00e9mon si trova in un costante stato di\ndormiveglia che gli impedisce di svegliarsi.\nPu\u00f2 attaccare anche da addormentato.",
            "language": {
                "name": "it",
                "url": "/api/v2/language/8/"
            },
            "version_group": {
                "name": "ultra-sun-ultra-moon",
                "url": "/api/v2/version-group/18/"
            }
        },
        {
            "flavor_text": "It\u2019s always drowsing and will never wake up.\nIt can attack without waking up.",
            "language": {
                "name": "en",
                "url": "/api/v2/language/9/"
            },
            "version_group": {
                "name": "ultra-sun-ultra-moon",
                "url": "/api/v2/version-group/18/"
            }
        },
        {
            "flavor_text": "\u3064\u306d\u306b\u3000\u5922\u3046\u3064\u3064\u306e\u3000\u72b6\u614b\u3067\n\u7d76\u5bfe\u306b\u3000\u76ee\u899a\u3081\u306a\u3044\u3002\n\u7720\u3063\u305f\u307e\u307e\u3000\u653b\u6483\u304c\u3000\u3067\u304d\u308b\u3002",
            "language": {
                "name": "ja",
                "url": "/api/v2/language/11/"
            },
            "version_group": {
                "name": "ultra-sun-ultra-moon",
                "url": "/api/v2/version-group/18/"
            }
        },
        {
            "flavor_text": "\u603b\u662f\u534a\u68a6\u534a\u9192\u7684\u72b6\u6001\uff0c\n\u7edd\u5bf9\u4e0d\u4f1a\u9192\u6765\u3002\n\u53ef\u4ee5\u5c31\u8fd9\u4e48\u7761\u7740\u8fdb\u884c\u653b\u51fb\u3002",
            "language": {
                "name": "zh-Hans",
                "url": "/api/v2/language/12/"
            },
            "version_group": {
                "name": "ultra-sun-ultra-moon",
                "url": "/api/v2/version-group/18/"
            }
        },
        {
            "flavor_text": "\u3064\u306d\u306b\u3000\u3086\u3081\u3046\u3064\u3064\u306e\u3000\u3058\u3087\u3046\u305f\u3044\u3067\n\u305c\u3063\u305f\u3044\u306b\u3000\u3081\u3056\u3081\u306a\u3044\u3002\n\u306d\u3080\u3063\u305f\u307e\u307e\u3000\u3053\u3046\u3052\u304d\u304c\u3000\u3067\u304d\u308b\u3002",
            "language": {
                "name": "ja-Hrkt",
                "url": "/api/v2/language/1/"
            },
            "version_group": {
                "name": "lets-go-pikachu-lets-go-eevee",
                "url": "/api/v2/version-group/19/"
            }
        },
        {
            "flavor_text": "\ud56d\uc0c1 \ube44\ubabd\uc0ac\ubabd \uc0c1\ud0dc\ub85c\n\uc808\ub300 \uae68\uc9c0 \uc54a\ub294\ub2e4.\n\uc7a0\ub4e0 \uc0c1\ud0dc\ub85c \uacf5\uaca9\ud560 \uc218 \uc788\ub2e4.",
            "language": {
                "name": "ko",
                "url": "/api/v2/language/3/"
            },
            "version_group": {
                "name": "lets-go-pikachu-lets-go-eevee",
                "url": "/api/v2/version-group/19/"
            }
        },
        {
            "flavor_text": "\u7e3d\u662f\u534a\u5922\u534a\u9192\u7684\u72c0\u614b\uff0c\n\u7d55\u5c0d\u4e0d\u6703\u9192\u4f86\u3002\n\u53ef\u5728\u7761\u8457\u7684\u72c0\u6cc1\u4e0b\u9032\u884c\u653b\u64ca\u3002",
            "language": {
                "name": "zh-Hant",
                "url": "/api/v2/language/4/"
            },
            "version_group": {
                "name": "lets-go-pikachu-lets-go-eevee",
                "url": "/api/v2/version-group/19/"
            }
        },
        {
            "flavor_text": "Le Pok\u00e9mon r\u00eave en permanence et ne se r\u00e9veille\njamais. Il est capable d\u2019attaquer normalement\ntout en dormant.",
            "language": {
                "name": "fr",
                "url": "/api/v2/language/5/"
            },
            "version_group": {
                "name": "lets-go-pikachu-lets-go-eevee",
                "url": "/api/v2/version-group/19/"
            }
        },
        {
            "flavor_text": "Das Pok\u00e9mon befindet sich ununterbrochen im\nHalbschlaf und wacht nie vollst\u00e4ndig auf. Es kann\njedoch im Schlaf angreifen.",
            "language": {
                "name": "de",
                "url": "/api/v2/language/6/"
            },
            "version_group": {
                "name": "lets-go-pikachu-lets-go-eevee",
                "url": "/api/v2/version-group/19/"
            }
        },
        {
            "flavor_text": "No despierta jam\u00e1s de su profundo letargo \ne incluso ataca dormido.",
            "language": {
                "name": "es",
                "url": "/api/v2/language/7/"
            },
            "version_group": {
                "name": "lets-go-pikachu-lets-go-eevee",
                "url": "/api/v2/version-group/19/"
            }
        },
        {
            "flavor_text": "Il Pok\u00e9mon si trova in un costante stato di\ndormiveglia che gli impedisce di svegliarsi.\nPu\u00f2 attaccare anche da addormentato.",
            "language": {
                "name": "it",
                "url": "/api/v2/language/8/"
            },
            "version_group": {
                "name": "lets-go-pikachu-lets-go-eevee",
                "url": "/api/v2/version-group/19/"
            }
        },
        {
            "flavor_text": "It\u2019s always drowsing and will never wake up.\nIt can attack without waking up.",
            "language": {
                "name": "en",
                "url": "/api/v2/language/9/"
            },
            "version_group": {
                "name": "lets-go-pikachu-lets-go-eevee",
                "url": "/api/v2/version-group/19/"
            }
        },
        {
            "flavor_text": "\u3064\u306d\u306b\u3000\u5922\u3046\u3064\u3064\u306e\u3000\u72b6\u614b\u3067\n\u7d76\u5bfe\u306b\u3000\u76ee\u899a\u3081\u306a\u3044\u3002\n\u7720\u3063\u305f\u307e\u307e\u3000\u653b\u6483\u304c\u3000\u3067\u304d\u308b\u3002",
            "language": {
                "name": "ja",
                "url": "/api/v2/language/11/"
            },
            "version_group": {
                "name": "lets-go-pikachu-lets-go-eevee",
                "url": "/api/v2/version-group/19/"
            }
        },
        {
            "flavor_text": "\u603b\u662f\u534a\u68a6\u534a\u9192\u7684\u72b6\u6001\uff0c\n\u7edd\u5bf9\u4e0d\u4f1a\u9192\u6765\u3002\n\u53ef\u4ee5\u5c31\u8fd9\u4e48\u7761\u7740\u8fdb\u884c\u653b\u51fb\u3002",
            "language": {
                "name": "zh-Hans",
                "url": "/api/v2/language/12/"
            },
            "version_group": {
                "name": "lets-go-pikachu-lets-go-eevee",
                "url": "/api/v2/version-group/19/"
            }
        },
        {
            "flavor_text": "\u3064\u306d\u306b\u3000\u3086\u3081\u3046\u3064\u3064\u306e\u3000\u3058\u3087\u3046\u305f\u3044\u3067\n\u305c\u3063\u305f\u3044\u306b\u3000\u3081\u3056\u3081\u306a\u3044\u3002\n\u306d\u3080\u3063\u305f\u307e\u307e\u3000\u3053\u3046\u3052\u304d\u304c\u3000\u3067\u304d\u308b\u3002",
            "language": {
                "name": "ja-Hrkt",
                "url": "/api/v2/language/1/"
            },
            "version_group": {
                "name": "sword-shield",
                "url": "/api/v2/version-group/20/"
            }
        },
        {
            "flavor_text": "\ud56d\uc0c1 \ube44\ubabd\uc0ac\ubabd \uc0c1\ud0dc\ub85c\n\uc808\ub300 \uae68\uc9c0 \uc54a\ub294\ub2e4.\n\uc7a0\ub4e0 \uc0c1\ud0dc\ub85c \uacf5\uaca9\ud560 \uc218 \uc788\ub2e4.",
            "language": {
                "name": "ko",
                "url": "/api/v2/language/3/"
            },
            "version_group": {
                "name": "sword-shield",
                "url": "/api/v2/version-group/20/"
            }
        },
        {
            "flavor_text": "\u7e3d\u662f\u534a\u5922\u534a\u9192\u7684\u72c0\u614b\uff0c\n\u7d55\u5c0d\u4e0d\u6703\u9192\u4f86\u3002\n\u53ef\u5728\u7761\u8457\u7684\u72c0\u6cc1\u4e0b\u9032\u884c\u653b\u64ca\u3002",
            "language": {
                "name": "zh-Hant",
                "url": "/api/v2/language/4/"
            },
            "version_group": {
                "name": "sword-shield",
                "url": "/api/v2/version-group/20/"
            }
        },
        {
            "flavor_text": "Le Pok\u00e9mon r\u00eave en permanence et ne se r\u00e9veille\njamais. Il est capable d\u2019attaquer normalement\ntout en dormant.",
            "language": {
                "name": "fr",
                "url": "/api/v2/language/5/"
            },
            "version_group": {
                "name": "sword-shield",
                "url": "/api/v2/version-group/20/"
            }
        },
        {
            "flavor_text": "Das Pok\u00e9mon befindet sich ununterbrochen im\nHalbschlaf und wacht nie vollst\u00e4ndig auf. Es kann\njedoch im Schlaf angreifen.",
            "language": {
                "name": "de",
                "url": "/api/v2/language/6/"
            },
            "version_group": {
                "name": "sword-shield",
                "url": "/api/v2/version-group/20/"
            }
        },
        {
            "flavor_text": "No despierta jam\u00e1s de su profundo letargo e incluso\nataca dormido.",
            "language": {
                "name": "es",
                "url": "/api/v2/language/7/"
            },
            "version_group": {
                "name": "sword-shield",
                "url": "/api/v2/version-group/20/"
            }
        },
        {
            "flavor_text": "Il Pok\u00e9mon si trova in un costante stato di\ndormiveglia che gli impedisce di svegliarsi.\nPu\u00f2 attaccare anche da addormentato.",
            "language": {
                "name": "it",
                "url": "/api/v2/language/8/"
            },
            "version_group": {
                "name": "sword-shield",
                "url": "/api/v2/version-group/20/"
            }
        },
        {
            "flavor_text": "It\u2019s always drowsing and will never wake up.\nIt can attack without waking up.",
            "language": {
                "name": "en",
                "url": "/api/v2/language/9/"
            },
            "version_group": {
                "name": "sword-shield",
                "url": "/api/v2/version-group/20/"
            }
        },
        {
            "flavor_text": "\u3064\u306d\u306b\u3000\u5922\u3046\u3064\u3064\u306e\u3000\u72b6\u614b\u3067\n\u7d76\u5bfe\u306b\u3000\u76ee\u899a\u3081\u306a\u3044\u3002\n\u7720\u3063\u305f\u307e\u307e\u3000\u653b\u6483\u304c\u3000\u3067\u304d\u308b\u3002",
            "language": {
                "name": "ja",
                "url": "/api/v2/language/11/"
            },
            "version_group": {
                "name": "sword-shield",
                "url": "/api/v2/version-group/20/"
            }
        },
        {
            "flavor_text": "\u603b\u662f\u534a\u68a6\u534a\u9192\u7684\u72b6\u6001\uff0c\n\u7edd\u5bf9\u4e0d\u4f1a\u9192\u6765\u3002\n\u53ef\u4ee5\u5c31\u8fd9\u4e48\u7761\u7740\u8fdb\u884c\u653b\u51fb\u3002",
            "language": {
                "name": "zh-Hans",
                "url": "/api/v2/language/12/"
            },
            "version_group": {
                "name": "sword-shield",
                "url": "/api/v2/version-group/20/"
            }
        }
    ],
    "generation": {
        "name": "generation-vii",
        "url": "/api/v2/generation/7/"
    },
    "id": 213,
    "is_main_series": true,
    "name": "comatose",
    "names": [
        {
            "language": {
                "name": "ja-Hrkt",
                "url": "/api/v2/language/1/"
            },
            "name": "\u305c\u3063\u305f\u3044\u306d\u3080\u308a"
        },
        {
            "language": {
                "name": "ko",
                "url": "/api/v2/language/3/"
            },
            "name": "\uc808\ub300\uc548\uae78"
        },
        {
            "language": {
                "name": "zh-Hant",
                "url": "/api/v2/language/4/"
            },
            "name": "\u7d55\u5c0d\u7761\u7720"
        },
        {
            "language": {
                "name": "fr",
                "url": "/api/v2/language/5/"
            },
            "name": "Hypersommeil"
        },
        {
            "language": {
                "name": "de",
                "url": "/api/v2/language/6/"
            },
            "name": "Dauerschlaf"
        },
        {
            "language": {
                "name": "es",
                "url": "/api/v2/language/7/"
            },
            "name": "Letargo Perenne"
        },
        {
            "language": {
                "name": "it",
                "url": "/api/v2/language/8/"
            },
            "name": "Sonno Assoluto"
        },
        {
            "language": {
                "name": "en",
                "url": "/api/v2/language/9/"
            },
            "name": "Comatose"
        },
        {
            "language": {
                "name": "ja",
                "url": "/api/v2/language/11/"
            },
            "name": "\u305c\u3063\u305f\u3044\u306d\u3080\u308a"
        },
        {
            "language": {
                "name": "zh-Hans",
                "url": "/api/v2/language/12/"
            },
            "name": "\u7edd\u5bf9\u7761\u7720"
        }
    ],
    "pokemon": [
        {
            "is_hidden": false,
            "pokemon": {
                "name": "komala",
                "url": "/api/v2/pokemon/775/"
            },
            "slot": 1
        }
    ]
}