{
    "effect_changes": [],
    "effect_entries": [
        {
            "effect": "Attacken k\u00f6nnen keinen kritischen Treffer landen.\n\nDiese F\u00e4higkeit ist identisch mit shell armor.",
            "language": {
                "name": "de",
                "url": "/api/v2/language/6/"
            },
            "short_effect": "Sch\u00fctzt vor kritischen Treffern."
        },
        {
            "effect": "Moves cannot score critical hits against this Pok\u00e9mon.\n\nThis ability functions identically to shell armor.",
            "language": {
                "name": "en",
                "url": "/api/v2/language/9/"
            },
            "short_effect": "Protects against critical hits."
        }
    ],
    "flavor_text_entries": [
        {
            "flavor_text": "Blocks critical hits.",
            "language": {
                "name": "en",
                "url": "/api/v2/language/9/"
            },
            "version_group": {
                "name": "ruby-sapphire",
                "url": "/api/v2/version-group/5/"
            }
        },
        {
            "flavor_text": "Blocks critical hits.",
            "language": {
                "name": "en",
                "url": "/api/v2/language/9/"
            },
            "version_group": {
                "name": "emerald",
                "url": "/api/v2/version-group/6/"
            }
        },
        {
            "flavor_text": "Blocks critical hits.",
            "language": {
                "name": "en",
                "url": "/api/v2/language/9/"
            },
            "version_group": {
                "name": "firered-leafgreen",
                "url": "/api/v2/version-group/7/"
            }
        },
        {
            "flavor_text": "The Pok\u00e9mon is protected\nagainst critical hits.",
            "language": {
                "name": "en",
                "url": "/api/v2/language/9/"
            },
            "version_group": {
                "name": "diamond-pearl",
                "url": "/api/v2/version-group/8/"
            }
        },
        {
            "flavor_text": "The Pok\u00e9mon is protected\nagainst critical hits.",
            "language": {
                "name": "en",
                "url": "/api/v2/language/9/"
            },
            "version_group": {
                "name": "platinum",
                "url": "/api/v2/version-group/9/"
            }
        },
        {
            "flavor_text": "The Pok\u00e9mon is protected\nagainst critical hits.",
            "language": {
                "name": "en",
                "url": "/api/v2/language/9/"
            },
            "version_group": {
                "name": "heartgold-soulsilver",
                "url": "/api/v2/version-group/10/"
            }
        },
        {
            "flavor_text": "Le Pok\u00e9mon est prot\u00e9g\u00e9\ndes coups critiques.",
            "language": {
                "name": "fr",
                "url": "/api/v2/language/5/"
            },
            "version_group": {
                "name": "black-white",
                "url": "/api/v2/version-group/11/"
            }
        },
        {
            "flavor_text": "The Pok\u00e9mon is protected\nagainst critical hits.",
            "language": {
                "name": "en",
                "url": "/api/v2/language/9/"
            },
            "version_group": {
                "name": "black-white",
                "url": "/api/v2/version-group/11/"
            }
        },
        {
            "flavor_text": "The Pok\u00e9mon is protected\nagainst critical hits.",
            "language": {
                "name": "en",
                "url": "/api/v2/language/9/"
            },
            "version_group": {
                "name": "black-2-white-2",
                "url": "/api/v2/version-group/14/"
            }
        },
        {
            "flavor_text": "\u3042\u3044\u3066\u306e\u3000\u3053\u3046\u3052\u304d\u304c\n\u304d\u3085\u3046\u3057\u3087\u306b\u3000\u3042\u305f\u3089\u306a\u3044\u3002",
            "language": {
                "name": "ja-Hrkt",
                "url": "/api/v2/language/1/"
            },
            "version_group": {
                "name": "x-y",
                "url": "/api/v2/version-group/15/"
            }
        },
        {
            "flavor_text": "\uc0c1\ub300\uc758 \uacf5\uaca9\uc774\n\uae09\uc18c\uc5d0 \ub9de\uc9c0 \uc54a\ub294\ub2e4.",
            "language": {
                "name": "ko",
                "url": "/api/v2/language/3/"
            },
            "version_group": {
                "name": "x-y",
                "url": "/api/v2/version-group/15/"
            }
        },
        {
            "flavor_text": "Le Pok\u00e9mon est prot\u00e9g\u00e9 des\ncoups critiques.",
            "language": {
                "name": "fr",
                "url": "/api/v2/language/5/"
            },
            "version_group": {
                "name": "x-y",
                "url": "/api/v2/version-group/15/"
            }
        },
        {
            "flavor_text": "Wehrt gegnerische Volltreffer ab.",
            "language": {
                "name": "de",
                "url": "/api/v2/language/6/"
            },
            "version_group": {
                "name": "x-y",
                "url": "/api/v2/version-group/15/"
            }
        },
        {
            "flavor_text": "Bloquea golpes cr\u00edticos.",
            "language": {
                "name": "es",
                "url": "/api/v2/language/7/"
            },
            "version_group": {
                "name": "x-y",
                "url": "/api/v2/version-group/15/"
            }
        },
        {
            "flavor_text": "Evita che il Pok\u00e9mon subisca\nbrutti colpi.",
            "language": {
                "name": "it",
                "url": "/api/v2/language/8/"
            },
            "version_group": {
                "name": "x-y",
                "url": "/api/v2/version-group/15/"
            }
        },
        {
            "flavor_text": "Protects the Pok\u00e9mon\nfrom critical hits.",
            "language": {
                "name": "en",
                "url": "/api/v2/language/9/"
            },
            "version_group": {
                "name": "x-y",
                "url": "/api/v2/version-group/15/"
            }
        },
        {
            "flavor_text": "\u76f8\u624b\u306e\u3000\u653b\u6483\u304c\n\u6025\u6240\u306b\u3000\u5f53\u305f\u3089\u306a\u3044\u3002",
            "language": {
                "name": "ja",
                "url": "/api/v2/language/11/"
            },
            "version_group": {
                "name": "x-y",
                "url": "/api/v2/version-group/15/"
            }
        },
        {
            "flavor_text": "\u3042\u3044\u3066\u306e\u3000\u3053\u3046\u3052\u304d\u304c\n\u304d\u3085\u3046\u3057\u3087\u306b\u3000\u3042\u305f\u3089\u306a\u3044\u3002",
            "language": {
                "name": "ja-Hrkt",
                "url": "/api/v2/language/1/"
            },
            "version_group": {
                "name": "omega-ruby-alpha-sapphire",
                "url": "/api/v2/version-group/16/"
            }
        },
        {
            "flavor_text": "\uc0c1\ub300\uc758 \uacf5\uaca9\uc774\n\uae09\uc18c\uc5d0 \ub9de\uc9c0 \uc54a\ub294\ub2e4.",
            "language": {
                "name": "ko",
                "url": "/api/v2/language/3/"
            },
            "version_group": {
                "name": "omega-ruby-alpha-sapphire",
                "url": "/api/v2/version-group/16/"
            }
        },
        {
            "flavor_text": "Le Pok\u00e9mon est prot\u00e9g\u00e9 des\ncoups critiques.",
            "language": {
                "name": "fr",
                "url": "/api/v2/language/5/"
            },
            "version_group": {
                "name": "omega-ruby-alpha-sapphire",
                "url": "/api/v2/version-group/16/"
            }
        },
        {
            "flavor_text": "Wehrt gegnerische Volltreffer ab.",
            "language": {
                "name": "de",
                "url": "/api/v2/language/6/"
            },
            "version_group": {
                "name": "omega-ruby-alpha-sapphire",
                "url": "/api/v2/version-group/16/"
            }
        },
        {
            "flavor_text": "Bloquea los golpes cr\u00edticos.",
            "language": {
                "name": "es",
                "url": "/api/v2/language/7/"
            },
            "version_group": {
                "name": "omega-ruby-alpha-sapphire",
                "url": "/api/v2/version-group/16/"
            }
        },
        {
            "flavor_text": "Evita che il Pok\u00e9mon subisca\nbrutti colpi.",
            "language": {
                "name": "it",
                "url": "/api/v2/language/8/"
            },
            "version_group": {
                "name": "omega-ruby-alpha-sapphire",
                "url": "/api/v2/version-group/16/"
            }
        },
        {
            "flavor_text": "Protects the Pok\u00e9mon\nfrom critical hits.",
            "language": {
                "name": "en",
                "url": "/api/v2/language/9/"
            },
            "version_group": {
                "name": "omega-ruby-alpha-sapphire",
                "url": "/api/v2/version-group/16/"
            }
        },
        {
            "flavor_text": "\u76f8\u624b\u306e\u3000\u653b\u6483\u304c\n\u6025\u6240\u306b\u3000\u5f53\u305f\u3089\u306a\u3044\u3002",
            "language": {
                "name": "ja",
                "url": "/api/v2/language/11/"
            },
            "version_group": {
                "name": "omega-ruby-alpha-sapphire",
                "url": "/api/v2/version-group/16/"
            }
        },
        {
            "flavor_text": "\u304b\u305f\u3044\u3000\u3053\u3046\u3089\u306b\u3000\u307e\u3082\u3089\u308c\u3066\n\u3042\u3044\u3066\u306e\u3000\u3053\u3046\u3052\u304d\u304c\n\u304d\u3085\u3046\u3057\u3087\u306b\u3000\u3042\u305f\u3089\u306a\u3044\u3002",
            "language": {
                "name": "ja-Hrkt",
                "url": "/api/v2/language/1/"
            },
            "version_group": {
                "name": "sun-moon",
                "url": "/api/v2/version-group/17/"
            }
        },
        {
            "flavor_text": "\ub2e8\ub2e8\ud55c \uaecd\uc9c8\uc5d0 \ubcf4\ud638\ubc1b\uc544\n\uc0c1\ub300\uc758 \uacf5\uaca9\uc774\n\uae09\uc18c\uc5d0 \ub9de\uc9c0 \uc54a\ub294\ub2e4.",
            "language": {
                "name": "ko",
                "url": "/api/v2/language/3/"
            },
            "version_group": {
                "name": "sun-moon",
                "url": "/api/v2/version-group/17/"
            }
        },
        {
            "flavor_text": "\u88ab\u5805\u786c\u7684\u7532\u6bbc\u5b88\u8b77\u8457\uff0c\n\u4e0d\u6703\u88ab\u5c0d\u624b\u7684\u653b\u64ca\u64ca\u4e2d\u8981\u5bb3\u3002",
            "language": {
                "name": "zh-Hant",
                "url": "/api/v2/language/4/"
            },
            "version_group": {
                "name": "sun-moon",
                "url": "/api/v2/version-group/17/"
            }
        },
        {
            "flavor_text": "Le Pok\u00e9mon est prot\u00e9g\u00e9 des coups critiques\npar une solide carapace.",
            "language": {
                "name": "fr",
                "url": "/api/v2/language/5/"
            },
            "version_group": {
                "name": "sun-moon",
                "url": "/api/v2/version-group/17/"
            }
        },
        {
            "flavor_text": "Wehrt gegnerische Volltreffer mit einem harten\nPanzer ab.",
            "language": {
                "name": "de",
                "url": "/api/v2/language/6/"
            },
            "version_group": {
                "name": "sun-moon",
                "url": "/api/v2/version-group/17/"
            }
        },
        {
            "flavor_text": "La robusta coraza que lo protege bloquea los golpes\ncr\u00edticos.",
            "language": {
                "name": "es",
                "url": "/api/v2/language/7/"
            },
            "version_group": {
                "name": "sun-moon",
                "url": "/api/v2/version-group/17/"
            }
        },
        {
            "flavor_text": "Il Pok\u00e9mon \u00e8 protetto da una dura corazza\nche gli evita di subire brutti colpi.",
            "language": {
                "name": "it",
                "url": "/api/v2/language/8/"
            },
            "version_group": {
                "name": "sun-moon",
                "url": "/api/v2/version-group/17/"
            }
        },
        {
            "flavor_text": "Hard armor protects the Pok\u00e9mon from critical hits.",
            "language": {
                "name": "en",
                "url": "/api/v2/language/9/"
            },
            "version_group": {
                "name": "sun-moon",
                "url": "/api/v2/version-group/17/"
            }
        },
        {
            "flavor_text": "\u786c\u3044\u3000\u7532\u7f85\u306b\u3000\u5b88\u3089\u308c\u3066\n\u76f8\u624b\u306e\u3000\u653b\u6483\u304c\n\u6025\u6240\u306b\u3000\u5f53\u305f\u3089\u306a\u3044\u3002",
            "language": {
                "name": "ja",
                "url": "/api/v2/language/11/"
            },
            "version_group": {
                "name": "sun-moon",
                "url": "/api/v2/version-group/17/"
            }
        },
        {
            "flavor_text": "\u88ab\u575a\u786c\u7684\u7532\u58f3\u5b88\u62a4\u7740\uff0c\n\u4e0d\u4f1a\u88ab\u5bf9\u624b\u7684\u653b\u51fb\u51fb\u4e2d\u8981\u5bb3\u3002",
            "language": {
                "name": "zh-Hans",
                "url": "/api/v2/language/12/"
            },
            "version_group": {
                "name": "sun-moon",
                "url": "/api/v2/version-group/17/"
            }
        },
        {
            "flavor_text": "\u304b\u305f\u3044\u3000\u3053\u3046\u3089\u306b\u3000\u307e\u3082\u3089\u308c\u3066\n\u3042\u3044\u3066\u306e\u3000\u3053\u3046\u3052\u304d\u304c\n\u304d\u3085\u3046\u3057\u3087\u306b\u3000\u3042\u305f\u3089\u306a\u3044\u3002",
            "language": {
                "name": "ja-Hrkt",
                "url": "/api/v2/language/1/"
            },
            "version_group": {
                "name": "ultra-sun-ultra-moon",
                "url": "/api/v2/version-group/18/"
            }
        },
        {
            "flavor_text": "\ub2e8\ub2e8\ud55c \uaecd\uc9c8\uc5d0 \ubcf4\ud638\ubc1b\uc544\n\uc0c1\ub300\uc758 \uacf5\uaca9\uc774\n\uae09\uc18c\uc5d0 \ub9de\uc9c0 \uc54a\ub294\ub2e4.",
            "language": {
                "name": "ko",
                "url": "/api/v2/language/3/"
            },
            "version_group": {
                "name": "ultra-sun-ultra-moon",
                "url": "/api/v2/version-group/18/"
            }
        },
        {
            "flavor_text": "\u88ab\u5805\u786c\u7684\u7532\u6bbc\u5b88\u8b77\u8457\uff0c\n\u4e0d\u6703\u88ab\u5c0d\u624b\u7684\u653b\u64ca\u64ca\u4e2d\u8981\u5bb3\u3002",
            "language": {
                "name": "zh-Hant",
                "url": "/api/v2/language/4/"
            },
            "version_group": {
                "name": "ultra-sun-ultra-moon",
                "url": "/api/v2/version-group/18/"
            }
        },
        {
            "flavor_text": "Le Pok\u00e9mon est prot\u00e9g\u00e9 des coups critiques\npar une solide carapace.",
            "language": {
                "name": "fr",
                "url": "/api/v2/language/5/"
            },
            "version_group": {
                "name": "ultra-sun-ultra-moon",
                "url": "/api/v2/version-group/18/"
            }
        },
        {
            "flavor_text": "Wehrt gegnerische Volltreffer mit einem harten\nPanzer ab.",
            "language": {
                "name": "de",
                "url": "/api/v2/language/6/"
            },
            "version_group": {
                "name": "ultra-sun-ultra-moon",
                "url": "/api/v2/version-group/18/"
            }
        },
        {
            "flavor_text": "La robusta coraza que lo protege bloquea los golpes\ncr\u00edticos.",
            "language": {
                "name": "es",
                "url": "/api/v2/language/7/"
            },
            "version_group": {
                "name": "ultra-sun-ultra-moon",
                "url": "/api/v2/version-group/18/"
            }
        },
        {
            "flavor_text": "Il Pok\u00e9mon \u00e8 protetto da una dura corazza\nche gli evita di subire brutti colpi.",
            "language": {
                "name": "it",
                "url": "/api/v2/language/8/"
            },
            "version_group": {
                "name": "ultra-sun-ultra-moon",
                "url": "/api/v2/version-group/18/"
            }
        },
        {
            "flavor_text": "Hard armor protects the Pok\u00e9mon from critical hits.",
            "language": {
                "name": "en",
                "url": "/api/v2/language/9/"
            },
            "version_group": {
                "name": "ultra-sun-ultra-moon",
                "url": "/api/v2/version-group/18/"
            }
        },
        {
            "flavor_text": "\u786c\u3044\u3000\u7532\u7f85\u306b\u3000\u5b88\u3089\u308c\u3066\n\u76f8\u624b\u306e\u3000\u653b\u6483\u304c\n\u6025\u6240\u306b\u3000\u5f53\u305f\u3089\u306a\u3044\u3002",
            "language": {
                "name": "ja",
                "url": "/api/v2/language/11/"
            },
            "version_group": {
                "name": "ultra-sun-ultra-moon",
                "url": "/api/v2/version-group/18/"
            }
        },
        {
            "flavor_text": "\u88ab\u575a\u786c\u7684\u7532\u58f3\u5b88\u62a4\u7740\uff0c\n\u4e0d\u4f1a\u88ab\u5bf9\u624b\u7684\u653b\u51fb\u51fb\u4e2d\u8981\u5bb3\u3002",
            "language": {
                "name": "zh-Hans",
                "url": "/api/v2/language/12/"
            },
            "version_group": {
                "name": "ultra-sun-ultra-moon",
                "url": "/api/v2/version-group/18/"
            }
        },
        {
            "flavor_text": "\u304b\u305f\u3044\u3000\u3053\u3046\u3089\u306b\u3000\u307e\u3082\u3089\u308c\u3066\n\u3042\u3044\u3066\u306e\u3000\u3053\u3046\u3052\u304d\u304c\n\u304d\u3085\u3046\u3057\u3087\u306b\u3000\u3042\u305f\u3089\u306a\u3044\u3002",
            "language": {
                "name": "ja-Hrkt",
                "url": "/api/v2/language/1/"
            },
            "version_group": {
                "name": "lets-go-pikachu-lets-go-eevee",
                "url": "/api/v2/version-group/19/"
            }
        },
        {
            "flavor_text": "\ub2e8\ub2e8\ud55c \uaecd\uc9c8\uc5d0 \ubcf4\ud638\ubc1b\uc544\n\uc0c1\ub300\uc758 \uacf5\uaca9\uc774\n\uae09\uc18c\uc5d0 \ub9de\uc9c0 \uc54a\ub294\ub2e4.",
            "language": {
                "name": "ko",
                "url": "/api/v2/language/3/"
            },
            "version_group": {
                "name": "lets-go-pikachu-lets-go-eevee",
                "url": "/api/v2/version-group/19/"
            }
        },
        {
            "flavor_text": "\u88ab\u5805\u786c\u7684\u7532\u6bbc\u5b88\u8b77\u8457\uff0c\n\u4e0d\u6703\u88ab\u5c0d\u624b\u7684\u653b\u64ca\u64ca\u4e2d\u8981\u5bb3\u3002",
            "language": {
                "name": "zh-Hant",
                "url": "/api/v2/language/4/"
            },
            "version_group": {
                "name": "lets-go-pikachu-lets-go-eevee",
                "url": "/api/v2/version-group/19/"
            }
        },
        {
            "flavor_text": "Le Pok\u00e9mon est prot\u00e9g\u00e9 des coups critiques\npar une solide carapace.",
            "language": {
                "name": "fr",
                "url": "/api/v2/language/5/"
            },
            "version_group": {
                "name": "lets-go-pikachu-lets-go-eevee",
                "url": "/api/v2/version-group/19/"
            }
        },
        {
            "flavor_text": "Wehrt gegnerische Volltreffer mit einem harten\nPanzer ab.",
            "language": {
                "name": "de",
                "url": "/api/v2/language/6/"
            },
            "version_group": {
                "name": "lets-go-pikachu-lets-go-eevee",
                "url": "/api/v2/version-group/19/"
            }
        },
        {
            "flavor_text": "La robusta coraza que lo protege bloquea los golpes\ncr\u00edticos.",
            "language": {
                "name": "es",
                "url": "/api/v2/language/7/"
            },
            "version_group": {
                "name": "lets-go-pikachu-lets-go-eevee",
                "url": "/api/v2/version-group/19/"
            }
        },
        {
            "flavor_text": "Il Pok\u00e9mon \u00e8 protetto da una dura corazza\nche gli evita di subire brutti colpi.",
            "language": {
                "name": "it",
                "url": "/api/v2/language/8/"
            },
            "version_group": {
                "name": "lets-go-pikachu-lets-go-eevee",
                "url": "/api/v2/version-group/19/"
            }
        },
        {
            "flavor_text": "Hard armor protects the Pok\u00e9mon from critical hits.",
            "language": {
                "name": "en",
                "url": "/api/v2/language/9/"
            },
            "version_group": {
                "name": "lets-go-pikachu-lets-go-eevee",
                "url": "/api/v2/version-group/19/"
            }
        },
        {
            "flavor_text": "\u786c\u3044\u3000\u7532\u7f85\u306b\u3000\u5b88\u3089\u308c\u3066\n\u76f8\u624b\u306e\u3000\u653b\u6483\u304c\n\u6025\u6240\u306b\u3000\u5f53\u305f\u3089\u306a\u3044\u3002",
            "language": {
                "name": "ja",
                "url": "/api/v2/language/11/"
            },
            "version_group": {
                "name": "lets-go-pikachu-lets-go-eevee",
                "url": "/api/v2/version-group/19/"
            }
        },
        {
            "flavor_text": "\u88ab\u575a\u786c\u7684\u7532\u58f3\u5b88\u62a4\u7740\uff0c\n\u4e0d\u4f1a\u88ab\u5bf9\u624b\u7684\u653b\u51fb\u51fb\u4e2d\u8981\u5bb3\u3002",
            "language": {
                "name": "zh-Hans",
                "url": "/api/v2/language/12/"
            },
            "version_group": {
                "name": "lets-go-pikachu-lets-go-eevee",
                "url": "/api/v2/version-group/19/"
            }
        },
        {
            "flavor_text": "\u304b\u305f\u3044\u3000\u3053\u3046\u3089\u306b\u3000\u307e\u3082\u3089\u308c\u3066\n\u3042\u3044\u3066\u306e\u3000\u3053\u3046\u3052\u304d\u304c\n\u304d\u3085\u3046\u3057\u3087\u306b\u3000\u3042\u305f\u3089\u306a\u3044\u3002",
            "language": {
                "name": "ja-Hrkt",
                "url": "/api/v2/language/1/"
            },
            "version_group": {
                "name": "sword-shield",
                "url": "/api/v2/version-group/20/"
            }
        },
        {
            "flavor_text": "\ub2e8\ub2e8\ud55c \uaecd\uc9c8\uc5d0 \ubcf4\ud638\ubc1b\uc544\n\uc0c1\ub300\uc758 \uacf5\uaca9\uc774\n\uae09\uc18c\uc5d0 \ub9de\uc9c0 \uc54a\ub294\ub2e4.",
            "language": {
                "name": "ko",
                "url": "/api/v2/language/3/"
            },
            "version_group": {
                "name": "sword-shield",
                "url": "/api/v2/version-group/20/"
            }
        },
        {
            "flavor_text": "\u88ab\u5805\u786c\u7684\u7532\u6bbc\u5b88\u8b77\u8457\uff0c\n\u4e0d\u6703\u88ab\u5c0d\u624b\u7684\u653b\u64ca\u64ca\u4e2d\u8981\u5bb3\u3002",
            "language": {
                "name": "zh-Hant",
                "url": "/api/v2/language/4/"
            },
            "version_group": {
                "name": "sword-shield",
                "url": "/api/v2/version-group/20/"
            }
        },
        {
            "flavor_text": "Le Pok\u00e9mon est prot\u00e9g\u00e9 des coups critiques\npar une solide carapace.",
            "language": {
                "name": "fr",
                "url": "/api/v2/language/5/"
            },
            "version_group": {
                "name": "sword-shield",
                "url": "/api/v2/version-group/20/"
            }
        },
        {
            "flavor_text": "Wehrt gegnerische Volltreffer mit einem harten\nPanzer ab.",
            "language": {
                "name": "de",
                "url": "/api/v2/language/6/"
            },
            "version_group": {
                "name": "sword-shield",
                "url": "/api/v2/version-group/20/"
            }
        },
        {
            "flavor_text": "La robusta coraza que lo protege bloquea los golpes\ncr\u00edticos.",
            "language": {
                "name": "es",
                "url": "/api/v2/language/7/"
            },
            "version_group": {
                "name": "sword-shield",
                "url": "/api/v2/version-group/20/"
            }
        },
        {
            "flavor_text": "Il Pok\u00e9mon \u00e8 protetto da una dura corazza\nche gli evita di subire brutti colpi.",
            "language": {
                "name": "it",
                "url": "/api/v2/language/8/"
            },
            "version_group": {
                "name": "sword-shield",
                "url": "/api/v2/version-group/20/"
            }
        },
        {
            "flavor_text": "Hard armor protects the Pok\u00e9mon from critical hits.",
            "language": {
                "name": "en",
                "url": "/api/v2/language/9/"
            },
            "version_group": {
                "name": "sword-shield",
                "url": "/api/v2/version-group/20/"
            }
        },
        {
            "flavor_text": "\u786c\u3044\u3000\u7532\u7f85\u306b\u3000\u5b88\u3089\u308c\u3066\n\u76f8\u624b\u306e\u3000\u653b\u6483\u304c\n\u6025\u6240\u306b\u3000\u5f53\u305f\u3089\u306a\u3044\u3002",
            "language": {
                "name": "ja",
                "url": "/api/v2/language/11/"
            },
            "version_group": {
                "name": "sword-shield",
                "url": "/api/v2/version-group/20/"
            }
        },
        {
            "flavor_text": "\u88ab\u575a\u786c\u7684\u7532\u58f3\u5b88\u62a4\u7740\uff0c\n\u4e0d\u4f1a\u88ab\u5bf9\u624b\u7684\u653b\u51fb\u51fb\u4e2d\u8981\u5bb3\u3002",
            "language": {
                "name": "zh-Hans",
                "url": "/api/v2/language/12/"
            },
            "version_group": {
                "name": "sword-shield",
                "url": "/api/v2/version-group/20/"
            }
        }
    ],
    "generation": {
        "name": "generation-iii",
        "url": "/api/v2/generation/3/"
    },
    "id": 4,
    "is_main_series": true,
    "name": "battle-armor",
    "names": [
        {
            "language": {
                "name": "ja-Hrkt",
                "url": "/api/v2/language/1/"
            },
            "name": "\u30ab\u30d6\u30c8\u30a2\u30fc\u30de\u30fc"
        },
        {
            "language": {
                "name": "ko",
                "url": "/api/v2/language/3/"
            },
            "name": "\uc804\ud22c\ubb34\uc7a5"
        },
        {
            "language": {
                "name": "zh-Hant",
                "url": "/api/v2/language/4/"
            },
            "name": "\u6230\u9b25\u76d4\u7532"
        },
        {
            "language": {
                "name": "fr",
                "url": "/api/v2/language/5/"
            },
            "name": "Armurbaston"
        },
        {
            "language": {
                "name": "de",
                "url": "/api/v2/language/6/"
            },
            "name": "Kampfpanzer"
        },
        {
            "language": {
                "name": "es",
                "url": "/api/v2/language/7/"
            },
            "name": "Armadura Batalla"
        },
        {
            "language": {
                "name": "it",
                "url": "/api/v2/language/8/"
            },
            "name": "Lottascudo"
        },
        {
            "language": {
                "name": "en",
                "url": "/api/v2/language/9/"
            },
            "name": "Battle Armor"
        },
        {
            "language": {
                "name": "ja",
                "url": "/api/v2/language/11/"
            },
            "name": "\u30ab\u30d6\u30c8\u30a2\u30fc\u30de\u30fc"
        },
        {
            "language": {
                "name": "zh-Hans",
                "url": "/api/v2/language/12/"
            },
            "name": "\u6218\u6597\u76d4\u7532"
        }
    ],
    "pokemon": [
        {
            "is_hidden": true,
            "pokemon": {
                "name": "cubone",
                "url": "/api/v2/pokemon/104/"
            },
            "slot": 3
        },
        {
            "is_hidden": true,
            "pokemon": {
                "name": "marowak",
                "url": "/api/v2/pokemon/105/"
            },
            "slot": 3
        },
        {
            "is_hidden": false,
            "pokemon": {
                "name": "kabuto",
                "url": "/api/v2/pokemon/140/"
            },
            "slot": 2
        },
        {
            "is_hidden": false,
            "pokemon": {
                "name": "kabutops",
                "url": "/api/v2/pokemon/141/"
            },
            "slot": 2
        },
        {
            "is_hidden": false,
            "pokemon": {
                "name": "anorith",
                "url": "/api/v2/pokemon/347/"
            },
            "slot": 1
        },
        {
            "is_hidden": false,
            "pokemon": {
                "name": "armaldo",
                "url": "/api/v2/pokemon/348/"
            },
            "slot": 1
        },
        {
            "is_hidden": false,
            "pokemon": {
                "name": "skorupi",
                "url": "/api/v2/pokemon/451/"
            },
            "slot": 1
        },
        {
            "is_hidden": false,
            "pokemon": {
                "name": "drapion",
                "url": "/api/v2/pokemon/452/"
            },
            "slot": 1
        },
        {
            "is_hidden": false,
            "pokemon": {
                "name": "type-null",
                "url": "/api/v2/pokemon/772/"
            },
            "slot": 1
        },
        {
            "is_hidden": false,
            "pokemon": {
                "name": "perrserker",
                "url": "/api/v2/pokemon/863/"
            },
            "slot": 1
        },
        {
            "is_hidden": false,
            "pokemon": {
                "name": "falinks",
                "url": "/api/v2/pokemon/870/"
            },
            "slot": 1
        }
    ]
}