{
    "descriptions": [
        {
            "description": "\u306b\u3052\u308b\u306e\u304c\u3000\u306f\u3084\u3044",
            "language": {
                "name": "ja-Hrkt",
                "url": "/api/v2/language/1/"
            }
        },
        {
            "description": "\ub3c4\ub9dd\uc5d0\ub294 \uc120\uc218\uc784",
            "language": {
                "name": "ko",
                "url": "/api/v2/language/3/"
            }
        },
        {
            "description": "\u9003\u5f97\u5feb",
            "language": {
                "name": "zh-Hant",
                "url": "/api/v2/language/4/"
            }
        },
        {
            "description": "Il fuit rapidement",
            "language": {
                "name": "fr",
                "url": "/api/v2/language/5/"
            }
        },
        {
            "description": "Fl\u00fcchtet schnell",
            "language": {
                "name": "de",
                "url": "/api/v2/language/6/"
            }
        },
        {
            "description": "Huye r\u00e1pido",
            "language": {
                "name": "es",
                "url": "/api/v2/language/7/"
            }
        },
        {
            "description": "Sa fuggire velocemente",
            "language": {
                "name": "it",
                "url": "/api/v2/language/8/"
            }
        },
        {
            "description": "Quick to flee",
            "language": {
                "name": "en",
                "url": "/api/v2/language/9/"
            }
        },
        {
            "description": "\u9003\u3052\u308b\u306e\u304c\u3000\u306f\u3084\u3044",
            "language": {
                "name": "ja",
                "url": "/api/v2/language/11/"
            }
        },
        {
            "description": "\u9003\u5f97\u5feb",
            "language": {
                "name": "zh-Hans",
                "url": "/api/v2/language/12/"
            }
        }
    ],
    "gene_modulo": 4,
    "highest_stat": {
        "name": "speed",
        "url": "/api/v2/stat/6/"
    },
    "id": 30,
    "possible_values": [
        4,
        9,
        14,
        19,
        24,
        29
    ]
}