{
    "berries": [
        {
            "berry": {
                "name": "kasib",
                "url": "/api/v2/berry/48/"
            },
            "potency": 10
        },
        {
            "berry": {
                "name": "babiri",
                "url": "/api/v2/berry/51/"
            },
            "potency": 10
        },
        {
            "berry": {
                "name": "liechi",
                "url": "/api/v2/berry/53/"
            },
            "potency": 10
        },
        {
            "berry": {
                "name": "lum",
                "url": "/api/v2/berry/9/"
            },
            "potency": 10
        },
        {
            "berry": {
                "name": "sitrus",
                "url": "/api/v2/berry/10/"
            },
            "potency": 10
        },
        {
            "berry": {
                "name": "oran",
                "url": "/api/v2/berry/7/"
            },
            "potency": 10
        },
        {
            "berry": {
                "name": "razz",
                "url": "/api/v2/berry/16/"
            },
            "potency": 10
        },
        {
            "berry": {
                "name": "bluk",
                "url": "/api/v2/berry/17/"
            },
            "potency": 10
        },
        {
            "berry": {
                "name": "kelpsy",
                "url": "/api/v2/berry/22/"
            },
            "potency": 10
        },
        {
            "berry": {
                "name": "hondew",
                "url": "/api/v2/berry/24/"
            },
            "potency": 10
        },
        {
            "berry": {
                "name": "grepa",
                "url": "/api/v2/berry/25/"
            },
            "potency": 10
        },
        {
            "berry": {
                "name": "tamato",
                "url": "/api/v2/berry/26/"
            },
            "potency": 10
        },
        {
            "berry": {
                "name": "enigma",
                "url": "/api/v2/berry/60/"
            },
            "potency": 10
        },
        {
            "berry": {
                "name": "spelon",
                "url": "/api/v2/berry/31/"
            },
            "potency": 10
        },
        {
            "berry": {
                "name": "starf",
                "url": "/api/v2/berry/59/"
            },
            "potency": 10
        },
        {
            "berry": {
                "name": "chesto",
                "url": "/api/v2/berry/2/"
            },
            "potency": 10
        },
        {
            "berry": {
                "name": "yache",
                "url": "/api/v2/berry/40/"
            },
            "potency": 10
        },
        {
            "berry": {
                "name": "persim",
                "url": "/api/v2/berry/8/"
            },
            "potency": 10
        },
        {
            "berry": {
                "name": "coba",
                "url": "/api/v2/berry/44/"
            },
            "potency": 10
        },
        {
            "berry": {
                "name": "lansat",
                "url": "/api/v2/berry/58/"
            },
            "potency": 10
        },
        {
            "berry": {
                "name": "passho",
                "url": "/api/v2/berry/37/"
            },
            "potency": 15
        },
        {
            "berry": {
                "name": "wiki",
                "url": "/api/v2/berry/12/"
            },
            "potency": 15
        },
        {
            "berry": {
                "name": "kebia",
                "url": "/api/v2/berry/42/"
            },
            "potency": 15
        },
        {
            "berry": {
                "name": "charti",
                "url": "/api/v2/berry/47/"
            },
            "potency": 20
        },
        {
            "berry": {
                "name": "cornn",
                "url": "/api/v2/berry/27/"
            },
            "potency": 20
        },
        {
            "berry": {
                "name": "chilan",
                "url": "/api/v2/berry/52/"
            },
            "potency": 25
        },
        {
            "berry": {
                "name": "apicot",
                "url": "/api/v2/berry/57/"
            },
            "potency": 30
        },
        {
            "berry": {
                "name": "pamtre",
                "url": "/api/v2/berry/32/"
            },
            "potency": 30
        },
        {
            "berry": {
                "name": "ganlon",
                "url": "/api/v2/berry/54/"
            },
            "potency": 30
        },
        {
            "berry": {
                "name": "micle",
                "url": "/api/v2/berry/61/"
            },
            "potency": 40
        }
    ],
    "contest_type": {
        "name": "beauty",
        "url": "/api/v2/contest-type/2/"
    },
    "id": 2,
    "name": "dry",
    "names": [
        {
            "language": {
                "name": "ja-Hrkt",
                "url": "/api/v2/language/1/"
            },
            "name": "\u3057\u3076\u3044"
        },
        {
            "language": {
                "name": "zh-Hant",
                "url": "/api/v2/language/4/"
            },
            "name": "\u6f80"
        },
        {
            "language": {
                "name": "fr",
                "url": "/api/v2/language/5/"
            },
            "name": "Sec"
        },
        {
            "language": {
                "name": "en",
                "url": "/api/v2/language/9/"
            },
            "name": "Dry"
        },
        {
            "language": {
                "name": "zh-Hans",
                "url": "/api/v2/language/12/"
            },
            "name": "\u6da9"
        }
    ]
}