{
    "effect_changes": [],
    "effect_entries": [
        {
            "effect": "Pok\u00e9mon mit dieser F\u00e4higkeit erleiden nur 75% des Schadens, der durch Attacken die super effective sind verursacht wurde.\n\nDie F\u00e4higkeit ist identisch mit filter.",
            "language": {
                "name": "de",
                "url": "/api/v2/language/6/"
            },
            "short_effect": "Reduziert den durch sehr effektive Attacken verursachten Schaden um 1/4."
        },
        {
            "effect": "This Pok\u00e9mon takes 0.75\u00d7 as much damage from moves that are super effective against it.\n\nThis ability functions identically to filter.",
            "language": {
                "name": "en",
                "url": "/api/v2/language/9/"
            },
            "short_effect": "Decreases damage taken from super-effective moves by 1/4."
        }
    ],
    "flavor_text_entries": [
        {
            "flavor_text": "Mitiga los movimientos\nsupereficaces.",
            "language": {
                "name": "es",
                "url": "/api/v2/language/7/"
            },
            "version_group": {
                "name": "x-y",
                "url": "/api/v2/version-group/15/"
            }
        },
        {
            "flavor_text": "Riduce la potenza delle mosse\nsuperefficaci.",
            "language": {
                "name": "it",
                "url": "/api/v2/language/8/"
            },
            "version_group": {
                "name": "x-y",
                "url": "/api/v2/version-group/15/"
            }
        },
        {
            "flavor_text": "Reduces damage from\nsupereffective attacks.",
            "language": {
                "name": "en",
                "url": "/api/v2/language/9/"
            },
            "version_group": {
                "name": "x-y",
                "url": "/api/v2/version-group/15/"
            }
        },
        {
            "flavor_text": "\u52b9\u679c\u30d0\u30c4\u30b0\u30f3\u3000\u306e\u3068\u304d\n\u5a01\u529b\u3092\u3000\u5f31\u3081\u308b\u3002",
            "language": {
                "name": "ja",
                "url": "/api/v2/language/11/"
            },
            "version_group": {
                "name": "x-y",
                "url": "/api/v2/version-group/15/"
            }
        },
        {
            "flavor_text": "Powers down super\u00ad\neffective moves.",
            "language": {
                "name": "en",
                "url": "/api/v2/language/9/"
            },
            "version_group": {
                "name": "diamond-pearl",
                "url": "/api/v2/version-group/8/"
            }
        },
        {
            "flavor_text": "Powers down super\u00ad\neffective moves.",
            "language": {
                "name": "en",
                "url": "/api/v2/language/9/"
            },
            "version_group": {
                "name": "platinum",
                "url": "/api/v2/version-group/9/"
            }
        },
        {
            "flavor_text": "Reduces damage from\nsupereffective attacks",
            "language": {
                "name": "en",
                "url": "/api/v2/language/9/"
            },
            "version_group": {
                "name": "heartgold-soulsilver",
                "url": "/api/v2/version-group/10/"
            }
        },
        {
            "flavor_text": "Affaiblit les capacit\u00e9s\n\u201csuper efficaces\u201d.",
            "language": {
                "name": "fr",
                "url": "/api/v2/language/5/"
            },
            "version_group": {
                "name": "black-white",
                "url": "/api/v2/version-group/11/"
            }
        },
        {
            "flavor_text": "Reduces damage from\nsupereffective attacks.",
            "language": {
                "name": "en",
                "url": "/api/v2/language/9/"
            },
            "version_group": {
                "name": "black-white",
                "url": "/api/v2/version-group/11/"
            }
        },
        {
            "flavor_text": "Reduces damage from\nsupereffective attacks.",
            "language": {
                "name": "en",
                "url": "/api/v2/language/9/"
            },
            "version_group": {
                "name": "black-2-white-2",
                "url": "/api/v2/version-group/14/"
            }
        },
        {
            "flavor_text": "\u3053\u3046\u304b\u3070\u3064\u3050\u3093\u3000\u306e\u3068\u304d\n\u3044\u308a\u3087\u304f\u3092\u3000\u3088\u308f\u3081\u308b\u3002",
            "language": {
                "name": "ja-Hrkt",
                "url": "/api/v2/language/1/"
            },
            "version_group": {
                "name": "x-y",
                "url": "/api/v2/version-group/15/"
            }
        },
        {
            "flavor_text": "\ud6a8\uacfc\uac00 \uad49\uc7a5\ud55c \uae30\uc220\uc758\n\uc704\ub825\uc744 \uc57d\ud558\uac8c \ud55c\ub2e4.",
            "language": {
                "name": "ko",
                "url": "/api/v2/language/3/"
            },
            "version_group": {
                "name": "x-y",
                "url": "/api/v2/version-group/15/"
            }
        },
        {
            "flavor_text": "R\u00e9duit les d\u00e9g\u00e2ts des capacit\u00e9s\n\u00ab\u202fsuper efficaces\u202f\u00bb subies.",
            "language": {
                "name": "fr",
                "url": "/api/v2/language/5/"
            },
            "version_group": {
                "name": "x-y",
                "url": "/api/v2/version-group/15/"
            }
        },
        {
            "flavor_text": "Senkt die St\u00e4rke sehr effektiver\nAttacken.",
            "language": {
                "name": "de",
                "url": "/api/v2/language/6/"
            },
            "version_group": {
                "name": "x-y",
                "url": "/api/v2/version-group/15/"
            }
        },
        {
            "flavor_text": "\u3053\u3046\u304b\u3070\u3064\u3050\u3093\u3000\u306e\u3068\u304d\n\u3044\u308a\u3087\u304f\u3092\u3000\u3088\u308f\u3081\u308b\u3002",
            "language": {
                "name": "ja-Hrkt",
                "url": "/api/v2/language/1/"
            },
            "version_group": {
                "name": "omega-ruby-alpha-sapphire",
                "url": "/api/v2/version-group/16/"
            }
        },
        {
            "flavor_text": "\ud6a8\uacfc\uac00 \uad49\uc7a5\ud55c \uae30\uc220\uc758\n\uc704\ub825\uc744 \uc57d\ud558\uac8c \ud55c\ub2e4.",
            "language": {
                "name": "ko",
                "url": "/api/v2/language/3/"
            },
            "version_group": {
                "name": "omega-ruby-alpha-sapphire",
                "url": "/api/v2/version-group/16/"
            }
        },
        {
            "flavor_text": "R\u00e9duit les d\u00e9g\u00e2ts des capacit\u00e9s\n\u00ab\ue07fsuper efficaces\ue07f\u00bb subies.",
            "language": {
                "name": "fr",
                "url": "/api/v2/language/5/"
            },
            "version_group": {
                "name": "omega-ruby-alpha-sapphire",
                "url": "/api/v2/version-group/16/"
            }
        },
        {
            "flavor_text": "Senkt die St\u00e4rke sehr effektiver\nAttacken.",
            "language": {
                "name": "de",
                "url": "/api/v2/language/6/"
            },
            "version_group": {
                "name": "omega-ruby-alpha-sapphire",
                "url": "/api/v2/version-group/16/"
            }
        },
        {
            "flavor_text": "Mitiga los movimientos\nsupereficaces.",
            "language": {
                "name": "es",
                "url": "/api/v2/language/7/"
            },
            "version_group": {
                "name": "omega-ruby-alpha-sapphire",
                "url": "/api/v2/version-group/16/"
            }
        },
        {
            "flavor_text": "Riduce la potenza delle mosse\nsuperefficaci.",
            "language": {
                "name": "it",
                "url": "/api/v2/language/8/"
            },
            "version_group": {
                "name": "omega-ruby-alpha-sapphire",
                "url": "/api/v2/version-group/16/"
            }
        },
        {
            "flavor_text": "Reduces damage from\nsupereffective attacks.",
            "language": {
                "name": "en",
                "url": "/api/v2/language/9/"
            },
            "version_group": {
                "name": "omega-ruby-alpha-sapphire",
                "url": "/api/v2/version-group/16/"
            }
        },
        {
            "flavor_text": "\u52b9\u679c\u30d0\u30c4\u30b0\u30f3\u3000\u306e\u3068\u304d\n\u5a01\u529b\u3092\u3000\u5f31\u3081\u308b\u3002",
            "language": {
                "name": "ja",
                "url": "/api/v2/language/11/"
            },
            "version_group": {
                "name": "omega-ruby-alpha-sapphire",
                "url": "/api/v2/version-group/16/"
            }
        },
        {
            "flavor_text": "\u3053\u3046\u304b\u3070\u3064\u3050\u3093\u306b\u3000\u306a\u3063\u3066\u3057\u307e\u3046\n\u3053\u3046\u3052\u304d\u306e\u3000\u3044\u308a\u3087\u304f\u3092\n\u3088\u308f\u3081\u308b\u3000\u3053\u3068\u304c\u3000\u3067\u304d\u308b\u3002",
            "language": {
                "name": "ja-Hrkt",
                "url": "/api/v2/language/1/"
            },
            "version_group": {
                "name": "sun-moon",
                "url": "/api/v2/version-group/17/"
            }
        },
        {
            "flavor_text": "\ud6a8\uacfc\uac00 \uad49\uc7a5\ud55c\n\uacf5\uaca9\uc758 \uc704\ub825\uc744\n\uc57d\ud558\uac8c \ub9cc\ub4e0\ub2e4.",
            "language": {
                "name": "ko",
                "url": "/api/v2/language/3/"
            },
            "version_group": {
                "name": "sun-moon",
                "url": "/api/v2/version-group/17/"
            }
        },
        {
            "flavor_text": "\u53d7\u5230\u6548\u679c\u7d55\u4f73\u7684\u653b\u64ca\u6642\uff0c\n\u53ef\u6e1b\u5f31\u5176\u5a01\u529b\u3002",
            "language": {
                "name": "zh-Hant",
                "url": "/api/v2/language/4/"
            },
            "version_group": {
                "name": "sun-moon",
                "url": "/api/v2/version-group/17/"
            }
        },
        {
            "flavor_text": "R\u00e9duit les d\u00e9g\u00e2ts subis lorsque le Pok\u00e9mon\nest touch\u00e9 par une capacit\u00e9 super efficace.",
            "language": {
                "name": "fr",
                "url": "/api/v2/language/5/"
            },
            "version_group": {
                "name": "sun-moon",
                "url": "/api/v2/version-group/17/"
            }
        },
        {
            "flavor_text": "Reduziert die St\u00e4rke von sehr effektiven Attacken\nund verringert damit den Schaden, den das Pok\u00e9mon\ndurch sie erleidet.",
            "language": {
                "name": "de",
                "url": "/api/v2/language/6/"
            },
            "version_group": {
                "name": "sun-moon",
                "url": "/api/v2/version-group/17/"
            }
        },
        {
            "flavor_text": "Mitiga el da\u00f1o que le infligen los movimientos\nsupereficaces.",
            "language": {
                "name": "es",
                "url": "/api/v2/language/7/"
            },
            "version_group": {
                "name": "sun-moon",
                "url": "/api/v2/version-group/17/"
            }
        },
        {
            "flavor_text": "Riduce la potenza delle mosse superefficaci subite.",
            "language": {
                "name": "it",
                "url": "/api/v2/language/8/"
            },
            "version_group": {
                "name": "sun-moon",
                "url": "/api/v2/version-group/17/"
            }
        },
        {
            "flavor_text": "Reduces the power of supereffective attacks taken.",
            "language": {
                "name": "en",
                "url": "/api/v2/language/9/"
            },
            "version_group": {
                "name": "sun-moon",
                "url": "/api/v2/version-group/17/"
            }
        },
        {
            "flavor_text": "\u52b9\u679c\u30d0\u30c4\u30b0\u30f3\u306b\u3000\u306a\u3063\u3066\u3057\u307e\u3046\n\u653b\u6483\u306e\u3000\u5a01\u529b\u3092\n\u5f31\u3081\u308b\u3000\u3053\u3068\u304c\u3000\u3067\u304d\u308b\u3002",
            "language": {
                "name": "ja",
                "url": "/api/v2/language/11/"
            },
            "version_group": {
                "name": "sun-moon",
                "url": "/api/v2/version-group/17/"
            }
        },
        {
            "flavor_text": "\u53d7\u5230\u6548\u679c\u7edd\u4f73\u7684\u653b\u51fb\u65f6\uff0c\n\u53ef\u4ee5\u51cf\u5f31\u5176\u5a01\u529b\u3002",
            "language": {
                "name": "zh-Hans",
                "url": "/api/v2/language/12/"
            },
            "version_group": {
                "name": "sun-moon",
                "url": "/api/v2/version-group/17/"
            }
        },
        {
            "flavor_text": "\u3053\u3046\u304b\u3070\u3064\u3050\u3093\u306b\u3000\u306a\u3063\u3066\u3057\u307e\u3046\n\u3053\u3046\u3052\u304d\u306e\u3000\u3044\u308a\u3087\u304f\u3092\n\u3088\u308f\u3081\u308b\u3000\u3053\u3068\u304c\u3000\u3067\u304d\u308b\u3002",
            "language": {
                "name": "ja-Hrkt",
                "url": "/api/v2/language/1/"
            },
            "version_group": {
                "name": "ultra-sun-ultra-moon",
                "url": "/api/v2/version-group/18/"
            }
        },
        {
            "flavor_text": "\ud6a8\uacfc\uac00 \uad49\uc7a5\ud55c\n\uacf5\uaca9\uc758 \uc704\ub825\uc744\n\uc57d\ud558\uac8c \ub9cc\ub4e0\ub2e4.",
            "language": {
                "name": "ko",
                "url": "/api/v2/language/3/"
            },
            "version_group": {
                "name": "ultra-sun-ultra-moon",
                "url": "/api/v2/version-group/18/"
            }
        },
        {
            "flavor_text": "\u53d7\u5230\u6548\u679c\u7d55\u4f73\u7684\u653b\u64ca\u6642\uff0c\n\u53ef\u6e1b\u5f31\u5176\u5a01\u529b\u3002",
            "language": {
                "name": "zh-Hant",
                "url": "/api/v2/language/4/"
            },
            "version_group": {
                "name": "ultra-sun-ultra-moon",
                "url": "/api/v2/version-group/18/"
            }
        },
        {
            "flavor_text": "R\u00e9duit les d\u00e9g\u00e2ts subis lorsque le Pok\u00e9mon\nest touch\u00e9 par une capacit\u00e9 super efficace.",
            "language": {
                "name": "fr",
                "url": "/api/v2/language/5/"
            },
            "version_group": {
                "name": "ultra-sun-ultra-moon",
                "url": "/api/v2/version-group/18/"
            }
        },
        {
            "flavor_text": "Reduziert die St\u00e4rke von sehr effektiven Attacken\nund verringert damit den Schaden, den das Pok\u00e9mon\ndurch sie erleidet.",
            "language": {
                "name": "de",
                "url": "/api/v2/language/6/"
            },
            "version_group": {
                "name": "ultra-sun-ultra-moon",
                "url": "/api/v2/version-group/18/"
            }
        },
        {
            "flavor_text": "Mitiga el da\u00f1o que le infligen los movimientos\nsupereficaces.",
            "language": {
                "name": "es",
                "url": "/api/v2/language/7/"
            },
            "version_group": {
                "name": "ultra-sun-ultra-moon",
                "url": "/api/v2/version-group/18/"
            }
        },
        {
            "flavor_text": "Riduce la potenza delle mosse superefficaci subite.",
            "language": {
                "name": "it",
                "url": "/api/v2/language/8/"
            },
            "version_group": {
                "name": "ultra-sun-ultra-moon",
                "url": "/api/v2/version-group/18/"
            }
        },
        {
            "flavor_text": "Reduces the power of supereffective attacks taken.",
            "language": {
                "name": "en",
                "url": "/api/v2/language/9/"
            },
            "version_group": {
                "name": "ultra-sun-ultra-moon",
                "url": "/api/v2/version-group/18/"
            }
        },
        {
            "flavor_text": "\u52b9\u679c\u30d0\u30c4\u30b0\u30f3\u306b\u3000\u306a\u3063\u3066\u3057\u307e\u3046\n\u653b\u6483\u306e\u3000\u5a01\u529b\u3092\n\u5f31\u3081\u308b\u3000\u3053\u3068\u304c\u3000\u3067\u304d\u308b\u3002",
            "language": {
                "name": "ja",
                "url": "/api/v2/language/11/"
            },
            "version_group": {
                "name": "ultra-sun-ultra-moon",
                "url": "/api/v2/version-group/18/"
            }
        },
        {
            "flavor_text": "\u53d7\u5230\u6548\u679c\u7edd\u4f73\u7684\u653b\u51fb\u65f6\uff0c\n\u53ef\u4ee5\u51cf\u5f31\u5176\u5a01\u529b\u3002",
            "language": {
                "name": "zh-Hans",
                "url": "/api/v2/language/12/"
            },
            "version_group": {
                "name": "ultra-sun-ultra-moon",
                "url": "/api/v2/version-group/18/"
            }
        },
        {
            "flavor_text": "\u3053\u3046\u304b\u3070\u3064\u3050\u3093\u306b\u3000\u306a\u3063\u3066\u3057\u307e\u3046\n\u3053\u3046\u3052\u304d\u306e\u3000\u3044\u308a\u3087\u304f\u3092\n\u3088\u308f\u3081\u308b\u3000\u3053\u3068\u304c\u3000\u3067\u304d\u308b\u3002",
            "language": {
                "name": "ja-Hrkt",
                "url": "/api/v2/language/1/"
            },
            "version_group": {
                "name": "lets-go-pikachu-lets-go-eevee",
                "url": "/api/v2/version-group/19/"
            }
        },
        {
            "flavor_text": "\ud6a8\uacfc\uac00 \uad49\uc7a5\ud55c\n\uacf5\uaca9\uc758 \uc704\ub825\uc744\n\uc57d\ud558\uac8c \ub9cc\ub4e0\ub2e4.",
            "language": {
                "name": "ko",
                "url": "/api/v2/language/3/"
            },
            "version_group": {
                "name": "lets-go-pikachu-lets-go-eevee",
                "url": "/api/v2/version-group/19/"
            }
        },
        {
            "flavor_text": "\u53d7\u5230\u6548\u679c\u7d55\u4f73\u7684\u653b\u64ca\u6642\uff0c\n\u53ef\u6e1b\u5f31\u5176\u5a01\u529b\u3002",
            "language": {
                "name": "zh-Hant",
                "url": "/api/v2/language/4/"
            },
            "version_group": {
                "name": "lets-go-pikachu-lets-go-eevee",
                "url": "/api/v2/version-group/19/"
            }
        },
        {
            "flavor_text": "R\u00e9duit les d\u00e9g\u00e2ts subis lorsque le Pok\u00e9mon\nest touch\u00e9 par une capacit\u00e9 super efficace.",
            "language": {
                "name": "fr",
                "url": "/api/v2/language/5/"
            },
            "version_group": {
                "name": "lets-go-pikachu-lets-go-eevee",
                "url": "/api/v2/version-group/19/"
            }
        },
        {
            "flavor_text": "Reduziert die St\u00e4rke von sehr effektiven Attacken\nund verringert damit den Schaden, den das Pok\u00e9mon\ndurch sie erleidet.",
            "language": {
                "name": "de",
                "url": "/api/v2/language/6/"
            },
            "version_group": {
                "name": "lets-go-pikachu-lets-go-eevee",
                "url": "/api/v2/version-group/19/"
            }
        },
        {
            "flavor_text": "Mitiga el da\u00f1o que le infligen los movimientos\nsupereficaces.",
            "language": {
                "name": "es",
                "url": "/api/v2/language/7/"
            },
            "version_group": {
                "name": "lets-go-pikachu-lets-go-eevee",
                "url": "/api/v2/version-group/19/"
            }
        },
        {
            "flavor_text": "Riduce la potenza delle mosse superefficaci subite.",
            "language": {
                "name": "it",
                "url": "/api/v2/language/8/"
            },
            "version_group": {
                "name": "lets-go-pikachu-lets-go-eevee",
                "url": "/api/v2/version-group/19/"
            }
        },
        {
            "flavor_text": "Reduces the power of supereffective attacks taken.",
            "language": {
                "name": "en",
                "url": "/api/v2/language/9/"
            },
            "version_group": {
                "name": "lets-go-pikachu-lets-go-eevee",
                "url": "/api/v2/version-group/19/"
            }
        },
        {
            "flavor_text": "\u52b9\u679c\u30d0\u30c4\u30b0\u30f3\u306b\u3000\u306a\u3063\u3066\u3057\u307e\u3046\n\u653b\u6483\u306e\u3000\u5a01\u529b\u3092\n\u5f31\u3081\u308b\u3000\u3053\u3068\u304c\u3000\u3067\u304d\u308b\u3002",
            "language": {
                "name": "ja",
                "url": "/api/v2/language/11/"
            },
            "version_group": {
                "name": "lets-go-pikachu-lets-go-eevee",
                "url": "/api/v2/version-group/19/"
            }
        },
        {
            "flavor_text": "\u53d7\u5230\u6548\u679c\u7edd\u4f73\u7684\u653b\u51fb\u65f6\uff0c\n\u53ef\u4ee5\u51cf\u5f31\u5176\u5a01\u529b\u3002",
            "language": {
                "name": "zh-Hans",
                "url": "/api/v2/language/12/"
            },
            "version_group": {
                "name": "lets-go-pikachu-lets-go-eevee",
                "url": "/api/v2/version-group/19/"
            }
        },
        {
            "flavor_text": "\u3053\u3046\u304b\u3070\u3064\u3050\u3093\u306b\u3000\u306a\u3063\u3066\u3057\u307e\u3046\n\u3053\u3046\u3052\u304d\u306e\u3000\u3044\u308a\u3087\u304f\u3092\n\u3088\u308f\u3081\u308b\u3000\u3053\u3068\u304c\u3000\u3067\u304d\u308b\u3002",
            "language": {
                "name": "ja-Hrkt",
                "url": "/api/v2/language/1/"
            },
            "version_group": {
                "name": "sword-shield",
                "url": "/api/v2/version-group/20/"
            }
        },
        {
            "flavor_text": "\ud6a8\uacfc\uac00 \uad49\uc7a5\ud55c\n\uacf5\uaca9\uc758 \uc704\ub825\uc744\n\uc57d\ud558\uac8c \ub9cc\ub4e0\ub2e4.",
            "language": {
                "name": "ko",
                "url": "/api/v2/language/3/"
            },
            "version_group": {
                "name": "sword-shield",
                "url": "/api/v2/version-group/20/"
            }
        },
        {
            "flavor_text": "\u53d7\u5230\u6548\u679c\u7d55\u4f73\u7684\u653b\u64ca\u6642\uff0c\n\u53ef\u6e1b\u5f31\u5176\u5a01\u529b\u3002",
            "language": {
                "name": "zh-Hant",
                "url": "/api/v2/language/4/"
            },
            "version_group": {
                "name": "sword-shield",
                "url": "/api/v2/version-group/20/"
            }
        },
        {
            "flavor_text": "R\u00e9duit les d\u00e9g\u00e2ts subis lorsque le Pok\u00e9mon est touch\u00e9\npar une capacit\u00e9 super efficace.",
            "language": {
                "name": "fr",
                "url": "/api/v2/language/5/"
            },
            "version_group": {
                "name": "sword-shield",
                "url": "/api/v2/version-group/20/"
            }
        },
        {
            "flavor_text": "Reduziert die St\u00e4rke von sehr effektiven Attacken und\nverringert damit den Schaden, den das Pok\u00e9mon durch\nsie erleidet.",
            "language": {
                "name": "de",
                "url": "/api/v2/language/6/"
            },
            "version_group": {
                "name": "sword-shield",
                "url": "/api/v2/version-group/20/"
            }
        },
        {
            "flavor_text": "Mitiga el da\u00f1o que le infligen los movimientos\nsupereficaces.",
            "language": {
                "name": "es",
                "url": "/api/v2/language/7/"
            },
            "version_group": {
                "name": "sword-shield",
                "url": "/api/v2/version-group/20/"
            }
        },
        {
            "flavor_text": "Riduce i danni subiti dalle mosse superefficaci.",
            "language": {
                "name": "it",
                "url": "/api/v2/language/8/"
            },
            "version_group": {
                "name": "sword-shield",
                "url": "/api/v2/version-group/20/"
            }
        },
        {
            "flavor_text": "Reduces the power of supereffective attacks taken.",
            "language": {
                "name": "en",
                "url": "/api/v2/language/9/"
            },
            "version_group": {
                "name": "sword-shield",
                "url": "/api/v2/version-group/20/"
            }
        },
        {
            "flavor_text": "\u52b9\u679c\u30d0\u30c4\u30b0\u30f3\u306b\u3000\u306a\u3063\u3066\u3057\u307e\u3046\n\u653b\u6483\u306e\u3000\u5a01\u529b\u3092\n\u5f31\u3081\u308b\u3000\u3053\u3068\u304c\u3000\u3067\u304d\u308b\u3002",
            "language": {
                "name": "ja",
                "url": "/api/v2/language/11/"
            },
            "version_group": {
                "name": "sword-shield",
                "url": "/api/v2/version-group/20/"
            }
        },
        {
            "flavor_text": "\u53d7\u5230\u6548\u679c\u7edd\u4f73\u7684\u653b\u51fb\u65f6\uff0c\n\u53ef\u4ee5\u51cf\u5f31\u5176\u5a01\u529b\u3002",
            "language": {
                "name": "zh-Hans",
                "url": "/api/v2/language/12/"
            },
            "version_group": {
                "name": "sword-shield",
                "url": "/api/v2/version-group/20/"
            }
        }
    ],
    "generation": {
        "name": "generation-iv",
        "url": "/api/v2/generation/4/"
    },
    "id": 116,
    "is_main_series": true,
    "name": "solid-rock",
    "names": [
        {
            "language": {
                "name": "ja-Hrkt",
                "url": "/api/v2/language/1/"
            },
            "name": "\u30cf\u30fc\u30c9\u30ed\u30c3\u30af"
        },
        {
            "language": {
                "name": "ko",
                "url": "/api/v2/language/3/"
            },
            "name": "\ud558\ub4dc\ub85d"
        },
        {
            "language": {
                "name": "zh-Hant",
                "url": "/api/v2/language/4/"
            },
            "name": "\u5805\u786c\u5ca9\u77f3"
        },
        {
            "language": {
                "name": "fr",
                "url": "/api/v2/language/5/"
            },
            "name": "Solide Roc"
        },
        {
            "language": {
                "name": "de",
                "url": "/api/v2/language/6/"
            },
            "name": "Felskern"
        },
        {
            "language": {
                "name": "es",
                "url": "/api/v2/language/7/"
            },
            "name": "Roca S\u00f3lida"
        },
        {
            "language": {
                "name": "it",
                "url": "/api/v2/language/8/"
            },
            "name": "Solidroccia"
        },
        {
            "language": {
                "name": "en",
                "url": "/api/v2/language/9/"
            },
            "name": "Solid Rock"
        },
        {
            "language": {
                "name": "ja",
                "url": "/api/v2/language/11/"
            },
            "name": "\u30cf\u30fc\u30c9\u30ed\u30c3\u30af"
        },
        {
            "language": {
                "name": "zh-Hans",
                "url": "/api/v2/language/12/"
            },
            "name": "\u575a\u786c\u5ca9\u77f3"
        }
    ],
    "pokemon": [
        {
            "is_hidden": false,
            "pokemon": {
                "name": "camerupt",
                "url": "/api/v2/pokemon/323/"
            },
            "slot": 2
        },
        {
            "is_hidden": false,
            "pokemon": {
                "name": "rhyperior",
                "url": "/api/v2/pokemon/464/"
            },
            "slot": 2
        },
        {
            "is_hidden": false,
            "pokemon": {
                "name": "tirtouga",
                "url": "/api/v2/pokemon/564/"
            },
            "slot": 1
        },
        {
            "is_hidden": false,
            "pokemon": {
                "name": "carracosta",
                "url": "/api/v2/pokemon/565/"
            },
            "slot": 1
        }
    ]
}