{
    "effect_changes": [
        {
            "effect_entries": [
                {
                    "effect": "Hat au\u00dferhalb vom Kampf keinen Effekt.",
                    "language": {
                        "name": "de",
                        "url": "/api/v2/language/6/"
                    }
                },
                {
                    "effect": "Has no overworld effect.",
                    "language": {
                        "name": "en",
                        "url": "/api/v2/language/9/"
                    }
                }
            ],
            "version_group": {
                "name": "emerald",
                "url": "/api/v2/version-group/6/"
            }
        }
    ],
    "effect_entries": [
        {
            "effect": "Einem Pok\u00e9mon mit dieser F\u00e4higkeit k\u00f6nnen keine negativen Statuswerte \u00c4nderungen von anderen Pok\u00e9mon zugef\u00fcgt werden.\n\nDiese F\u00e4higkeit verhindert keine stat modifiers die nicht direkt verursacht wurden, wie die verminderte speed durch paralysis oder selbstverursachte negative Statuswerte\u00e4nderungen wie durch overheat. Dem Pok\u00e9mon k\u00f6nnen trotzdem negative Statuswerte mit guard swap, heart swap oder power swap \u00fcbertragen werden.\n\nDiese F\u00e4higkeit ist identisch mit clear body im Kampf.\n\nAu\u00dferhalb vom Kampf: Wenn ein Pok\u00e9mon mit dieser F\u00e4higkeit an erster Stelle im Team steht, tauchen wilde Pok\u00e9mon nur halb so oft auf.",
            "language": {
                "name": "de",
                "url": "/api/v2/language/6/"
            },
            "short_effect": "Verhindert negative stat modifier von anderen Pok\u00e9mon."
        },
        {
            "effect": "This Pok\u00e9mon cannot have its stats lowered by other Pok\u00e9mon.\n\nThis ability does not prevent any stat losses other than stat modifiers, such as the Speed cut from paralysis; nor self-inflicted stat drops, such as the Special Attack drop from overheat; nor opponent-triggered stat boosts, such as the Attack boost from swagger.  This Pok\u00e9mon can still be passed negative stat modifiers through guard swap, heart swap, or power swap.\n\nThis ability functions identically to clear body in battle.\n\nOverworld: If the lead Pok\u00e9mon has this ability, the wild encounter rate is halved.",
            "language": {
                "name": "en",
                "url": "/api/v2/language/9/"
            },
            "short_effect": "Prevents stats from being lowered by other Pok\u00e9mon."
        }
    ],
    "flavor_text_entries": [
        {
            "flavor_text": "Prevents ability reduction.",
            "language": {
                "name": "en",
                "url": "/api/v2/language/9/"
            },
            "version_group": {
                "name": "ruby-sapphire",
                "url": "/api/v2/version-group/5/"
            }
        },
        {
            "flavor_text": "Prevents ability reduction.",
            "language": {
                "name": "en",
                "url": "/api/v2/language/9/"
            },
            "version_group": {
                "name": "emerald",
                "url": "/api/v2/version-group/6/"
            }
        },
        {
            "flavor_text": "Prevents ability reduction.",
            "language": {
                "name": "en",
                "url": "/api/v2/language/9/"
            },
            "version_group": {
                "name": "firered-leafgreen",
                "url": "/api/v2/version-group/7/"
            }
        },
        {
            "flavor_text": "Prevents the Pok\u00e9mon\u2019s\nstats from being lowered.",
            "language": {
                "name": "en",
                "url": "/api/v2/language/9/"
            },
            "version_group": {
                "name": "diamond-pearl",
                "url": "/api/v2/version-group/8/"
            }
        },
        {
            "flavor_text": "Prevents the Pok\u00e9mon\u2019s\nstats from being lowered.",
            "language": {
                "name": "en",
                "url": "/api/v2/language/9/"
            },
            "version_group": {
                "name": "platinum",
                "url": "/api/v2/version-group/9/"
            }
        },
        {
            "flavor_text": "Prevents its stats from\nbeing lowered.",
            "language": {
                "name": "en",
                "url": "/api/v2/language/9/"
            },
            "version_group": {
                "name": "heartgold-soulsilver",
                "url": "/api/v2/version-group/10/"
            }
        },
        {
            "flavor_text": "Emp\u00eache les stats\ndu Pok\u00e9mon de baisser.",
            "language": {
                "name": "fr",
                "url": "/api/v2/language/5/"
            },
            "version_group": {
                "name": "black-white",
                "url": "/api/v2/version-group/11/"
            }
        },
        {
            "flavor_text": "Prevents other Pok\u00e9mon\nfrom lowering its stats.",
            "language": {
                "name": "en",
                "url": "/api/v2/language/9/"
            },
            "version_group": {
                "name": "black-white",
                "url": "/api/v2/version-group/11/"
            }
        },
        {
            "flavor_text": "Prevents other Pok\u00e9mon\nfrom lowering its stats.",
            "language": {
                "name": "en",
                "url": "/api/v2/language/9/"
            },
            "version_group": {
                "name": "black-2-white-2",
                "url": "/api/v2/version-group/14/"
            }
        },
        {
            "flavor_text": "\u3042\u3044\u3066\u306b\u3000\u306e\u3046\u308a\u3087\u304f\u3092\n\u3055\u3052\u3089\u308c\u306a\u3044\u3002",
            "language": {
                "name": "ja-Hrkt",
                "url": "/api/v2/language/1/"
            },
            "version_group": {
                "name": "x-y",
                "url": "/api/v2/version-group/15/"
            }
        },
        {
            "flavor_text": "\uc0c1\ub300\uac00 \ub2a5\ub825\uc744\n\ub5a8\uc5b4\ub728\ub9b4 \uc218 \uc5c6\ub2e4.",
            "language": {
                "name": "ko",
                "url": "/api/v2/language/3/"
            },
            "version_group": {
                "name": "x-y",
                "url": "/api/v2/version-group/15/"
            }
        },
        {
            "flavor_text": "Emp\u00eache les stats du Pok\u00e9mon\nde baisser.",
            "language": {
                "name": "fr",
                "url": "/api/v2/language/5/"
            },
            "version_group": {
                "name": "x-y",
                "url": "/api/v2/version-group/15/"
            }
        },
        {
            "flavor_text": "Hindert Angreifer daran,\nStatuswerte zu senken.",
            "language": {
                "name": "de",
                "url": "/api/v2/language/6/"
            },
            "version_group": {
                "name": "x-y",
                "url": "/api/v2/version-group/15/"
            }
        },
        {
            "flavor_text": "Evita que bajen las\ncaracter\u00edsticas.",
            "language": {
                "name": "es",
                "url": "/api/v2/language/7/"
            },
            "version_group": {
                "name": "x-y",
                "url": "/api/v2/version-group/15/"
            }
        },
        {
            "flavor_text": "Le statistiche del Pok\u00e9mon\nnon possono essere ridotte.",
            "language": {
                "name": "it",
                "url": "/api/v2/language/8/"
            },
            "version_group": {
                "name": "x-y",
                "url": "/api/v2/version-group/15/"
            }
        },
        {
            "flavor_text": "Prevents other Pok\u00e9mon\nfrom lowering its stats.",
            "language": {
                "name": "en",
                "url": "/api/v2/language/9/"
            },
            "version_group": {
                "name": "x-y",
                "url": "/api/v2/version-group/15/"
            }
        },
        {
            "flavor_text": "\u76f8\u624b\u306b\u3000\u80fd\u529b\u3092\n\u3055\u3052\u3089\u308c\u306a\u3044\u3002",
            "language": {
                "name": "ja",
                "url": "/api/v2/language/11/"
            },
            "version_group": {
                "name": "x-y",
                "url": "/api/v2/version-group/15/"
            }
        },
        {
            "flavor_text": "\u3042\u3044\u3066\u306b\u3000\u306e\u3046\u308a\u3087\u304f\u3092\n\u3055\u3052\u3089\u308c\u306a\u3044\u3002",
            "language": {
                "name": "ja-Hrkt",
                "url": "/api/v2/language/1/"
            },
            "version_group": {
                "name": "omega-ruby-alpha-sapphire",
                "url": "/api/v2/version-group/16/"
            }
        },
        {
            "flavor_text": "\uc0c1\ub300\uac00 \ub2a5\ub825\uc744\n\ub5a8\uc5b4\ub728\ub9b4 \uc218 \uc5c6\ub2e4.",
            "language": {
                "name": "ko",
                "url": "/api/v2/language/3/"
            },
            "version_group": {
                "name": "omega-ruby-alpha-sapphire",
                "url": "/api/v2/version-group/16/"
            }
        },
        {
            "flavor_text": "Emp\u00eache les stats du Pok\u00e9mon\nde baisser.",
            "language": {
                "name": "fr",
                "url": "/api/v2/language/5/"
            },
            "version_group": {
                "name": "omega-ruby-alpha-sapphire",
                "url": "/api/v2/version-group/16/"
            }
        },
        {
            "flavor_text": "Hindert Angreifer daran,\nStatuswerte zu senken.",
            "language": {
                "name": "de",
                "url": "/api/v2/language/6/"
            },
            "version_group": {
                "name": "omega-ruby-alpha-sapphire",
                "url": "/api/v2/version-group/16/"
            }
        },
        {
            "flavor_text": "Evita que bajen las\ncaracter\u00edsticas.",
            "language": {
                "name": "es",
                "url": "/api/v2/language/7/"
            },
            "version_group": {
                "name": "omega-ruby-alpha-sapphire",
                "url": "/api/v2/version-group/16/"
            }
        },
        {
            "flavor_text": "Le statistiche del Pok\u00e9mon\nnon possono essere ridotte.",
            "language": {
                "name": "it",
                "url": "/api/v2/language/8/"
            },
            "version_group": {
                "name": "omega-ruby-alpha-sapphire",
                "url": "/api/v2/version-group/16/"
            }
        },
        {
            "flavor_text": "Prevents other Pok\u00e9mon\nfrom lowering its stats.",
            "language": {
                "name": "en",
                "url": "/api/v2/language/9/"
            },
            "version_group": {
                "name": "omega-ruby-alpha-sapphire",
                "url": "/api/v2/version-group/16/"
            }
        },
        {
            "flavor_text": "\u76f8\u624b\u306b\u3000\u80fd\u529b\u3092\n\u3055\u3052\u3089\u308c\u306a\u3044\u3002",
            "language": {
                "name": "ja",
                "url": "/api/v2/language/11/"
            },
            "version_group": {
                "name": "omega-ruby-alpha-sapphire",
                "url": "/api/v2/version-group/16/"
            }
        },
        {
            "flavor_text": "\u3057\u308d\u3044\u3051\u3080\u308a\u306b\u3000\u307e\u3082\u3089\u308c\u3066\n\u3042\u3044\u3066\u306b\u3000\u306e\u3046\u308a\u3087\u304f\u3092\u3000\u3055\u3052\u3089\u308c\u306a\u3044\u3002",
            "language": {
                "name": "ja-Hrkt",
                "url": "/api/v2/language/1/"
            },
            "version_group": {
                "name": "sun-moon",
                "url": "/api/v2/version-group/17/"
            }
        },
        {
            "flavor_text": "\ud558\uc580 \uc5f0\uae30\uc758 \ubcf4\ud638\ub97c \ubc1b\uc544\n\uc0c1\ub300\uac00 \ub2a5\ub825\uc744 \ub5a8\uc5b4\ub728\ub9b4 \uc218 \uc5c6\ub2e4.",
            "language": {
                "name": "ko",
                "url": "/api/v2/language/3/"
            },
            "version_group": {
                "name": "sun-moon",
                "url": "/api/v2/version-group/17/"
            }
        },
        {
            "flavor_text": "\u88ab\u767d\u8272\u7159\u9727\u4fdd\u8b77\u8457\uff0c\n\u4e0d\u6703\u88ab\u5c0d\u624b\u964d\u4f4e\u80fd\u529b\u3002",
            "language": {
                "name": "zh-Hant",
                "url": "/api/v2/language/4/"
            },
            "version_group": {
                "name": "sun-moon",
                "url": "/api/v2/version-group/17/"
            }
        },
        {
            "flavor_text": "Un \u00e9cran de fum\u00e9e emp\u00eache l\u2019ennemi de baisser\nles stats du Pok\u00e9mon.",
            "language": {
                "name": "fr",
                "url": "/api/v2/language/5/"
            },
            "version_group": {
                "name": "sun-moon",
                "url": "/api/v2/version-group/17/"
            }
        },
        {
            "flavor_text": "Indem es sich mit pulvrigem Rauch umh\u00fcllt, hindert\nes Angreifer daran, seine Statuswerte zu senken.",
            "language": {
                "name": "de",
                "url": "/api/v2/language/6/"
            },
            "version_group": {
                "name": "sun-moon",
                "url": "/api/v2/version-group/17/"
            }
        },
        {
            "flavor_text": "El humo blanco que lo protege evita que otro\nPok\u00e9mon le baje las caracter\u00edsticas.",
            "language": {
                "name": "es",
                "url": "/api/v2/language/7/"
            },
            "version_group": {
                "name": "sun-moon",
                "url": "/api/v2/version-group/17/"
            }
        },
        {
            "flavor_text": "Il Pok\u00e9mon \u00e8 protetto da un fumo chiaro che\nimpedisce ai nemici di diminuire le sue statistiche.",
            "language": {
                "name": "it",
                "url": "/api/v2/language/8/"
            },
            "version_group": {
                "name": "sun-moon",
                "url": "/api/v2/version-group/17/"
            }
        },
        {
            "flavor_text": "The Pok\u00e9mon is protected by its white smoke, which\nprevents other Pok\u00e9mon from lowering its stats.",
            "language": {
                "name": "en",
                "url": "/api/v2/language/9/"
            },
            "version_group": {
                "name": "sun-moon",
                "url": "/api/v2/version-group/17/"
            }
        },
        {
            "flavor_text": "\u767d\u3044\u7159\u306b\u3000\u5b88\u3089\u308c\u3066\n\u76f8\u624b\u306b\u3000\u80fd\u529b\u3092\u3000\u4e0b\u3052\u3089\u308c\u306a\u3044\u3002",
            "language": {
                "name": "ja",
                "url": "/api/v2/language/11/"
            },
            "version_group": {
                "name": "sun-moon",
                "url": "/api/v2/version-group/17/"
            }
        },
        {
            "flavor_text": "\u88ab\u767d\u8272\u70df\u96fe\u4fdd\u62a4\u7740\uff0c\n\u4e0d\u4f1a\u88ab\u5bf9\u624b\u964d\u4f4e\u80fd\u529b\u3002",
            "language": {
                "name": "zh-Hans",
                "url": "/api/v2/language/12/"
            },
            "version_group": {
                "name": "sun-moon",
                "url": "/api/v2/version-group/17/"
            }
        },
        {
            "flavor_text": "\u3057\u308d\u3044\u3051\u3080\u308a\u306b\u3000\u307e\u3082\u3089\u308c\u3066\n\u3042\u3044\u3066\u306b\u3000\u306e\u3046\u308a\u3087\u304f\u3092\u3000\u3055\u3052\u3089\u308c\u306a\u3044\u3002",
            "language": {
                "name": "ja-Hrkt",
                "url": "/api/v2/language/1/"
            },
            "version_group": {
                "name": "ultra-sun-ultra-moon",
                "url": "/api/v2/version-group/18/"
            }
        },
        {
            "flavor_text": "\ud558\uc580 \uc5f0\uae30\uc758 \ubcf4\ud638\ub97c \ubc1b\uc544\n\uc0c1\ub300\uac00 \ub2a5\ub825\uc744 \ub5a8\uc5b4\ub728\ub9b4 \uc218 \uc5c6\ub2e4.",
            "language": {
                "name": "ko",
                "url": "/api/v2/language/3/"
            },
            "version_group": {
                "name": "ultra-sun-ultra-moon",
                "url": "/api/v2/version-group/18/"
            }
        },
        {
            "flavor_text": "\u88ab\u767d\u8272\u7159\u9727\u4fdd\u8b77\u8457\uff0c\n\u4e0d\u6703\u88ab\u5c0d\u624b\u964d\u4f4e\u80fd\u529b\u3002",
            "language": {
                "name": "zh-Hant",
                "url": "/api/v2/language/4/"
            },
            "version_group": {
                "name": "ultra-sun-ultra-moon",
                "url": "/api/v2/version-group/18/"
            }
        },
        {
            "flavor_text": "Un \u00e9cran de fum\u00e9e emp\u00eache l\u2019ennemi de baisser\nles stats du Pok\u00e9mon.",
            "language": {
                "name": "fr",
                "url": "/api/v2/language/5/"
            },
            "version_group": {
                "name": "ultra-sun-ultra-moon",
                "url": "/api/v2/version-group/18/"
            }
        },
        {
            "flavor_text": "Indem es sich mit pulvrigem Rauch umh\u00fcllt, hindert\nes Angreifer daran, seine Statuswerte zu senken.",
            "language": {
                "name": "de",
                "url": "/api/v2/language/6/"
            },
            "version_group": {
                "name": "ultra-sun-ultra-moon",
                "url": "/api/v2/version-group/18/"
            }
        },
        {
            "flavor_text": "El humo blanco que lo protege evita que otro\nPok\u00e9mon le baje las caracter\u00edsticas.",
            "language": {
                "name": "es",
                "url": "/api/v2/language/7/"
            },
            "version_group": {
                "name": "ultra-sun-ultra-moon",
                "url": "/api/v2/version-group/18/"
            }
        },
        {
            "flavor_text": "Il Pok\u00e9mon \u00e8 protetto da un fumo chiaro che\nimpedisce ai nemici di diminuire le sue statistiche.",
            "language": {
                "name": "it",
                "url": "/api/v2/language/8/"
            },
            "version_group": {
                "name": "ultra-sun-ultra-moon",
                "url": "/api/v2/version-group/18/"
            }
        },
        {
            "flavor_text": "The Pok\u00e9mon is protected by its white smoke, which\nprevents other Pok\u00e9mon from lowering its stats.",
            "language": {
                "name": "en",
                "url": "/api/v2/language/9/"
            },
            "version_group": {
                "name": "ultra-sun-ultra-moon",
                "url": "/api/v2/version-group/18/"
            }
        },
        {
            "flavor_text": "\u767d\u3044\u7159\u306b\u3000\u5b88\u3089\u308c\u3066\n\u76f8\u624b\u306b\u3000\u80fd\u529b\u3092\u3000\u4e0b\u3052\u3089\u308c\u306a\u3044\u3002",
            "language": {
                "name": "ja",
                "url": "/api/v2/language/11/"
            },
            "version_group": {
                "name": "ultra-sun-ultra-moon",
                "url": "/api/v2/version-group/18/"
            }
        },
        {
            "flavor_text": "\u88ab\u767d\u8272\u70df\u96fe\u4fdd\u62a4\u7740\uff0c\n\u4e0d\u4f1a\u88ab\u5bf9\u624b\u964d\u4f4e\u80fd\u529b\u3002",
            "language": {
                "name": "zh-Hans",
                "url": "/api/v2/language/12/"
            },
            "version_group": {
                "name": "ultra-sun-ultra-moon",
                "url": "/api/v2/version-group/18/"
            }
        },
        {
            "flavor_text": "\u3057\u308d\u3044\u3051\u3080\u308a\u306b\u3000\u307e\u3082\u3089\u308c\u3066\n\u3042\u3044\u3066\u306b\u3000\u306e\u3046\u308a\u3087\u304f\u3092\u3000\u3055\u3052\u3089\u308c\u306a\u3044\u3002",
            "language": {
                "name": "ja-Hrkt",
                "url": "/api/v2/language/1/"
            },
            "version_group": {
                "name": "lets-go-pikachu-lets-go-eevee",
                "url": "/api/v2/version-group/19/"
            }
        },
        {
            "flavor_text": "\ud558\uc580 \uc5f0\uae30\uc758 \ubcf4\ud638\ub97c \ubc1b\uc544\n\uc0c1\ub300\uac00 \ub2a5\ub825\uc744 \ub5a8\uc5b4\ub728\ub9b4 \uc218 \uc5c6\ub2e4.",
            "language": {
                "name": "ko",
                "url": "/api/v2/language/3/"
            },
            "version_group": {
                "name": "lets-go-pikachu-lets-go-eevee",
                "url": "/api/v2/version-group/19/"
            }
        },
        {
            "flavor_text": "\u88ab\u767d\u8272\u7159\u9727\u4fdd\u8b77\u8457\uff0c\n\u4e0d\u6703\u88ab\u5c0d\u624b\u964d\u4f4e\u80fd\u529b\u3002",
            "language": {
                "name": "zh-Hant",
                "url": "/api/v2/language/4/"
            },
            "version_group": {
                "name": "lets-go-pikachu-lets-go-eevee",
                "url": "/api/v2/version-group/19/"
            }
        },
        {
            "flavor_text": "Un \u00e9cran de fum\u00e9e emp\u00eache l\u2019ennemi de baisser\nles stats du Pok\u00e9mon.",
            "language": {
                "name": "fr",
                "url": "/api/v2/language/5/"
            },
            "version_group": {
                "name": "lets-go-pikachu-lets-go-eevee",
                "url": "/api/v2/version-group/19/"
            }
        },
        {
            "flavor_text": "Indem es sich mit pulvrigem Rauch umh\u00fcllt, hindert\nes Angreifer daran, seine Statuswerte zu senken.",
            "language": {
                "name": "de",
                "url": "/api/v2/language/6/"
            },
            "version_group": {
                "name": "lets-go-pikachu-lets-go-eevee",
                "url": "/api/v2/version-group/19/"
            }
        },
        {
            "flavor_text": "El humo blanco que lo protege evita que otro\nPok\u00e9mon le baje las caracter\u00edsticas.",
            "language": {
                "name": "es",
                "url": "/api/v2/language/7/"
            },
            "version_group": {
                "name": "lets-go-pikachu-lets-go-eevee",
                "url": "/api/v2/version-group/19/"
            }
        },
        {
            "flavor_text": "Il Pok\u00e9mon \u00e8 protetto da un fumo chiaro che\nimpedisce ai nemici di diminuire le sue statistiche.",
            "language": {
                "name": "it",
                "url": "/api/v2/language/8/"
            },
            "version_group": {
                "name": "lets-go-pikachu-lets-go-eevee",
                "url": "/api/v2/version-group/19/"
            }
        },
        {
            "flavor_text": "The Pok\u00e9mon is protected by its white smoke, which\nprevents other Pok\u00e9mon from lowering its stats.",
            "language": {
                "name": "en",
                "url": "/api/v2/language/9/"
            },
            "version_group": {
                "name": "lets-go-pikachu-lets-go-eevee",
                "url": "/api/v2/version-group/19/"
            }
        },
        {
            "flavor_text": "\u767d\u3044\u7159\u306b\u3000\u5b88\u3089\u308c\u3066\n\u76f8\u624b\u306b\u3000\u80fd\u529b\u3092\u3000\u4e0b\u3052\u3089\u308c\u306a\u3044\u3002",
            "language": {
                "name": "ja",
                "url": "/api/v2/language/11/"
            },
            "version_group": {
                "name": "lets-go-pikachu-lets-go-eevee",
                "url": "/api/v2/version-group/19/"
            }
        },
        {
            "flavor_text": "\u88ab\u767d\u8272\u70df\u96fe\u4fdd\u62a4\u7740\uff0c\n\u4e0d\u4f1a\u88ab\u5bf9\u624b\u964d\u4f4e\u80fd\u529b\u3002",
            "language": {
                "name": "zh-Hans",
                "url": "/api/v2/language/12/"
            },
            "version_group": {
                "name": "lets-go-pikachu-lets-go-eevee",
                "url": "/api/v2/version-group/19/"
            }
        },
        {
            "flavor_text": "\u3057\u308d\u3044\u3051\u3080\u308a\u306b\u3000\u307e\u3082\u3089\u308c\u3066\n\u3042\u3044\u3066\u306b\u3000\u306e\u3046\u308a\u3087\u304f\u3092\u3000\u3055\u3052\u3089\u308c\u306a\u3044\u3002",
            "language": {
                "name": "ja-Hrkt",
                "url": "/api/v2/language/1/"
            },
            "version_group": {
                "name": "sword-shield",
                "url": "/api/v2/version-group/20/"
            }
        },
        {
            "flavor_text": "\ud558\uc580 \uc5f0\uae30\uc758 \ubcf4\ud638\ub97c \ubc1b\uc544\n\uc0c1\ub300\uac00 \ub2a5\ub825\uc744 \ub5a8\uc5b4\ub728\ub9b4 \uc218 \uc5c6\ub2e4.",
            "language": {
                "name": "ko",
                "url": "/api/v2/language/3/"
            },
            "version_group": {
                "name": "sword-shield",
                "url": "/api/v2/version-group/20/"
            }
        },
        {
            "flavor_text": "\u88ab\u767d\u8272\u7159\u9727\u4fdd\u8b77\u8457\uff0c\n\u4e0d\u6703\u88ab\u5c0d\u624b\u964d\u4f4e\u80fd\u529b\u3002",
            "language": {
                "name": "zh-Hant",
                "url": "/api/v2/language/4/"
            },
            "version_group": {
                "name": "sword-shield",
                "url": "/api/v2/version-group/20/"
            }
        },
        {
            "flavor_text": "Un \u00e9cran de fum\u00e9e emp\u00eache l\u2019ennemi de baisser\nles stats du Pok\u00e9mon.",
            "language": {
                "name": "fr",
                "url": "/api/v2/language/5/"
            },
            "version_group": {
                "name": "sword-shield",
                "url": "/api/v2/version-group/20/"
            }
        },
        {
            "flavor_text": "Indem es sich mit pulvrigem Rauch umh\u00fcllt, hindert es\nAngreifer daran, seine Statuswerte zu senken.",
            "language": {
                "name": "de",
                "url": "/api/v2/language/6/"
            },
            "version_group": {
                "name": "sword-shield",
                "url": "/api/v2/version-group/20/"
            }
        },
        {
            "flavor_text": "El humo blanco que lo protege evita que otros Pok\u00e9mon\nle bajen las caracter\u00edsticas.",
            "language": {
                "name": "es",
                "url": "/api/v2/language/7/"
            },
            "version_group": {
                "name": "sword-shield",
                "url": "/api/v2/version-group/20/"
            }
        },
        {
            "flavor_text": "Il Pok\u00e9mon \u00e8 protetto da un fumo chiaro che\nimpedisce ai nemici di diminuire le sue statistiche.",
            "language": {
                "name": "it",
                "url": "/api/v2/language/8/"
            },
            "version_group": {
                "name": "sword-shield",
                "url": "/api/v2/version-group/20/"
            }
        },
        {
            "flavor_text": "The Pok\u00e9mon is protected by its white smoke, which\nprevents other Pok\u00e9mon from lowering its stats.",
            "language": {
                "name": "en",
                "url": "/api/v2/language/9/"
            },
            "version_group": {
                "name": "sword-shield",
                "url": "/api/v2/version-group/20/"
            }
        },
        {
            "flavor_text": "\u767d\u3044\u7159\u306b\u3000\u5b88\u3089\u308c\u3066\n\u76f8\u624b\u306b\u3000\u80fd\u529b\u3092\u3000\u4e0b\u3052\u3089\u308c\u306a\u3044\u3002",
            "language": {
                "name": "ja",
                "url": "/api/v2/language/11/"
            },
            "version_group": {
                "name": "sword-shield",
                "url": "/api/v2/version-group/20/"
            }
        },
        {
            "flavor_text": "\u88ab\u767d\u8272\u70df\u96fe\u4fdd\u62a4\u7740\uff0c\n\u4e0d\u4f1a\u88ab\u5bf9\u624b\u964d\u4f4e\u80fd\u529b\u3002",
            "language": {
                "name": "zh-Hans",
                "url": "/api/v2/language/12/"
            },
            "version_group": {
                "name": "sword-shield",
                "url": "/api/v2/version-group/20/"
            }
        }
    ],
    "generation": {
        "name": "generation-iii",
        "url": "/api/v2/generation/3/"
    },
    "id": 73,
    "is_main_series": true,
    "name": "white-smoke",
    "names": [
        {
            "language": {
                "name": "ja-Hrkt",
                "url": "/api/v2/language/1/"
            },
            "name": "\u3057\u308d\u3044\u3051\u3080\u308a"
        },
        {
            "language": {
                "name": "ko",
                "url": "/api/v2/language/3/"
            },
            "name": "\ud558\uc580\uc5f0\uae30"
        },
        {
            "language": {
                "name": "zh-Hant",
                "url": "/api/v2/language/4/"
            },
            "name": "\u767d\u8272\u7159\u9727"
        },
        {
            "language": {
                "name": "fr",
                "url": "/api/v2/language/5/"
            },
            "name": "\u00c9cran Fum\u00e9e"
        },
        {
            "language": {
                "name": "de",
                "url": "/api/v2/language/6/"
            },
            "name": "Pulverrauch"
        },
        {
            "language": {
                "name": "es",
                "url": "/api/v2/language/7/"
            },
            "name": "Humo Blanco"
        },
        {
            "language": {
                "name": "it",
                "url": "/api/v2/language/8/"
            },
            "name": "Fumochiaro"
        },
        {
            "language": {
                "name": "en",
                "url": "/api/v2/language/9/"
            },
            "name": "White Smoke"
        },
        {
            "language": {
                "name": "ja",
                "url": "/api/v2/language/11/"
            },
            "name": "\u3057\u308d\u3044\u3051\u3080\u308a"
        },
        {
            "language": {
                "name": "zh-Hans",
                "url": "/api/v2/language/12/"
            },
            "name": "\u767d\u8272\u70df\u96fe"
        }
    ],
    "pokemon": [
        {
            "is_hidden": false,
            "pokemon": {
                "name": "torkoal",
                "url": "/api/v2/pokemon/324/"
            },
            "slot": 1
        },
        {
            "is_hidden": true,
            "pokemon": {
                "name": "heatmor",
                "url": "/api/v2/pokemon/631/"
            },
            "slot": 3
        },
        {
            "is_hidden": false,
            "pokemon": {
                "name": "sizzlipede",
                "url": "/api/v2/pokemon/850/"
            },
            "slot": 2
        },
        {
            "is_hidden": false,
            "pokemon": {
                "name": "centiskorch",
                "url": "/api/v2/pokemon/851/"
            },
            "slot": 2
        },
        {
            "is_hidden": false,
            "pokemon": {
                "name": "centiskorch-gmax",
                "url": "/api/v2/pokemon/10220/"
            },
            "slot": 2
        }
    ]
}