{
    "descriptions": [
        {
            "description": "\u3061\u304b\u3089\u304c\u3000\u3058\u307e\u3093",
            "language": {
                "name": "ja-Hrkt",
                "url": "/api/v2/language/1/"
            }
        },
        {
            "description": "\ud798\uc790\ub791\uc774 \ud2b9\uae30\uc784",
            "language": {
                "name": "ko",
                "url": "/api/v2/language/3/"
            }
        },
        {
            "description": "\u4ee5\u529b\u6c23\u5927\u70ba\u50b2",
            "language": {
                "name": "zh-Hant",
                "url": "/api/v2/language/4/"
            }
        },
        {
            "description": "Il est fier de sa puissance",
            "language": {
                "name": "fr",
                "url": "/api/v2/language/5/"
            }
        },
        {
            "description": "Ist stolz auf seine St\u00e4rke",
            "language": {
                "name": "de",
                "url": "/api/v2/language/6/"
            }
        },
        {
            "description": "Se enorgullece de su fuerza",
            "language": {
                "name": "es",
                "url": "/api/v2/language/7/"
            }
        },
        {
            "description": "La forza \u00e8 il suo vanto",
            "language": {
                "name": "it",
                "url": "/api/v2/language/8/"
            }
        },
        {
            "description": "Proud of its power",
            "language": {
                "name": "en",
                "url": "/api/v2/language/9/"
            }
        },
        {
            "description": "\u529b\u304c\u3000\u81ea\u6162",
            "language": {
                "name": "ja",
                "url": "/api/v2/language/11/"
            }
        },
        {
            "description": "\u4ee5\u529b\u6c14\u5927\u4e3a\u50b2",
            "language": {
                "name": "zh-Hans",
                "url": "/api/v2/language/12/"
            }
        }
    ],
    "gene_modulo": 0,
    "highest_stat": {
        "name": "attack",
        "url": "/api/v2/stat/2/"
    },
    "id": 2,
    "possible_values": [
        0,
        5,
        10,
        15,
        20,
        25,
        30
    ]
}