{
    "effect_changes": [],
    "effect_entries": [
        {
            "effect": " Nach jeder Runde erh\u00f6ht sich ein zuf\u00e4lliger Statuswert von Pok\u00e9mon mit dieser F\u00e4higkeit um 2 Stufen und ein anderer wird um 1 Stufe gesenkt.\n\nWenn ein Statuswert bereits -6 oder +6 Stufen erreicht hat, wird er nicht zuf\u00e4llig ausgew\u00e4hlt.",
            "language": {
                "name": "de",
                "url": "/api/v2/language/6/"
            },
            "short_effect": "Erh\u00f6ht einen zuf\u00e4lligen Statuswert um 2 Stufen und senkt einen anderen um 1 Stufe nach jeder Runde."
        },
        {
            "effect": "After each turn, one of this Pok\u00e9mon's stats at random rises two stages, and another falls one stage.\n\nIf a stat is already at 6 or -6 stages, it will not be chosen to be increased or decreased, respectively.",
            "language": {
                "name": "en",
                "url": "/api/v2/language/9/"
            },
            "short_effect": "Raises a random stat two stages and lowers another one stage after each turn."
        }
    ],
    "flavor_text_entries": [
        {
            "flavor_text": "Monte une stat tout en\nen baissant une autre.",
            "language": {
                "name": "fr",
                "url": "/api/v2/language/5/"
            },
            "version_group": {
                "name": "black-white",
                "url": "/api/v2/version-group/11/"
            }
        },
        {
            "flavor_text": "Raises one stat and\nlowers another.",
            "language": {
                "name": "en",
                "url": "/api/v2/language/9/"
            },
            "version_group": {
                "name": "black-white",
                "url": "/api/v2/version-group/11/"
            }
        },
        {
            "flavor_text": "Raises one stat and\nlowers another.",
            "language": {
                "name": "en",
                "url": "/api/v2/language/9/"
            },
            "version_group": {
                "name": "black-2-white-2",
                "url": "/api/v2/version-group/14/"
            }
        },
        {
            "flavor_text": "\u306e\u3046\u308a\u3087\u304f\u304c\u3000\u3042\u304c\u3063\u305f\u308a\n\u3055\u304c\u3063\u305f\u308a\u3059\u308b\u3002",
            "language": {
                "name": "ja-Hrkt",
                "url": "/api/v2/language/1/"
            },
            "version_group": {
                "name": "x-y",
                "url": "/api/v2/version-group/15/"
            }
        },
        {
            "flavor_text": "\ub2a5\ub825\uc774\n\uc624\ub974\ub77d\ub0b4\ub9ac\ub77d\ud55c\ub2e4.",
            "language": {
                "name": "ko",
                "url": "/api/v2/language/3/"
            },
            "version_group": {
                "name": "x-y",
                "url": "/api/v2/version-group/15/"
            }
        },
        {
            "flavor_text": "Monte une stat tout en en\nbaissant une autre.",
            "language": {
                "name": "fr",
                "url": "/api/v2/language/5/"
            },
            "version_group": {
                "name": "x-y",
                "url": "/api/v2/version-group/15/"
            }
        },
        {
            "flavor_text": "Erh\u00f6ht einen Statuswert\nund senkt einen anderen.",
            "language": {
                "name": "de",
                "url": "/api/v2/language/6/"
            },
            "version_group": {
                "name": "x-y",
                "url": "/api/v2/version-group/15/"
            }
        },
        {
            "flavor_text": "Sube una caracter\u00edstica mucho,\npero baja otra.",
            "language": {
                "name": "es",
                "url": "/api/v2/language/7/"
            },
            "version_group": {
                "name": "x-y",
                "url": "/api/v2/version-group/15/"
            }
        },
        {
            "flavor_text": "Aumenta una statistica e ne\nriduce un\u2019altra.",
            "language": {
                "name": "it",
                "url": "/api/v2/language/8/"
            },
            "version_group": {
                "name": "x-y",
                "url": "/api/v2/version-group/15/"
            }
        },
        {
            "flavor_text": "Raises one stat and\nlowers another.",
            "language": {
                "name": "en",
                "url": "/api/v2/language/9/"
            },
            "version_group": {
                "name": "x-y",
                "url": "/api/v2/version-group/15/"
            }
        },
        {
            "flavor_text": "\u80fd\u529b\u304c\u3000\u3042\u304c\u3063\u305f\u308a\n\u3055\u304c\u3063\u305f\u308a\u3059\u308b\u3002",
            "language": {
                "name": "ja",
                "url": "/api/v2/language/11/"
            },
            "version_group": {
                "name": "x-y",
                "url": "/api/v2/version-group/15/"
            }
        },
        {
            "flavor_text": "\u306e\u3046\u308a\u3087\u304f\u304c\u3000\u3042\u304c\u3063\u305f\u308a\n\u3055\u304c\u3063\u305f\u308a\u3059\u308b\u3002",
            "language": {
                "name": "ja-Hrkt",
                "url": "/api/v2/language/1/"
            },
            "version_group": {
                "name": "omega-ruby-alpha-sapphire",
                "url": "/api/v2/version-group/16/"
            }
        },
        {
            "flavor_text": "\ub2a5\ub825\uc774\n\uc624\ub974\ub77d\ub0b4\ub9ac\ub77d\ud55c\ub2e4.",
            "language": {
                "name": "ko",
                "url": "/api/v2/language/3/"
            },
            "version_group": {
                "name": "omega-ruby-alpha-sapphire",
                "url": "/api/v2/version-group/16/"
            }
        },
        {
            "flavor_text": "Monte une stat tout en\nen baissant une autre.",
            "language": {
                "name": "fr",
                "url": "/api/v2/language/5/"
            },
            "version_group": {
                "name": "omega-ruby-alpha-sapphire",
                "url": "/api/v2/version-group/16/"
            }
        },
        {
            "flavor_text": "Erh\u00f6ht einen Statuswert\nund senkt einen anderen.",
            "language": {
                "name": "de",
                "url": "/api/v2/language/6/"
            },
            "version_group": {
                "name": "omega-ruby-alpha-sapphire",
                "url": "/api/v2/version-group/16/"
            }
        },
        {
            "flavor_text": "Sube una caracter\u00edstica mucho,\npero baja otra.",
            "language": {
                "name": "es",
                "url": "/api/v2/language/7/"
            },
            "version_group": {
                "name": "omega-ruby-alpha-sapphire",
                "url": "/api/v2/version-group/16/"
            }
        },
        {
            "flavor_text": "Aumenta una statistica e ne\nriduce un\u2019altra.",
            "language": {
                "name": "it",
                "url": "/api/v2/language/8/"
            },
            "version_group": {
                "name": "omega-ruby-alpha-sapphire",
                "url": "/api/v2/version-group/16/"
            }
        },
        {
            "flavor_text": "Raises one stat and\nlowers another.",
            "language": {
                "name": "en",
                "url": "/api/v2/language/9/"
            },
            "version_group": {
                "name": "omega-ruby-alpha-sapphire",
                "url": "/api/v2/version-group/16/"
            }
        },
        {
            "flavor_text": "\u80fd\u529b\u304c\u3000\u3042\u304c\u3063\u305f\u308a\n\u3055\u304c\u3063\u305f\u308a\u3059\u308b\u3002",
            "language": {
                "name": "ja",
                "url": "/api/v2/language/11/"
            },
            "version_group": {
                "name": "omega-ruby-alpha-sapphire",
                "url": "/api/v2/version-group/16/"
            }
        },
        {
            "flavor_text": "\u307e\u3044\u30bf\u30fc\u30f3\u3000\u306e\u3046\u308a\u3087\u304f\u306e\u3000\u3069\u308c\u304b\u304c\n\u3050\u30fc\u3093\u3068\u3000\u3042\u304c\u3063\u3066\u3000\u3069\u308c\u304b\u304c\u3000\u3055\u304c\u308b\u3002",
            "language": {
                "name": "ja-Hrkt",
                "url": "/api/v2/language/1/"
            },
            "version_group": {
                "name": "sun-moon",
                "url": "/api/v2/version-group/17/"
            }
        },
        {
            "flavor_text": "\ub9e4 \ud134 \ub2a5\ub825 \uc911 \ud558\ub098\uac00\n\ud06c\uac8c \uc624\ub974\uace0 \ud558\ub098\uac00 \ub5a8\uc5b4\uc9c4\ub2e4.",
            "language": {
                "name": "ko",
                "url": "/api/v2/language/3/"
            },
            "version_group": {
                "name": "sun-moon",
                "url": "/api/v2/version-group/17/"
            }
        },
        {
            "flavor_text": "\u6bcf\u4e00\u56de\u5408\uff0c\u80fd\u529b\u4e2d\u7684\u67d0\u9805\n\u6703\u5927\u5e45\u63d0\u9ad8\uff0c\u76f8\u5c0d\u5730\u67d0\u9805\u6703\u964d\u4f4e\u3002",
            "language": {
                "name": "zh-Hant",
                "url": "/api/v2/language/4/"
            },
            "version_group": {
                "name": "sun-moon",
                "url": "/api/v2/version-group/17/"
            }
        },
        {
            "flavor_text": "Augmente beaucoup une stat du Pok\u00e9mon\net en baisse une autre au hasard \u00e0 chaque tour.",
            "language": {
                "name": "fr",
                "url": "/api/v2/language/5/"
            },
            "version_group": {
                "name": "sun-moon",
                "url": "/api/v2/version-group/17/"
            }
        },
        {
            "flavor_text": "Erh\u00f6ht in jeder Runde aufs Neue einen Statuswert\nstark und senkt einen anderen.",
            "language": {
                "name": "de",
                "url": "/api/v2/language/6/"
            },
            "version_group": {
                "name": "sun-moon",
                "url": "/api/v2/version-group/17/"
            }
        },
        {
            "flavor_text": "Cada turno sube mucho una caracter\u00edstica, pero\nbaja otra.",
            "language": {
                "name": "es",
                "url": "/api/v2/language/7/"
            },
            "version_group": {
                "name": "sun-moon",
                "url": "/api/v2/version-group/17/"
            }
        },
        {
            "flavor_text": "A ogni turno, aumenta di molto una statistica\ne ne riduce un\u2019altra.",
            "language": {
                "name": "it",
                "url": "/api/v2/language/8/"
            },
            "version_group": {
                "name": "sun-moon",
                "url": "/api/v2/version-group/17/"
            }
        },
        {
            "flavor_text": "Raises one stat sharply and lowers another\nevery turn.",
            "language": {
                "name": "en",
                "url": "/api/v2/language/9/"
            },
            "version_group": {
                "name": "sun-moon",
                "url": "/api/v2/version-group/17/"
            }
        },
        {
            "flavor_text": "\u6bce\u30bf\u30fc\u30f3\u3000\u80fd\u529b\u306e\u3000\u3069\u308c\u304b\u304c\n\u3050\u30fc\u3093\u3068\u3000\u4e0a\u304c\u3063\u3066\u3000\u3069\u308c\u304b\u304c\u3000\u4e0b\u304c\u308b\u3002",
            "language": {
                "name": "ja",
                "url": "/api/v2/language/11/"
            },
            "version_group": {
                "name": "sun-moon",
                "url": "/api/v2/version-group/17/"
            }
        },
        {
            "flavor_text": "\u6bcf\u4e00\u56de\u5408\uff0c\u80fd\u529b\u4e2d\u7684\u67d0\u9879\n\u4f1a\u5927\u5e45\u63d0\u9ad8\uff0c\u800c\u67d0\u9879\u4f1a\u964d\u4f4e\u3002",
            "language": {
                "name": "zh-Hans",
                "url": "/api/v2/language/12/"
            },
            "version_group": {
                "name": "sun-moon",
                "url": "/api/v2/version-group/17/"
            }
        },
        {
            "flavor_text": "\u307e\u3044\u30bf\u30fc\u30f3\u3000\u306e\u3046\u308a\u3087\u304f\u306e\u3000\u3069\u308c\u304b\u304c\n\u3050\u30fc\u3093\u3068\u3000\u3042\u304c\u3063\u3066\u3000\u3069\u308c\u304b\u304c\u3000\u3055\u304c\u308b\u3002",
            "language": {
                "name": "ja-Hrkt",
                "url": "/api/v2/language/1/"
            },
            "version_group": {
                "name": "ultra-sun-ultra-moon",
                "url": "/api/v2/version-group/18/"
            }
        },
        {
            "flavor_text": "\ub9e4 \ud134 \ub2a5\ub825 \uc911 \ud558\ub098\uac00\n\ud06c\uac8c \uc624\ub974\uace0 \ud558\ub098\uac00 \ub5a8\uc5b4\uc9c4\ub2e4.",
            "language": {
                "name": "ko",
                "url": "/api/v2/language/3/"
            },
            "version_group": {
                "name": "ultra-sun-ultra-moon",
                "url": "/api/v2/version-group/18/"
            }
        },
        {
            "flavor_text": "\u6bcf\u4e00\u56de\u5408\uff0c\u80fd\u529b\u4e2d\u7684\u67d0\u9805\n\u6703\u5927\u5e45\u63d0\u9ad8\uff0c\u76f8\u5c0d\u5730\u67d0\u9805\u6703\u964d\u4f4e\u3002",
            "language": {
                "name": "zh-Hant",
                "url": "/api/v2/language/4/"
            },
            "version_group": {
                "name": "ultra-sun-ultra-moon",
                "url": "/api/v2/version-group/18/"
            }
        },
        {
            "flavor_text": "Augmente beaucoup une stat du Pok\u00e9mon\net en baisse une autre au hasard \u00e0 chaque tour.",
            "language": {
                "name": "fr",
                "url": "/api/v2/language/5/"
            },
            "version_group": {
                "name": "ultra-sun-ultra-moon",
                "url": "/api/v2/version-group/18/"
            }
        },
        {
            "flavor_text": "Erh\u00f6ht in jeder Runde aufs Neue einen Statuswert\nstark und senkt einen anderen.",
            "language": {
                "name": "de",
                "url": "/api/v2/language/6/"
            },
            "version_group": {
                "name": "ultra-sun-ultra-moon",
                "url": "/api/v2/version-group/18/"
            }
        },
        {
            "flavor_text": "Cada turno sube mucho una caracter\u00edstica, pero\nbaja otra.",
            "language": {
                "name": "es",
                "url": "/api/v2/language/7/"
            },
            "version_group": {
                "name": "ultra-sun-ultra-moon",
                "url": "/api/v2/version-group/18/"
            }
        },
        {
            "flavor_text": "A ogni turno, aumenta di molto una statistica\ne ne riduce un\u2019altra.",
            "language": {
                "name": "it",
                "url": "/api/v2/language/8/"
            },
            "version_group": {
                "name": "ultra-sun-ultra-moon",
                "url": "/api/v2/version-group/18/"
            }
        },
        {
            "flavor_text": "Raises one stat sharply and lowers another\nevery turn.",
            "language": {
                "name": "en",
                "url": "/api/v2/language/9/"
            },
            "version_group": {
                "name": "ultra-sun-ultra-moon",
                "url": "/api/v2/version-group/18/"
            }
        },
        {
            "flavor_text": "\u6bce\u30bf\u30fc\u30f3\u3000\u80fd\u529b\u306e\u3000\u3069\u308c\u304b\u304c\n\u3050\u30fc\u3093\u3068\u3000\u4e0a\u304c\u3063\u3066\u3000\u3069\u308c\u304b\u304c\u3000\u4e0b\u304c\u308b\u3002",
            "language": {
                "name": "ja",
                "url": "/api/v2/language/11/"
            },
            "version_group": {
                "name": "ultra-sun-ultra-moon",
                "url": "/api/v2/version-group/18/"
            }
        },
        {
            "flavor_text": "\u6bcf\u4e00\u56de\u5408\uff0c\u80fd\u529b\u4e2d\u7684\u67d0\u9879\n\u4f1a\u5927\u5e45\u63d0\u9ad8\uff0c\u800c\u67d0\u9879\u4f1a\u964d\u4f4e\u3002",
            "language": {
                "name": "zh-Hans",
                "url": "/api/v2/language/12/"
            },
            "version_group": {
                "name": "ultra-sun-ultra-moon",
                "url": "/api/v2/version-group/18/"
            }
        },
        {
            "flavor_text": "\u307e\u3044\u30bf\u30fc\u30f3\u3000\u306e\u3046\u308a\u3087\u304f\u306e\u3000\u3069\u308c\u304b\u304c\n\u3050\u30fc\u3093\u3068\u3000\u3042\u304c\u3063\u3066\u3000\u3069\u308c\u304b\u304c\u3000\u3055\u304c\u308b\u3002",
            "language": {
                "name": "ja-Hrkt",
                "url": "/api/v2/language/1/"
            },
            "version_group": {
                "name": "lets-go-pikachu-lets-go-eevee",
                "url": "/api/v2/version-group/19/"
            }
        },
        {
            "flavor_text": "\ub9e4 \ud134 \ub2a5\ub825 \uc911 \ud558\ub098\uac00\n\ud06c\uac8c \uc624\ub974\uace0 \ud558\ub098\uac00 \ub5a8\uc5b4\uc9c4\ub2e4.",
            "language": {
                "name": "ko",
                "url": "/api/v2/language/3/"
            },
            "version_group": {
                "name": "lets-go-pikachu-lets-go-eevee",
                "url": "/api/v2/version-group/19/"
            }
        },
        {
            "flavor_text": "\u6bcf\u4e00\u56de\u5408\uff0c\u80fd\u529b\u4e2d\u7684\u67d0\u9805\n\u6703\u5927\u5e45\u63d0\u9ad8\uff0c\u76f8\u5c0d\u5730\u67d0\u9805\u6703\u964d\u4f4e\u3002",
            "language": {
                "name": "zh-Hant",
                "url": "/api/v2/language/4/"
            },
            "version_group": {
                "name": "lets-go-pikachu-lets-go-eevee",
                "url": "/api/v2/version-group/19/"
            }
        },
        {
            "flavor_text": "Augmente beaucoup une stat du Pok\u00e9mon\net en baisse une autre au hasard \u00e0 chaque tour.",
            "language": {
                "name": "fr",
                "url": "/api/v2/language/5/"
            },
            "version_group": {
                "name": "lets-go-pikachu-lets-go-eevee",
                "url": "/api/v2/version-group/19/"
            }
        },
        {
            "flavor_text": "Erh\u00f6ht in jeder Runde aufs Neue einen Statuswert\nstark und senkt einen anderen.",
            "language": {
                "name": "de",
                "url": "/api/v2/language/6/"
            },
            "version_group": {
                "name": "lets-go-pikachu-lets-go-eevee",
                "url": "/api/v2/version-group/19/"
            }
        },
        {
            "flavor_text": "Cada turno sube mucho una caracter\u00edstica, pero\nbaja otra.",
            "language": {
                "name": "es",
                "url": "/api/v2/language/7/"
            },
            "version_group": {
                "name": "lets-go-pikachu-lets-go-eevee",
                "url": "/api/v2/version-group/19/"
            }
        },
        {
            "flavor_text": "A ogni turno, aumenta di molto una statistica\ne ne riduce un\u2019altra.",
            "language": {
                "name": "it",
                "url": "/api/v2/language/8/"
            },
            "version_group": {
                "name": "lets-go-pikachu-lets-go-eevee",
                "url": "/api/v2/version-group/19/"
            }
        },
        {
            "flavor_text": "Raises one stat sharply and lowers another\nevery turn.",
            "language": {
                "name": "en",
                "url": "/api/v2/language/9/"
            },
            "version_group": {
                "name": "lets-go-pikachu-lets-go-eevee",
                "url": "/api/v2/version-group/19/"
            }
        },
        {
            "flavor_text": "\u6bce\u30bf\u30fc\u30f3\u3000\u80fd\u529b\u306e\u3000\u3069\u308c\u304b\u304c\n\u3050\u30fc\u3093\u3068\u3000\u4e0a\u304c\u3063\u3066\u3000\u3069\u308c\u304b\u304c\u3000\u4e0b\u304c\u308b\u3002",
            "language": {
                "name": "ja",
                "url": "/api/v2/language/11/"
            },
            "version_group": {
                "name": "lets-go-pikachu-lets-go-eevee",
                "url": "/api/v2/version-group/19/"
            }
        },
        {
            "flavor_text": "\u6bcf\u4e00\u56de\u5408\uff0c\u80fd\u529b\u4e2d\u7684\u67d0\u9879\n\u4f1a\u5927\u5e45\u63d0\u9ad8\uff0c\u800c\u67d0\u9879\u4f1a\u964d\u4f4e\u3002",
            "language": {
                "name": "zh-Hans",
                "url": "/api/v2/language/12/"
            },
            "version_group": {
                "name": "lets-go-pikachu-lets-go-eevee",
                "url": "/api/v2/version-group/19/"
            }
        },
        {
            "flavor_text": "\u307e\u3044\u30bf\u30fc\u30f3\u3000\u306e\u3046\u308a\u3087\u304f\u306e\u3000\u3069\u308c\u304b\u304c\n\u3050\u30fc\u3093\u3068\u3000\u3042\u304c\u3063\u3066\u3000\u3069\u308c\u304b\u304c\u3000\u3055\u304c\u308b\u3002",
            "language": {
                "name": "ja-Hrkt",
                "url": "/api/v2/language/1/"
            },
            "version_group": {
                "name": "sword-shield",
                "url": "/api/v2/version-group/20/"
            }
        },
        {
            "flavor_text": "\ub9e4 \ud134 \ub2a5\ub825 \uc911 \ud558\ub098\uac00\n\ud06c\uac8c \uc624\ub974\uace0 \ud558\ub098\uac00 \ub5a8\uc5b4\uc9c4\ub2e4.",
            "language": {
                "name": "ko",
                "url": "/api/v2/language/3/"
            },
            "version_group": {
                "name": "sword-shield",
                "url": "/api/v2/version-group/20/"
            }
        },
        {
            "flavor_text": "\u6bcf\u4e00\u56de\u5408\uff0c\u80fd\u529b\u4e2d\u7684\u67d0\u9805\n\u6703\u5927\u5e45\u63d0\u9ad8\uff0c\u76f8\u5c0d\u5730\u67d0\u9805\u6703\u964d\u4f4e\u3002",
            "language": {
                "name": "zh-Hant",
                "url": "/api/v2/language/4/"
            },
            "version_group": {
                "name": "sword-shield",
                "url": "/api/v2/version-group/20/"
            }
        },
        {
            "flavor_text": "Augmente beaucoup une stat du Pok\u00e9mon\net en baisse une autre au hasard \u00e0 chaque tour.",
            "language": {
                "name": "fr",
                "url": "/api/v2/language/5/"
            },
            "version_group": {
                "name": "sword-shield",
                "url": "/api/v2/version-group/20/"
            }
        },
        {
            "flavor_text": "Erh\u00f6ht in jeder Runde aufs Neue einen Statuswert stark\nund senkt einen anderen.",
            "language": {
                "name": "de",
                "url": "/api/v2/language/6/"
            },
            "version_group": {
                "name": "sword-shield",
                "url": "/api/v2/version-group/20/"
            }
        },
        {
            "flavor_text": "Una caracter\u00edstica le sube mucho en cada turno, pero\nle baja otra.",
            "language": {
                "name": "es",
                "url": "/api/v2/language/7/"
            },
            "version_group": {
                "name": "sword-shield",
                "url": "/api/v2/version-group/20/"
            }
        },
        {
            "flavor_text": "A ogni turno, aumenta di molto una statistica\ne ne riduce un\u2019altra.",
            "language": {
                "name": "it",
                "url": "/api/v2/language/8/"
            },
            "version_group": {
                "name": "sword-shield",
                "url": "/api/v2/version-group/20/"
            }
        },
        {
            "flavor_text": "Raises one stat sharply and lowers another\nevery turn.",
            "language": {
                "name": "en",
                "url": "/api/v2/language/9/"
            },
            "version_group": {
                "name": "sword-shield",
                "url": "/api/v2/version-group/20/"
            }
        },
        {
            "flavor_text": "\u6bce\u30bf\u30fc\u30f3\u3000\u80fd\u529b\u306e\u3000\u3069\u308c\u304b\u304c\n\u3050\u30fc\u3093\u3068\u3000\u4e0a\u304c\u3063\u3066\u3000\u3069\u308c\u304b\u304c\u3000\u4e0b\u304c\u308b\u3002",
            "language": {
                "name": "ja",
                "url": "/api/v2/language/11/"
            },
            "version_group": {
                "name": "sword-shield",
                "url": "/api/v2/version-group/20/"
            }
        },
        {
            "flavor_text": "\u6bcf\u4e00\u56de\u5408\uff0c\u80fd\u529b\u4e2d\u7684\u67d0\u9879\n\u4f1a\u5927\u5e45\u63d0\u9ad8\uff0c\u800c\u67d0\u9879\u4f1a\u964d\u4f4e\u3002",
            "language": {
                "name": "zh-Hans",
                "url": "/api/v2/language/12/"
            },
            "version_group": {
                "name": "sword-shield",
                "url": "/api/v2/version-group/20/"
            }
        }
    ],
    "generation": {
        "name": "generation-v",
        "url": "/api/v2/generation/5/"
    },
    "id": 141,
    "is_main_series": true,
    "name": "moody",
    "names": [
        {
            "language": {
                "name": "ja-Hrkt",
                "url": "/api/v2/language/1/"
            },
            "name": "\u30e0\u30e9\u3063\u3051"
        },
        {
            "language": {
                "name": "ko",
                "url": "/api/v2/language/3/"
            },
            "name": "\ubcc0\ub355\uc7c1\uc774"
        },
        {
            "language": {
                "name": "zh-Hant",
                "url": "/api/v2/language/4/"
            },
            "name": "\u5fc3\u60c5\u4e0d\u5b9a"
        },
        {
            "language": {
                "name": "fr",
                "url": "/api/v2/language/5/"
            },
            "name": "Lunatique"
        },
        {
            "language": {
                "name": "de",
                "url": "/api/v2/language/6/"
            },
            "name": "Gef\u00fchlswippe"
        },
        {
            "language": {
                "name": "es",
                "url": "/api/v2/language/7/"
            },
            "name": "Veleta"
        },
        {
            "language": {
                "name": "it",
                "url": "/api/v2/language/8/"
            },
            "name": "Altalena"
        },
        {
            "language": {
                "name": "en",
                "url": "/api/v2/language/9/"
            },
            "name": "Moody"
        },
        {
            "language": {
                "name": "ja",
                "url": "/api/v2/language/11/"
            },
            "name": "\u30e0\u30e9\u3063\u3051"
        },
        {
            "language": {
                "name": "zh-Hans",
                "url": "/api/v2/language/12/"
            },
            "name": "\u5fc3\u60c5\u4e0d\u5b9a"
        }
    ],
    "pokemon": [
        {
            "is_hidden": true,
            "pokemon": {
                "name": "remoraid",
                "url": "/api/v2/pokemon/223/"
            },
            "slot": 3
        },
        {
            "is_hidden": true,
            "pokemon": {
                "name": "octillery",
                "url": "/api/v2/pokemon/224/"
            },
            "slot": 3
        },
        {
            "is_hidden": true,
            "pokemon": {
                "name": "smeargle",
                "url": "/api/v2/pokemon/235/"
            },
            "slot": 3
        },
        {
            "is_hidden": true,
            "pokemon": {
                "name": "snorunt",
                "url": "/api/v2/pokemon/361/"
            },
            "slot": 3
        },
        {
            "is_hidden": true,
            "pokemon": {
                "name": "glalie",
                "url": "/api/v2/pokemon/362/"
            },
            "slot": 3
        },
        {
            "is_hidden": true,
            "pokemon": {
                "name": "bidoof",
                "url": "/api/v2/pokemon/399/"
            },
            "slot": 3
        },
        {
            "is_hidden": true,
            "pokemon": {
                "name": "bibarel",
                "url": "/api/v2/pokemon/400/"
            },
            "slot": 3
        },
        {
            "is_hidden": true,
            "pokemon": {
                "name": "scovillain",
                "url": "/api/v2/pokemon/952/"
            },
            "slot": 3
        }
    ]
}