{
    "effect_changes": [],
    "effect_entries": [
        {
            "effect": "Wenn ein Pok\u00e9mon diese F\u00e4higkeit hat, erh\u00f6ht sich die priority seiner flying Attacken um 1 Stufe.",
            "language": {
                "name": "de",
                "url": "/api/v2/language/6/"
            },
            "short_effect": "Erh\u00f6ht die priority von flying Attacken um 1 Stufe."
        },
        {
            "effect": "Raises flying moves' priority by one stage.",
            "language": {
                "name": "en",
                "url": "/api/v2/language/9/"
            },
            "short_effect": "Raises flying moves' priority by one stage."
        }
    ],
    "flavor_text_entries": [
        {
            "flavor_text": "\u3072\u3053\u3046\u30bf\u30a4\u30d7\u306e\u3000\u308f\u3056\u304c\n\u305b\u3093\u305b\u3044\u3067\u3000\u3060\u305b\u308b\u3002",
            "language": {
                "name": "ja-Hrkt",
                "url": "/api/v2/language/1/"
            },
            "version_group": {
                "name": "x-y",
                "url": "/api/v2/version-group/15/"
            }
        },
        {
            "flavor_text": "\ube44\ud589\ud0c0\uc785\uc758 \uae30\uc220\uc774\n\uba3c\uc800 \ub098\uc624\uac8c \ub41c\ub2e4.",
            "language": {
                "name": "ko",
                "url": "/api/v2/language/3/"
            },
            "version_group": {
                "name": "x-y",
                "url": "/api/v2/version-group/15/"
            }
        },
        {
            "flavor_text": "Les attaques de type Vol sont\nprioritaires.",
            "language": {
                "name": "fr",
                "url": "/api/v2/language/5/"
            },
            "version_group": {
                "name": "x-y",
                "url": "/api/v2/version-group/15/"
            }
        },
        {
            "flavor_text": "Erm\u00f6glicht es dem Pok\u00e9mon, mit\nFlug-Attacken zuerst anzugreifen.",
            "language": {
                "name": "de",
                "url": "/api/v2/language/6/"
            },
            "version_group": {
                "name": "x-y",
                "url": "/api/v2/version-group/15/"
            }
        },
        {
            "flavor_text": "Da prioridad a los movimientos de\ntipo Volador.",
            "language": {
                "name": "es",
                "url": "/api/v2/language/7/"
            },
            "version_group": {
                "name": "x-y",
                "url": "/api/v2/version-group/15/"
            }
        },
        {
            "flavor_text": "D\u00e0 priorit\u00e0 alle mosse di tipo\nVolante.",
            "language": {
                "name": "it",
                "url": "/api/v2/language/8/"
            },
            "version_group": {
                "name": "x-y",
                "url": "/api/v2/version-group/15/"
            }
        },
        {
            "flavor_text": "Gives priority to Flying-type\nmoves.",
            "language": {
                "name": "en",
                "url": "/api/v2/language/9/"
            },
            "version_group": {
                "name": "x-y",
                "url": "/api/v2/version-group/15/"
            }
        },
        {
            "flavor_text": "\u3072\u3053\u3046\u30bf\u30a4\u30d7\u306e\u3000\u6280\u304c\n\u5148\u5236\u3067\u3000\u3060\u305b\u308b\u3002",
            "language": {
                "name": "ja",
                "url": "/api/v2/language/11/"
            },
            "version_group": {
                "name": "x-y",
                "url": "/api/v2/version-group/15/"
            }
        },
        {
            "flavor_text": "\u3072\u3053\u3046\u30bf\u30a4\u30d7\u306e\u3000\u308f\u3056\u304c\n\u305b\u3093\u305b\u3044\u3067\u3000\u3060\u305b\u308b\u3002",
            "language": {
                "name": "ja-Hrkt",
                "url": "/api/v2/language/1/"
            },
            "version_group": {
                "name": "omega-ruby-alpha-sapphire",
                "url": "/api/v2/version-group/16/"
            }
        },
        {
            "flavor_text": "\ube44\ud589\ud0c0\uc785\uc758 \uae30\uc220\uc774\n\uba3c\uc800 \ub098\uc624\uac8c \ub41c\ub2e4.",
            "language": {
                "name": "ko",
                "url": "/api/v2/language/3/"
            },
            "version_group": {
                "name": "omega-ruby-alpha-sapphire",
                "url": "/api/v2/version-group/16/"
            }
        },
        {
            "flavor_text": "Les attaques de type Vol sont\nprioritaires.",
            "language": {
                "name": "fr",
                "url": "/api/v2/language/5/"
            },
            "version_group": {
                "name": "omega-ruby-alpha-sapphire",
                "url": "/api/v2/version-group/16/"
            }
        },
        {
            "flavor_text": "Erm\u00f6glicht es dem Pok\u00e9mon, mit\nFlug-Attacken zuerst anzugreifen.",
            "language": {
                "name": "de",
                "url": "/api/v2/language/6/"
            },
            "version_group": {
                "name": "omega-ruby-alpha-sapphire",
                "url": "/api/v2/version-group/16/"
            }
        },
        {
            "flavor_text": "Da prioridad a los movimientos de\ntipo Volador.",
            "language": {
                "name": "es",
                "url": "/api/v2/language/7/"
            },
            "version_group": {
                "name": "omega-ruby-alpha-sapphire",
                "url": "/api/v2/version-group/16/"
            }
        },
        {
            "flavor_text": "D\u00e0 priorit\u00e0 alle mosse di tipo\nVolante.",
            "language": {
                "name": "it",
                "url": "/api/v2/language/8/"
            },
            "version_group": {
                "name": "omega-ruby-alpha-sapphire",
                "url": "/api/v2/version-group/16/"
            }
        },
        {
            "flavor_text": "Gives priority to\nFlying-type moves.",
            "language": {
                "name": "en",
                "url": "/api/v2/language/9/"
            },
            "version_group": {
                "name": "omega-ruby-alpha-sapphire",
                "url": "/api/v2/version-group/16/"
            }
        },
        {
            "flavor_text": "\u3072\u3053\u3046\u30bf\u30a4\u30d7\u306e\u3000\u6280\u304c\n\u5148\u5236\u3067\u3000\u3060\u305b\u308b\u3002",
            "language": {
                "name": "ja",
                "url": "/api/v2/language/11/"
            },
            "version_group": {
                "name": "omega-ruby-alpha-sapphire",
                "url": "/api/v2/version-group/16/"
            }
        },
        {
            "flavor_text": "\uff28\uff30\u304c\u3000\u307e\u3093\u305f\u3093\u3000\u3060\u3068\n\u3072\u3053\u3046\u30bf\u30a4\u30d7\u306e\u3000\u308f\u3056\u3092\n\u305b\u3093\u305b\u3044\u3067\u3000\u3060\u3059\u3053\u3068\u304c\u3000\u3067\u304d\u308b\u3002",
            "language": {
                "name": "ja-Hrkt",
                "url": "/api/v2/language/1/"
            },
            "version_group": {
                "name": "sun-moon",
                "url": "/api/v2/version-group/17/"
            }
        },
        {
            "flavor_text": "HP\uac00 \uaf49 \ucc3c\uc744 \ub54c\n\ube44\ud589\ud0c0\uc785\uc758 \uae30\uc220\uc744\n\uba3c\uc800 \uc4f8 \uc218 \uc788\ub2e4.",
            "language": {
                "name": "ko",
                "url": "/api/v2/language/3/"
            },
            "version_group": {
                "name": "sun-moon",
                "url": "/api/v2/version-group/17/"
            }
        },
        {
            "flavor_text": "\uff28\uff30\u5168\u6eff\u6642\uff0c\n\u53ef\u4ee5\u6436\u5148\u5728\u5c0d\u624b\u4e4b\u524d\n\u4f7f\u51fa\u98db\u884c\u5c6c\u6027\u7684\u62db\u5f0f\u3002",
            "language": {
                "name": "zh-Hant",
                "url": "/api/v2/language/4/"
            },
            "version_group": {
                "name": "sun-moon",
                "url": "/api/v2/version-group/17/"
            }
        },
        {
            "flavor_text": "Quand les PV du Pok\u00e9mon sont au maximum,\nses capacit\u00e9s de type Vol sont prioritaires.",
            "language": {
                "name": "fr",
                "url": "/api/v2/language/5/"
            },
            "version_group": {
                "name": "sun-moon",
                "url": "/api/v2/version-group/17/"
            }
        },
        {
            "flavor_text": "Kann bei vollen KP Flug-Attacken vor dem Gegner\neinsetzen.",
            "language": {
                "name": "de",
                "url": "/api/v2/language/6/"
            },
            "version_group": {
                "name": "sun-moon",
                "url": "/api/v2/version-group/17/"
            }
        },
        {
            "flavor_text": "Da prioridad a los movimientos de tipo Volador si los\nPS est\u00e1n al m\u00e1ximo.",
            "language": {
                "name": "es",
                "url": "/api/v2/language/7/"
            },
            "version_group": {
                "name": "sun-moon",
                "url": "/api/v2/version-group/17/"
            }
        },
        {
            "flavor_text": "Se il Pok\u00e9mon ha tutti i PS, le sue mosse\ndi tipo Volante acquistano priorit\u00e0 alta.",
            "language": {
                "name": "it",
                "url": "/api/v2/language/8/"
            },
            "version_group": {
                "name": "sun-moon",
                "url": "/api/v2/version-group/17/"
            }
        },
        {
            "flavor_text": "Gives priority to Flying-type moves when the \nPok\u00e9mon\u2019s HP is full.",
            "language": {
                "name": "en",
                "url": "/api/v2/language/9/"
            },
            "version_group": {
                "name": "sun-moon",
                "url": "/api/v2/version-group/17/"
            }
        },
        {
            "flavor_text": "\uff28\uff30\u304c\u3000\u6e80\u30bf\u30f3\u3000\u3060\u3068\n\u3072\u3053\u3046\u30bf\u30a4\u30d7\u306e\u3000\u6280\u3092\n\u5148\u5236\u3067\u3000\u51fa\u3059\u3053\u3068\u304c\u3000\u3067\u304d\u308b\u3002",
            "language": {
                "name": "ja",
                "url": "/api/v2/language/11/"
            },
            "version_group": {
                "name": "sun-moon",
                "url": "/api/v2/version-group/17/"
            }
        },
        {
            "flavor_text": "\uff28\uff30\u5168\u6ee1\u65f6\uff0c\n\u98de\u884c\u5c5e\u6027\u7684\u62db\u5f0f\u53ef\u4ee5\u7387\u5148\u4f7f\u51fa\u3002",
            "language": {
                "name": "zh-Hans",
                "url": "/api/v2/language/12/"
            },
            "version_group": {
                "name": "sun-moon",
                "url": "/api/v2/version-group/17/"
            }
        },
        {
            "flavor_text": "\uff28\uff30\u304c\u3000\u307e\u3093\u305f\u3093\u3000\u3060\u3068\n\u3072\u3053\u3046\u30bf\u30a4\u30d7\u306e\u3000\u308f\u3056\u3092\n\u305b\u3093\u305b\u3044\u3067\u3000\u3060\u3059\u3053\u3068\u304c\u3000\u3067\u304d\u308b\u3002",
            "language": {
                "name": "ja-Hrkt",
                "url": "/api/v2/language/1/"
            },
            "version_group": {
                "name": "ultra-sun-ultra-moon",
                "url": "/api/v2/version-group/18/"
            }
        },
        {
            "flavor_text": "HP\uac00 \uaf49 \ucc3c\uc744 \ub54c\n\ube44\ud589\ud0c0\uc785\uc758 \uae30\uc220\uc744\n\uba3c\uc800 \uc4f8 \uc218 \uc788\ub2e4.",
            "language": {
                "name": "ko",
                "url": "/api/v2/language/3/"
            },
            "version_group": {
                "name": "ultra-sun-ultra-moon",
                "url": "/api/v2/version-group/18/"
            }
        },
        {
            "flavor_text": "\uff28\uff30\u5168\u6eff\u6642\uff0c\n\u53ef\u4ee5\u6436\u5148\u5728\u5c0d\u624b\u4e4b\u524d\n\u4f7f\u51fa\u98db\u884c\u5c6c\u6027\u7684\u62db\u5f0f\u3002",
            "language": {
                "name": "zh-Hant",
                "url": "/api/v2/language/4/"
            },
            "version_group": {
                "name": "ultra-sun-ultra-moon",
                "url": "/api/v2/version-group/18/"
            }
        },
        {
            "flavor_text": "Quand les PV du Pok\u00e9mon sont au maximum,\nses capacit\u00e9s de type Vol sont prioritaires.",
            "language": {
                "name": "fr",
                "url": "/api/v2/language/5/"
            },
            "version_group": {
                "name": "ultra-sun-ultra-moon",
                "url": "/api/v2/version-group/18/"
            }
        },
        {
            "flavor_text": "Kann bei vollen KP Flug-Attacken vor dem Gegner\neinsetzen.",
            "language": {
                "name": "de",
                "url": "/api/v2/language/6/"
            },
            "version_group": {
                "name": "ultra-sun-ultra-moon",
                "url": "/api/v2/version-group/18/"
            }
        },
        {
            "flavor_text": "Da prioridad a los movimientos de tipo Volador si los\nPS est\u00e1n al m\u00e1ximo.",
            "language": {
                "name": "es",
                "url": "/api/v2/language/7/"
            },
            "version_group": {
                "name": "ultra-sun-ultra-moon",
                "url": "/api/v2/version-group/18/"
            }
        },
        {
            "flavor_text": "Se il Pok\u00e9mon ha tutti i PS, le sue mosse\ndi tipo Volante acquistano priorit\u00e0 alta.",
            "language": {
                "name": "it",
                "url": "/api/v2/language/8/"
            },
            "version_group": {
                "name": "ultra-sun-ultra-moon",
                "url": "/api/v2/version-group/18/"
            }
        },
        {
            "flavor_text": "Gives priority to Flying-type moves when the \nPok\u00e9mon\u2019s HP is full.",
            "language": {
                "name": "en",
                "url": "/api/v2/language/9/"
            },
            "version_group": {
                "name": "ultra-sun-ultra-moon",
                "url": "/api/v2/version-group/18/"
            }
        },
        {
            "flavor_text": "\uff28\uff30\u304c\u3000\u6e80\u30bf\u30f3\u3000\u3060\u3068\n\u3072\u3053\u3046\u30bf\u30a4\u30d7\u306e\u3000\u6280\u3092\n\u5148\u5236\u3067\u3000\u51fa\u3059\u3053\u3068\u304c\u3000\u3067\u304d\u308b\u3002",
            "language": {
                "name": "ja",
                "url": "/api/v2/language/11/"
            },
            "version_group": {
                "name": "ultra-sun-ultra-moon",
                "url": "/api/v2/version-group/18/"
            }
        },
        {
            "flavor_text": "\uff28\uff30\u5168\u6ee1\u65f6\uff0c\n\u98de\u884c\u5c5e\u6027\u7684\u62db\u5f0f\u53ef\u4ee5\u7387\u5148\u4f7f\u51fa\u3002",
            "language": {
                "name": "zh-Hans",
                "url": "/api/v2/language/12/"
            },
            "version_group": {
                "name": "ultra-sun-ultra-moon",
                "url": "/api/v2/version-group/18/"
            }
        },
        {
            "flavor_text": "\uff28\uff30\u304c\u3000\u307e\u3093\u305f\u3093\u3000\u3060\u3068\n\u3072\u3053\u3046\u30bf\u30a4\u30d7\u306e\u3000\u308f\u3056\u3092\n\u305b\u3093\u305b\u3044\u3067\u3000\u3060\u3059\u3053\u3068\u304c\u3000\u3067\u304d\u308b\u3002",
            "language": {
                "name": "ja-Hrkt",
                "url": "/api/v2/language/1/"
            },
            "version_group": {
                "name": "lets-go-pikachu-lets-go-eevee",
                "url": "/api/v2/version-group/19/"
            }
        },
        {
            "flavor_text": "HP\uac00 \uaf49 \ucc3c\uc744 \ub54c\n\ube44\ud589\ud0c0\uc785\uc758 \uae30\uc220\uc744\n\uba3c\uc800 \uc4f8 \uc218 \uc788\ub2e4.",
            "language": {
                "name": "ko",
                "url": "/api/v2/language/3/"
            },
            "version_group": {
                "name": "lets-go-pikachu-lets-go-eevee",
                "url": "/api/v2/version-group/19/"
            }
        },
        {
            "flavor_text": "HP\u5168\u6eff\u6642\uff0c\n\u53ef\u4ee5\u6436\u5148\u5728\u5c0d\u624b\u4e4b\u524d\n\u4f7f\u51fa\u98db\u884c\u5c6c\u6027\u7684\u62db\u5f0f\u3002",
            "language": {
                "name": "zh-Hant",
                "url": "/api/v2/language/4/"
            },
            "version_group": {
                "name": "lets-go-pikachu-lets-go-eevee",
                "url": "/api/v2/version-group/19/"
            }
        },
        {
            "flavor_text": "Quand les PV du Pok\u00e9mon sont au maximum,\nses capacit\u00e9s de type Vol sont prioritaires.",
            "language": {
                "name": "fr",
                "url": "/api/v2/language/5/"
            },
            "version_group": {
                "name": "lets-go-pikachu-lets-go-eevee",
                "url": "/api/v2/version-group/19/"
            }
        },
        {
            "flavor_text": "Kann bei vollen KP Flug-Attacken vor dem Gegner\neinsetzen.",
            "language": {
                "name": "de",
                "url": "/api/v2/language/6/"
            },
            "version_group": {
                "name": "lets-go-pikachu-lets-go-eevee",
                "url": "/api/v2/version-group/19/"
            }
        },
        {
            "flavor_text": "Da prioridad a los movimientos de tipo Volador si los\nPS est\u00e1n al m\u00e1ximo.",
            "language": {
                "name": "es",
                "url": "/api/v2/language/7/"
            },
            "version_group": {
                "name": "lets-go-pikachu-lets-go-eevee",
                "url": "/api/v2/version-group/19/"
            }
        },
        {
            "flavor_text": "Se il Pok\u00e9mon ha tutti i PS, le sue mosse\ndi tipo Volante acquistano priorit\u00e0 alta.",
            "language": {
                "name": "it",
                "url": "/api/v2/language/8/"
            },
            "version_group": {
                "name": "lets-go-pikachu-lets-go-eevee",
                "url": "/api/v2/version-group/19/"
            }
        },
        {
            "flavor_text": "Gives priority to Flying-type moves when\nthe Pok\u00e9mon\u2019s HP is full.",
            "language": {
                "name": "en",
                "url": "/api/v2/language/9/"
            },
            "version_group": {
                "name": "lets-go-pikachu-lets-go-eevee",
                "url": "/api/v2/version-group/19/"
            }
        },
        {
            "flavor_text": "\uff28\uff30\u304c\u3000\u6e80\u30bf\u30f3\u3000\u3060\u3068\n\u3072\u3053\u3046\u30bf\u30a4\u30d7\u306e\u3000\u6280\u3092\n\u5148\u5236\u3067\u3000\u51fa\u3059\u3053\u3068\u304c\u3000\u3067\u304d\u308b\u3002",
            "language": {
                "name": "ja",
                "url": "/api/v2/language/11/"
            },
            "version_group": {
                "name": "lets-go-pikachu-lets-go-eevee",
                "url": "/api/v2/version-group/19/"
            }
        },
        {
            "flavor_text": "HP\u5168\u6ee1\u65f6\uff0c\n\u98de\u884c\u5c5e\u6027\u7684\u62db\u5f0f\u53ef\u4ee5\u7387\u5148\u4f7f\u51fa\u3002",
            "language": {
                "name": "zh-Hans",
                "url": "/api/v2/language/12/"
            },
            "version_group": {
                "name": "lets-go-pikachu-lets-go-eevee",
                "url": "/api/v2/version-group/19/"
            }
        },
        {
            "flavor_text": "\uff28\uff30\u304c\u3000\u307e\u3093\u305f\u3093\u3000\u3060\u3068\n\u3072\u3053\u3046\u30bf\u30a4\u30d7\u306e\u3000\u308f\u3056\u3092\n\u305b\u3093\u305b\u3044\u3067\u3000\u3060\u3059\u3053\u3068\u304c\u3000\u3067\u304d\u308b\u3002",
            "language": {
                "name": "ja-Hrkt",
                "url": "/api/v2/language/1/"
            },
            "version_group": {
                "name": "sword-shield",
                "url": "/api/v2/version-group/20/"
            }
        },
        {
            "flavor_text": "HP\uac00 \uaf49 \ucc3c\uc744 \ub54c\n\ube44\ud589\ud0c0\uc785\uc758 \uae30\uc220\uc744\n\uba3c\uc800 \uc4f8 \uc218 \uc788\ub2e4.",
            "language": {
                "name": "ko",
                "url": "/api/v2/language/3/"
            },
            "version_group": {
                "name": "sword-shield",
                "url": "/api/v2/version-group/20/"
            }
        },
        {
            "flavor_text": "\uff28\uff30\u5168\u6eff\u6642\uff0c\n\u53ef\u4ee5\u6436\u5148\u5728\u5c0d\u624b\u4e4b\u524d\n\u4f7f\u51fa\u98db\u884c\u5c6c\u6027\u7684\u62db\u5f0f\u3002",
            "language": {
                "name": "zh-Hant",
                "url": "/api/v2/language/4/"
            },
            "version_group": {
                "name": "sword-shield",
                "url": "/api/v2/version-group/20/"
            }
        },
        {
            "flavor_text": "Quand les PV du Pok\u00e9mon sont au maximum,\nses capacit\u00e9s de type Vol sont prioritaires.",
            "language": {
                "name": "fr",
                "url": "/api/v2/language/5/"
            },
            "version_group": {
                "name": "sword-shield",
                "url": "/api/v2/version-group/20/"
            }
        },
        {
            "flavor_text": "Kann bei vollen KP einen Erstschlag mit Flug-Attacken\nerm\u00f6glichen.",
            "language": {
                "name": "de",
                "url": "/api/v2/language/6/"
            },
            "version_group": {
                "name": "sword-shield",
                "url": "/api/v2/version-group/20/"
            }
        },
        {
            "flavor_text": "Da prioridad a los movimientos de tipo Volador si sus\nPS est\u00e1n al m\u00e1ximo.",
            "language": {
                "name": "es",
                "url": "/api/v2/language/7/"
            },
            "version_group": {
                "name": "sword-shield",
                "url": "/api/v2/version-group/20/"
            }
        },
        {
            "flavor_text": "Se il Pok\u00e9mon ha tutti i PS, le sue mosse\ndi tipo Volante acquistano priorit\u00e0 alta.",
            "language": {
                "name": "it",
                "url": "/api/v2/language/8/"
            },
            "version_group": {
                "name": "sword-shield",
                "url": "/api/v2/version-group/20/"
            }
        },
        {
            "flavor_text": "Gives priority to Flying-type moves when\nthe Pok\u00e9mon\u2019s HP is full.",
            "language": {
                "name": "en",
                "url": "/api/v2/language/9/"
            },
            "version_group": {
                "name": "sword-shield",
                "url": "/api/v2/version-group/20/"
            }
        },
        {
            "flavor_text": "\uff28\uff30\u304c\u3000\u6e80\u30bf\u30f3\u3000\u3060\u3068\n\u3072\u3053\u3046\u30bf\u30a4\u30d7\u306e\u3000\u6280\u3092\n\u5148\u5236\u3067\u3000\u51fa\u3059\u3053\u3068\u304c\u3000\u3067\u304d\u308b\u3002",
            "language": {
                "name": "ja",
                "url": "/api/v2/language/11/"
            },
            "version_group": {
                "name": "sword-shield",
                "url": "/api/v2/version-group/20/"
            }
        },
        {
            "flavor_text": "\uff28\uff30\u5168\u6ee1\u65f6\uff0c\n\u98de\u884c\u5c5e\u6027\u7684\u62db\u5f0f\u53ef\u4ee5\u7387\u5148\u4f7f\u51fa\u3002",
            "language": {
                "name": "zh-Hans",
                "url": "/api/v2/language/12/"
            },
            "version_group": {
                "name": "sword-shield",
                "url": "/api/v2/version-group/20/"
            }
        }
    ],
    "generation": {
        "name": "generation-vi",
        "url": "/api/v2/generation/6/"
    },
    "id": 177,
    "is_main_series": true,
    "name": "gale-wings",
    "names": [
        {
            "language": {
                "name": "ja-Hrkt",
                "url": "/api/v2/language/1/"
            },
            "name": "\u306f\u3084\u3066\u306e\u3064\u3070\u3055"
        },
        {
            "language": {
                "name": "ko",
                "url": "/api/v2/language/3/"
            },
            "name": "\uc9c8\ud48d\ub0a0\uac1c"
        },
        {
            "language": {
                "name": "zh-Hant",
                "url": "/api/v2/language/4/"
            },
            "name": "\u75be\u98a8\u4e4b\u7ffc"
        },
        {
            "language": {
                "name": "fr",
                "url": "/api/v2/language/5/"
            },
            "name": "Ailes Bourrasque"
        },
        {
            "language": {
                "name": "de",
                "url": "/api/v2/language/6/"
            },
            "name": "Orkanschwingen"
        },
        {
            "language": {
                "name": "es",
                "url": "/api/v2/language/7/"
            },
            "name": "Alas Vendaval"
        },
        {
            "language": {
                "name": "it",
                "url": "/api/v2/language/8/"
            },
            "name": "Aliraffica"
        },
        {
            "language": {
                "name": "en",
                "url": "/api/v2/language/9/"
            },
            "name": "Gale Wings"
        },
        {
            "language": {
                "name": "ja",
                "url": "/api/v2/language/11/"
            },
            "name": "\u306f\u3084\u3066\u306e\u3064\u3070\u3055"
        },
        {
            "language": {
                "name": "zh-Hans",
                "url": "/api/v2/language/12/"
            },
            "name": "\u75be\u98ce\u4e4b\u7ffc"
        }
    ],
    "pokemon": [
        {
            "is_hidden": true,
            "pokemon": {
                "name": "fletchling",
                "url": "/api/v2/pokemon/661/"
            },
            "slot": 3
        },
        {
            "is_hidden": true,
            "pokemon": {
                "name": "fletchinder",
                "url": "/api/v2/pokemon/662/"
            },
            "slot": 3
        },
        {
            "is_hidden": true,
            "pokemon": {
                "name": "talonflame",
                "url": "/api/v2/pokemon/663/"
            },
            "slot": 3
        }
    ]
}