{
    "effect_changes": [],
    "effect_entries": [
        {
            "effect": "When this Pok\u00e9mon is hit by a Fire move, the damage is halved.  When this Pok\u00e9mon uses a Water move, the power is doubled. This Pok\u00e9mon cannot be burned, and if it becomes burned, the burn is immediately cured.",
            "language": {
                "name": "en",
                "url": "/api/v2/language/9/"
            },
            "short_effect": "Halves damage from Fire moves, doubles damage of Water moves, and prevents burns."
        }
    ],
    "flavor_text_entries": [
        {
            "flavor_text": "\u3058\u3076\u3093\u306b\u3000\u305f\u3044\u3059\u308b\u3000\u307b\u306e\u304a\u30bf\u30a4\u30d7\u306e\n\u308f\u3056\u306e\u3000\u3044\u308a\u3087\u304f\u3092\u3000\u3055\u3052\u308b\u3002\n\u3084\u3051\u3069\u3000\u3057\u306a\u3044\u3002",
            "language": {
                "name": "ja-Hrkt",
                "url": "/api/v2/language/1/"
            },
            "version_group": {
                "name": "sun-moon",
                "url": "/api/v2/version-group/17/"
            }
        },
        {
            "flavor_text": "\uc790\uc2e0\uc744 \ud5a5\ud558\ub294 \ubd88\uaf43\ud0c0\uc785\n\uae30\uc220\uc758 \uc704\ub825\uc744 \ub5a8\uc5b4\ub728\ub9b0\ub2e4.\n\ud654\uc0c1\uc744 \uc785\uc9c0 \uc54a\ub294\ub2e4.",
            "language": {
                "name": "ko",
                "url": "/api/v2/language/3/"
            },
            "version_group": {
                "name": "sun-moon",
                "url": "/api/v2/version-group/17/"
            }
        },
        {
            "flavor_text": "\u964d\u4f4e\u8207\u81ea\u5df1\u76f8\u5c0d\u7684\u706b\u5c6c\u6027\n\u62db\u5f0f\u7684\u5a01\u529b\uff0c\u4e0d\u6703\u707c\u50b7\u3002",
            "language": {
                "name": "zh-Hant",
                "url": "/api/v2/language/4/"
            },
            "version_group": {
                "name": "sun-moon",
                "url": "/api/v2/version-group/17/"
            }
        },
        {
            "flavor_text": "R\u00e9duit les d\u00e9g\u00e2ts des capacit\u00e9s de type Feu\nsubies par le Pok\u00e9mon. Il est \u00e9galement immunis\u00e9\ncontre les br\u00fblures.",
            "language": {
                "name": "fr",
                "url": "/api/v2/language/5/"
            },
            "version_group": {
                "name": "sun-moon",
                "url": "/api/v2/version-group/17/"
            }
        },
        {
            "flavor_text": "Feuer-Attacken f\u00fcgen dem Pok\u00e9mon weniger\nSchaden zu. Verhindert Verbrennungen.",
            "language": {
                "name": "de",
                "url": "/api/v2/language/6/"
            },
            "version_group": {
                "name": "sun-moon",
                "url": "/api/v2/version-group/17/"
            }
        },
        {
            "flavor_text": "Reduce el da\u00f1o que le provocan los movimientos de\ntipo Fuego e impide que sufra quemaduras.",
            "language": {
                "name": "es",
                "url": "/api/v2/language/7/"
            },
            "version_group": {
                "name": "sun-moon",
                "url": "/api/v2/version-group/17/"
            }
        },
        {
            "flavor_text": "Riduce la potenza delle mosse di tipo Fuoco\nsubite e rende immuni alle scottature.",
            "language": {
                "name": "it",
                "url": "/api/v2/language/8/"
            },
            "version_group": {
                "name": "sun-moon",
                "url": "/api/v2/version-group/17/"
            }
        },
        {
            "flavor_text": "Lowers the power of Fire-type moves done to the\nPok\u00e9mon and prevents the Pok\u00e9mon from getting\na burn.",
            "language": {
                "name": "en",
                "url": "/api/v2/language/9/"
            },
            "version_group": {
                "name": "sun-moon",
                "url": "/api/v2/version-group/17/"
            }
        },
        {
            "flavor_text": "\u81ea\u5206\u306b\u3000\u5bfe\u3059\u308b\u3000\u307b\u306e\u304a\u30bf\u30a4\u30d7\u306e\n\u6280\u306e\u3000\u5a01\u529b\u3092\u3000\u4e0b\u3052\u308b\u3002\n\u3084\u3051\u3069\u3000\u3057\u306a\u3044\u3002",
            "language": {
                "name": "ja",
                "url": "/api/v2/language/11/"
            },
            "version_group": {
                "name": "sun-moon",
                "url": "/api/v2/version-group/17/"
            }
        },
        {
            "flavor_text": "\u964d\u4f4e\u4e0e\u81ea\u5df1\u76f8\u5bf9\u7684\u706b\u5c5e\u6027\n\u62db\u5f0f\u7684\u5a01\u529b\uff0c\u4e0d\u4f1a\u707c\u4f24\u3002",
            "language": {
                "name": "zh-Hans",
                "url": "/api/v2/language/12/"
            },
            "version_group": {
                "name": "sun-moon",
                "url": "/api/v2/version-group/17/"
            }
        },
        {
            "flavor_text": "\u3058\u3076\u3093\u306b\u3000\u305f\u3044\u3059\u308b\u3000\u307b\u306e\u304a\u30bf\u30a4\u30d7\u306e\n\u308f\u3056\u306e\u3000\u3044\u308a\u3087\u304f\u3092\u3000\u3055\u3052\u308b\u3002\n\u3084\u3051\u3069\u3000\u3057\u306a\u3044\u3002",
            "language": {
                "name": "ja-Hrkt",
                "url": "/api/v2/language/1/"
            },
            "version_group": {
                "name": "ultra-sun-ultra-moon",
                "url": "/api/v2/version-group/18/"
            }
        },
        {
            "flavor_text": "\uc790\uc2e0\uc744 \ud5a5\ud558\ub294 \ubd88\uaf43\ud0c0\uc785\n\uae30\uc220\uc758 \uc704\ub825\uc744 \ub5a8\uc5b4\ub728\ub9b0\ub2e4.\n\ud654\uc0c1\uc744 \uc785\uc9c0 \uc54a\ub294\ub2e4.",
            "language": {
                "name": "ko",
                "url": "/api/v2/language/3/"
            },
            "version_group": {
                "name": "ultra-sun-ultra-moon",
                "url": "/api/v2/version-group/18/"
            }
        },
        {
            "flavor_text": "\u964d\u4f4e\u8207\u81ea\u5df1\u76f8\u5c0d\u7684\u706b\u5c6c\u6027\n\u62db\u5f0f\u7684\u5a01\u529b\uff0c\u4e0d\u6703\u707c\u50b7\u3002",
            "language": {
                "name": "zh-Hant",
                "url": "/api/v2/language/4/"
            },
            "version_group": {
                "name": "ultra-sun-ultra-moon",
                "url": "/api/v2/version-group/18/"
            }
        },
        {
            "flavor_text": "R\u00e9duit les d\u00e9g\u00e2ts des capacit\u00e9s de type Feu\nsubies par le Pok\u00e9mon. Il est \u00e9galement immunis\u00e9\ncontre les br\u00fblures.",
            "language": {
                "name": "fr",
                "url": "/api/v2/language/5/"
            },
            "version_group": {
                "name": "ultra-sun-ultra-moon",
                "url": "/api/v2/version-group/18/"
            }
        },
        {
            "flavor_text": "Feuer-Attacken f\u00fcgen dem Pok\u00e9mon weniger\nSchaden zu. Verhindert Verbrennungen.",
            "language": {
                "name": "de",
                "url": "/api/v2/language/6/"
            },
            "version_group": {
                "name": "ultra-sun-ultra-moon",
                "url": "/api/v2/version-group/18/"
            }
        },
        {
            "flavor_text": "Reduce el da\u00f1o que le provocan los movimientos de\ntipo Fuego e impide que sufra quemaduras.",
            "language": {
                "name": "es",
                "url": "/api/v2/language/7/"
            },
            "version_group": {
                "name": "ultra-sun-ultra-moon",
                "url": "/api/v2/version-group/18/"
            }
        },
        {
            "flavor_text": "Riduce la potenza delle mosse di tipo Fuoco\nsubite e rende immuni alle scottature.",
            "language": {
                "name": "it",
                "url": "/api/v2/language/8/"
            },
            "version_group": {
                "name": "ultra-sun-ultra-moon",
                "url": "/api/v2/version-group/18/"
            }
        },
        {
            "flavor_text": "Lowers the power of Fire-type moves done to the\nPok\u00e9mon and prevents the Pok\u00e9mon from getting\na burn.",
            "language": {
                "name": "en",
                "url": "/api/v2/language/9/"
            },
            "version_group": {
                "name": "ultra-sun-ultra-moon",
                "url": "/api/v2/version-group/18/"
            }
        },
        {
            "flavor_text": "\u81ea\u5206\u306b\u3000\u5bfe\u3059\u308b\u3000\u307b\u306e\u304a\u30bf\u30a4\u30d7\u306e\n\u6280\u306e\u3000\u5a01\u529b\u3092\u3000\u4e0b\u3052\u308b\u3002\n\u3084\u3051\u3069\u3000\u3057\u306a\u3044\u3002",
            "language": {
                "name": "ja",
                "url": "/api/v2/language/11/"
            },
            "version_group": {
                "name": "ultra-sun-ultra-moon",
                "url": "/api/v2/version-group/18/"
            }
        },
        {
            "flavor_text": "\u964d\u4f4e\u4e0e\u81ea\u5df1\u76f8\u5bf9\u7684\u706b\u5c5e\u6027\n\u62db\u5f0f\u7684\u5a01\u529b\uff0c\u4e0d\u4f1a\u707c\u4f24\u3002",
            "language": {
                "name": "zh-Hans",
                "url": "/api/v2/language/12/"
            },
            "version_group": {
                "name": "ultra-sun-ultra-moon",
                "url": "/api/v2/version-group/18/"
            }
        },
        {
            "flavor_text": "\u3058\u3076\u3093\u306b\u3000\u305f\u3044\u3059\u308b\u3000\u307b\u306e\u304a\u30bf\u30a4\u30d7\u306e\n\u308f\u3056\u306e\u3000\u3044\u308a\u3087\u304f\u3092\u3000\u3055\u3052\u308b\u3002\n\u3084\u3051\u3069\u3000\u3057\u306a\u3044\u3002",
            "language": {
                "name": "ja-Hrkt",
                "url": "/api/v2/language/1/"
            },
            "version_group": {
                "name": "lets-go-pikachu-lets-go-eevee",
                "url": "/api/v2/version-group/19/"
            }
        },
        {
            "flavor_text": "\uc790\uc2e0\uc744 \ud5a5\ud558\ub294 \ubd88\uaf43\ud0c0\uc785\n\uae30\uc220\uc758 \uc704\ub825\uc744 \ub5a8\uc5b4\ub728\ub9b0\ub2e4.\n\ud654\uc0c1\uc744 \uc785\uc9c0 \uc54a\ub294\ub2e4.",
            "language": {
                "name": "ko",
                "url": "/api/v2/language/3/"
            },
            "version_group": {
                "name": "lets-go-pikachu-lets-go-eevee",
                "url": "/api/v2/version-group/19/"
            }
        },
        {
            "flavor_text": "\u964d\u4f4e\u8207\u81ea\u5df1\u76f8\u5c0d\u7684\u706b\u5c6c\u6027\n\u62db\u5f0f\u7684\u5a01\u529b\uff0c\u4e0d\u6703\u707c\u50b7\u3002",
            "language": {
                "name": "zh-Hant",
                "url": "/api/v2/language/4/"
            },
            "version_group": {
                "name": "lets-go-pikachu-lets-go-eevee",
                "url": "/api/v2/version-group/19/"
            }
        },
        {
            "flavor_text": "R\u00e9duit les d\u00e9g\u00e2ts des capacit\u00e9s de type Feu\nsubies par le Pok\u00e9mon. Il est \u00e9galement immunis\u00e9\ncontre les br\u00fblures.",
            "language": {
                "name": "fr",
                "url": "/api/v2/language/5/"
            },
            "version_group": {
                "name": "lets-go-pikachu-lets-go-eevee",
                "url": "/api/v2/version-group/19/"
            }
        },
        {
            "flavor_text": "Feuer-Attacken f\u00fcgen dem Pok\u00e9mon weniger\nSchaden zu. Verhindert Verbrennungen.",
            "language": {
                "name": "de",
                "url": "/api/v2/language/6/"
            },
            "version_group": {
                "name": "lets-go-pikachu-lets-go-eevee",
                "url": "/api/v2/version-group/19/"
            }
        },
        {
            "flavor_text": "Reduce el da\u00f1o que le provocan los movimientos de\ntipo Fuego e impide que sufra quemaduras.",
            "language": {
                "name": "es",
                "url": "/api/v2/language/7/"
            },
            "version_group": {
                "name": "lets-go-pikachu-lets-go-eevee",
                "url": "/api/v2/version-group/19/"
            }
        },
        {
            "flavor_text": "Riduce la potenza delle mosse di tipo Fuoco\nsubite e rende immuni alle scottature.",
            "language": {
                "name": "it",
                "url": "/api/v2/language/8/"
            },
            "version_group": {
                "name": "lets-go-pikachu-lets-go-eevee",
                "url": "/api/v2/version-group/19/"
            }
        },
        {
            "flavor_text": "Lowers the power of Fire-type moves done to the\nPok\u00e9mon and prevents the Pok\u00e9mon from getting\na burn.",
            "language": {
                "name": "en",
                "url": "/api/v2/language/9/"
            },
            "version_group": {
                "name": "lets-go-pikachu-lets-go-eevee",
                "url": "/api/v2/version-group/19/"
            }
        },
        {
            "flavor_text": "\u81ea\u5206\u306b\u3000\u5bfe\u3059\u308b\u3000\u307b\u306e\u304a\u30bf\u30a4\u30d7\u306e\n\u6280\u306e\u3000\u5a01\u529b\u3092\u3000\u4e0b\u3052\u308b\u3002\n\u3084\u3051\u3069\u3000\u3057\u306a\u3044\u3002",
            "language": {
                "name": "ja",
                "url": "/api/v2/language/11/"
            },
            "version_group": {
                "name": "lets-go-pikachu-lets-go-eevee",
                "url": "/api/v2/version-group/19/"
            }
        },
        {
            "flavor_text": "\u964d\u4f4e\u4e0e\u81ea\u5df1\u76f8\u5bf9\u7684\u706b\u5c5e\u6027\n\u62db\u5f0f\u7684\u5a01\u529b\uff0c\u4e0d\u4f1a\u707c\u4f24\u3002",
            "language": {
                "name": "zh-Hans",
                "url": "/api/v2/language/12/"
            },
            "version_group": {
                "name": "lets-go-pikachu-lets-go-eevee",
                "url": "/api/v2/version-group/19/"
            }
        },
        {
            "flavor_text": "\u3058\u3076\u3093\u306b\u3000\u305f\u3044\u3059\u308b\u3000\u307b\u306e\u304a\u30bf\u30a4\u30d7\u306e\n\u308f\u3056\u306e\u3000\u3044\u308a\u3087\u304f\u3092\u3000\u3055\u3052\u308b\u3002\n\u3084\u3051\u3069\u3000\u3057\u306a\u3044\u3002",
            "language": {
                "name": "ja-Hrkt",
                "url": "/api/v2/language/1/"
            },
            "version_group": {
                "name": "sword-shield",
                "url": "/api/v2/version-group/20/"
            }
        },
        {
            "flavor_text": "\uc790\uc2e0\uc744 \ud5a5\ud558\ub294 \ubd88\uaf43\ud0c0\uc785\n\uae30\uc220\uc758 \uc704\ub825\uc744 \ub5a8\uc5b4\ub728\ub9b0\ub2e4.\n\ud654\uc0c1\uc744 \uc785\uc9c0 \uc54a\ub294\ub2e4.",
            "language": {
                "name": "ko",
                "url": "/api/v2/language/3/"
            },
            "version_group": {
                "name": "sword-shield",
                "url": "/api/v2/version-group/20/"
            }
        },
        {
            "flavor_text": "\u964d\u4f4e\u81ea\u5df1\u53d7\u5230\u7684\u706b\u5c6c\u6027\n\u62db\u5f0f\u7684\u5a01\u529b\u3002\u4e0d\u6703\u707c\u50b7\u3002",
            "language": {
                "name": "zh-Hant",
                "url": "/api/v2/language/4/"
            },
            "version_group": {
                "name": "sword-shield",
                "url": "/api/v2/version-group/20/"
            }
        },
        {
            "flavor_text": "R\u00e9duit les d\u00e9g\u00e2ts des capacit\u00e9s de type Feu subies\npar le Pok\u00e9mon. Il est \u00e9galement immunis\u00e9 contre\nles br\u00fblures.",
            "language": {
                "name": "fr",
                "url": "/api/v2/language/5/"
            },
            "version_group": {
                "name": "sword-shield",
                "url": "/api/v2/version-group/20/"
            }
        },
        {
            "flavor_text": "Feuer-Attacken f\u00fcgen dem Pok\u00e9mon weniger\nSchaden zu. Verhindert Verbrennungen.",
            "language": {
                "name": "de",
                "url": "/api/v2/language/6/"
            },
            "version_group": {
                "name": "sword-shield",
                "url": "/api/v2/version-group/20/"
            }
        },
        {
            "flavor_text": "Reduce el da\u00f1o que le provocan los movimientos de\ntipo Fuego y es inmune a las quemaduras.",
            "language": {
                "name": "es",
                "url": "/api/v2/language/7/"
            },
            "version_group": {
                "name": "sword-shield",
                "url": "/api/v2/version-group/20/"
            }
        },
        {
            "flavor_text": "Riduce i danni subiti dalle mosse di tipo Fuoco\ne rende immuni alle scottature.",
            "language": {
                "name": "it",
                "url": "/api/v2/language/8/"
            },
            "version_group": {
                "name": "sword-shield",
                "url": "/api/v2/version-group/20/"
            }
        },
        {
            "flavor_text": "Lowers the power of Fire-type moves done to the\nPok\u00e9mon and prevents the Pok\u00e9mon from getting\na burn.",
            "language": {
                "name": "en",
                "url": "/api/v2/language/9/"
            },
            "version_group": {
                "name": "sword-shield",
                "url": "/api/v2/version-group/20/"
            }
        },
        {
            "flavor_text": "\u81ea\u5206\u306b\u3000\u5bfe\u3059\u308b\u3000\u307b\u306e\u304a\u30bf\u30a4\u30d7\u306e\n\u6280\u306e\u3000\u5a01\u529b\u3092\u3000\u4e0b\u3052\u308b\u3002\n\u3084\u3051\u3069\u3000\u3057\u306a\u3044\u3002",
            "language": {
                "name": "ja",
                "url": "/api/v2/language/11/"
            },
            "version_group": {
                "name": "sword-shield",
                "url": "/api/v2/version-group/20/"
            }
        },
        {
            "flavor_text": "\u964d\u4f4e\u81ea\u5df1\u53d7\u5230\u7684\u706b\u5c5e\u6027\n\u62db\u5f0f\u7684\u5a01\u529b\uff0c\u4e0d\u4f1a\u707c\u4f24\u3002",
            "language": {
                "name": "zh-Hans",
                "url": "/api/v2/language/12/"
            },
            "version_group": {
                "name": "sword-shield",
                "url": "/api/v2/version-group/20/"
            }
        }
    ],
    "generation": {
        "name": "generation-vii",
        "url": "/api/v2/generation/7/"
    },
    "id": 199,
    "is_main_series": true,
    "name": "water-bubble",
    "names": [
        {
            "language": {
                "name": "ja-Hrkt",
                "url": "/api/v2/language/1/"
            },
            "name": "\u3059\u3044\u307b\u3046"
        },
        {
            "language": {
                "name": "ko",
                "url": "/api/v2/language/3/"
            },
            "name": "\uc218\ud3ec"
        },
        {
            "language": {
                "name": "zh-Hant",
                "url": "/api/v2/language/4/"
            },
            "name": "\u6c34\u6ce1"
        },
        {
            "language": {
                "name": "fr",
                "url": "/api/v2/language/5/"
            },
            "name": "Aquabulle"
        },
        {
            "language": {
                "name": "de",
                "url": "/api/v2/language/6/"
            },
            "name": "Wasserblase"
        },
        {
            "language": {
                "name": "es",
                "url": "/api/v2/language/7/"
            },
            "name": "Pompa"
        },
        {
            "language": {
                "name": "it",
                "url": "/api/v2/language/8/"
            },
            "name": "Bolladacqua"
        },
        {
            "language": {
                "name": "en",
                "url": "/api/v2/language/9/"
            },
            "name": "Water Bubble"
        },
        {
            "language": {
                "name": "ja",
                "url": "/api/v2/language/11/"
            },
            "name": "\u3059\u3044\u307b\u3046"
        },
        {
            "language": {
                "name": "zh-Hans",
                "url": "/api/v2/language/12/"
            },
            "name": "\u6c34\u6ce1"
        }
    ],
    "pokemon": [
        {
            "is_hidden": false,
            "pokemon": {
                "name": "dewpider",
                "url": "/api/v2/pokemon/751/"
            },
            "slot": 1
        },
        {
            "is_hidden": false,
            "pokemon": {
                "name": "araquanid",
                "url": "/api/v2/pokemon/752/"
            },
            "slot": 1
        },
        {
            "is_hidden": false,
            "pokemon": {
                "name": "araquanid-totem",
                "url": "/api/v2/pokemon/10153/"
            },
            "slot": 1
        }
    ]
}