{
    "effect_changes": [],
    "effect_entries": [
        {
            "effect": "Ein Pok\u00e9mon mit dieser F\u00e4higkeit kann nicht zur\u00fcckschrecken.",
            "language": {
                "name": "de",
                "url": "/api/v2/language/6/"
            },
            "short_effect": "Verhindert zur\u00fcckschrecken."
        },
        {
            "effect": "This Pok\u00e9mon cannot flinch.",
            "language": {
                "name": "en",
                "url": "/api/v2/language/9/"
            },
            "short_effect": "Prevents flinching."
        }
    ],
    "flavor_text_entries": [
        {
            "flavor_text": "Prevents flinching.",
            "language": {
                "name": "en",
                "url": "/api/v2/language/9/"
            },
            "version_group": {
                "name": "ruby-sapphire",
                "url": "/api/v2/version-group/5/"
            }
        },
        {
            "flavor_text": "Prevents flinching.",
            "language": {
                "name": "en",
                "url": "/api/v2/language/9/"
            },
            "version_group": {
                "name": "emerald",
                "url": "/api/v2/version-group/6/"
            }
        },
        {
            "flavor_text": "Prevents flinching.",
            "language": {
                "name": "en",
                "url": "/api/v2/language/9/"
            },
            "version_group": {
                "name": "firered-leafgreen",
                "url": "/api/v2/version-group/7/"
            }
        },
        {
            "flavor_text": "The Pok\u00e9mon is protected\nfrom flinching.",
            "language": {
                "name": "en",
                "url": "/api/v2/language/9/"
            },
            "version_group": {
                "name": "diamond-pearl",
                "url": "/api/v2/version-group/8/"
            }
        },
        {
            "flavor_text": "The Pok\u00e9mon is protected\nfrom flinching.",
            "language": {
                "name": "en",
                "url": "/api/v2/language/9/"
            },
            "version_group": {
                "name": "platinum",
                "url": "/api/v2/version-group/9/"
            }
        },
        {
            "flavor_text": "The Pok\u00e9mon is protected\nfrom flinching.",
            "language": {
                "name": "en",
                "url": "/api/v2/language/9/"
            },
            "version_group": {
                "name": "heartgold-soulsilver",
                "url": "/api/v2/version-group/10/"
            }
        },
        {
            "flavor_text": "Emp\u00eache le Pok\u00e9mon\nd\u2019avoir peur.",
            "language": {
                "name": "fr",
                "url": "/api/v2/language/5/"
            },
            "version_group": {
                "name": "black-white",
                "url": "/api/v2/version-group/11/"
            }
        },
        {
            "flavor_text": "The Pok\u00e9mon is protected\nfrom flinching.",
            "language": {
                "name": "en",
                "url": "/api/v2/language/9/"
            },
            "version_group": {
                "name": "black-white",
                "url": "/api/v2/version-group/11/"
            }
        },
        {
            "flavor_text": "The Pok\u00e9mon is protected\nfrom flinching.",
            "language": {
                "name": "en",
                "url": "/api/v2/language/9/"
            },
            "version_group": {
                "name": "black-2-white-2",
                "url": "/api/v2/version-group/14/"
            }
        },
        {
            "flavor_text": "\u3072\u308b\u307e\u306a\u3044\u3002\n",
            "language": {
                "name": "ja-Hrkt",
                "url": "/api/v2/language/1/"
            },
            "version_group": {
                "name": "x-y",
                "url": "/api/v2/version-group/15/"
            }
        },
        {
            "flavor_text": "\ud480\uc8fd\uc9c0 \uc54a\ub294\ub2e4.",
            "language": {
                "name": "ko",
                "url": "/api/v2/language/3/"
            },
            "version_group": {
                "name": "x-y",
                "url": "/api/v2/version-group/15/"
            }
        },
        {
            "flavor_text": "Emp\u00eache le Pok\u00e9mon d\u2019avoir\npeur.",
            "language": {
                "name": "fr",
                "url": "/api/v2/language/5/"
            },
            "version_group": {
                "name": "x-y",
                "url": "/api/v2/version-group/15/"
            }
        },
        {
            "flavor_text": "Verhindert Zur\u00fcckschrecken.",
            "language": {
                "name": "de",
                "url": "/api/v2/language/6/"
            },
            "version_group": {
                "name": "x-y",
                "url": "/api/v2/version-group/15/"
            }
        },
        {
            "flavor_text": "Evita el retroceso.",
            "language": {
                "name": "es",
                "url": "/api/v2/language/7/"
            },
            "version_group": {
                "name": "x-y",
                "url": "/api/v2/version-group/15/"
            }
        },
        {
            "flavor_text": "Evita che il Pok\u00e9mon tentenni.",
            "language": {
                "name": "it",
                "url": "/api/v2/language/8/"
            },
            "version_group": {
                "name": "x-y",
                "url": "/api/v2/version-group/15/"
            }
        },
        {
            "flavor_text": "Protects the Pok\u00e9mon\nfrom flinching.",
            "language": {
                "name": "en",
                "url": "/api/v2/language/9/"
            },
            "version_group": {
                "name": "x-y",
                "url": "/api/v2/version-group/15/"
            }
        },
        {
            "flavor_text": "\u3072\u308b\u307e\u306a\u3044\u3002\n",
            "language": {
                "name": "ja",
                "url": "/api/v2/language/11/"
            },
            "version_group": {
                "name": "x-y",
                "url": "/api/v2/version-group/15/"
            }
        },
        {
            "flavor_text": "\u3072\u308b\u307e\u306a\u3044\u3002\n",
            "language": {
                "name": "ja-Hrkt",
                "url": "/api/v2/language/1/"
            },
            "version_group": {
                "name": "omega-ruby-alpha-sapphire",
                "url": "/api/v2/version-group/16/"
            }
        },
        {
            "flavor_text": "\ud480\uc8fd\uc9c0 \uc54a\ub294\ub2e4.",
            "language": {
                "name": "ko",
                "url": "/api/v2/language/3/"
            },
            "version_group": {
                "name": "omega-ruby-alpha-sapphire",
                "url": "/api/v2/version-group/16/"
            }
        },
        {
            "flavor_text": "Emp\u00eache le Pok\u00e9mon d\u2019avoir\npeur.",
            "language": {
                "name": "fr",
                "url": "/api/v2/language/5/"
            },
            "version_group": {
                "name": "omega-ruby-alpha-sapphire",
                "url": "/api/v2/version-group/16/"
            }
        },
        {
            "flavor_text": "Verhindert Zur\u00fcckschrecken.",
            "language": {
                "name": "de",
                "url": "/api/v2/language/6/"
            },
            "version_group": {
                "name": "omega-ruby-alpha-sapphire",
                "url": "/api/v2/version-group/16/"
            }
        },
        {
            "flavor_text": "Evita el retroceso.",
            "language": {
                "name": "es",
                "url": "/api/v2/language/7/"
            },
            "version_group": {
                "name": "omega-ruby-alpha-sapphire",
                "url": "/api/v2/version-group/16/"
            }
        },
        {
            "flavor_text": "Evita che il Pok\u00e9mon tentenni.",
            "language": {
                "name": "it",
                "url": "/api/v2/language/8/"
            },
            "version_group": {
                "name": "omega-ruby-alpha-sapphire",
                "url": "/api/v2/version-group/16/"
            }
        },
        {
            "flavor_text": "Protects the Pok\u00e9mon\nfrom flinching.",
            "language": {
                "name": "en",
                "url": "/api/v2/language/9/"
            },
            "version_group": {
                "name": "omega-ruby-alpha-sapphire",
                "url": "/api/v2/version-group/16/"
            }
        },
        {
            "flavor_text": "\u3072\u308b\u307e\u306a\u3044\u3002\n",
            "language": {
                "name": "ja",
                "url": "/api/v2/language/11/"
            },
            "version_group": {
                "name": "omega-ruby-alpha-sapphire",
                "url": "/api/v2/version-group/16/"
            }
        },
        {
            "flavor_text": "\u304d\u305f\u3048\u3089\u308c\u305f\u3000\u305b\u3044\u3057\u3093\u306b\u3000\u3088\u3063\u3066\n\u3042\u3044\u3066\u306e\u3000\u3053\u3046\u3052\u304d\u306b\u3000\u3072\u308b\u307e\u306a\u3044\u3002",
            "language": {
                "name": "ja-Hrkt",
                "url": "/api/v2/language/1/"
            },
            "version_group": {
                "name": "sun-moon",
                "url": "/api/v2/version-group/17/"
            }
        },
        {
            "flavor_text": "\ub2e8\ub828\ud55c \uc815\uc2e0\uc73c\ub85c \uc778\ud558\uc5ec\n\uc0c1\ub300\uc758 \uacf5\uaca9\uc5d0 \ud480\uc8fd\uc9c0 \uc54a\ub294\ub2e4.",
            "language": {
                "name": "ko",
                "url": "/api/v2/language/3/"
            },
            "version_group": {
                "name": "sun-moon",
                "url": "/api/v2/version-group/17/"
            }
        },
        {
            "flavor_text": "\u9760\u8457\u7d93\u904e\u935b\u934a\u7cbe\u795e\uff0c\n\u4e0d\u6703\u56e0\u5c0d\u624b\u7684\u653b\u64ca\u800c\u754f\u7e2e\u3002",
            "language": {
                "name": "zh-Hant",
                "url": "/api/v2/language/4/"
            },
            "version_group": {
                "name": "sun-moon",
                "url": "/api/v2/version-group/17/"
            }
        },
        {
            "flavor_text": "Le Pok\u00e9mon a un mental \u00e0 toute \u00e9preuve qui\nemp\u00eache les capacit\u00e9s ennemies de lui faire peur.",
            "language": {
                "name": "fr",
                "url": "/api/v2/language/5/"
            },
            "version_group": {
                "name": "sun-moon",
                "url": "/api/v2/version-group/17/"
            }
        },
        {
            "flavor_text": "Verhindert durch erh\u00f6hte Konzentrationsf\u00e4higkeit\nZur\u00fcckschrecken.",
            "language": {
                "name": "de",
                "url": "/api/v2/language/6/"
            },
            "version_group": {
                "name": "sun-moon",
                "url": "/api/v2/version-group/17/"
            }
        },
        {
            "flavor_text": "Gracias a su profunda concentraci\u00f3n, no retrocede\nante los ataques del rival.",
            "language": {
                "name": "es",
                "url": "/api/v2/language/7/"
            },
            "version_group": {
                "name": "sun-moon",
                "url": "/api/v2/version-group/17/"
            }
        },
        {
            "flavor_text": "La capacit\u00e0 di concentrazione del Pok\u00e9mon evita\nche tentenni per gli attacchi del nemico.",
            "language": {
                "name": "it",
                "url": "/api/v2/language/8/"
            },
            "version_group": {
                "name": "sun-moon",
                "url": "/api/v2/version-group/17/"
            }
        },
        {
            "flavor_text": "The Pok\u00e9mon\u2019s intensely focused, and that protects\nthe Pok\u00e9mon from flinching.",
            "language": {
                "name": "en",
                "url": "/api/v2/language/9/"
            },
            "version_group": {
                "name": "sun-moon",
                "url": "/api/v2/version-group/17/"
            }
        },
        {
            "flavor_text": "\u935b\u3048\u3089\u308c\u305f\u3000\u7cbe\u795e\u306b\u3000\u3088\u3063\u3066\n\u76f8\u624b\u306e\u3000\u653b\u6483\u306b\u3000\u3072\u308b\u307e\u306a\u3044\u3002",
            "language": {
                "name": "ja",
                "url": "/api/v2/language/11/"
            },
            "version_group": {
                "name": "sun-moon",
                "url": "/api/v2/version-group/17/"
            }
        },
        {
            "flavor_text": "\u901a\u8fc7\u953b\u70bc\u7cbe\u795e\uff0c\n\u4e0d\u4f1a\u56e0\u5bf9\u624b\u7684\u653b\u51fb\u800c\u754f\u7f29\u3002",
            "language": {
                "name": "zh-Hans",
                "url": "/api/v2/language/12/"
            },
            "version_group": {
                "name": "sun-moon",
                "url": "/api/v2/version-group/17/"
            }
        },
        {
            "flavor_text": "\u304d\u305f\u3048\u3089\u308c\u305f\u3000\u305b\u3044\u3057\u3093\u306b\u3000\u3088\u3063\u3066\n\u3042\u3044\u3066\u306e\u3000\u3053\u3046\u3052\u304d\u306b\u3000\u3072\u308b\u307e\u306a\u3044\u3002",
            "language": {
                "name": "ja-Hrkt",
                "url": "/api/v2/language/1/"
            },
            "version_group": {
                "name": "ultra-sun-ultra-moon",
                "url": "/api/v2/version-group/18/"
            }
        },
        {
            "flavor_text": "\ub2e8\ub828\ud55c \uc815\uc2e0\uc73c\ub85c \uc778\ud558\uc5ec\n\uc0c1\ub300\uc758 \uacf5\uaca9\uc5d0 \ud480\uc8fd\uc9c0 \uc54a\ub294\ub2e4.",
            "language": {
                "name": "ko",
                "url": "/api/v2/language/3/"
            },
            "version_group": {
                "name": "ultra-sun-ultra-moon",
                "url": "/api/v2/version-group/18/"
            }
        },
        {
            "flavor_text": "\u9760\u8457\u7d93\u904e\u935b\u934a\u7cbe\u795e\uff0c\n\u4e0d\u6703\u56e0\u5c0d\u624b\u7684\u653b\u64ca\u800c\u754f\u7e2e\u3002",
            "language": {
                "name": "zh-Hant",
                "url": "/api/v2/language/4/"
            },
            "version_group": {
                "name": "ultra-sun-ultra-moon",
                "url": "/api/v2/version-group/18/"
            }
        },
        {
            "flavor_text": "Le Pok\u00e9mon a un mental \u00e0 toute \u00e9preuve qui\nemp\u00eache les capacit\u00e9s ennemies de lui faire peur.",
            "language": {
                "name": "fr",
                "url": "/api/v2/language/5/"
            },
            "version_group": {
                "name": "ultra-sun-ultra-moon",
                "url": "/api/v2/version-group/18/"
            }
        },
        {
            "flavor_text": "Verhindert durch erh\u00f6hte Konzentrationsf\u00e4higkeit\nZur\u00fcckschrecken.",
            "language": {
                "name": "de",
                "url": "/api/v2/language/6/"
            },
            "version_group": {
                "name": "ultra-sun-ultra-moon",
                "url": "/api/v2/version-group/18/"
            }
        },
        {
            "flavor_text": "Gracias a su profunda concentraci\u00f3n, no retrocede\nante los ataques del rival.",
            "language": {
                "name": "es",
                "url": "/api/v2/language/7/"
            },
            "version_group": {
                "name": "ultra-sun-ultra-moon",
                "url": "/api/v2/version-group/18/"
            }
        },
        {
            "flavor_text": "La capacit\u00e0 di concentrazione del Pok\u00e9mon evita\nche tentenni per gli attacchi del nemico.",
            "language": {
                "name": "it",
                "url": "/api/v2/language/8/"
            },
            "version_group": {
                "name": "ultra-sun-ultra-moon",
                "url": "/api/v2/version-group/18/"
            }
        },
        {
            "flavor_text": "The Pok\u00e9mon\u2019s intensely focused, and that protects\nthe Pok\u00e9mon from flinching.",
            "language": {
                "name": "en",
                "url": "/api/v2/language/9/"
            },
            "version_group": {
                "name": "ultra-sun-ultra-moon",
                "url": "/api/v2/version-group/18/"
            }
        },
        {
            "flavor_text": "\u935b\u3048\u3089\u308c\u305f\u3000\u7cbe\u795e\u306b\u3000\u3088\u3063\u3066\n\u76f8\u624b\u306e\u3000\u653b\u6483\u306b\u3000\u3072\u308b\u307e\u306a\u3044\u3002",
            "language": {
                "name": "ja",
                "url": "/api/v2/language/11/"
            },
            "version_group": {
                "name": "ultra-sun-ultra-moon",
                "url": "/api/v2/version-group/18/"
            }
        },
        {
            "flavor_text": "\u901a\u8fc7\u953b\u70bc\u7cbe\u795e\uff0c\n\u4e0d\u4f1a\u56e0\u5bf9\u624b\u7684\u653b\u51fb\u800c\u754f\u7f29\u3002",
            "language": {
                "name": "zh-Hans",
                "url": "/api/v2/language/12/"
            },
            "version_group": {
                "name": "ultra-sun-ultra-moon",
                "url": "/api/v2/version-group/18/"
            }
        },
        {
            "flavor_text": "\u304d\u305f\u3048\u3089\u308c\u305f\u3000\u305b\u3044\u3057\u3093\u306b\u3000\u3088\u3063\u3066\n\u3042\u3044\u3066\u306e\u3000\u3053\u3046\u3052\u304d\u306b\u3000\u3072\u308b\u307e\u306a\u3044\u3002",
            "language": {
                "name": "ja-Hrkt",
                "url": "/api/v2/language/1/"
            },
            "version_group": {
                "name": "lets-go-pikachu-lets-go-eevee",
                "url": "/api/v2/version-group/19/"
            }
        },
        {
            "flavor_text": "\ub2e8\ub828\ud55c \uc815\uc2e0\uc73c\ub85c \uc778\ud558\uc5ec\n\uc0c1\ub300\uc758 \uacf5\uaca9\uc5d0 \ud480\uc8fd\uc9c0 \uc54a\ub294\ub2e4.",
            "language": {
                "name": "ko",
                "url": "/api/v2/language/3/"
            },
            "version_group": {
                "name": "lets-go-pikachu-lets-go-eevee",
                "url": "/api/v2/version-group/19/"
            }
        },
        {
            "flavor_text": "\u9760\u8457\u7d93\u904e\u935b\u934a\u7cbe\u795e\uff0c\n\u4e0d\u6703\u56e0\u5c0d\u624b\u7684\u653b\u64ca\u800c\u754f\u7e2e\u3002",
            "language": {
                "name": "zh-Hant",
                "url": "/api/v2/language/4/"
            },
            "version_group": {
                "name": "lets-go-pikachu-lets-go-eevee",
                "url": "/api/v2/version-group/19/"
            }
        },
        {
            "flavor_text": "Le Pok\u00e9mon a un mental \u00e0 toute \u00e9preuve qui\nemp\u00eache les capacit\u00e9s ennemies de lui faire peur.",
            "language": {
                "name": "fr",
                "url": "/api/v2/language/5/"
            },
            "version_group": {
                "name": "lets-go-pikachu-lets-go-eevee",
                "url": "/api/v2/version-group/19/"
            }
        },
        {
            "flavor_text": "Verhindert durch erh\u00f6hte Konzentrationsf\u00e4higkeit\nZur\u00fcckschrecken.",
            "language": {
                "name": "de",
                "url": "/api/v2/language/6/"
            },
            "version_group": {
                "name": "lets-go-pikachu-lets-go-eevee",
                "url": "/api/v2/version-group/19/"
            }
        },
        {
            "flavor_text": "Gracias a su profunda concentraci\u00f3n, no retrocede\nante los ataques del rival.",
            "language": {
                "name": "es",
                "url": "/api/v2/language/7/"
            },
            "version_group": {
                "name": "lets-go-pikachu-lets-go-eevee",
                "url": "/api/v2/version-group/19/"
            }
        },
        {
            "flavor_text": "La capacit\u00e0 di concentrazione del Pok\u00e9mon evita\nche tentenni per gli attacchi del nemico.",
            "language": {
                "name": "it",
                "url": "/api/v2/language/8/"
            },
            "version_group": {
                "name": "lets-go-pikachu-lets-go-eevee",
                "url": "/api/v2/version-group/19/"
            }
        },
        {
            "flavor_text": "The Pok\u00e9mon\u2019s intensely focused, and that protects\nthe Pok\u00e9mon from flinching.",
            "language": {
                "name": "en",
                "url": "/api/v2/language/9/"
            },
            "version_group": {
                "name": "lets-go-pikachu-lets-go-eevee",
                "url": "/api/v2/version-group/19/"
            }
        },
        {
            "flavor_text": "\u935b\u3048\u3089\u308c\u305f\u3000\u7cbe\u795e\u306b\u3000\u3088\u3063\u3066\n\u76f8\u624b\u306e\u3000\u653b\u6483\u306b\u3000\u3072\u308b\u307e\u306a\u3044\u3002",
            "language": {
                "name": "ja",
                "url": "/api/v2/language/11/"
            },
            "version_group": {
                "name": "lets-go-pikachu-lets-go-eevee",
                "url": "/api/v2/version-group/19/"
            }
        },
        {
            "flavor_text": "\u901a\u8fc7\u953b\u70bc\u7cbe\u795e\uff0c\n\u4e0d\u4f1a\u56e0\u5bf9\u624b\u7684\u653b\u51fb\u800c\u754f\u7f29\u3002",
            "language": {
                "name": "zh-Hans",
                "url": "/api/v2/language/12/"
            },
            "version_group": {
                "name": "lets-go-pikachu-lets-go-eevee",
                "url": "/api/v2/version-group/19/"
            }
        },
        {
            "flavor_text": "\u304d\u305f\u3048\u3089\u308c\u305f\u3000\u305b\u3044\u3057\u3093\u306b\u3000\u3088\u3063\u3066\n\u3042\u3044\u3066\u306e\u3000\u3053\u3046\u3052\u304d\u306b\u3000\u3072\u308b\u307e\u306a\u3044\u3002",
            "language": {
                "name": "ja-Hrkt",
                "url": "/api/v2/language/1/"
            },
            "version_group": {
                "name": "sword-shield",
                "url": "/api/v2/version-group/20/"
            }
        },
        {
            "flavor_text": "\ub2e8\ub828\ud55c \uc815\uc2e0\uc73c\ub85c \uc778\ud558\uc5ec\n\uc0c1\ub300\uc758 \uacf5\uaca9\uc5d0 \ud480\uc8fd\uc9c0 \uc54a\ub294\ub2e4.",
            "language": {
                "name": "ko",
                "url": "/api/v2/language/3/"
            },
            "version_group": {
                "name": "sword-shield",
                "url": "/api/v2/version-group/20/"
            }
        },
        {
            "flavor_text": "\u9760\u8457\u7d93\u904e\u935b\u934a\u7684\u7cbe\u795e\uff0c\n\u4e0d\u6703\u56e0\u5c0d\u624b\u7684\u653b\u64ca\u800c\u754f\u7e2e\u3002",
            "language": {
                "name": "zh-Hant",
                "url": "/api/v2/language/4/"
            },
            "version_group": {
                "name": "sword-shield",
                "url": "/api/v2/version-group/20/"
            }
        },
        {
            "flavor_text": "Le Pok\u00e9mon a un mental \u00e0 toute \u00e9preuve qui emp\u00eache\nles capacit\u00e9s ennemies de lui faire peur.",
            "language": {
                "name": "fr",
                "url": "/api/v2/language/5/"
            },
            "version_group": {
                "name": "sword-shield",
                "url": "/api/v2/version-group/20/"
            }
        },
        {
            "flavor_text": "Verhindert durch erh\u00f6hte Konzentrationsf\u00e4higkeit\nZur\u00fcckschrecken.",
            "language": {
                "name": "de",
                "url": "/api/v2/language/6/"
            },
            "version_group": {
                "name": "sword-shield",
                "url": "/api/v2/version-group/20/"
            }
        },
        {
            "flavor_text": "Gracias a su profunda concentraci\u00f3n, no se amedrenta\nante los ataques del rival.",
            "language": {
                "name": "es",
                "url": "/api/v2/language/7/"
            },
            "version_group": {
                "name": "sword-shield",
                "url": "/api/v2/version-group/20/"
            }
        },
        {
            "flavor_text": "La capacit\u00e0 di concentrazione del Pok\u00e9mon evita\nche tentenni per gli attacchi del nemico.",
            "language": {
                "name": "it",
                "url": "/api/v2/language/8/"
            },
            "version_group": {
                "name": "sword-shield",
                "url": "/api/v2/version-group/20/"
            }
        },
        {
            "flavor_text": "The Pok\u00e9mon\u2019s intensely focused, and that protects\nthe Pok\u00e9mon from flinching.",
            "language": {
                "name": "en",
                "url": "/api/v2/language/9/"
            },
            "version_group": {
                "name": "sword-shield",
                "url": "/api/v2/version-group/20/"
            }
        },
        {
            "flavor_text": "\u935b\u3048\u3089\u308c\u305f\u3000\u7cbe\u795e\u306b\u3000\u3088\u3063\u3066\n\u76f8\u624b\u306e\u3000\u653b\u6483\u306b\u3000\u3072\u308b\u307e\u306a\u3044\u3002",
            "language": {
                "name": "ja",
                "url": "/api/v2/language/11/"
            },
            "version_group": {
                "name": "sword-shield",
                "url": "/api/v2/version-group/20/"
            }
        },
        {
            "flavor_text": "\u62e5\u6709\u7ecf\u8fc7\u953b\u70bc\u7684\u7cbe\u795e\uff0c\n\u800c\u4e0d\u4f1a\u56e0\u5bf9\u624b\u7684\u653b\u51fb\u800c\u754f\u7f29\u3002",
            "language": {
                "name": "zh-Hans",
                "url": "/api/v2/language/12/"
            },
            "version_group": {
                "name": "sword-shield",
                "url": "/api/v2/version-group/20/"
            }
        }
    ],
    "generation": {
        "name": "generation-iii",
        "url": "/api/v2/generation/3/"
    },
    "id": 39,
    "is_main_series": true,
    "name": "inner-focus",
    "names": [
        {
            "language": {
                "name": "ja-Hrkt",
                "url": "/api/v2/language/1/"
            },
            "name": "\u305b\u3044\u3057\u3093\u308a\u3087\u304f"
        },
        {
            "language": {
                "name": "ko",
                "url": "/api/v2/language/3/"
            },
            "name": "\uc815\uc2e0\ub825"
        },
        {
            "language": {
                "name": "zh-Hant",
                "url": "/api/v2/language/4/"
            },
            "name": "\u7cbe\u795e\u529b"
        },
        {
            "language": {
                "name": "fr",
                "url": "/api/v2/language/5/"
            },
            "name": "Attention"
        },
        {
            "language": {
                "name": "de",
                "url": "/api/v2/language/6/"
            },
            "name": "Konzentrator"
        },
        {
            "language": {
                "name": "es",
                "url": "/api/v2/language/7/"
            },
            "name": "Foco Interno"
        },
        {
            "language": {
                "name": "it",
                "url": "/api/v2/language/8/"
            },
            "name": "Forza Interiore"
        },
        {
            "language": {
                "name": "en",
                "url": "/api/v2/language/9/"
            },
            "name": "Inner Focus"
        },
        {
            "language": {
                "name": "ja",
                "url": "/api/v2/language/11/"
            },
            "name": "\u305b\u3044\u3057\u3093\u308a\u3087\u304f"
        },
        {
            "language": {
                "name": "zh-Hans",
                "url": "/api/v2/language/12/"
            },
            "name": "\u7cbe\u795e\u529b"
        }
    ],
    "pokemon": [
        {
            "is_hidden": false,
            "pokemon": {
                "name": "zubat",
                "url": "/api/v2/pokemon/41/"
            },
            "slot": 1
        },
        {
            "is_hidden": false,
            "pokemon": {
                "name": "golbat",
                "url": "/api/v2/pokemon/42/"
            },
            "slot": 1
        },
        {
            "is_hidden": false,
            "pokemon": {
                "name": "abra",
                "url": "/api/v2/pokemon/63/"
            },
            "slot": 2
        },
        {
            "is_hidden": false,
            "pokemon": {
                "name": "kadabra",
                "url": "/api/v2/pokemon/64/"
            },
            "slot": 2
        },
        {
            "is_hidden": false,
            "pokemon": {
                "name": "alakazam",
                "url": "/api/v2/pokemon/65/"
            },
            "slot": 2
        },
        {
            "is_hidden": false,
            "pokemon": {
                "name": "farfetchd",
                "url": "/api/v2/pokemon/83/"
            },
            "slot": 2
        },
        {
            "is_hidden": true,
            "pokemon": {
                "name": "drowzee",
                "url": "/api/v2/pokemon/96/"
            },
            "slot": 3
        },
        {
            "is_hidden": true,
            "pokemon": {
                "name": "hypno",
                "url": "/api/v2/pokemon/97/"
            },
            "slot": 3
        },
        {
            "is_hidden": true,
            "pokemon": {
                "name": "hitmonchan",
                "url": "/api/v2/pokemon/107/"
            },
            "slot": 3
        },
        {
            "is_hidden": true,
            "pokemon": {
                "name": "kangaskhan",
                "url": "/api/v2/pokemon/115/"
            },
            "slot": 3
        },
        {
            "is_hidden": false,
            "pokemon": {
                "name": "dragonite",
                "url": "/api/v2/pokemon/149/"
            },
            "slot": 1
        },
        {
            "is_hidden": false,
            "pokemon": {
                "name": "crobat",
                "url": "/api/v2/pokemon/169/"
            },
            "slot": 1
        },
        {
            "is_hidden": true,
            "pokemon": {
                "name": "umbreon",
                "url": "/api/v2/pokemon/197/"
            },
            "slot": 3
        },
        {
            "is_hidden": false,
            "pokemon": {
                "name": "girafarig",
                "url": "/api/v2/pokemon/203/"
            },
            "slot": 1
        },
        {
            "is_hidden": false,
            "pokemon": {
                "name": "sneasel",
                "url": "/api/v2/pokemon/215/"
            },
            "slot": 1
        },
        {
            "is_hidden": true,
            "pokemon": {
                "name": "raikou",
                "url": "/api/v2/pokemon/243/"
            },
            "slot": 3
        },
        {
            "is_hidden": true,
            "pokemon": {
                "name": "entei",
                "url": "/api/v2/pokemon/244/"
            },
            "slot": 3
        },
        {
            "is_hidden": true,
            "pokemon": {
                "name": "suicune",
                "url": "/api/v2/pokemon/245/"
            },
            "slot": 3
        },
        {
            "is_hidden": false,
            "pokemon": {
                "name": "snorunt",
                "url": "/api/v2/pokemon/361/"
            },
            "slot": 1
        },
        {
            "is_hidden": false,
            "pokemon": {
                "name": "glalie",
                "url": "/api/v2/pokemon/362/"
            },
            "slot": 1
        },
        {
            "is_hidden": false,
            "pokemon": {
                "name": "riolu",
                "url": "/api/v2/pokemon/447/"
            },
            "slot": 2
        },
        {
            "is_hidden": false,
            "pokemon": {
                "name": "lucario",
                "url": "/api/v2/pokemon/448/"
            },
            "slot": 2
        },
        {
            "is_hidden": false,
            "pokemon": {
                "name": "throh",
                "url": "/api/v2/pokemon/538/"
            },
            "slot": 2
        },
        {
            "is_hidden": false,
            "pokemon": {
                "name": "sawk",
                "url": "/api/v2/pokemon/539/"
            },
            "slot": 2
        },
        {
            "is_hidden": true,
            "pokemon": {
                "name": "darumaka",
                "url": "/api/v2/pokemon/554/"
            },
            "slot": 3
        },
        {
            "is_hidden": false,
            "pokemon": {
                "name": "mienfoo",
                "url": "/api/v2/pokemon/619/"
            },
            "slot": 1
        },
        {
            "is_hidden": false,
            "pokemon": {
                "name": "mienshao",
                "url": "/api/v2/pokemon/620/"
            },
            "slot": 1
        },
        {
            "is_hidden": false,
            "pokemon": {
                "name": "pawniard",
                "url": "/api/v2/pokemon/624/"
            },
            "slot": 2
        },
        {
            "is_hidden": false,
            "pokemon": {
                "name": "bisharp",
                "url": "/api/v2/pokemon/625/"
            },
            "slot": 2
        },
        {
            "is_hidden": true,
            "pokemon": {
                "name": "mudbray",
                "url": "/api/v2/pokemon/749/"
            },
            "slot": 3
        },
        {
            "is_hidden": true,
            "pokemon": {
                "name": "mudsdale",
                "url": "/api/v2/pokemon/750/"
            },
            "slot": 3
        },
        {
            "is_hidden": false,
            "pokemon": {
                "name": "oranguru",
                "url": "/api/v2/pokemon/765/"
            },
            "slot": 1
        },
        {
            "is_hidden": false,
            "pokemon": {
                "name": "indeedee-male",
                "url": "/api/v2/pokemon/876/"
            },
            "slot": 1
        },
        {
            "is_hidden": false,
            "pokemon": {
                "name": "kubfu",
                "url": "/api/v2/pokemon/891/"
            },
            "slot": 1
        },
        {
            "is_hidden": false,
            "pokemon": {
                "name": "annihilape",
                "url": "/api/v2/pokemon/979/"
            },
            "slot": 2
        },
        {
            "is_hidden": false,
            "pokemon": {
                "name": "gallade-mega",
                "url": "/api/v2/pokemon/10068/"
            },
            "slot": 1
        },
        {
            "is_hidden": true,
            "pokemon": {
                "name": "darumaka-galar",
                "url": "/api/v2/pokemon/10176/"
            },
            "slot": 3
        },
        {
            "is_hidden": false,
            "pokemon": {
                "name": "sneasel-hisui",
                "url": "/api/v2/pokemon/10235/"
            },
            "slot": 1
        }
    ]
}