{
    "effect_changes": [],
    "effect_entries": [
        {
            "effect": "Raises this Pok\u00e9mon's highest stat by one stage when it faints another Pok\u00e9mon.",
            "language": {
                "name": "en",
                "url": "/api/v2/language/9/"
            },
            "short_effect": "Raises this Pok\u00e9mon's highest stat by one stage when it faints another Pok\u00e9mon."
        }
    ],
    "flavor_text_entries": [
        {
            "flavor_text": "\u3042\u3044\u3066\u3092\u3000\u305f\u304a\u3057\u305f\u3068\u304d\n\u3058\u3076\u3093\u306e\u3000\u3044\u3061\u3070\u3093\u3000\u305f\u304b\u3044\n\u306e\u3046\u308a\u3087\u304f\u304c\u3000\u3042\u304c\u308b\u3002\u3000",
            "language": {
                "name": "ja-Hrkt",
                "url": "/api/v2/language/1/"
            },
            "version_group": {
                "name": "sun-moon",
                "url": "/api/v2/version-group/17/"
            }
        },
        {
            "flavor_text": "\uc0c1\ub300\ub97c \uae30\uc808\uc2dc\ucf30\uc744 \ub54c\n\uc790\uc2e0\uc758 \uac00\uc7a5 \ub192\uc740\n\ub2a5\ub825\uc774 \uc62c\ub77c\uac04\ub2e4.",
            "language": {
                "name": "ko",
                "url": "/api/v2/language/3/"
            },
            "version_group": {
                "name": "sun-moon",
                "url": "/api/v2/version-group/17/"
            }
        },
        {
            "flavor_text": "\u6253\u5012\u5c0d\u624b\u7684\u6642\u5019\uff0c\n\u6703\u63d0\u9ad8\u81ea\u5df1\u6700\u9ad8\u7684\u90a3\u9805\u80fd\u529b\u3002",
            "language": {
                "name": "zh-Hant",
                "url": "/api/v2/language/4/"
            },
            "version_group": {
                "name": "sun-moon",
                "url": "/api/v2/version-group/17/"
            }
        },
        {
            "flavor_text": "Augmente la stat la plus \u00e9lev\u00e9e du Pok\u00e9mon\ns\u2019il met K.O. un autre Pok\u00e9mon pendant son tour.",
            "language": {
                "name": "fr",
                "url": "/api/v2/language/5/"
            },
            "version_group": {
                "name": "sun-moon",
                "url": "/api/v2/version-group/17/"
            }
        },
        {
            "flavor_text": "Erh\u00f6ht in jeder Runde, in der es ein anderes\nPok\u00e9mon besiegt, seinen h\u00f6chsten Statuswert.",
            "language": {
                "name": "de",
                "url": "/api/v2/language/6/"
            },
            "version_group": {
                "name": "sun-moon",
                "url": "/api/v2/version-group/17/"
            }
        },
        {
            "flavor_text": "Si el Pok\u00e9mon derrota a un rival en ese turno,\naumenta su caracter\u00edstica m\u00e1s fuerte.",
            "language": {
                "name": "es",
                "url": "/api/v2/language/7/"
            },
            "version_group": {
                "name": "sun-moon",
                "url": "/api/v2/version-group/17/"
            }
        },
        {
            "flavor_text": "Se il Pok\u00e9mon ha mandato KO almeno un altro\nPok\u00e9mon nel turno, aumenta la propria statistica\ndi punta.",
            "language": {
                "name": "it",
                "url": "/api/v2/language/8/"
            },
            "version_group": {
                "name": "sun-moon",
                "url": "/api/v2/version-group/17/"
            }
        },
        {
            "flavor_text": "The Pok\u00e9mon boosts its most proficient stat each\ntime it knocks out a Pok\u00e9mon.",
            "language": {
                "name": "en",
                "url": "/api/v2/language/9/"
            },
            "version_group": {
                "name": "sun-moon",
                "url": "/api/v2/version-group/17/"
            }
        },
        {
            "flavor_text": "\u76f8\u624b\u3092\u3000\u5012\u3057\u305f\u3068\u304d\n\u81ea\u5206\u306e\u3000\u3044\u3061\u3070\u3093\u3000\u9ad8\u3044\n\u80fd\u529b\u304c\u3000\u4e0a\u304c\u308b\u3002\u3000",
            "language": {
                "name": "ja",
                "url": "/api/v2/language/11/"
            },
            "version_group": {
                "name": "sun-moon",
                "url": "/api/v2/version-group/17/"
            }
        },
        {
            "flavor_text": "\u6253\u5012\u5bf9\u624b\u7684\u65f6\u5019\uff0c\n\u81ea\u5df1\u6700\u9ad8\u7684\u90a3\u9879\u80fd\u529b\u4f1a\u63d0\u9ad8\u3002",
            "language": {
                "name": "zh-Hans",
                "url": "/api/v2/language/12/"
            },
            "version_group": {
                "name": "sun-moon",
                "url": "/api/v2/version-group/17/"
            }
        },
        {
            "flavor_text": "\u3042\u3044\u3066\u3092\u3000\u305f\u304a\u3057\u305f\u3068\u304d\n\u3058\u3076\u3093\u306e\u3000\u3044\u3061\u3070\u3093\u3000\u305f\u304b\u3044\n\u306e\u3046\u308a\u3087\u304f\u304c\u3000\u3042\u304c\u308b\u3002\u3000",
            "language": {
                "name": "ja-Hrkt",
                "url": "/api/v2/language/1/"
            },
            "version_group": {
                "name": "ultra-sun-ultra-moon",
                "url": "/api/v2/version-group/18/"
            }
        },
        {
            "flavor_text": "\uc0c1\ub300\ub97c \uae30\uc808\uc2dc\ucf30\uc744 \ub54c\n\uc790\uc2e0\uc758 \uac00\uc7a5 \ub192\uc740\n\ub2a5\ub825\uc774 \uc62c\ub77c\uac04\ub2e4.",
            "language": {
                "name": "ko",
                "url": "/api/v2/language/3/"
            },
            "version_group": {
                "name": "ultra-sun-ultra-moon",
                "url": "/api/v2/version-group/18/"
            }
        },
        {
            "flavor_text": "\u6253\u5012\u5c0d\u624b\u7684\u6642\u5019\uff0c\n\u6703\u63d0\u9ad8\u81ea\u5df1\u6700\u9ad8\u7684\u90a3\u9805\u80fd\u529b\u3002",
            "language": {
                "name": "zh-Hant",
                "url": "/api/v2/language/4/"
            },
            "version_group": {
                "name": "ultra-sun-ultra-moon",
                "url": "/api/v2/version-group/18/"
            }
        },
        {
            "flavor_text": "Augmente la stat la plus \u00e9lev\u00e9e du Pok\u00e9mon\ns\u2019il met K.O. un autre Pok\u00e9mon pendant son tour.",
            "language": {
                "name": "fr",
                "url": "/api/v2/language/5/"
            },
            "version_group": {
                "name": "ultra-sun-ultra-moon",
                "url": "/api/v2/version-group/18/"
            }
        },
        {
            "flavor_text": "Erh\u00f6ht in jeder Runde, in der es ein anderes\nPok\u00e9mon besiegt, seinen h\u00f6chsten Statuswert.",
            "language": {
                "name": "de",
                "url": "/api/v2/language/6/"
            },
            "version_group": {
                "name": "ultra-sun-ultra-moon",
                "url": "/api/v2/version-group/18/"
            }
        },
        {
            "flavor_text": "Si el Pok\u00e9mon derrota a un rival en ese turno,\naumenta su caracter\u00edstica m\u00e1s fuerte.",
            "language": {
                "name": "es",
                "url": "/api/v2/language/7/"
            },
            "version_group": {
                "name": "ultra-sun-ultra-moon",
                "url": "/api/v2/version-group/18/"
            }
        },
        {
            "flavor_text": "Se il Pok\u00e9mon ha mandato KO almeno un altro\nPok\u00e9mon nel turno, aumenta la propria statistica\ndi punta.",
            "language": {
                "name": "it",
                "url": "/api/v2/language/8/"
            },
            "version_group": {
                "name": "ultra-sun-ultra-moon",
                "url": "/api/v2/version-group/18/"
            }
        },
        {
            "flavor_text": "The Pok\u00e9mon boosts its most proficient stat each\ntime it knocks out a Pok\u00e9mon.",
            "language": {
                "name": "en",
                "url": "/api/v2/language/9/"
            },
            "version_group": {
                "name": "ultra-sun-ultra-moon",
                "url": "/api/v2/version-group/18/"
            }
        },
        {
            "flavor_text": "\u76f8\u624b\u3092\u3000\u5012\u3057\u305f\u3068\u304d\n\u81ea\u5206\u306e\u3000\u3044\u3061\u3070\u3093\u3000\u9ad8\u3044\n\u80fd\u529b\u304c\u3000\u4e0a\u304c\u308b\u3002\u3000",
            "language": {
                "name": "ja",
                "url": "/api/v2/language/11/"
            },
            "version_group": {
                "name": "ultra-sun-ultra-moon",
                "url": "/api/v2/version-group/18/"
            }
        },
        {
            "flavor_text": "\u6253\u5012\u5bf9\u624b\u7684\u65f6\u5019\uff0c\n\u81ea\u5df1\u6700\u9ad8\u7684\u90a3\u9879\u80fd\u529b\u4f1a\u63d0\u9ad8\u3002",
            "language": {
                "name": "zh-Hans",
                "url": "/api/v2/language/12/"
            },
            "version_group": {
                "name": "ultra-sun-ultra-moon",
                "url": "/api/v2/version-group/18/"
            }
        },
        {
            "flavor_text": "\u3042\u3044\u3066\u3092\u3000\u305f\u304a\u3057\u305f\u3068\u304d\n\u3058\u3076\u3093\u306e\u3000\u3044\u3061\u3070\u3093\u3000\u305f\u304b\u3044\n\u306e\u3046\u308a\u3087\u304f\u304c\u3000\u3042\u304c\u308b\u3002\u3000",
            "language": {
                "name": "ja-Hrkt",
                "url": "/api/v2/language/1/"
            },
            "version_group": {
                "name": "lets-go-pikachu-lets-go-eevee",
                "url": "/api/v2/version-group/19/"
            }
        },
        {
            "flavor_text": "\uc0c1\ub300\ub97c \uae30\uc808\uc2dc\ucf30\uc744 \ub54c\n\uc790\uc2e0\uc758 \uac00\uc7a5 \ub192\uc740\n\ub2a5\ub825\uc774 \uc62c\ub77c\uac04\ub2e4.",
            "language": {
                "name": "ko",
                "url": "/api/v2/language/3/"
            },
            "version_group": {
                "name": "lets-go-pikachu-lets-go-eevee",
                "url": "/api/v2/version-group/19/"
            }
        },
        {
            "flavor_text": "\u6253\u5012\u5c0d\u624b\u7684\u6642\u5019\uff0c\n\u6703\u63d0\u9ad8\u81ea\u5df1\u6700\u9ad8\u7684\u90a3\u9805\u80fd\u529b\u3002",
            "language": {
                "name": "zh-Hant",
                "url": "/api/v2/language/4/"
            },
            "version_group": {
                "name": "lets-go-pikachu-lets-go-eevee",
                "url": "/api/v2/version-group/19/"
            }
        },
        {
            "flavor_text": "Augmente la stat la plus \u00e9lev\u00e9e du Pok\u00e9mon\ns\u2019il met K.O. un autre Pok\u00e9mon pendant son tour.",
            "language": {
                "name": "fr",
                "url": "/api/v2/language/5/"
            },
            "version_group": {
                "name": "lets-go-pikachu-lets-go-eevee",
                "url": "/api/v2/version-group/19/"
            }
        },
        {
            "flavor_text": "Erh\u00f6ht in jeder Runde, in der es ein anderes\nPok\u00e9mon besiegt, seinen h\u00f6chsten Statuswert.",
            "language": {
                "name": "de",
                "url": "/api/v2/language/6/"
            },
            "version_group": {
                "name": "lets-go-pikachu-lets-go-eevee",
                "url": "/api/v2/version-group/19/"
            }
        },
        {
            "flavor_text": "Si el Pok\u00e9mon derrota a un rival en ese turno,\naumenta su caracter\u00edstica m\u00e1s fuerte.",
            "language": {
                "name": "es",
                "url": "/api/v2/language/7/"
            },
            "version_group": {
                "name": "lets-go-pikachu-lets-go-eevee",
                "url": "/api/v2/version-group/19/"
            }
        },
        {
            "flavor_text": "Se il Pok\u00e9mon ha mandato KO almeno un altro\nPok\u00e9mon nel turno, aumenta la propria statistica\ndi punta.",
            "language": {
                "name": "it",
                "url": "/api/v2/language/8/"
            },
            "version_group": {
                "name": "lets-go-pikachu-lets-go-eevee",
                "url": "/api/v2/version-group/19/"
            }
        },
        {
            "flavor_text": "The Pok\u00e9mon boosts its most proficient stat each\ntime it knocks out a Pok\u00e9mon.",
            "language": {
                "name": "en",
                "url": "/api/v2/language/9/"
            },
            "version_group": {
                "name": "lets-go-pikachu-lets-go-eevee",
                "url": "/api/v2/version-group/19/"
            }
        },
        {
            "flavor_text": "\u76f8\u624b\u3092\u3000\u5012\u3057\u305f\u3068\u304d\n\u81ea\u5206\u306e\u3000\u3044\u3061\u3070\u3093\u3000\u9ad8\u3044\n\u80fd\u529b\u304c\u3000\u4e0a\u304c\u308b\u3002\u3000",
            "language": {
                "name": "ja",
                "url": "/api/v2/language/11/"
            },
            "version_group": {
                "name": "lets-go-pikachu-lets-go-eevee",
                "url": "/api/v2/version-group/19/"
            }
        },
        {
            "flavor_text": "\u6253\u5012\u5bf9\u624b\u7684\u65f6\u5019\uff0c\n\u81ea\u5df1\u6700\u9ad8\u7684\u90a3\u9879\u80fd\u529b\u4f1a\u63d0\u9ad8\u3002",
            "language": {
                "name": "zh-Hans",
                "url": "/api/v2/language/12/"
            },
            "version_group": {
                "name": "lets-go-pikachu-lets-go-eevee",
                "url": "/api/v2/version-group/19/"
            }
        },
        {
            "flavor_text": "\u3042\u3044\u3066\u3092\u3000\u305f\u304a\u3057\u305f\u3068\u304d\n\u3058\u3076\u3093\u306e\u3000\u3044\u3061\u3070\u3093\u3000\u305f\u304b\u3044\n\u306e\u3046\u308a\u3087\u304f\u304c\u3000\u3042\u304c\u308b\u3002",
            "language": {
                "name": "ja-Hrkt",
                "url": "/api/v2/language/1/"
            },
            "version_group": {
                "name": "sword-shield",
                "url": "/api/v2/version-group/20/"
            }
        },
        {
            "flavor_text": "\uc0c1\ub300\ub97c \uae30\uc808\uc2dc\ucf30\uc744 \ub54c\n\uc790\uc2e0\uc758 \uac00\uc7a5 \ub192\uc740\n\ub2a5\ub825\uc774 \uc62c\ub77c\uac04\ub2e4.",
            "language": {
                "name": "ko",
                "url": "/api/v2/language/3/"
            },
            "version_group": {
                "name": "sword-shield",
                "url": "/api/v2/version-group/20/"
            }
        },
        {
            "flavor_text": "\u6253\u5012\u5c0d\u624b\u7684\u6642\u5019\uff0c\n\u6703\u63d0\u9ad8\u81ea\u5df1\u6700\u9ad8\u7684\u90a3\u9805\u80fd\u529b\u3002",
            "language": {
                "name": "zh-Hant",
                "url": "/api/v2/language/4/"
            },
            "version_group": {
                "name": "sword-shield",
                "url": "/api/v2/version-group/20/"
            }
        },
        {
            "flavor_text": "Augmente la stat la plus \u00e9lev\u00e9e du Pok\u00e9mon\ns\u2019il met K.O. un autre Pok\u00e9mon pendant son tour.",
            "language": {
                "name": "fr",
                "url": "/api/v2/language/5/"
            },
            "version_group": {
                "name": "sword-shield",
                "url": "/api/v2/version-group/20/"
            }
        },
        {
            "flavor_text": "Erh\u00f6ht in jeder Runde, in der es ein anderes Pok\u00e9mon\nbesiegt, seinen h\u00f6chsten Statuswert.",
            "language": {
                "name": "de",
                "url": "/api/v2/language/6/"
            },
            "version_group": {
                "name": "sword-shield",
                "url": "/api/v2/version-group/20/"
            }
        },
        {
            "flavor_text": "Si derrota a un rival en ese turno, aumenta su\ncaracter\u00edstica m\u00e1s fuerte.",
            "language": {
                "name": "es",
                "url": "/api/v2/language/7/"
            },
            "version_group": {
                "name": "sword-shield",
                "url": "/api/v2/version-group/20/"
            }
        },
        {
            "flavor_text": "Quando il Pok\u00e9mon manda KO un altro Pok\u00e9mon,\naumenta la propria statistica di punta.",
            "language": {
                "name": "it",
                "url": "/api/v2/language/8/"
            },
            "version_group": {
                "name": "sword-shield",
                "url": "/api/v2/version-group/20/"
            }
        },
        {
            "flavor_text": "The Pok\u00e9mon boosts its most proficient stat each\ntime it knocks out a Pok\u00e9mon.",
            "language": {
                "name": "en",
                "url": "/api/v2/language/9/"
            },
            "version_group": {
                "name": "sword-shield",
                "url": "/api/v2/version-group/20/"
            }
        },
        {
            "flavor_text": "\u76f8\u624b\u3092\u3000\u5012\u3057\u305f\u3068\u304d\n\u81ea\u5206\u306e\u3000\u3044\u3061\u3070\u3093\u3000\u9ad8\u3044\n\u80fd\u529b\u304c\u3000\u4e0a\u304c\u308b\u3002",
            "language": {
                "name": "ja",
                "url": "/api/v2/language/11/"
            },
            "version_group": {
                "name": "sword-shield",
                "url": "/api/v2/version-group/20/"
            }
        },
        {
            "flavor_text": "\u6253\u5012\u5bf9\u624b\u7684\u65f6\u5019\uff0c\n\u81ea\u5df1\u6700\u9ad8\u7684\u90a3\u9879\u80fd\u529b\u4f1a\u63d0\u9ad8\u3002",
            "language": {
                "name": "zh-Hans",
                "url": "/api/v2/language/12/"
            },
            "version_group": {
                "name": "sword-shield",
                "url": "/api/v2/version-group/20/"
            }
        }
    ],
    "generation": {
        "name": "generation-vii",
        "url": "/api/v2/generation/7/"
    },
    "id": 224,
    "is_main_series": true,
    "name": "beast-boost",
    "names": [
        {
            "language": {
                "name": "ja-Hrkt",
                "url": "/api/v2/language/1/"
            },
            "name": "\u30d3\u30fc\u30b9\u30c8\u30d6\u30fc\u30b9\u30c8"
        },
        {
            "language": {
                "name": "ko",
                "url": "/api/v2/language/3/"
            },
            "name": "\ube44\uc2a4\ud2b8\ubd80\uc2a4\ud2b8"
        },
        {
            "language": {
                "name": "zh-Hant",
                "url": "/api/v2/language/4/"
            },
            "name": "\u7570\u7378\u63d0\u5347"
        },
        {
            "language": {
                "name": "fr",
                "url": "/api/v2/language/5/"
            },
            "name": "Boost Chim\u00e8re"
        },
        {
            "language": {
                "name": "de",
                "url": "/api/v2/language/6/"
            },
            "name": "Bestien-Boost"
        },
        {
            "language": {
                "name": "es",
                "url": "/api/v2/language/7/"
            },
            "name": "Ultraimpulso"
        },
        {
            "language": {
                "name": "it",
                "url": "/api/v2/language/8/"
            },
            "name": "Ultraboost"
        },
        {
            "language": {
                "name": "en",
                "url": "/api/v2/language/9/"
            },
            "name": "Beast Boost"
        },
        {
            "language": {
                "name": "ja",
                "url": "/api/v2/language/11/"
            },
            "name": "\u30d3\u30fc\u30b9\u30c8\u30d6\u30fc\u30b9\u30c8"
        },
        {
            "language": {
                "name": "zh-Hans",
                "url": "/api/v2/language/12/"
            },
            "name": "\u5f02\u517d\u63d0\u5347"
        }
    ],
    "pokemon": [
        {
            "is_hidden": false,
            "pokemon": {
                "name": "nihilego",
                "url": "/api/v2/pokemon/793/"
            },
            "slot": 1
        },
        {
            "is_hidden": false,
            "pokemon": {
                "name": "buzzwole",
                "url": "/api/v2/pokemon/794/"
            },
            "slot": 1
        },
        {
            "is_hidden": false,
            "pokemon": {
                "name": "pheromosa",
                "url": "/api/v2/pokemon/795/"
            },
            "slot": 1
        },
        {
            "is_hidden": false,
            "pokemon": {
                "name": "xurkitree",
                "url": "/api/v2/pokemon/796/"
            },
            "slot": 1
        },
        {
            "is_hidden": false,
            "pokemon": {
                "name": "celesteela",
                "url": "/api/v2/pokemon/797/"
            },
            "slot": 1
        },
        {
            "is_hidden": false,
            "pokemon": {
                "name": "kartana",
                "url": "/api/v2/pokemon/798/"
            },
            "slot": 1
        },
        {
            "is_hidden": false,
            "pokemon": {
                "name": "guzzlord",
                "url": "/api/v2/pokemon/799/"
            },
            "slot": 1
        },
        {
            "is_hidden": false,
            "pokemon": {
                "name": "poipole",
                "url": "/api/v2/pokemon/803/"
            },
            "slot": 1
        },
        {
            "is_hidden": false,
            "pokemon": {
                "name": "naganadel",
                "url": "/api/v2/pokemon/804/"
            },
            "slot": 1
        },
        {
            "is_hidden": false,
            "pokemon": {
                "name": "stakataka",
                "url": "/api/v2/pokemon/805/"
            },
            "slot": 1
        },
        {
            "is_hidden": false,
            "pokemon": {
                "name": "blacephalon",
                "url": "/api/v2/pokemon/806/"
            },
            "slot": 1
        }
    ]
}