{
    "effect_changes": [],
    "effect_entries": [
        {
            "effect": "W\u00e4hrend starkem Sonnenlicht, wird der special attack von Pok\u00e9mon mit dieser F\u00e4higkeit um 50% erh\u00f6ht, daf\u00fcr erleidet es 1/8 seiner maximalen hp Schaden am Ende der Runde.",
            "language": {
                "name": "de",
                "url": "/api/v2/language/6/"
            },
            "short_effect": "Erh\u00f6ht den special attack um 50% aber zieht jede Runde 1/8 der max hp ab w\u00e4hrend starkem Sonnenlicht."
        },
        {
            "effect": "During strong sunlight, this Pok\u00e9mon has 1.5\u00d7 its Special Attack but takes 1/8 of its maximum HP in damage after each turn.",
            "language": {
                "name": "en",
                "url": "/api/v2/language/9/"
            },
            "short_effect": "Increases Special Attack to 1.5\u00d7 but costs 1/8 max HP after each turn during strong sunlight."
        }
    ],
    "flavor_text_entries": [
        {
            "flavor_text": "Boosts Sp. Atk, but\nlowers HP in sunshine.",
            "language": {
                "name": "en",
                "url": "/api/v2/language/9/"
            },
            "version_group": {
                "name": "diamond-pearl",
                "url": "/api/v2/version-group/8/"
            }
        },
        {
            "flavor_text": "Boosts Sp. Atk, but\nlowers HP in sunshine.",
            "language": {
                "name": "en",
                "url": "/api/v2/language/9/"
            },
            "version_group": {
                "name": "platinum",
                "url": "/api/v2/version-group/9/"
            }
        },
        {
            "flavor_text": "Boosts Sp. Atk, but\nlowers HP in sunshine.",
            "language": {
                "name": "en",
                "url": "/api/v2/language/9/"
            },
            "version_group": {
                "name": "heartgold-soulsilver",
                "url": "/api/v2/version-group/10/"
            }
        },
        {
            "flavor_text": "Augmente l\u2019Atq. Sp\u00e9. mais\nbaisse les PV au soleil.",
            "language": {
                "name": "fr",
                "url": "/api/v2/language/5/"
            },
            "version_group": {
                "name": "black-white",
                "url": "/api/v2/version-group/11/"
            }
        },
        {
            "flavor_text": "In sunshine, Sp. Atk is\nboosted but HP decreases.",
            "language": {
                "name": "en",
                "url": "/api/v2/language/9/"
            },
            "version_group": {
                "name": "black-white",
                "url": "/api/v2/version-group/11/"
            }
        },
        {
            "flavor_text": "In sunshine, Sp. Atk is\nboosted but HP decreases.",
            "language": {
                "name": "en",
                "url": "/api/v2/language/9/"
            },
            "version_group": {
                "name": "black-2-white-2",
                "url": "/api/v2/version-group/14/"
            }
        },
        {
            "flavor_text": "\u306f\u308c\u308b\u3068\u3000\uff28\uff30\u304c\u3000\u3078\u308b\u304c\n\u3068\u304f\u3053\u3046\u304c\u3000\u3042\u304c\u308b\u3002",
            "language": {
                "name": "ja-Hrkt",
                "url": "/api/v2/language/1/"
            },
            "version_group": {
                "name": "x-y",
                "url": "/api/v2/version-group/15/"
            }
        },
        {
            "flavor_text": "\ub9d1\uc73c\uba74 HP\uac00 \uc904\uc9c0\ub9cc\n\ud2b9\uc218\uacf5\uaca9\uc774 \uc62c\ub77c\uac04\ub2e4.",
            "language": {
                "name": "ko",
                "url": "/api/v2/language/3/"
            },
            "version_group": {
                "name": "x-y",
                "url": "/api/v2/version-group/15/"
            }
        },
        {
            "flavor_text": "Augmente l\u2019Attaque Sp\u00e9ciale\nmais baisse les PV au soleil.",
            "language": {
                "name": "fr",
                "url": "/api/v2/language/5/"
            },
            "version_group": {
                "name": "x-y",
                "url": "/api/v2/version-group/15/"
            }
        },
        {
            "flavor_text": "F\u00fchrt bei Sonne zu KP-Verlusten,\nerh\u00f6ht aber den Spezial-Angriff.",
            "language": {
                "name": "de",
                "url": "/api/v2/language/6/"
            },
            "version_group": {
                "name": "x-y",
                "url": "/api/v2/version-group/15/"
            }
        },
        {
            "flavor_text": "Si hace sol, baja los PS, pero\npotencia el At. Esp.",
            "language": {
                "name": "es",
                "url": "/api/v2/language/7/"
            },
            "version_group": {
                "name": "x-y",
                "url": "/api/v2/version-group/15/"
            }
        },
        {
            "flavor_text": "Se c\u2019\u00e8 il sole aumenta l\u2019Attacco\nSpeciale, ma riduce i PS.",
            "language": {
                "name": "it",
                "url": "/api/v2/language/8/"
            },
            "version_group": {
                "name": "x-y",
                "url": "/api/v2/version-group/15/"
            }
        },
        {
            "flavor_text": "Boosts the Sp. Atk stat in sunny\nweather, but HP decreases.",
            "language": {
                "name": "en",
                "url": "/api/v2/language/9/"
            },
            "version_group": {
                "name": "x-y",
                "url": "/api/v2/version-group/15/"
            }
        },
        {
            "flavor_text": "\u6674\u308c\u308b\u3068\u3000\uff28\uff30\u304c\u3000\u6e1b\u308b\u304c\n\u7279\u653b\u304c\u3000\u3042\u304c\u308b\u3002",
            "language": {
                "name": "ja",
                "url": "/api/v2/language/11/"
            },
            "version_group": {
                "name": "x-y",
                "url": "/api/v2/version-group/15/"
            }
        },
        {
            "flavor_text": "\u306f\u308c\u308b\u3068\u3000\uff28\uff30\u304c\u3000\u3078\u308b\u304c\n\u3068\u304f\u3053\u3046\u304c\u3000\u3042\u304c\u308b\u3002",
            "language": {
                "name": "ja-Hrkt",
                "url": "/api/v2/language/1/"
            },
            "version_group": {
                "name": "omega-ruby-alpha-sapphire",
                "url": "/api/v2/version-group/16/"
            }
        },
        {
            "flavor_text": "\ub9d1\uc73c\uba74 HP\uac00 \uc904\uc9c0\ub9cc\n\ud2b9\uc218\uacf5\uaca9\uc774 \uc62c\ub77c\uac04\ub2e4.",
            "language": {
                "name": "ko",
                "url": "/api/v2/language/3/"
            },
            "version_group": {
                "name": "omega-ruby-alpha-sapphire",
                "url": "/api/v2/version-group/16/"
            }
        },
        {
            "flavor_text": "Augmente l\u2019Attaque Sp\u00e9ciale\nmais baisse les PV au soleil.",
            "language": {
                "name": "fr",
                "url": "/api/v2/language/5/"
            },
            "version_group": {
                "name": "omega-ruby-alpha-sapphire",
                "url": "/api/v2/version-group/16/"
            }
        },
        {
            "flavor_text": "F\u00fchrt bei Sonne zu KP-Verlusten,\nerh\u00f6ht aber den Spezial-Angriff.",
            "language": {
                "name": "de",
                "url": "/api/v2/language/6/"
            },
            "version_group": {
                "name": "omega-ruby-alpha-sapphire",
                "url": "/api/v2/version-group/16/"
            }
        },
        {
            "flavor_text": "Si hace sol, baja los PS, pero\npotencia el At. Esp.",
            "language": {
                "name": "es",
                "url": "/api/v2/language/7/"
            },
            "version_group": {
                "name": "omega-ruby-alpha-sapphire",
                "url": "/api/v2/version-group/16/"
            }
        },
        {
            "flavor_text": "Se c\u2019\u00e8 il sole aumenta l\u2019Attacco\nSpeciale, ma riduce i PS.",
            "language": {
                "name": "it",
                "url": "/api/v2/language/8/"
            },
            "version_group": {
                "name": "omega-ruby-alpha-sapphire",
                "url": "/api/v2/version-group/16/"
            }
        },
        {
            "flavor_text": "Boosts the Sp. Atk stat in sunny\nweather, but HP decreases.",
            "language": {
                "name": "en",
                "url": "/api/v2/language/9/"
            },
            "version_group": {
                "name": "omega-ruby-alpha-sapphire",
                "url": "/api/v2/version-group/16/"
            }
        },
        {
            "flavor_text": "\u6674\u308c\u308b\u3068\u3000\uff28\uff30\u304c\u3000\u6e1b\u308b\u304c\n\u7279\u653b\u304c\u3000\u3042\u304c\u308b\u3002",
            "language": {
                "name": "ja",
                "url": "/api/v2/language/11/"
            },
            "version_group": {
                "name": "omega-ruby-alpha-sapphire",
                "url": "/api/v2/version-group/16/"
            }
        },
        {
            "flavor_text": "\u3066\u3093\u304d\u304c\u3000\u306f\u308c\u308b\u3068\n\u3068\u304f\u3053\u3046\u304c\u3000\u3042\u304c\u308b\u304c\n\u307e\u3044\u30bf\u30fc\u30f3\u3000\uff28\uff30\u304c\u3000\u3078\u308b\u3002",
            "language": {
                "name": "ja-Hrkt",
                "url": "/api/v2/language/1/"
            },
            "version_group": {
                "name": "sun-moon",
                "url": "/api/v2/version-group/17/"
            }
        },
        {
            "flavor_text": "\ub0a0\uc528\uac00 \ub9d1\uc73c\uba74\n\ud2b9\uc218\uacf5\uaca9\uc774 \uc62c\ub77c\uac00\uc9c0\ub9cc\n\ub9e4 \ud134 HP\uac00 \uc904\uc5b4\ub4e0\ub2e4.",
            "language": {
                "name": "ko",
                "url": "/api/v2/language/3/"
            },
            "version_group": {
                "name": "sun-moon",
                "url": "/api/v2/version-group/17/"
            }
        },
        {
            "flavor_text": "\u6674\u6717\u5929\u6c23\u6642\u7279\u653b\u6703\u63d0\u9ad8\uff0c\n\u4f46\u6bcf\u56de\u5408\uff28\uff30\u6703\u6e1b\u5c11\u3002",
            "language": {
                "name": "zh-Hant",
                "url": "/api/v2/language/4/"
            },
            "version_group": {
                "name": "sun-moon",
                "url": "/api/v2/version-group/17/"
            }
        },
        {
            "flavor_text": "Quand le soleil brille, l\u2019Attaque Sp\u00e9ciale du Pok\u00e9mon\naugmente mais il perd des PV \u00e0 chaque tour.",
            "language": {
                "name": "fr",
                "url": "/api/v2/language/5/"
            },
            "version_group": {
                "name": "sun-moon",
                "url": "/api/v2/version-group/17/"
            }
        },
        {
            "flavor_text": "F\u00fchrt bei Sonnenschein in jeder Runde zu\nKP-Verlusten, erh\u00f6ht aber den Spezial-Angriff.",
            "language": {
                "name": "de",
                "url": "/api/v2/language/6/"
            },
            "version_group": {
                "name": "sun-moon",
                "url": "/api/v2/version-group/17/"
            }
        },
        {
            "flavor_text": "Si hace sol, aumenta su Ataque Especial, pero\npierde PS en cada turno.",
            "language": {
                "name": "es",
                "url": "/api/v2/language/7/"
            },
            "version_group": {
                "name": "sun-moon",
                "url": "/api/v2/version-group/17/"
            }
        },
        {
            "flavor_text": "Se la luce del sole \u00e8 intensa, l\u2019Attacco Speciale\naumenta, ma il Pok\u00e9mon perde PS a ogni turno.",
            "language": {
                "name": "it",
                "url": "/api/v2/language/8/"
            },
            "version_group": {
                "name": "sun-moon",
                "url": "/api/v2/version-group/17/"
            }
        },
        {
            "flavor_text": "Boosts the Sp. Atk stat in sunny weather, but HP\ndecreases every turn.",
            "language": {
                "name": "en",
                "url": "/api/v2/language/9/"
            },
            "version_group": {
                "name": "sun-moon",
                "url": "/api/v2/version-group/17/"
            }
        },
        {
            "flavor_text": "\u5929\u6c17\u304c\u3000\u6674\u308c\u308b\u3068\n\u7279\u653b\u304c\u3000\u4e0a\u304c\u308b\u304c\n\u6bce\u30bf\u30fc\u30f3\u3000\uff28\uff30\u304c\u3000\u6e1b\u308b\u3002",
            "language": {
                "name": "ja",
                "url": "/api/v2/language/11/"
            },
            "version_group": {
                "name": "sun-moon",
                "url": "/api/v2/version-group/17/"
            }
        },
        {
            "flavor_text": "\u6674\u6717\u5929\u6c14\u65f6\uff0c\n\u7279\u653b\u4f1a\u63d0\u9ad8\uff0c\n\u800c\u6bcf\u56de\u5408\uff28\uff30\u4f1a\u51cf\u5c11\u3002",
            "language": {
                "name": "zh-Hans",
                "url": "/api/v2/language/12/"
            },
            "version_group": {
                "name": "sun-moon",
                "url": "/api/v2/version-group/17/"
            }
        },
        {
            "flavor_text": "\u3066\u3093\u304d\u304c\u3000\u306f\u308c\u308b\u3068\n\u3068\u304f\u3053\u3046\u304c\u3000\u3042\u304c\u308b\u304c\n\u307e\u3044\u30bf\u30fc\u30f3\u3000\uff28\uff30\u304c\u3000\u3078\u308b\u3002",
            "language": {
                "name": "ja-Hrkt",
                "url": "/api/v2/language/1/"
            },
            "version_group": {
                "name": "ultra-sun-ultra-moon",
                "url": "/api/v2/version-group/18/"
            }
        },
        {
            "flavor_text": "\ub0a0\uc528\uac00 \ub9d1\uc73c\uba74\n\ud2b9\uc218\uacf5\uaca9\uc774 \uc62c\ub77c\uac00\uc9c0\ub9cc\n\ub9e4 \ud134 HP\uac00 \uc904\uc5b4\ub4e0\ub2e4.",
            "language": {
                "name": "ko",
                "url": "/api/v2/language/3/"
            },
            "version_group": {
                "name": "ultra-sun-ultra-moon",
                "url": "/api/v2/version-group/18/"
            }
        },
        {
            "flavor_text": "\u6674\u6717\u5929\u6c23\u6642\u7279\u653b\u6703\u63d0\u9ad8\uff0c\n\u4f46\u6bcf\u56de\u5408\uff28\uff30\u6703\u6e1b\u5c11\u3002",
            "language": {
                "name": "zh-Hant",
                "url": "/api/v2/language/4/"
            },
            "version_group": {
                "name": "ultra-sun-ultra-moon",
                "url": "/api/v2/version-group/18/"
            }
        },
        {
            "flavor_text": "Quand le soleil brille, l\u2019Attaque Sp\u00e9ciale du Pok\u00e9mon\naugmente mais il perd des PV \u00e0 chaque tour.",
            "language": {
                "name": "fr",
                "url": "/api/v2/language/5/"
            },
            "version_group": {
                "name": "ultra-sun-ultra-moon",
                "url": "/api/v2/version-group/18/"
            }
        },
        {
            "flavor_text": "F\u00fchrt bei Sonnenschein in jeder Runde zu\nKP-Verlusten, erh\u00f6ht aber den Spezial-Angriff.",
            "language": {
                "name": "de",
                "url": "/api/v2/language/6/"
            },
            "version_group": {
                "name": "ultra-sun-ultra-moon",
                "url": "/api/v2/version-group/18/"
            }
        },
        {
            "flavor_text": "Si hace sol, aumenta su Ataque Especial, pero\npierde PS en cada turno.",
            "language": {
                "name": "es",
                "url": "/api/v2/language/7/"
            },
            "version_group": {
                "name": "ultra-sun-ultra-moon",
                "url": "/api/v2/version-group/18/"
            }
        },
        {
            "flavor_text": "Se la luce del sole \u00e8 intensa, l\u2019Attacco Speciale\naumenta, ma il Pok\u00e9mon perde PS a ogni turno.",
            "language": {
                "name": "it",
                "url": "/api/v2/language/8/"
            },
            "version_group": {
                "name": "ultra-sun-ultra-moon",
                "url": "/api/v2/version-group/18/"
            }
        },
        {
            "flavor_text": "Boosts the Sp. Atk stat in harsh sunlight, but HP\ndecreases every turn.",
            "language": {
                "name": "en",
                "url": "/api/v2/language/9/"
            },
            "version_group": {
                "name": "ultra-sun-ultra-moon",
                "url": "/api/v2/version-group/18/"
            }
        },
        {
            "flavor_text": "\u5929\u6c17\u304c\u3000\u6674\u308c\u308b\u3068\n\u7279\u653b\u304c\u3000\u4e0a\u304c\u308b\u304c\n\u6bce\u30bf\u30fc\u30f3\u3000\uff28\uff30\u304c\u3000\u6e1b\u308b\u3002",
            "language": {
                "name": "ja",
                "url": "/api/v2/language/11/"
            },
            "version_group": {
                "name": "ultra-sun-ultra-moon",
                "url": "/api/v2/version-group/18/"
            }
        },
        {
            "flavor_text": "\u6674\u6717\u5929\u6c14\u65f6\uff0c\n\u7279\u653b\u4f1a\u63d0\u9ad8\uff0c\n\u800c\u6bcf\u56de\u5408\uff28\uff30\u4f1a\u51cf\u5c11\u3002",
            "language": {
                "name": "zh-Hans",
                "url": "/api/v2/language/12/"
            },
            "version_group": {
                "name": "ultra-sun-ultra-moon",
                "url": "/api/v2/version-group/18/"
            }
        },
        {
            "flavor_text": "\u3066\u3093\u304d\u304c\u3000\u306f\u308c\u308b\u3068\n\u3068\u304f\u3053\u3046\u304c\u3000\u3042\u304c\u308b\u304c\n\u307e\u3044\u30bf\u30fc\u30f3\u3000\uff28\uff30\u304c\u3000\u3078\u308b\u3002",
            "language": {
                "name": "ja-Hrkt",
                "url": "/api/v2/language/1/"
            },
            "version_group": {
                "name": "lets-go-pikachu-lets-go-eevee",
                "url": "/api/v2/version-group/19/"
            }
        },
        {
            "flavor_text": "\ub0a0\uc528\uac00 \ub9d1\uc73c\uba74\n\ud2b9\uc218\uacf5\uaca9\uc774 \uc62c\ub77c\uac00\uc9c0\ub9cc\n\ub9e4 \ud134 HP\uac00 \uc904\uc5b4\ub4e0\ub2e4.",
            "language": {
                "name": "ko",
                "url": "/api/v2/language/3/"
            },
            "version_group": {
                "name": "lets-go-pikachu-lets-go-eevee",
                "url": "/api/v2/version-group/19/"
            }
        },
        {
            "flavor_text": "\u6674\u6717\u5929\u6c23\u6642\u7279\u653b\u6703\u63d0\u9ad8\uff0c\n\u4f46\u6bcf\u56de\u5408HP\u6703\u6e1b\u5c11\u3002",
            "language": {
                "name": "zh-Hant",
                "url": "/api/v2/language/4/"
            },
            "version_group": {
                "name": "lets-go-pikachu-lets-go-eevee",
                "url": "/api/v2/version-group/19/"
            }
        },
        {
            "flavor_text": "Quand le soleil brille, l\u2019Attaque Sp\u00e9ciale du Pok\u00e9mon\naugmente mais il perd des PV \u00e0 chaque tour.",
            "language": {
                "name": "fr",
                "url": "/api/v2/language/5/"
            },
            "version_group": {
                "name": "lets-go-pikachu-lets-go-eevee",
                "url": "/api/v2/version-group/19/"
            }
        },
        {
            "flavor_text": "F\u00fchrt bei Sonnenschein in jeder Runde zu\nKP-Verlusten, erh\u00f6ht aber den Spezial-Angriff.",
            "language": {
                "name": "de",
                "url": "/api/v2/language/6/"
            },
            "version_group": {
                "name": "lets-go-pikachu-lets-go-eevee",
                "url": "/api/v2/version-group/19/"
            }
        },
        {
            "flavor_text": "Si hace sol, aumenta su Ataque Especial, pero\npierde PS en cada turno.",
            "language": {
                "name": "es",
                "url": "/api/v2/language/7/"
            },
            "version_group": {
                "name": "lets-go-pikachu-lets-go-eevee",
                "url": "/api/v2/version-group/19/"
            }
        },
        {
            "flavor_text": "Se la luce del sole \u00e8 intensa, l\u2019Attacco Speciale\naumenta, ma il Pok\u00e9mon perde PS a ogni turno.",
            "language": {
                "name": "it",
                "url": "/api/v2/language/8/"
            },
            "version_group": {
                "name": "lets-go-pikachu-lets-go-eevee",
                "url": "/api/v2/version-group/19/"
            }
        },
        {
            "flavor_text": "Boosts the Sp. Atk stat in harsh sunlight, but HP\ndecreases every turn.",
            "language": {
                "name": "en",
                "url": "/api/v2/language/9/"
            },
            "version_group": {
                "name": "lets-go-pikachu-lets-go-eevee",
                "url": "/api/v2/version-group/19/"
            }
        },
        {
            "flavor_text": "\u5929\u6c17\u304c\u3000\u6674\u308c\u308b\u3068\n\u7279\u653b\u304c\u3000\u4e0a\u304c\u308b\u304c\n\u6bce\u30bf\u30fc\u30f3\u3000\uff28\uff30\u304c\u3000\u6e1b\u308b\u3002",
            "language": {
                "name": "ja",
                "url": "/api/v2/language/11/"
            },
            "version_group": {
                "name": "lets-go-pikachu-lets-go-eevee",
                "url": "/api/v2/version-group/19/"
            }
        },
        {
            "flavor_text": "\u6674\u6717\u5929\u6c14\u65f6\uff0c\n\u7279\u653b\u4f1a\u63d0\u9ad8\uff0c\n\u800c\u6bcf\u56de\u5408HP\u4f1a\u51cf\u5c11\u3002",
            "language": {
                "name": "zh-Hans",
                "url": "/api/v2/language/12/"
            },
            "version_group": {
                "name": "lets-go-pikachu-lets-go-eevee",
                "url": "/api/v2/version-group/19/"
            }
        },
        {
            "flavor_text": "\u3066\u3093\u304d\u304c\u3000\u306f\u308c\u308b\u3068\n\u3068\u304f\u3053\u3046\u304c\u3000\u3042\u304c\u308b\u304c\n\u307e\u3044\u30bf\u30fc\u30f3\u3000\uff28\uff30\u304c\u3000\u3078\u308b\u3002",
            "language": {
                "name": "ja-Hrkt",
                "url": "/api/v2/language/1/"
            },
            "version_group": {
                "name": "sword-shield",
                "url": "/api/v2/version-group/20/"
            }
        },
        {
            "flavor_text": "\ub0a0\uc528\uac00 \ub9d1\uc73c\uba74\n\ud2b9\uc218\uacf5\uaca9\uc774 \uc62c\ub77c\uac00\uc9c0\ub9cc\n\ub9e4 \ud134 HP\uac00 \uc904\uc5b4\ub4e0\ub2e4.",
            "language": {
                "name": "ko",
                "url": "/api/v2/language/3/"
            },
            "version_group": {
                "name": "sword-shield",
                "url": "/api/v2/version-group/20/"
            }
        },
        {
            "flavor_text": "\u5929\u6c23\u70ba\u6674\u6717\u6642\u7279\u653b\u6703\u63d0\u9ad8\uff0c\n\u4f46\u6bcf\u56de\u5408\uff28\uff30\u6703\u6e1b\u5c11\u3002",
            "language": {
                "name": "zh-Hant",
                "url": "/api/v2/language/4/"
            },
            "version_group": {
                "name": "sword-shield",
                "url": "/api/v2/version-group/20/"
            }
        },
        {
            "flavor_text": "Quand le soleil brille, l\u2019Attaque Sp\u00e9ciale du Pok\u00e9mon\naugmente mais il perd des PV \u00e0 chaque tour.",
            "language": {
                "name": "fr",
                "url": "/api/v2/language/5/"
            },
            "version_group": {
                "name": "sword-shield",
                "url": "/api/v2/version-group/20/"
            }
        },
        {
            "flavor_text": "F\u00fchrt bei Sonnenschein in jeder Runde zu KP-Verlusten,\nerh\u00f6ht aber den Spezial-Angriff.",
            "language": {
                "name": "de",
                "url": "/api/v2/language/6/"
            },
            "version_group": {
                "name": "sword-shield",
                "url": "/api/v2/version-group/20/"
            }
        },
        {
            "flavor_text": "Si hace sol, aumenta su Ataque Especial, pero pierde PS\nen cada turno.",
            "language": {
                "name": "es",
                "url": "/api/v2/language/7/"
            },
            "version_group": {
                "name": "sword-shield",
                "url": "/api/v2/version-group/20/"
            }
        },
        {
            "flavor_text": "Se la luce del sole \u00e8 intensa, l\u2019Attacco Speciale\naumenta, ma il Pok\u00e9mon perde PS a ogni turno.",
            "language": {
                "name": "it",
                "url": "/api/v2/language/8/"
            },
            "version_group": {
                "name": "sword-shield",
                "url": "/api/v2/version-group/20/"
            }
        },
        {
            "flavor_text": "Boosts the Sp. Atk stat in harsh sunlight, but HP\ndecreases every turn.",
            "language": {
                "name": "en",
                "url": "/api/v2/language/9/"
            },
            "version_group": {
                "name": "sword-shield",
                "url": "/api/v2/version-group/20/"
            }
        },
        {
            "flavor_text": "\u5929\u6c17\u304c\u3000\u6674\u308c\u308b\u3068\n\u7279\u653b\u304c\u3000\u4e0a\u304c\u308b\u304c\n\u6bce\u30bf\u30fc\u30f3\u3000\uff28\uff30\u304c\u3000\u6e1b\u308b\u3002",
            "language": {
                "name": "ja",
                "url": "/api/v2/language/11/"
            },
            "version_group": {
                "name": "sword-shield",
                "url": "/api/v2/version-group/20/"
            }
        },
        {
            "flavor_text": "\u6674\u6717\u5929\u6c14\u65f6\uff0c\n\u7279\u653b\u4f1a\u63d0\u9ad8\uff0c\n\u800c\u6bcf\u56de\u5408\uff28\uff30\u4f1a\u51cf\u5c11\u3002",
            "language": {
                "name": "zh-Hans",
                "url": "/api/v2/language/12/"
            },
            "version_group": {
                "name": "sword-shield",
                "url": "/api/v2/version-group/20/"
            }
        }
    ],
    "generation": {
        "name": "generation-iv",
        "url": "/api/v2/generation/4/"
    },
    "id": 94,
    "is_main_series": true,
    "name": "solar-power",
    "names": [
        {
            "language": {
                "name": "ja-Hrkt",
                "url": "/api/v2/language/1/"
            },
            "name": "\u30b5\u30f3\u30d1\u30ef\u30fc"
        },
        {
            "language": {
                "name": "ko",
                "url": "/api/v2/language/3/"
            },
            "name": "\uc120\ud30c\uc6cc"
        },
        {
            "language": {
                "name": "zh-Hant",
                "url": "/api/v2/language/4/"
            },
            "name": "\u592a\u967d\u4e4b\u529b"
        },
        {
            "language": {
                "name": "fr",
                "url": "/api/v2/language/5/"
            },
            "name": "Force Soleil"
        },
        {
            "language": {
                "name": "de",
                "url": "/api/v2/language/6/"
            },
            "name": "Solarkraft"
        },
        {
            "language": {
                "name": "es",
                "url": "/api/v2/language/7/"
            },
            "name": "Poder Solar"
        },
        {
            "language": {
                "name": "it",
                "url": "/api/v2/language/8/"
            },
            "name": "Solarpotere"
        },
        {
            "language": {
                "name": "en",
                "url": "/api/v2/language/9/"
            },
            "name": "Solar Power"
        },
        {
            "language": {
                "name": "ja",
                "url": "/api/v2/language/11/"
            },
            "name": "\u30b5\u30f3\u30d1\u30ef\u30fc"
        },
        {
            "language": {
                "name": "zh-Hans",
                "url": "/api/v2/language/12/"
            },
            "name": "\u592a\u9633\u4e4b\u529b"
        }
    ],
    "pokemon": [
        {
            "is_hidden": true,
            "pokemon": {
                "name": "charmander",
                "url": "/api/v2/pokemon/4/"
            },
            "slot": 3
        },
        {
            "is_hidden": true,
            "pokemon": {
                "name": "charmeleon",
                "url": "/api/v2/pokemon/5/"
            },
            "slot": 3
        },
        {
            "is_hidden": true,
            "pokemon": {
                "name": "charizard",
                "url": "/api/v2/pokemon/6/"
            },
            "slot": 3
        },
        {
            "is_hidden": false,
            "pokemon": {
                "name": "sunkern",
                "url": "/api/v2/pokemon/191/"
            },
            "slot": 2
        },
        {
            "is_hidden": false,
            "pokemon": {
                "name": "sunflora",
                "url": "/api/v2/pokemon/192/"
            },
            "slot": 2
        },
        {
            "is_hidden": false,
            "pokemon": {
                "name": "tropius",
                "url": "/api/v2/pokemon/357/"
            },
            "slot": 2
        },
        {
            "is_hidden": true,
            "pokemon": {
                "name": "helioptile",
                "url": "/api/v2/pokemon/694/"
            },
            "slot": 3
        },
        {
            "is_hidden": true,
            "pokemon": {
                "name": "heliolisk",
                "url": "/api/v2/pokemon/695/"
            },
            "slot": 3
        },
        {
            "is_hidden": false,
            "pokemon": {
                "name": "houndoom-mega",
                "url": "/api/v2/pokemon/10048/"
            },
            "slot": 1
        },
        {
            "is_hidden": true,
            "pokemon": {
                "name": "charizard-gmax",
                "url": "/api/v2/pokemon/10196/"
            },
            "slot": 3
        }
    ]
}