{
    "effect_changes": [],
    "effect_entries": [
        {
            "effect": "Bei Pok\u00e9mon mit dieser F\u00e4higkeit sinkt die Anzahl der Verbleibenden Runden im Schlaf pro Runde um 2 statt um 1.\n\nWenn der Z\u00e4hler bei 1 ist f\u00e4llt er auf 0 und das Pok\u00e9mon wacht auf.",
            "language": {
                "name": "de",
                "url": "/api/v2/language/6/"
            },
            "short_effect": "Pok\u00e9mon wachen doppelt so schnell wieder auf."
        },
        {
            "effect": "This Pok\u00e9mon's remaining sleep turn count falls by 2 rather than 1.\n\nIf this Pok\u00e9mon's sleep counter is at 1, it will fall to 0 and then the Pok\u00e9mon will wake up.",
            "language": {
                "name": "en",
                "url": "/api/v2/language/9/"
            },
            "short_effect": "Makes sleep pass twice as quickly."
        }
    ],
    "flavor_text_entries": [
        {
            "flavor_text": "Awakens quickly from sleep.",
            "language": {
                "name": "en",
                "url": "/api/v2/language/9/"
            },
            "version_group": {
                "name": "ruby-sapphire",
                "url": "/api/v2/version-group/5/"
            }
        },
        {
            "flavor_text": "Awakens quickly from sleep.",
            "language": {
                "name": "en",
                "url": "/api/v2/language/9/"
            },
            "version_group": {
                "name": "emerald",
                "url": "/api/v2/version-group/6/"
            }
        },
        {
            "flavor_text": "Awakens quickly from sleep.",
            "language": {
                "name": "en",
                "url": "/api/v2/language/9/"
            },
            "version_group": {
                "name": "firered-leafgreen",
                "url": "/api/v2/version-group/7/"
            }
        },
        {
            "flavor_text": "The Pok\u00e9mon awakens\nquickly from sleep.",
            "language": {
                "name": "en",
                "url": "/api/v2/language/9/"
            },
            "version_group": {
                "name": "diamond-pearl",
                "url": "/api/v2/version-group/8/"
            }
        },
        {
            "flavor_text": "The Pok\u00e9mon awakens\nquickly from sleep.",
            "language": {
                "name": "en",
                "url": "/api/v2/language/9/"
            },
            "version_group": {
                "name": "platinum",
                "url": "/api/v2/version-group/9/"
            }
        },
        {
            "flavor_text": "The Pok\u00e9mon awakens\nquickly from sleep.",
            "language": {
                "name": "en",
                "url": "/api/v2/language/9/"
            },
            "version_group": {
                "name": "heartgold-soulsilver",
                "url": "/api/v2/version-group/10/"
            }
        },
        {
            "flavor_text": "Le Pok\u00e9mon se r\u00e9veille\nplus rapidement.",
            "language": {
                "name": "fr",
                "url": "/api/v2/language/5/"
            },
            "version_group": {
                "name": "black-white",
                "url": "/api/v2/version-group/11/"
            }
        },
        {
            "flavor_text": "The Pok\u00e9mon awakens\nquickly from sleep.",
            "language": {
                "name": "en",
                "url": "/api/v2/language/9/"
            },
            "version_group": {
                "name": "black-white",
                "url": "/api/v2/version-group/11/"
            }
        },
        {
            "flavor_text": "The Pok\u00e9mon awakens\nquickly from sleep.",
            "language": {
                "name": "en",
                "url": "/api/v2/language/9/"
            },
            "version_group": {
                "name": "black-2-white-2",
                "url": "/api/v2/version-group/14/"
            }
        },
        {
            "flavor_text": "\u304a\u304d\u308b\u306e\u304c\u3000\u306f\u3084\u304f\u306a\u308b\u3002\n",
            "language": {
                "name": "ja-Hrkt",
                "url": "/api/v2/language/1/"
            },
            "version_group": {
                "name": "x-y",
                "url": "/api/v2/version-group/15/"
            }
        },
        {
            "flavor_text": "\uc7a0\ub4e6 \uc0c1\ud0dc\uc5d0\uc11c\n\ube68\ub9ac \uae68\uc5b4\ub09c\ub2e4.",
            "language": {
                "name": "ko",
                "url": "/api/v2/language/3/"
            },
            "version_group": {
                "name": "x-y",
                "url": "/api/v2/version-group/15/"
            }
        },
        {
            "flavor_text": "Le Pok\u00e9mon se r\u00e9veille plus\nrapidement.",
            "language": {
                "name": "fr",
                "url": "/api/v2/language/5/"
            },
            "version_group": {
                "name": "x-y",
                "url": "/api/v2/version-group/15/"
            }
        },
        {
            "flavor_text": "Bewirkt, dass das Pok\u00e9mon\nschneller wieder aufwacht.",
            "language": {
                "name": "de",
                "url": "/api/v2/language/6/"
            },
            "version_group": {
                "name": "x-y",
                "url": "/api/v2/version-group/15/"
            }
        },
        {
            "flavor_text": "El Pok\u00e9mon se despierta\nr\u00e1pidamente.",
            "language": {
                "name": "es",
                "url": "/api/v2/language/7/"
            },
            "version_group": {
                "name": "x-y",
                "url": "/api/v2/version-group/15/"
            }
        },
        {
            "flavor_text": "Il Pok\u00e9mon si risveglia\nrapidamente dal sonno.",
            "language": {
                "name": "it",
                "url": "/api/v2/language/8/"
            },
            "version_group": {
                "name": "x-y",
                "url": "/api/v2/version-group/15/"
            }
        },
        {
            "flavor_text": "The Pok\u00e9mon awakens\nquickly from sleep.",
            "language": {
                "name": "en",
                "url": "/api/v2/language/9/"
            },
            "version_group": {
                "name": "x-y",
                "url": "/api/v2/version-group/15/"
            }
        },
        {
            "flavor_text": "\u8d77\u304d\u308b\u306e\u304c\u3000\u65e9\u304f\u306a\u308b\u3002\n",
            "language": {
                "name": "ja",
                "url": "/api/v2/language/11/"
            },
            "version_group": {
                "name": "x-y",
                "url": "/api/v2/version-group/15/"
            }
        },
        {
            "flavor_text": "\u304a\u304d\u308b\u306e\u304c\u3000\u306f\u3084\u304f\u306a\u308b\u3002\n",
            "language": {
                "name": "ja-Hrkt",
                "url": "/api/v2/language/1/"
            },
            "version_group": {
                "name": "omega-ruby-alpha-sapphire",
                "url": "/api/v2/version-group/16/"
            }
        },
        {
            "flavor_text": "\uc7a0\ub4e6 \uc0c1\ud0dc\uc5d0\uc11c\n\ube68\ub9ac \uae68\uc5b4\ub09c\ub2e4.",
            "language": {
                "name": "ko",
                "url": "/api/v2/language/3/"
            },
            "version_group": {
                "name": "omega-ruby-alpha-sapphire",
                "url": "/api/v2/version-group/16/"
            }
        },
        {
            "flavor_text": "Le Pok\u00e9mon se r\u00e9veille plus\nrapidement.",
            "language": {
                "name": "fr",
                "url": "/api/v2/language/5/"
            },
            "version_group": {
                "name": "omega-ruby-alpha-sapphire",
                "url": "/api/v2/version-group/16/"
            }
        },
        {
            "flavor_text": "Bewirkt, dass das Pok\u00e9mon\nschneller wieder aufwacht.",
            "language": {
                "name": "de",
                "url": "/api/v2/language/6/"
            },
            "version_group": {
                "name": "omega-ruby-alpha-sapphire",
                "url": "/api/v2/version-group/16/"
            }
        },
        {
            "flavor_text": "El Pok\u00e9mon se despierta\nr\u00e1pidamente.",
            "language": {
                "name": "es",
                "url": "/api/v2/language/7/"
            },
            "version_group": {
                "name": "omega-ruby-alpha-sapphire",
                "url": "/api/v2/version-group/16/"
            }
        },
        {
            "flavor_text": "Il Pok\u00e9mon si risveglia\nrapidamente dal sonno.",
            "language": {
                "name": "it",
                "url": "/api/v2/language/8/"
            },
            "version_group": {
                "name": "omega-ruby-alpha-sapphire",
                "url": "/api/v2/version-group/16/"
            }
        },
        {
            "flavor_text": "The Pok\u00e9mon awakens\nquickly from sleep.",
            "language": {
                "name": "en",
                "url": "/api/v2/language/9/"
            },
            "version_group": {
                "name": "omega-ruby-alpha-sapphire",
                "url": "/api/v2/version-group/16/"
            }
        },
        {
            "flavor_text": "\u8d77\u304d\u308b\u306e\u304c\u3000\u65e9\u304f\u306a\u308b\u3002\n",
            "language": {
                "name": "ja",
                "url": "/api/v2/language/11/"
            },
            "version_group": {
                "name": "omega-ruby-alpha-sapphire",
                "url": "/api/v2/version-group/16/"
            }
        },
        {
            "flavor_text": "\u306d\u3080\u308a\u3000\u3058\u3087\u3046\u305f\u3044\u306b\u3000\u306a\u3063\u3066\u3082\n\uff12\u3070\u3044\u306e\u3000\u306f\u3084\u3055\u3067\n\u3081\u3056\u3081\u308b\u3000\u3053\u3068\u304c\u3000\u3067\u304d\u308b\u3002",
            "language": {
                "name": "ja-Hrkt",
                "url": "/api/v2/language/1/"
            },
            "version_group": {
                "name": "sun-moon",
                "url": "/api/v2/version-group/17/"
            }
        },
        {
            "flavor_text": "\uc7a0\ub4e6 \uc0c1\ud0dc\uac00 \ub418\uc5b4\ub3c4\n2\ubc30 \uc2a4\ud53c\ub4dc\ub85c\n\uae68\uc5b4\ub0a0 \uc218 \uc788\ub2e4.",
            "language": {
                "name": "ko",
                "url": "/api/v2/language/3/"
            },
            "version_group": {
                "name": "sun-moon",
                "url": "/api/v2/version-group/17/"
            }
        },
        {
            "flavor_text": "\u5373\u4f7f\u9677\u5165\u7761\u7720\u72c0\u614b\uff0c\n\u4e5f\u80fd\u4ee5\uff12\u500d\u7684\u901f\u5ea6\u63d0\u65e9\u9192\u4f86\u3002",
            "language": {
                "name": "zh-Hant",
                "url": "/api/v2/language/4/"
            },
            "version_group": {
                "name": "sun-moon",
                "url": "/api/v2/version-group/17/"
            }
        },
        {
            "flavor_text": "Le Pok\u00e9mon se r\u00e9veille deux fois plus rapidement\nque les autres.",
            "language": {
                "name": "fr",
                "url": "/api/v2/language/5/"
            },
            "version_group": {
                "name": "sun-moon",
                "url": "/api/v2/version-group/17/"
            }
        },
        {
            "flavor_text": "Wenn es eingeschlafen ist, kann es doppelt so\nschnell wieder aufwachen wie andere Pok\u00e9mon.",
            "language": {
                "name": "de",
                "url": "/api/v2/language/6/"
            },
            "version_group": {
                "name": "sun-moon",
                "url": "/api/v2/version-group/17/"
            }
        },
        {
            "flavor_text": "Si el Pok\u00e9mon se duerme, tardar\u00e1 la mitad de tiempo\nen despertarse.",
            "language": {
                "name": "es",
                "url": "/api/v2/language/7/"
            },
            "version_group": {
                "name": "sun-moon",
                "url": "/api/v2/version-group/17/"
            }
        },
        {
            "flavor_text": "Il Pok\u00e9mon impiega met\u00e0 del tempo per risvegliarsi\ndal sonno rispetto agli altri.",
            "language": {
                "name": "it",
                "url": "/api/v2/language/8/"
            },
            "version_group": {
                "name": "sun-moon",
                "url": "/api/v2/version-group/17/"
            }
        },
        {
            "flavor_text": "The Pok\u00e9mon awakens twice as fast as other\nPok\u00e9mon from sleep.",
            "language": {
                "name": "en",
                "url": "/api/v2/language/9/"
            },
            "version_group": {
                "name": "sun-moon",
                "url": "/api/v2/version-group/17/"
            }
        },
        {
            "flavor_text": "\u306d\u3080\u308a\u72b6\u614b\u306b\u3000\u306a\u3063\u3066\u3082\n\uff12\u500d\u306e\u3000\u65e9\u3055\u3067\n\u76ee\u899a\u3081\u308b\u3000\u3053\u3068\u304c\u3000\u3067\u304d\u308b\u3002",
            "language": {
                "name": "ja",
                "url": "/api/v2/language/11/"
            },
            "version_group": {
                "name": "sun-moon",
                "url": "/api/v2/version-group/17/"
            }
        },
        {
            "flavor_text": "\u5373\u4f7f\u53d8\u4e3a\u7761\u7720\u72b6\u6001\uff0c\n\u4e5f\u80fd\u4ee5\uff12\u500d\u7684\u901f\u5ea6\u63d0\u65e9\u9192\u6765\u3002",
            "language": {
                "name": "zh-Hans",
                "url": "/api/v2/language/12/"
            },
            "version_group": {
                "name": "sun-moon",
                "url": "/api/v2/version-group/17/"
            }
        },
        {
            "flavor_text": "\u306d\u3080\u308a\u3000\u3058\u3087\u3046\u305f\u3044\u306b\u3000\u306a\u3063\u3066\u3082\n\uff12\u3070\u3044\u306e\u3000\u306f\u3084\u3055\u3067\n\u3081\u3056\u3081\u308b\u3000\u3053\u3068\u304c\u3000\u3067\u304d\u308b\u3002",
            "language": {
                "name": "ja-Hrkt",
                "url": "/api/v2/language/1/"
            },
            "version_group": {
                "name": "ultra-sun-ultra-moon",
                "url": "/api/v2/version-group/18/"
            }
        },
        {
            "flavor_text": "\uc7a0\ub4e6 \uc0c1\ud0dc\uac00 \ub418\uc5b4\ub3c4\n2\ubc30 \uc2a4\ud53c\ub4dc\ub85c\n\uae68\uc5b4\ub0a0 \uc218 \uc788\ub2e4.",
            "language": {
                "name": "ko",
                "url": "/api/v2/language/3/"
            },
            "version_group": {
                "name": "ultra-sun-ultra-moon",
                "url": "/api/v2/version-group/18/"
            }
        },
        {
            "flavor_text": "\u5373\u4f7f\u9677\u5165\u7761\u7720\u72c0\u614b\uff0c\n\u4e5f\u80fd\u4ee5\uff12\u500d\u7684\u901f\u5ea6\u63d0\u65e9\u9192\u4f86\u3002",
            "language": {
                "name": "zh-Hant",
                "url": "/api/v2/language/4/"
            },
            "version_group": {
                "name": "ultra-sun-ultra-moon",
                "url": "/api/v2/version-group/18/"
            }
        },
        {
            "flavor_text": "Le Pok\u00e9mon se r\u00e9veille deux fois plus rapidement\nque les autres.",
            "language": {
                "name": "fr",
                "url": "/api/v2/language/5/"
            },
            "version_group": {
                "name": "ultra-sun-ultra-moon",
                "url": "/api/v2/version-group/18/"
            }
        },
        {
            "flavor_text": "Wenn es eingeschlafen ist, kann es doppelt so\nschnell wieder aufwachen wie andere Pok\u00e9mon.",
            "language": {
                "name": "de",
                "url": "/api/v2/language/6/"
            },
            "version_group": {
                "name": "ultra-sun-ultra-moon",
                "url": "/api/v2/version-group/18/"
            }
        },
        {
            "flavor_text": "Si el Pok\u00e9mon se duerme, tardar\u00e1 la mitad de tiempo\nen despertarse.",
            "language": {
                "name": "es",
                "url": "/api/v2/language/7/"
            },
            "version_group": {
                "name": "ultra-sun-ultra-moon",
                "url": "/api/v2/version-group/18/"
            }
        },
        {
            "flavor_text": "Il Pok\u00e9mon impiega met\u00e0 del tempo per risvegliarsi\ndal sonno rispetto agli altri.",
            "language": {
                "name": "it",
                "url": "/api/v2/language/8/"
            },
            "version_group": {
                "name": "ultra-sun-ultra-moon",
                "url": "/api/v2/version-group/18/"
            }
        },
        {
            "flavor_text": "The Pok\u00e9mon awakens twice as fast as other\nPok\u00e9mon from sleep.",
            "language": {
                "name": "en",
                "url": "/api/v2/language/9/"
            },
            "version_group": {
                "name": "ultra-sun-ultra-moon",
                "url": "/api/v2/version-group/18/"
            }
        },
        {
            "flavor_text": "\u306d\u3080\u308a\u72b6\u614b\u306b\u3000\u306a\u3063\u3066\u3082\n\uff12\u500d\u306e\u3000\u65e9\u3055\u3067\n\u76ee\u899a\u3081\u308b\u3000\u3053\u3068\u304c\u3000\u3067\u304d\u308b\u3002",
            "language": {
                "name": "ja",
                "url": "/api/v2/language/11/"
            },
            "version_group": {
                "name": "ultra-sun-ultra-moon",
                "url": "/api/v2/version-group/18/"
            }
        },
        {
            "flavor_text": "\u5373\u4f7f\u53d8\u4e3a\u7761\u7720\u72b6\u6001\uff0c\n\u4e5f\u80fd\u4ee5\uff12\u500d\u7684\u901f\u5ea6\u63d0\u65e9\u9192\u6765\u3002",
            "language": {
                "name": "zh-Hans",
                "url": "/api/v2/language/12/"
            },
            "version_group": {
                "name": "ultra-sun-ultra-moon",
                "url": "/api/v2/version-group/18/"
            }
        },
        {
            "flavor_text": "\u306d\u3080\u308a\u3000\u3058\u3087\u3046\u305f\u3044\u306b\u3000\u306a\u3063\u3066\u3082\n\uff12\u3070\u3044\u306e\u3000\u306f\u3084\u3055\u3067\n\u3081\u3056\u3081\u308b\u3000\u3053\u3068\u304c\u3000\u3067\u304d\u308b\u3002",
            "language": {
                "name": "ja-Hrkt",
                "url": "/api/v2/language/1/"
            },
            "version_group": {
                "name": "lets-go-pikachu-lets-go-eevee",
                "url": "/api/v2/version-group/19/"
            }
        },
        {
            "flavor_text": "\uc7a0\ub4e6 \uc0c1\ud0dc\uac00 \ub418\uc5b4\ub3c4\n2\ubc30 \uc2a4\ud53c\ub4dc\ub85c\n\uae68\uc5b4\ub0a0 \uc218 \uc788\ub2e4.",
            "language": {
                "name": "ko",
                "url": "/api/v2/language/3/"
            },
            "version_group": {
                "name": "lets-go-pikachu-lets-go-eevee",
                "url": "/api/v2/version-group/19/"
            }
        },
        {
            "flavor_text": "\u5373\u4f7f\u9677\u5165\u7761\u7720\u72c0\u614b\uff0c\n\u4e5f\u80fd\u4ee5\uff12\u500d\u7684\u901f\u5ea6\u63d0\u65e9\u9192\u4f86\u3002",
            "language": {
                "name": "zh-Hant",
                "url": "/api/v2/language/4/"
            },
            "version_group": {
                "name": "lets-go-pikachu-lets-go-eevee",
                "url": "/api/v2/version-group/19/"
            }
        },
        {
            "flavor_text": "Le Pok\u00e9mon se r\u00e9veille deux fois plus rapidement\nque les autres.",
            "language": {
                "name": "fr",
                "url": "/api/v2/language/5/"
            },
            "version_group": {
                "name": "lets-go-pikachu-lets-go-eevee",
                "url": "/api/v2/version-group/19/"
            }
        },
        {
            "flavor_text": "Wenn es eingeschlafen ist, kann es doppelt so\nschnell wieder aufwachen wie andere Pok\u00e9mon.",
            "language": {
                "name": "de",
                "url": "/api/v2/language/6/"
            },
            "version_group": {
                "name": "lets-go-pikachu-lets-go-eevee",
                "url": "/api/v2/version-group/19/"
            }
        },
        {
            "flavor_text": "Si el Pok\u00e9mon se duerme, tardar\u00e1 la mitad de tiempo\nen despertarse.",
            "language": {
                "name": "es",
                "url": "/api/v2/language/7/"
            },
            "version_group": {
                "name": "lets-go-pikachu-lets-go-eevee",
                "url": "/api/v2/version-group/19/"
            }
        },
        {
            "flavor_text": "Il Pok\u00e9mon impiega met\u00e0 del tempo per risvegliarsi\ndal sonno rispetto agli altri.",
            "language": {
                "name": "it",
                "url": "/api/v2/language/8/"
            },
            "version_group": {
                "name": "lets-go-pikachu-lets-go-eevee",
                "url": "/api/v2/version-group/19/"
            }
        },
        {
            "flavor_text": "The Pok\u00e9mon awakens from sleep twice as fast\nas other Pok\u00e9mon.",
            "language": {
                "name": "en",
                "url": "/api/v2/language/9/"
            },
            "version_group": {
                "name": "lets-go-pikachu-lets-go-eevee",
                "url": "/api/v2/version-group/19/"
            }
        },
        {
            "flavor_text": "\u306d\u3080\u308a\u72b6\u614b\u306b\u3000\u306a\u3063\u3066\u3082\n\uff12\u500d\u306e\u3000\u65e9\u3055\u3067\n\u76ee\u899a\u3081\u308b\u3000\u3053\u3068\u304c\u3000\u3067\u304d\u308b\u3002",
            "language": {
                "name": "ja",
                "url": "/api/v2/language/11/"
            },
            "version_group": {
                "name": "lets-go-pikachu-lets-go-eevee",
                "url": "/api/v2/version-group/19/"
            }
        },
        {
            "flavor_text": "\u5373\u4f7f\u53d8\u4e3a\u7761\u7720\u72b6\u6001\uff0c\n\u4e5f\u80fd\u4ee5\uff12\u500d\u7684\u901f\u5ea6\u63d0\u65e9\u9192\u6765\u3002",
            "language": {
                "name": "zh-Hans",
                "url": "/api/v2/language/12/"
            },
            "version_group": {
                "name": "lets-go-pikachu-lets-go-eevee",
                "url": "/api/v2/version-group/19/"
            }
        },
        {
            "flavor_text": "\u306d\u3080\u308a\u3000\u3058\u3087\u3046\u305f\u3044\u306b\u3000\u306a\u3063\u3066\u3082\n\uff12\u3070\u3044\u306e\u3000\u306f\u3084\u3055\u3067\n\u3081\u3056\u3081\u308b\u3000\u3053\u3068\u304c\u3000\u3067\u304d\u308b\u3002",
            "language": {
                "name": "ja-Hrkt",
                "url": "/api/v2/language/1/"
            },
            "version_group": {
                "name": "sword-shield",
                "url": "/api/v2/version-group/20/"
            }
        },
        {
            "flavor_text": "\uc7a0\ub4e6 \uc0c1\ud0dc\uac00 \ub418\uc5b4\ub3c4\n2\ubc30 \uc2a4\ud53c\ub4dc\ub85c\n\uae68\uc5b4\ub0a0 \uc218 \uc788\ub2e4.",
            "language": {
                "name": "ko",
                "url": "/api/v2/language/3/"
            },
            "version_group": {
                "name": "sword-shield",
                "url": "/api/v2/version-group/20/"
            }
        },
        {
            "flavor_text": "\u5373\u4f7f\u9677\u5165\u7761\u7720\u72c0\u614b\uff0c\n\u4e5f\u80fd\u4ee5\uff12\u500d\u7684\u901f\u5ea6\u63d0\u65e9\u9192\u4f86\u3002",
            "language": {
                "name": "zh-Hant",
                "url": "/api/v2/language/4/"
            },
            "version_group": {
                "name": "sword-shield",
                "url": "/api/v2/version-group/20/"
            }
        },
        {
            "flavor_text": "Le Pok\u00e9mon se r\u00e9veille deux fois plus rapidement\nque les autres.",
            "language": {
                "name": "fr",
                "url": "/api/v2/language/5/"
            },
            "version_group": {
                "name": "sword-shield",
                "url": "/api/v2/version-group/20/"
            }
        },
        {
            "flavor_text": "Wenn es eingeschlafen ist, kann es doppelt so schnell\nwieder aufwachen wie andere Pok\u00e9mon.",
            "language": {
                "name": "de",
                "url": "/api/v2/language/6/"
            },
            "version_group": {
                "name": "sword-shield",
                "url": "/api/v2/version-group/20/"
            }
        },
        {
            "flavor_text": "Si se duerme, tardar\u00e1 la mitad de tiempo en\ndespertarse.",
            "language": {
                "name": "es",
                "url": "/api/v2/language/7/"
            },
            "version_group": {
                "name": "sword-shield",
                "url": "/api/v2/version-group/20/"
            }
        },
        {
            "flavor_text": "Il Pok\u00e9mon impiega met\u00e0 del tempo per risvegliarsi\ndal sonno rispetto agli altri.",
            "language": {
                "name": "it",
                "url": "/api/v2/language/8/"
            },
            "version_group": {
                "name": "sword-shield",
                "url": "/api/v2/version-group/20/"
            }
        },
        {
            "flavor_text": "The Pok\u00e9mon awakens from sleep twice as fast\nas other Pok\u00e9mon.",
            "language": {
                "name": "en",
                "url": "/api/v2/language/9/"
            },
            "version_group": {
                "name": "sword-shield",
                "url": "/api/v2/version-group/20/"
            }
        },
        {
            "flavor_text": "\u306d\u3080\u308a\u72b6\u614b\u306b\u3000\u306a\u3063\u3066\u3082\n\uff12\u500d\u306e\u3000\u65e9\u3055\u3067\n\u76ee\u899a\u3081\u308b\u3000\u3053\u3068\u304c\u3000\u3067\u304d\u308b\u3002",
            "language": {
                "name": "ja",
                "url": "/api/v2/language/11/"
            },
            "version_group": {
                "name": "sword-shield",
                "url": "/api/v2/version-group/20/"
            }
        },
        {
            "flavor_text": "\u5373\u4f7f\u53d8\u4e3a\u7761\u7720\u72b6\u6001\uff0c\n\u4e5f\u80fd\u4ee5\uff12\u500d\u7684\u901f\u5ea6\u63d0\u65e9\u9192\u6765\u3002",
            "language": {
                "name": "zh-Hans",
                "url": "/api/v2/language/12/"
            },
            "version_group": {
                "name": "sword-shield",
                "url": "/api/v2/version-group/20/"
            }
        }
    ],
    "generation": {
        "name": "generation-iii",
        "url": "/api/v2/generation/3/"
    },
    "id": 48,
    "is_main_series": true,
    "name": "early-bird",
    "names": [
        {
            "language": {
                "name": "ja-Hrkt",
                "url": "/api/v2/language/1/"
            },
            "name": "\u306f\u3084\u304a\u304d"
        },
        {
            "language": {
                "name": "ko",
                "url": "/api/v2/language/3/"
            },
            "name": "\uc77c\ucc0d\uae30\uc0c1"
        },
        {
            "language": {
                "name": "zh-Hant",
                "url": "/api/v2/language/4/"
            },
            "name": "\u65e9\u8d77"
        },
        {
            "language": {
                "name": "fr",
                "url": "/api/v2/language/5/"
            },
            "name": "Matinal"
        },
        {
            "language": {
                "name": "de",
                "url": "/api/v2/language/6/"
            },
            "name": "Fr\u00fchwecker"
        },
        {
            "language": {
                "name": "es",
                "url": "/api/v2/language/7/"
            },
            "name": "Madrugar"
        },
        {
            "language": {
                "name": "it",
                "url": "/api/v2/language/8/"
            },
            "name": "Sveglialampo"
        },
        {
            "language": {
                "name": "en",
                "url": "/api/v2/language/9/"
            },
            "name": "Early Bird"
        },
        {
            "language": {
                "name": "ja",
                "url": "/api/v2/language/11/"
            },
            "name": "\u306f\u3084\u304a\u304d"
        },
        {
            "language": {
                "name": "zh-Hans",
                "url": "/api/v2/language/12/"
            },
            "name": "\u65e9\u8d77"
        }
    ],
    "pokemon": [
        {
            "is_hidden": false,
            "pokemon": {
                "name": "doduo",
                "url": "/api/v2/pokemon/84/"
            },
            "slot": 2
        },
        {
            "is_hidden": false,
            "pokemon": {
                "name": "dodrio",
                "url": "/api/v2/pokemon/85/"
            },
            "slot": 2
        },
        {
            "is_hidden": false,
            "pokemon": {
                "name": "kangaskhan",
                "url": "/api/v2/pokemon/115/"
            },
            "slot": 1
        },
        {
            "is_hidden": false,
            "pokemon": {
                "name": "ledyba",
                "url": "/api/v2/pokemon/165/"
            },
            "slot": 2
        },
        {
            "is_hidden": false,
            "pokemon": {
                "name": "ledian",
                "url": "/api/v2/pokemon/166/"
            },
            "slot": 2
        },
        {
            "is_hidden": false,
            "pokemon": {
                "name": "natu",
                "url": "/api/v2/pokemon/177/"
            },
            "slot": 2
        },
        {
            "is_hidden": false,
            "pokemon": {
                "name": "xatu",
                "url": "/api/v2/pokemon/178/"
            },
            "slot": 2
        },
        {
            "is_hidden": true,
            "pokemon": {
                "name": "sunkern",
                "url": "/api/v2/pokemon/191/"
            },
            "slot": 3
        },
        {
            "is_hidden": true,
            "pokemon": {
                "name": "sunflora",
                "url": "/api/v2/pokemon/192/"
            },
            "slot": 3
        },
        {
            "is_hidden": false,
            "pokemon": {
                "name": "girafarig",
                "url": "/api/v2/pokemon/203/"
            },
            "slot": 2
        },
        {
            "is_hidden": false,
            "pokemon": {
                "name": "houndour",
                "url": "/api/v2/pokemon/228/"
            },
            "slot": 1
        },
        {
            "is_hidden": false,
            "pokemon": {
                "name": "houndoom",
                "url": "/api/v2/pokemon/229/"
            },
            "slot": 1
        },
        {
            "is_hidden": false,
            "pokemon": {
                "name": "seedot",
                "url": "/api/v2/pokemon/273/"
            },
            "slot": 2
        },
        {
            "is_hidden": false,
            "pokemon": {
                "name": "nuzleaf",
                "url": "/api/v2/pokemon/274/"
            },
            "slot": 2
        },
        {
            "is_hidden": false,
            "pokemon": {
                "name": "smoliv",
                "url": "/api/v2/pokemon/928/"
            },
            "slot": 1
        },
        {
            "is_hidden": false,
            "pokemon": {
                "name": "dolliv",
                "url": "/api/v2/pokemon/929/"
            },
            "slot": 1
        }
    ]
}