{
    "effect_changes": [],
    "effect_entries": [
        {
            "effect": "Wenn ein Pok\u00e9mon mit dieser F\u00e4higkeit von einer Attacke mit Kontakt besiegt wird, erleidet der Anwender 1/4 seiner maximalen hp Schaden.",
            "language": {
                "name": "de",
                "url": "/api/v2/language/6/"
            },
            "short_effect": "Schadet dem Angreifer mit 1/4 seiner max hp, wenn das Pok\u00e9mon von einer Attacke mit Kontakt besiegt wird."
        },
        {
            "effect": "When this Pok\u00e9mon is knocked out by a move that makes contact, the move's user takes 1/4 its maximum HP in damage.",
            "language": {
                "name": "en",
                "url": "/api/v2/language/9/"
            },
            "short_effect": "Damages the attacker for 1/4 its max HP when knocked out by a contact move."
        }
    ],
    "flavor_text_entries": [
        {
            "flavor_text": "Damages the foe landing\nthe finishing hit.",
            "language": {
                "name": "en",
                "url": "/api/v2/language/9/"
            },
            "version_group": {
                "name": "diamond-pearl",
                "url": "/api/v2/version-group/8/"
            }
        },
        {
            "flavor_text": "Damages the foe landing\nthe finishing hit.",
            "language": {
                "name": "en",
                "url": "/api/v2/language/9/"
            },
            "version_group": {
                "name": "platinum",
                "url": "/api/v2/version-group/9/"
            }
        },
        {
            "flavor_text": "Damages the foe landing\nthe finishing hit.",
            "language": {
                "name": "en",
                "url": "/api/v2/language/9/"
            },
            "version_group": {
                "name": "heartgold-soulsilver",
                "url": "/api/v2/version-group/10/"
            }
        },
        {
            "flavor_text": "Blesse l\u2019ennemi qui \nporte le coup de gr\u00e2ce.",
            "language": {
                "name": "fr",
                "url": "/api/v2/language/5/"
            },
            "version_group": {
                "name": "black-white",
                "url": "/api/v2/version-group/11/"
            }
        },
        {
            "flavor_text": "Damages the attacker\nlanding the finishing hit.",
            "language": {
                "name": "en",
                "url": "/api/v2/language/9/"
            },
            "version_group": {
                "name": "black-white",
                "url": "/api/v2/version-group/11/"
            }
        },
        {
            "flavor_text": "Damages the attacker\nlanding the finishing hit.",
            "language": {
                "name": "en",
                "url": "/api/v2/language/9/"
            },
            "version_group": {
                "name": "black-2-white-2",
                "url": "/api/v2/version-group/14/"
            }
        },
        {
            "flavor_text": "\u3072\u3093\u3057\u306e\u3000\u3068\u304d\u306b\u3000\u3075\u308c\u305f\n\u3042\u3044\u3066\u306b\u3000\u30c0\u30e1\u30fc\u30b8\u3002",
            "language": {
                "name": "ja-Hrkt",
                "url": "/api/v2/language/1/"
            },
            "version_group": {
                "name": "x-y",
                "url": "/api/v2/version-group/15/"
            }
        },
        {
            "flavor_text": "\uae30\uc808\ud560 \ub54c \uc2a4\uce5c\n\uc0c1\ub300\uc5d0\uac8c \ub370\ubbf8\uc9c0\ub97c \uc900\ub2e4.",
            "language": {
                "name": "ko",
                "url": "/api/v2/language/3/"
            },
            "version_group": {
                "name": "x-y",
                "url": "/api/v2/version-group/15/"
            }
        },
        {
            "flavor_text": "Blesse l\u2019attaquant qui porte\nle coup de gr\u00e2ce.",
            "language": {
                "name": "fr",
                "url": "/api/v2/language/5/"
            },
            "version_group": {
                "name": "x-y",
                "url": "/api/v2/version-group/15/"
            }
        },
        {
            "flavor_text": "F\u00fcgt einem Angreifer, der das\nPok\u00e9mon besiegt, Schaden zu.",
            "language": {
                "name": "de",
                "url": "/api/v2/language/6/"
            },
            "version_group": {
                "name": "x-y",
                "url": "/api/v2/version-group/15/"
            }
        },
        {
            "flavor_text": "Da\u00f1a al agresor que le ha dado el\ngolpe de gracia.",
            "language": {
                "name": "es",
                "url": "/api/v2/language/7/"
            },
            "version_group": {
                "name": "x-y",
                "url": "/api/v2/version-group/15/"
            }
        },
        {
            "flavor_text": "Arreca danni al Pok\u00e9mon che\nsferra il colpo finale.",
            "language": {
                "name": "it",
                "url": "/api/v2/language/8/"
            },
            "version_group": {
                "name": "x-y",
                "url": "/api/v2/version-group/15/"
            }
        },
        {
            "flavor_text": "Damages the attacker\nlanding the finishing hit.",
            "language": {
                "name": "en",
                "url": "/api/v2/language/9/"
            },
            "version_group": {
                "name": "x-y",
                "url": "/api/v2/version-group/15/"
            }
        },
        {
            "flavor_text": "\u3072\u3093\u3057\u306e\u3000\u3068\u304d\u306b\u3000\u89e6\u308c\u305f\n\u76f8\u624b\u306b\u3000\u30c0\u30e1\u30fc\u30b8\u3002",
            "language": {
                "name": "ja",
                "url": "/api/v2/language/11/"
            },
            "version_group": {
                "name": "x-y",
                "url": "/api/v2/version-group/15/"
            }
        },
        {
            "flavor_text": "\u3072\u3093\u3057\u306e\u3000\u3068\u304d\u306b\u3000\u3075\u308c\u305f\n\u3042\u3044\u3066\u306b\u3000\u30c0\u30e1\u30fc\u30b8\u3002",
            "language": {
                "name": "ja-Hrkt",
                "url": "/api/v2/language/1/"
            },
            "version_group": {
                "name": "omega-ruby-alpha-sapphire",
                "url": "/api/v2/version-group/16/"
            }
        },
        {
            "flavor_text": "\uae30\uc808\ud560 \ub54c \uc2a4\uce5c\n\uc0c1\ub300\uc5d0\uac8c \ub370\ubbf8\uc9c0\ub97c \uc900\ub2e4.",
            "language": {
                "name": "ko",
                "url": "/api/v2/language/3/"
            },
            "version_group": {
                "name": "omega-ruby-alpha-sapphire",
                "url": "/api/v2/version-group/16/"
            }
        },
        {
            "flavor_text": "Blesse l\u2019attaquant qui porte\nle coup de gr\u00e2ce.",
            "language": {
                "name": "fr",
                "url": "/api/v2/language/5/"
            },
            "version_group": {
                "name": "omega-ruby-alpha-sapphire",
                "url": "/api/v2/version-group/16/"
            }
        },
        {
            "flavor_text": "F\u00fcgt einem Angreifer, der das\nPok\u00e9mon besiegt, Schaden zu.",
            "language": {
                "name": "de",
                "url": "/api/v2/language/6/"
            },
            "version_group": {
                "name": "omega-ruby-alpha-sapphire",
                "url": "/api/v2/version-group/16/"
            }
        },
        {
            "flavor_text": "Da\u00f1a al agresor que le ha dado el\ngolpe de gracia.",
            "language": {
                "name": "es",
                "url": "/api/v2/language/7/"
            },
            "version_group": {
                "name": "omega-ruby-alpha-sapphire",
                "url": "/api/v2/version-group/16/"
            }
        },
        {
            "flavor_text": "Arreca danni al Pok\u00e9mon che\nsferra il colpo finale.",
            "language": {
                "name": "it",
                "url": "/api/v2/language/8/"
            },
            "version_group": {
                "name": "omega-ruby-alpha-sapphire",
                "url": "/api/v2/version-group/16/"
            }
        },
        {
            "flavor_text": "Damages the attacker\nlanding the finishing hit.",
            "language": {
                "name": "en",
                "url": "/api/v2/language/9/"
            },
            "version_group": {
                "name": "omega-ruby-alpha-sapphire",
                "url": "/api/v2/version-group/16/"
            }
        },
        {
            "flavor_text": "\u3072\u3093\u3057\u306e\u3000\u3068\u304d\u306b\u3000\u89e6\u308c\u305f\n\u76f8\u624b\u306b\u3000\u30c0\u30e1\u30fc\u30b8\u3002",
            "language": {
                "name": "ja",
                "url": "/api/v2/language/11/"
            },
            "version_group": {
                "name": "omega-ruby-alpha-sapphire",
                "url": "/api/v2/version-group/16/"
            }
        },
        {
            "flavor_text": "\u3072\u3093\u3057\u306b\u3000\u306a\u3063\u305f\u3068\u304d\n\u3055\u308f\u3063\u305f\u3000\u3042\u3044\u3066\u306b\n\u30c0\u30e1\u30fc\u30b8\u3092\u3000\u3042\u305f\u3048\u308b\u3002",
            "language": {
                "name": "ja-Hrkt",
                "url": "/api/v2/language/1/"
            },
            "version_group": {
                "name": "sun-moon",
                "url": "/api/v2/version-group/17/"
            }
        },
        {
            "flavor_text": "\uae30\uc808\ud588\uc744 \ub54c\n\uc811\ucd09\ud55c \uc0c1\ub300\uc5d0\uac8c\n\ub370\ubbf8\uc9c0\ub97c \uc900\ub2e4.",
            "language": {
                "name": "ko",
                "url": "/api/v2/language/3/"
            },
            "version_group": {
                "name": "sun-moon",
                "url": "/api/v2/version-group/17/"
            }
        },
        {
            "flavor_text": "\u7015\u6b7b\u6642\uff0c\n\u6703\u5c0d\u63a5\u89f8\u5230\u81ea\u5df1\u7684\u5c0d\u624b\u9020\u6210\u50b7\u5bb3\u3002",
            "language": {
                "name": "zh-Hant",
                "url": "/api/v2/language/4/"
            },
            "version_group": {
                "name": "sun-moon",
                "url": "/api/v2/version-group/17/"
            }
        },
        {
            "flavor_text": "Si le Pok\u00e9mon est mis K.O. par une attaque directe,\nil inflige des d\u00e9g\u00e2ts \u00e0 l\u2019attaquant avant de s\u2019\u00e9vanouir.",
            "language": {
                "name": "fr",
                "url": "/api/v2/language/5/"
            },
            "version_group": {
                "name": "sun-moon",
                "url": "/api/v2/version-group/17/"
            }
        },
        {
            "flavor_text": "Wird das Pok\u00e9mon durch eine direkte Attacke\nbesiegt, f\u00fcgt es dem Angreifer Schaden zu.",
            "language": {
                "name": "de",
                "url": "/api/v2/language/6/"
            },
            "version_group": {
                "name": "sun-moon",
                "url": "/api/v2/version-group/17/"
            }
        },
        {
            "flavor_text": "Da\u00f1a al agresor que le ha dado el golpe de gracia\ncon un movimiento de contacto.",
            "language": {
                "name": "es",
                "url": "/api/v2/language/7/"
            },
            "version_group": {
                "name": "sun-moon",
                "url": "/api/v2/version-group/17/"
            }
        },
        {
            "flavor_text": "Chi manda KO questo Pok\u00e9mon con un attacco\ndiretto subisce dei danni.",
            "language": {
                "name": "it",
                "url": "/api/v2/language/8/"
            },
            "version_group": {
                "name": "sun-moon",
                "url": "/api/v2/version-group/17/"
            }
        },
        {
            "flavor_text": "Damages the attacker if it contacts the Pok\u00e9mon\nwith a finishing hit.",
            "language": {
                "name": "en",
                "url": "/api/v2/language/9/"
            },
            "version_group": {
                "name": "sun-moon",
                "url": "/api/v2/version-group/17/"
            }
        },
        {
            "flavor_text": "\u3072\u3093\u3057\u306b\u3000\u306a\u3063\u305f\u3068\u304d\n\u89e6\u3063\u305f\u3000\u76f8\u624b\u306b\n\u30c0\u30e1\u30fc\u30b8\u3092\u3000\u3042\u305f\u3048\u308b\u3002",
            "language": {
                "name": "ja",
                "url": "/api/v2/language/11/"
            },
            "version_group": {
                "name": "sun-moon",
                "url": "/api/v2/version-group/17/"
            }
        },
        {
            "flavor_text": "\u53d8\u4e3a\u6fd2\u6b7b\u65f6\uff0c\n\u4f1a\u5bf9\u63a5\u89e6\u5230\u81ea\u5df1\u7684\u5bf9\u624b\u9020\u6210\u4f24\u5bb3\u3002",
            "language": {
                "name": "zh-Hans",
                "url": "/api/v2/language/12/"
            },
            "version_group": {
                "name": "sun-moon",
                "url": "/api/v2/version-group/17/"
            }
        },
        {
            "flavor_text": "\u3072\u3093\u3057\u306b\u3000\u306a\u3063\u305f\u3068\u304d\n\u3055\u308f\u3063\u305f\u3000\u3042\u3044\u3066\u306b\n\u30c0\u30e1\u30fc\u30b8\u3092\u3000\u3042\u305f\u3048\u308b\u3002",
            "language": {
                "name": "ja-Hrkt",
                "url": "/api/v2/language/1/"
            },
            "version_group": {
                "name": "ultra-sun-ultra-moon",
                "url": "/api/v2/version-group/18/"
            }
        },
        {
            "flavor_text": "\uae30\uc808\ud588\uc744 \ub54c\n\uc811\ucd09\ud55c \uc0c1\ub300\uc5d0\uac8c\n\ub370\ubbf8\uc9c0\ub97c \uc900\ub2e4.",
            "language": {
                "name": "ko",
                "url": "/api/v2/language/3/"
            },
            "version_group": {
                "name": "ultra-sun-ultra-moon",
                "url": "/api/v2/version-group/18/"
            }
        },
        {
            "flavor_text": "\u7015\u6b7b\u6642\uff0c\n\u6703\u5c0d\u63a5\u89f8\u5230\u81ea\u5df1\u7684\u5c0d\u624b\u9020\u6210\u50b7\u5bb3\u3002",
            "language": {
                "name": "zh-Hant",
                "url": "/api/v2/language/4/"
            },
            "version_group": {
                "name": "ultra-sun-ultra-moon",
                "url": "/api/v2/version-group/18/"
            }
        },
        {
            "flavor_text": "Si le Pok\u00e9mon est mis K.O. par une attaque directe,\nil inflige des d\u00e9g\u00e2ts \u00e0 l\u2019attaquant avant de s\u2019\u00e9vanouir.",
            "language": {
                "name": "fr",
                "url": "/api/v2/language/5/"
            },
            "version_group": {
                "name": "ultra-sun-ultra-moon",
                "url": "/api/v2/version-group/18/"
            }
        },
        {
            "flavor_text": "Wird das Pok\u00e9mon durch eine direkte Attacke\nbesiegt, f\u00fcgt es dem Angreifer Schaden zu.",
            "language": {
                "name": "de",
                "url": "/api/v2/language/6/"
            },
            "version_group": {
                "name": "ultra-sun-ultra-moon",
                "url": "/api/v2/version-group/18/"
            }
        },
        {
            "flavor_text": "Da\u00f1a al agresor que le ha dado el golpe de gracia\ncon un movimiento de contacto.",
            "language": {
                "name": "es",
                "url": "/api/v2/language/7/"
            },
            "version_group": {
                "name": "ultra-sun-ultra-moon",
                "url": "/api/v2/version-group/18/"
            }
        },
        {
            "flavor_text": "Chi manda KO questo Pok\u00e9mon con un attacco\ndiretto subisce dei danni.",
            "language": {
                "name": "it",
                "url": "/api/v2/language/8/"
            },
            "version_group": {
                "name": "ultra-sun-ultra-moon",
                "url": "/api/v2/version-group/18/"
            }
        },
        {
            "flavor_text": "Damages the attacker if it contacts the Pok\u00e9mon\nwith a finishing hit.",
            "language": {
                "name": "en",
                "url": "/api/v2/language/9/"
            },
            "version_group": {
                "name": "ultra-sun-ultra-moon",
                "url": "/api/v2/version-group/18/"
            }
        },
        {
            "flavor_text": "\u3072\u3093\u3057\u306b\u3000\u306a\u3063\u305f\u3068\u304d\n\u89e6\u3063\u305f\u3000\u76f8\u624b\u306b\n\u30c0\u30e1\u30fc\u30b8\u3092\u3000\u3042\u305f\u3048\u308b\u3002",
            "language": {
                "name": "ja",
                "url": "/api/v2/language/11/"
            },
            "version_group": {
                "name": "ultra-sun-ultra-moon",
                "url": "/api/v2/version-group/18/"
            }
        },
        {
            "flavor_text": "\u53d8\u4e3a\u6fd2\u6b7b\u65f6\uff0c\n\u4f1a\u5bf9\u63a5\u89e6\u5230\u81ea\u5df1\u7684\u5bf9\u624b\u9020\u6210\u4f24\u5bb3\u3002",
            "language": {
                "name": "zh-Hans",
                "url": "/api/v2/language/12/"
            },
            "version_group": {
                "name": "ultra-sun-ultra-moon",
                "url": "/api/v2/version-group/18/"
            }
        },
        {
            "flavor_text": "\u3072\u3093\u3057\u306b\u3000\u306a\u3063\u305f\u3068\u304d\n\u3055\u308f\u3063\u305f\u3000\u3042\u3044\u3066\u306b\n\u30c0\u30e1\u30fc\u30b8\u3092\u3000\u3042\u305f\u3048\u308b\u3002",
            "language": {
                "name": "ja-Hrkt",
                "url": "/api/v2/language/1/"
            },
            "version_group": {
                "name": "lets-go-pikachu-lets-go-eevee",
                "url": "/api/v2/version-group/19/"
            }
        },
        {
            "flavor_text": "\uae30\uc808\ud588\uc744 \ub54c\n\uc811\ucd09\ud55c \uc0c1\ub300\uc5d0\uac8c\n\ub370\ubbf8\uc9c0\ub97c \uc900\ub2e4.",
            "language": {
                "name": "ko",
                "url": "/api/v2/language/3/"
            },
            "version_group": {
                "name": "lets-go-pikachu-lets-go-eevee",
                "url": "/api/v2/version-group/19/"
            }
        },
        {
            "flavor_text": "\u7015\u6b7b\u6642\uff0c\n\u6703\u5c0d\u63a5\u89f8\u5230\u81ea\u5df1\u7684\u5c0d\u624b\u9020\u6210\u50b7\u5bb3\u3002",
            "language": {
                "name": "zh-Hant",
                "url": "/api/v2/language/4/"
            },
            "version_group": {
                "name": "lets-go-pikachu-lets-go-eevee",
                "url": "/api/v2/version-group/19/"
            }
        },
        {
            "flavor_text": "Si le Pok\u00e9mon est mis K.O. par une attaque directe,\nil inflige des d\u00e9g\u00e2ts \u00e0 l\u2019attaquant avant de s\u2019\u00e9vanouir.",
            "language": {
                "name": "fr",
                "url": "/api/v2/language/5/"
            },
            "version_group": {
                "name": "lets-go-pikachu-lets-go-eevee",
                "url": "/api/v2/version-group/19/"
            }
        },
        {
            "flavor_text": "Wird das Pok\u00e9mon durch eine direkte Attacke\nbesiegt, f\u00fcgt es dem Angreifer Schaden zu.",
            "language": {
                "name": "de",
                "url": "/api/v2/language/6/"
            },
            "version_group": {
                "name": "lets-go-pikachu-lets-go-eevee",
                "url": "/api/v2/version-group/19/"
            }
        },
        {
            "flavor_text": "Da\u00f1a al agresor que le ha dado el golpe de gracia\ncon un movimiento de contacto.",
            "language": {
                "name": "es",
                "url": "/api/v2/language/7/"
            },
            "version_group": {
                "name": "lets-go-pikachu-lets-go-eevee",
                "url": "/api/v2/version-group/19/"
            }
        },
        {
            "flavor_text": "Chi manda KO questo Pok\u00e9mon con un attacco\ndiretto subisce dei danni.",
            "language": {
                "name": "it",
                "url": "/api/v2/language/8/"
            },
            "version_group": {
                "name": "lets-go-pikachu-lets-go-eevee",
                "url": "/api/v2/version-group/19/"
            }
        },
        {
            "flavor_text": "Damages the attacker if it contacts the Pok\u00e9mon\nwith a finishing hit.",
            "language": {
                "name": "en",
                "url": "/api/v2/language/9/"
            },
            "version_group": {
                "name": "lets-go-pikachu-lets-go-eevee",
                "url": "/api/v2/version-group/19/"
            }
        },
        {
            "flavor_text": "\u3072\u3093\u3057\u306b\u3000\u306a\u3063\u305f\u3068\u304d\n\u89e6\u3063\u305f\u3000\u76f8\u624b\u306b\n\u30c0\u30e1\u30fc\u30b8\u3092\u3000\u3042\u305f\u3048\u308b\u3002",
            "language": {
                "name": "ja",
                "url": "/api/v2/language/11/"
            },
            "version_group": {
                "name": "lets-go-pikachu-lets-go-eevee",
                "url": "/api/v2/version-group/19/"
            }
        },
        {
            "flavor_text": "\u53d8\u4e3a\u6fd2\u6b7b\u65f6\uff0c\n\u4f1a\u5bf9\u63a5\u89e6\u5230\u81ea\u5df1\u7684\u5bf9\u624b\u9020\u6210\u4f24\u5bb3\u3002",
            "language": {
                "name": "zh-Hans",
                "url": "/api/v2/language/12/"
            },
            "version_group": {
                "name": "lets-go-pikachu-lets-go-eevee",
                "url": "/api/v2/version-group/19/"
            }
        },
        {
            "flavor_text": "\u3072\u3093\u3057\u306b\u3000\u306a\u3063\u305f\u3068\u304d\n\u3055\u308f\u3063\u305f\u3000\u3042\u3044\u3066\u306b\n\u30c0\u30e1\u30fc\u30b8\u3092\u3000\u3042\u305f\u3048\u308b\u3002",
            "language": {
                "name": "ja-Hrkt",
                "url": "/api/v2/language/1/"
            },
            "version_group": {
                "name": "sword-shield",
                "url": "/api/v2/version-group/20/"
            }
        },
        {
            "flavor_text": "\uae30\uc808\ud588\uc744 \ub54c\n\uc811\ucd09\ud55c \uc0c1\ub300\uc5d0\uac8c\n\ub370\ubbf8\uc9c0\ub97c \uc900\ub2e4.",
            "language": {
                "name": "ko",
                "url": "/api/v2/language/3/"
            },
            "version_group": {
                "name": "sword-shield",
                "url": "/api/v2/version-group/20/"
            }
        },
        {
            "flavor_text": "\u7015\u6b7b\u6642\uff0c\n\u6703\u5c0d\u63a5\u89f8\u5230\u81ea\u5df1\u7684\u5c0d\u624b\u9020\u6210\u50b7\u5bb3\u3002",
            "language": {
                "name": "zh-Hant",
                "url": "/api/v2/language/4/"
            },
            "version_group": {
                "name": "sword-shield",
                "url": "/api/v2/version-group/20/"
            }
        },
        {
            "flavor_text": "Si le Pok\u00e9mon est mis K.O. par une attaque directe,\nil inflige des d\u00e9g\u00e2ts \u00e0 l\u2019attaquant avant de s\u2019\u00e9vanouir.",
            "language": {
                "name": "fr",
                "url": "/api/v2/language/5/"
            },
            "version_group": {
                "name": "sword-shield",
                "url": "/api/v2/version-group/20/"
            }
        },
        {
            "flavor_text": "Wird das Pok\u00e9mon durch eine direkte Attacke besiegt,\nf\u00fcgt es dem Angreifer Schaden zu.",
            "language": {
                "name": "de",
                "url": "/api/v2/language/6/"
            },
            "version_group": {
                "name": "sword-shield",
                "url": "/api/v2/version-group/20/"
            }
        },
        {
            "flavor_text": "Da\u00f1a al agresor que le ha dado el golpe de gracia con\nun movimiento de contacto.",
            "language": {
                "name": "es",
                "url": "/api/v2/language/7/"
            },
            "version_group": {
                "name": "sword-shield",
                "url": "/api/v2/version-group/20/"
            }
        },
        {
            "flavor_text": "Chi manda KO questo Pok\u00e9mon con un attacco\ndiretto subisce dei danni.",
            "language": {
                "name": "it",
                "url": "/api/v2/language/8/"
            },
            "version_group": {
                "name": "sword-shield",
                "url": "/api/v2/version-group/20/"
            }
        },
        {
            "flavor_text": "Damages the attacker if it contacts the Pok\u00e9mon\nwith a finishing hit.",
            "language": {
                "name": "en",
                "url": "/api/v2/language/9/"
            },
            "version_group": {
                "name": "sword-shield",
                "url": "/api/v2/version-group/20/"
            }
        },
        {
            "flavor_text": "\u3072\u3093\u3057\u306b\u3000\u306a\u3063\u305f\u3068\u304d\n\u89e6\u3063\u305f\u3000\u76f8\u624b\u306b\n\u30c0\u30e1\u30fc\u30b8\u3092\u3000\u3042\u305f\u3048\u308b\u3002",
            "language": {
                "name": "ja",
                "url": "/api/v2/language/11/"
            },
            "version_group": {
                "name": "sword-shield",
                "url": "/api/v2/version-group/20/"
            }
        },
        {
            "flavor_text": "\u53d8\u4e3a\u6fd2\u6b7b\u65f6\uff0c\n\u4f1a\u5bf9\u63a5\u89e6\u5230\u81ea\u5df1\u7684\u5bf9\u624b\u9020\u6210\u4f24\u5bb3\u3002",
            "language": {
                "name": "zh-Hans",
                "url": "/api/v2/language/12/"
            },
            "version_group": {
                "name": "sword-shield",
                "url": "/api/v2/version-group/20/"
            }
        }
    ],
    "generation": {
        "name": "generation-iv",
        "url": "/api/v2/generation/4/"
    },
    "id": 106,
    "is_main_series": true,
    "name": "aftermath",
    "names": [
        {
            "language": {
                "name": "ja-Hrkt",
                "url": "/api/v2/language/1/"
            },
            "name": "\u3086\u3046\u3070\u304f"
        },
        {
            "language": {
                "name": "ko",
                "url": "/api/v2/language/3/"
            },
            "name": "\uc720\ud3ed"
        },
        {
            "language": {
                "name": "zh-Hant",
                "url": "/api/v2/language/4/"
            },
            "name": "\u5f15\u7206"
        },
        {
            "language": {
                "name": "fr",
                "url": "/api/v2/language/5/"
            },
            "name": "Boom Final"
        },
        {
            "language": {
                "name": "de",
                "url": "/api/v2/language/6/"
            },
            "name": "Finalschlag"
        },
        {
            "language": {
                "name": "es",
                "url": "/api/v2/language/7/"
            },
            "name": "Detonaci\u00f3n"
        },
        {
            "language": {
                "name": "it",
                "url": "/api/v2/language/8/"
            },
            "name": "Scoppio"
        },
        {
            "language": {
                "name": "en",
                "url": "/api/v2/language/9/"
            },
            "name": "Aftermath"
        },
        {
            "language": {
                "name": "ja",
                "url": "/api/v2/language/11/"
            },
            "name": "\u3086\u3046\u3070\u304f"
        },
        {
            "language": {
                "name": "zh-Hans",
                "url": "/api/v2/language/12/"
            },
            "name": "\u5f15\u7206"
        }
    ],
    "pokemon": [
        {
            "is_hidden": true,
            "pokemon": {
                "name": "voltorb",
                "url": "/api/v2/pokemon/100/"
            },
            "slot": 3
        },
        {
            "is_hidden": true,
            "pokemon": {
                "name": "electrode",
                "url": "/api/v2/pokemon/101/"
            },
            "slot": 3
        },
        {
            "is_hidden": false,
            "pokemon": {
                "name": "drifloon",
                "url": "/api/v2/pokemon/425/"
            },
            "slot": 1
        },
        {
            "is_hidden": false,
            "pokemon": {
                "name": "drifblim",
                "url": "/api/v2/pokemon/426/"
            },
            "slot": 1
        },
        {
            "is_hidden": false,
            "pokemon": {
                "name": "stunky",
                "url": "/api/v2/pokemon/434/"
            },
            "slot": 2
        },
        {
            "is_hidden": false,
            "pokemon": {
                "name": "skuntank",
                "url": "/api/v2/pokemon/435/"
            },
            "slot": 2
        },
        {
            "is_hidden": true,
            "pokemon": {
                "name": "trubbish",
                "url": "/api/v2/pokemon/568/"
            },
            "slot": 3
        },
        {
            "is_hidden": true,
            "pokemon": {
                "name": "garbodor",
                "url": "/api/v2/pokemon/569/"
            },
            "slot": 3
        },
        {
            "is_hidden": true,
            "pokemon": {
                "name": "garbodor-gmax",
                "url": "/api/v2/pokemon/10207/"
            },
            "slot": 3
        },
        {
            "is_hidden": true,
            "pokemon": {
                "name": "voltorb-hisui",
                "url": "/api/v2/pokemon/10231/"
            },
            "slot": 3
        },
        {
            "is_hidden": true,
            "pokemon": {
                "name": "electrode-hisui",
                "url": "/api/v2/pokemon/10232/"
            },
            "slot": 3
        }
    ]
}