{
    "effect_changes": [],
    "effect_entries": [
        {
            "effect": "Pok\u00e9mon mit dieser F\u00e4higkeit erleiden nur halben Schaden, wenn sie volle hp haben.",
            "language": {
                "name": "de",
                "url": "/api/v2/language/6/"
            },
            "short_effect": "Halbiert den erlittenen Schaden bei vollen hp."
        },
        {
            "effect": "This Pok\u00e9mon takes half as much damage when it is hit having full HP.",
            "language": {
                "name": "en",
                "url": "/api/v2/language/9/"
            },
            "short_effect": "Halves damage taken from full HP."
        }
    ],
    "flavor_text_entries": [
        {
            "flavor_text": "Re\u00e7oit moins de d\u00e9g\u00e2ts si\nles PV sont au maximum.",
            "language": {
                "name": "fr",
                "url": "/api/v2/language/5/"
            },
            "version_group": {
                "name": "black-white",
                "url": "/api/v2/version-group/11/"
            }
        },
        {
            "flavor_text": "Reduces damage when HP\nis full.",
            "language": {
                "name": "en",
                "url": "/api/v2/language/9/"
            },
            "version_group": {
                "name": "black-white",
                "url": "/api/v2/version-group/11/"
            }
        },
        {
            "flavor_text": "Reduces damage when HP\nis full.",
            "language": {
                "name": "en",
                "url": "/api/v2/language/9/"
            },
            "version_group": {
                "name": "black-2-white-2",
                "url": "/api/v2/version-group/14/"
            }
        },
        {
            "flavor_text": "\uff28\uff30\u304c\u3000\u307e\u3093\u305f\u3093\u306e\u3068\u304d\u306b\n\u30c0\u30e1\u30fc\u30b8\u304c\u3000\u3059\u304f\u306a\u304f\u306a\u308b\u3002",
            "language": {
                "name": "ja-Hrkt",
                "url": "/api/v2/language/1/"
            },
            "version_group": {
                "name": "x-y",
                "url": "/api/v2/version-group/15/"
            }
        },
        {
            "flavor_text": "HP\uac00 \uaf49 \ucc3c\uc744 \ub54c\n\ub370\ubbf8\uc9c0\uac00 \uc904\uc5b4\ub4e0\ub2e4.",
            "language": {
                "name": "ko",
                "url": "/api/v2/language/3/"
            },
            "version_group": {
                "name": "x-y",
                "url": "/api/v2/version-group/15/"
            }
        },
        {
            "flavor_text": "Re\u00e7oit moins de d\u00e9g\u00e2ts si les PV\nsont au maximum.",
            "language": {
                "name": "fr",
                "url": "/api/v2/language/5/"
            },
            "version_group": {
                "name": "x-y",
                "url": "/api/v2/version-group/15/"
            }
        },
        {
            "flavor_text": "Verringert den erlittenen Schaden\nbei vollen KP.",
            "language": {
                "name": "de",
                "url": "/api/v2/language/6/"
            },
            "version_group": {
                "name": "x-y",
                "url": "/api/v2/version-group/15/"
            }
        },
        {
            "flavor_text": "Reduce el da\u00f1o sufrido si los PS\nest\u00e1n al m\u00e1ximo.",
            "language": {
                "name": "es",
                "url": "/api/v2/language/7/"
            },
            "version_group": {
                "name": "x-y",
                "url": "/api/v2/version-group/15/"
            }
        },
        {
            "flavor_text": "Riduce il danno subito se i PS\nsono al massimo.",
            "language": {
                "name": "it",
                "url": "/api/v2/language/8/"
            },
            "version_group": {
                "name": "x-y",
                "url": "/api/v2/version-group/15/"
            }
        },
        {
            "flavor_text": "Reduces damage the Pok\u00e9mon\ntakes when its HP is full.",
            "language": {
                "name": "en",
                "url": "/api/v2/language/9/"
            },
            "version_group": {
                "name": "x-y",
                "url": "/api/v2/version-group/15/"
            }
        },
        {
            "flavor_text": "\uff28\uff30\u304c\u3000\u6e80\u30bf\u30f3\u306e\u3068\u304d\u306b\n\u30c0\u30e1\u30fc\u30b8\u304c\u3000\u5c11\u306a\u304f\u306a\u308b\u3002",
            "language": {
                "name": "ja",
                "url": "/api/v2/language/11/"
            },
            "version_group": {
                "name": "x-y",
                "url": "/api/v2/version-group/15/"
            }
        },
        {
            "flavor_text": "\uff28\uff30\u304c\u3000\u307e\u3093\u305f\u3093\u306e\u3068\u304d\u306b\n\u30c0\u30e1\u30fc\u30b8\u304c\u3000\u3059\u304f\u306a\u304f\u306a\u308b\u3002",
            "language": {
                "name": "ja-Hrkt",
                "url": "/api/v2/language/1/"
            },
            "version_group": {
                "name": "omega-ruby-alpha-sapphire",
                "url": "/api/v2/version-group/16/"
            }
        },
        {
            "flavor_text": "HP\uac00 \uaf49 \ucc3c\uc744 \ub54c\n\ub370\ubbf8\uc9c0\uac00 \uc904\uc5b4\ub4e0\ub2e4.",
            "language": {
                "name": "ko",
                "url": "/api/v2/language/3/"
            },
            "version_group": {
                "name": "omega-ruby-alpha-sapphire",
                "url": "/api/v2/version-group/16/"
            }
        },
        {
            "flavor_text": "Re\u00e7oit moins de d\u00e9g\u00e2ts si les PV\nsont au maximum.",
            "language": {
                "name": "fr",
                "url": "/api/v2/language/5/"
            },
            "version_group": {
                "name": "omega-ruby-alpha-sapphire",
                "url": "/api/v2/version-group/16/"
            }
        },
        {
            "flavor_text": "Verringert den erlittenen Schaden\nbei vollen KP.",
            "language": {
                "name": "de",
                "url": "/api/v2/language/6/"
            },
            "version_group": {
                "name": "omega-ruby-alpha-sapphire",
                "url": "/api/v2/version-group/16/"
            }
        },
        {
            "flavor_text": "Reduce el da\u00f1o sufrido si los PS\nest\u00e1n al m\u00e1ximo.",
            "language": {
                "name": "es",
                "url": "/api/v2/language/7/"
            },
            "version_group": {
                "name": "omega-ruby-alpha-sapphire",
                "url": "/api/v2/version-group/16/"
            }
        },
        {
            "flavor_text": "Riduce il danno subito se i PS\nsono al massimo.",
            "language": {
                "name": "it",
                "url": "/api/v2/language/8/"
            },
            "version_group": {
                "name": "omega-ruby-alpha-sapphire",
                "url": "/api/v2/version-group/16/"
            }
        },
        {
            "flavor_text": "Reduces the damage taken by the\nPok\u00e9mon when its HP is full.",
            "language": {
                "name": "en",
                "url": "/api/v2/language/9/"
            },
            "version_group": {
                "name": "omega-ruby-alpha-sapphire",
                "url": "/api/v2/version-group/16/"
            }
        },
        {
            "flavor_text": "\uff28\uff30\u304c\u3000\u6e80\u30bf\u30f3\u306e\u3068\u304d\u306b\n\u30c0\u30e1\u30fc\u30b8\u304c\u3000\u5c11\u306a\u304f\u306a\u308b\u3002",
            "language": {
                "name": "ja",
                "url": "/api/v2/language/11/"
            },
            "version_group": {
                "name": "omega-ruby-alpha-sapphire",
                "url": "/api/v2/version-group/16/"
            }
        },
        {
            "flavor_text": "\uff28\uff30\u304c\u3000\u307e\u3093\u305f\u3093\u306e\u3000\u3068\u304d\u306b\n\u3046\u3051\u308b\u3000\u30c0\u30e1\u30fc\u30b8\u304c\u3000\u3059\u304f\u306a\u304f\u306a\u308b\u3002",
            "language": {
                "name": "ja-Hrkt",
                "url": "/api/v2/language/1/"
            },
            "version_group": {
                "name": "sun-moon",
                "url": "/api/v2/version-group/17/"
            }
        },
        {
            "flavor_text": "HP\uac00 \uaf49 \ucc3c\uc744 \ub54c\n\ubc1b\ub294 \ub370\ubbf8\uc9c0\uac00 \uc904\uc5b4\ub4e0\ub2e4.",
            "language": {
                "name": "ko",
                "url": "/api/v2/language/3/"
            },
            "version_group": {
                "name": "sun-moon",
                "url": "/api/v2/version-group/17/"
            }
        },
        {
            "flavor_text": "\uff28\uff30\u5168\u6eff\u6642\uff0c\n\u53d7\u5230\u7684\u50b7\u5bb3\u6703\u8b8a\u5c11\u3002",
            "language": {
                "name": "zh-Hant",
                "url": "/api/v2/language/4/"
            },
            "version_group": {
                "name": "sun-moon",
                "url": "/api/v2/version-group/17/"
            }
        },
        {
            "flavor_text": "Le Pok\u00e9mon re\u00e7oit moins de d\u00e9g\u00e2ts quand ses PV\nsont au maximum.",
            "language": {
                "name": "fr",
                "url": "/api/v2/language/5/"
            },
            "version_group": {
                "name": "sun-moon",
                "url": "/api/v2/version-group/17/"
            }
        },
        {
            "flavor_text": "Verringert den erlittenen Schaden bei vollen KP.",
            "language": {
                "name": "de",
                "url": "/api/v2/language/6/"
            },
            "version_group": {
                "name": "sun-moon",
                "url": "/api/v2/version-group/17/"
            }
        },
        {
            "flavor_text": "Reduce el da\u00f1o sufrido si los PS est\u00e1n al m\u00e1ximo.",
            "language": {
                "name": "es",
                "url": "/api/v2/language/7/"
            },
            "version_group": {
                "name": "sun-moon",
                "url": "/api/v2/version-group/17/"
            }
        },
        {
            "flavor_text": "Se i PS sono al massimo, riduce il danno subito.",
            "language": {
                "name": "it",
                "url": "/api/v2/language/8/"
            },
            "version_group": {
                "name": "sun-moon",
                "url": "/api/v2/version-group/17/"
            }
        },
        {
            "flavor_text": "Reduces the amount of damage the Pok\u00e9mon takes\nwhen its HP is full.",
            "language": {
                "name": "en",
                "url": "/api/v2/language/9/"
            },
            "version_group": {
                "name": "sun-moon",
                "url": "/api/v2/version-group/17/"
            }
        },
        {
            "flavor_text": "\uff28\uff30\u304c\u3000\u6e80\u30bf\u30f3\u306e\u3000\u3068\u304d\u306b\n\u53d7\u3051\u308b\u3000\u30c0\u30e1\u30fc\u30b8\u304c\u3000\u5c11\u306a\u304f\u306a\u308b\u3002",
            "language": {
                "name": "ja",
                "url": "/api/v2/language/11/"
            },
            "version_group": {
                "name": "sun-moon",
                "url": "/api/v2/version-group/17/"
            }
        },
        {
            "flavor_text": "\uff28\uff30\u5168\u6ee1\u65f6\uff0c\n\u53d7\u5230\u7684\u4f24\u5bb3\u4f1a\u53d8\u5c11\u3002",
            "language": {
                "name": "zh-Hans",
                "url": "/api/v2/language/12/"
            },
            "version_group": {
                "name": "sun-moon",
                "url": "/api/v2/version-group/17/"
            }
        },
        {
            "flavor_text": "\uff28\uff30\u304c\u3000\u307e\u3093\u305f\u3093\u306e\u3000\u3068\u304d\u306b\n\u3046\u3051\u308b\u3000\u30c0\u30e1\u30fc\u30b8\u304c\u3000\u3059\u304f\u306a\u304f\u306a\u308b\u3002",
            "language": {
                "name": "ja-Hrkt",
                "url": "/api/v2/language/1/"
            },
            "version_group": {
                "name": "ultra-sun-ultra-moon",
                "url": "/api/v2/version-group/18/"
            }
        },
        {
            "flavor_text": "HP\uac00 \uaf49 \ucc3c\uc744 \ub54c\n\ubc1b\ub294 \ub370\ubbf8\uc9c0\uac00 \uc904\uc5b4\ub4e0\ub2e4.",
            "language": {
                "name": "ko",
                "url": "/api/v2/language/3/"
            },
            "version_group": {
                "name": "ultra-sun-ultra-moon",
                "url": "/api/v2/version-group/18/"
            }
        },
        {
            "flavor_text": "\uff28\uff30\u5168\u6eff\u6642\uff0c\n\u53d7\u5230\u7684\u50b7\u5bb3\u6703\u8b8a\u5c11\u3002",
            "language": {
                "name": "zh-Hant",
                "url": "/api/v2/language/4/"
            },
            "version_group": {
                "name": "ultra-sun-ultra-moon",
                "url": "/api/v2/version-group/18/"
            }
        },
        {
            "flavor_text": "Le Pok\u00e9mon re\u00e7oit moins de d\u00e9g\u00e2ts quand ses PV\nsont au maximum.",
            "language": {
                "name": "fr",
                "url": "/api/v2/language/5/"
            },
            "version_group": {
                "name": "ultra-sun-ultra-moon",
                "url": "/api/v2/version-group/18/"
            }
        },
        {
            "flavor_text": "Verringert den erlittenen Schaden bei vollen KP.",
            "language": {
                "name": "de",
                "url": "/api/v2/language/6/"
            },
            "version_group": {
                "name": "ultra-sun-ultra-moon",
                "url": "/api/v2/version-group/18/"
            }
        },
        {
            "flavor_text": "Reduce el da\u00f1o sufrido si los PS est\u00e1n al m\u00e1ximo.",
            "language": {
                "name": "es",
                "url": "/api/v2/language/7/"
            },
            "version_group": {
                "name": "ultra-sun-ultra-moon",
                "url": "/api/v2/version-group/18/"
            }
        },
        {
            "flavor_text": "Se i PS sono al massimo, riduce il danno subito.",
            "language": {
                "name": "it",
                "url": "/api/v2/language/8/"
            },
            "version_group": {
                "name": "ultra-sun-ultra-moon",
                "url": "/api/v2/version-group/18/"
            }
        },
        {
            "flavor_text": "Reduces the amount of damage the Pok\u00e9mon takes\nwhen its HP is full.",
            "language": {
                "name": "en",
                "url": "/api/v2/language/9/"
            },
            "version_group": {
                "name": "ultra-sun-ultra-moon",
                "url": "/api/v2/version-group/18/"
            }
        },
        {
            "flavor_text": "\uff28\uff30\u304c\u3000\u6e80\u30bf\u30f3\u306e\u3000\u3068\u304d\u306b\n\u53d7\u3051\u308b\u3000\u30c0\u30e1\u30fc\u30b8\u304c\u3000\u5c11\u306a\u304f\u306a\u308b\u3002",
            "language": {
                "name": "ja",
                "url": "/api/v2/language/11/"
            },
            "version_group": {
                "name": "ultra-sun-ultra-moon",
                "url": "/api/v2/version-group/18/"
            }
        },
        {
            "flavor_text": "\uff28\uff30\u5168\u6ee1\u65f6\uff0c\n\u53d7\u5230\u7684\u4f24\u5bb3\u4f1a\u53d8\u5c11\u3002",
            "language": {
                "name": "zh-Hans",
                "url": "/api/v2/language/12/"
            },
            "version_group": {
                "name": "ultra-sun-ultra-moon",
                "url": "/api/v2/version-group/18/"
            }
        },
        {
            "flavor_text": "\uff28\uff30\u304c\u3000\u307e\u3093\u305f\u3093\u306e\u3000\u3068\u304d\u306b\n\u3046\u3051\u308b\u3000\u30c0\u30e1\u30fc\u30b8\u304c\u3000\u3059\u304f\u306a\u304f\u306a\u308b\u3002",
            "language": {
                "name": "ja-Hrkt",
                "url": "/api/v2/language/1/"
            },
            "version_group": {
                "name": "lets-go-pikachu-lets-go-eevee",
                "url": "/api/v2/version-group/19/"
            }
        },
        {
            "flavor_text": "HP\uac00 \uaf49 \ucc3c\uc744 \ub54c\n\ubc1b\ub294 \ub370\ubbf8\uc9c0\uac00 \uc904\uc5b4\ub4e0\ub2e4.",
            "language": {
                "name": "ko",
                "url": "/api/v2/language/3/"
            },
            "version_group": {
                "name": "lets-go-pikachu-lets-go-eevee",
                "url": "/api/v2/version-group/19/"
            }
        },
        {
            "flavor_text": "HP\u5168\u6eff\u6642\uff0c\n\u53d7\u5230\u7684\u50b7\u5bb3\u6703\u8b8a\u5c11\u3002",
            "language": {
                "name": "zh-Hant",
                "url": "/api/v2/language/4/"
            },
            "version_group": {
                "name": "lets-go-pikachu-lets-go-eevee",
                "url": "/api/v2/version-group/19/"
            }
        },
        {
            "flavor_text": "Le Pok\u00e9mon re\u00e7oit moins de d\u00e9g\u00e2ts quand ses PV\nsont au maximum.",
            "language": {
                "name": "fr",
                "url": "/api/v2/language/5/"
            },
            "version_group": {
                "name": "lets-go-pikachu-lets-go-eevee",
                "url": "/api/v2/version-group/19/"
            }
        },
        {
            "flavor_text": "Verringert den erlittenen Schaden bei vollen KP.",
            "language": {
                "name": "de",
                "url": "/api/v2/language/6/"
            },
            "version_group": {
                "name": "lets-go-pikachu-lets-go-eevee",
                "url": "/api/v2/version-group/19/"
            }
        },
        {
            "flavor_text": "Reduce el da\u00f1o sufrido si los PS est\u00e1n al m\u00e1ximo.",
            "language": {
                "name": "es",
                "url": "/api/v2/language/7/"
            },
            "version_group": {
                "name": "lets-go-pikachu-lets-go-eevee",
                "url": "/api/v2/version-group/19/"
            }
        },
        {
            "flavor_text": "Se i PS sono al massimo, riduce il danno subito.",
            "language": {
                "name": "it",
                "url": "/api/v2/language/8/"
            },
            "version_group": {
                "name": "lets-go-pikachu-lets-go-eevee",
                "url": "/api/v2/version-group/19/"
            }
        },
        {
            "flavor_text": "Reduces the amount of damage the Pok\u00e9mon takes\nwhile its HP is full.",
            "language": {
                "name": "en",
                "url": "/api/v2/language/9/"
            },
            "version_group": {
                "name": "lets-go-pikachu-lets-go-eevee",
                "url": "/api/v2/version-group/19/"
            }
        },
        {
            "flavor_text": "\uff28\uff30\u304c\u3000\u6e80\u30bf\u30f3\u306e\u3000\u3068\u304d\u306b\n\u53d7\u3051\u308b\u3000\u30c0\u30e1\u30fc\u30b8\u304c\u3000\u5c11\u306a\u304f\u306a\u308b\u3002",
            "language": {
                "name": "ja",
                "url": "/api/v2/language/11/"
            },
            "version_group": {
                "name": "lets-go-pikachu-lets-go-eevee",
                "url": "/api/v2/version-group/19/"
            }
        },
        {
            "flavor_text": "HP\u5168\u6ee1\u65f6\uff0c\n\u53d7\u5230\u7684\u4f24\u5bb3\u4f1a\u53d8\u5c11\u3002",
            "language": {
                "name": "zh-Hans",
                "url": "/api/v2/language/12/"
            },
            "version_group": {
                "name": "lets-go-pikachu-lets-go-eevee",
                "url": "/api/v2/version-group/19/"
            }
        },
        {
            "flavor_text": "\uff28\uff30\u304c\u3000\u307e\u3093\u305f\u3093\u306e\u3000\u3068\u304d\u306b\n\u3046\u3051\u308b\u3000\u30c0\u30e1\u30fc\u30b8\u304c\u3000\u3059\u304f\u306a\u304f\u306a\u308b\u3002",
            "language": {
                "name": "ja-Hrkt",
                "url": "/api/v2/language/1/"
            },
            "version_group": {
                "name": "sword-shield",
                "url": "/api/v2/version-group/20/"
            }
        },
        {
            "flavor_text": "HP\uac00 \uaf49 \ucc3c\uc744 \ub54c\n\ubc1b\ub294 \ub370\ubbf8\uc9c0\uac00 \uc904\uc5b4\ub4e0\ub2e4.",
            "language": {
                "name": "ko",
                "url": "/api/v2/language/3/"
            },
            "version_group": {
                "name": "sword-shield",
                "url": "/api/v2/version-group/20/"
            }
        },
        {
            "flavor_text": "\uff28\uff30\u5168\u6eff\u6642\uff0c\n\u53d7\u5230\u7684\u50b7\u5bb3\u6703\u8b8a\u5c11\u3002",
            "language": {
                "name": "zh-Hant",
                "url": "/api/v2/language/4/"
            },
            "version_group": {
                "name": "sword-shield",
                "url": "/api/v2/version-group/20/"
            }
        },
        {
            "flavor_text": "Le Pok\u00e9mon re\u00e7oit moins de d\u00e9g\u00e2ts quand ses PV\nsont au maximum.",
            "language": {
                "name": "fr",
                "url": "/api/v2/language/5/"
            },
            "version_group": {
                "name": "sword-shield",
                "url": "/api/v2/version-group/20/"
            }
        },
        {
            "flavor_text": "Verringert den erlittenen Schaden bei vollen KP.",
            "language": {
                "name": "de",
                "url": "/api/v2/language/6/"
            },
            "version_group": {
                "name": "sword-shield",
                "url": "/api/v2/version-group/20/"
            }
        },
        {
            "flavor_text": "Reduce el da\u00f1o que sufre si sus PS est\u00e1n al m\u00e1ximo.",
            "language": {
                "name": "es",
                "url": "/api/v2/language/7/"
            },
            "version_group": {
                "name": "sword-shield",
                "url": "/api/v2/version-group/20/"
            }
        },
        {
            "flavor_text": "Se i PS sono al massimo, riduce il danno subito.",
            "language": {
                "name": "it",
                "url": "/api/v2/language/8/"
            },
            "version_group": {
                "name": "sword-shield",
                "url": "/api/v2/version-group/20/"
            }
        },
        {
            "flavor_text": "Reduces the amount of damage the Pok\u00e9mon takes\nwhile its HP is full.",
            "language": {
                "name": "en",
                "url": "/api/v2/language/9/"
            },
            "version_group": {
                "name": "sword-shield",
                "url": "/api/v2/version-group/20/"
            }
        },
        {
            "flavor_text": "\uff28\uff30\u304c\u3000\u6e80\u30bf\u30f3\u306e\u3000\u3068\u304d\u306b\n\u53d7\u3051\u308b\u3000\u30c0\u30e1\u30fc\u30b8\u304c\u3000\u5c11\u306a\u304f\u306a\u308b\u3002",
            "language": {
                "name": "ja",
                "url": "/api/v2/language/11/"
            },
            "version_group": {
                "name": "sword-shield",
                "url": "/api/v2/version-group/20/"
            }
        },
        {
            "flavor_text": "\uff28\uff30\u5168\u6ee1\u65f6\uff0c\n\u53d7\u5230\u7684\u4f24\u5bb3\u4f1a\u53d8\u5c11\u3002",
            "language": {
                "name": "zh-Hans",
                "url": "/api/v2/language/12/"
            },
            "version_group": {
                "name": "sword-shield",
                "url": "/api/v2/version-group/20/"
            }
        }
    ],
    "generation": {
        "name": "generation-v",
        "url": "/api/v2/generation/5/"
    },
    "id": 136,
    "is_main_series": true,
    "name": "multiscale",
    "names": [
        {
            "language": {
                "name": "ja-Hrkt",
                "url": "/api/v2/language/1/"
            },
            "name": "\u30de\u30eb\u30c1\u30b9\u30b1\u30a4\u30eb"
        },
        {
            "language": {
                "name": "ko",
                "url": "/api/v2/language/3/"
            },
            "name": "\uba40\ud2f0\uc2a4\ucf00\uc77c"
        },
        {
            "language": {
                "name": "zh-Hant",
                "url": "/api/v2/language/4/"
            },
            "name": "\u591a\u91cd\u9c57\u7247"
        },
        {
            "language": {
                "name": "fr",
                "url": "/api/v2/language/5/"
            },
            "name": "Multi\u00e9caille"
        },
        {
            "language": {
                "name": "de",
                "url": "/api/v2/language/6/"
            },
            "name": "Multischuppe"
        },
        {
            "language": {
                "name": "es",
                "url": "/api/v2/language/7/"
            },
            "name": "Multiescamas"
        },
        {
            "language": {
                "name": "it",
                "url": "/api/v2/language/8/"
            },
            "name": "Multisquame"
        },
        {
            "language": {
                "name": "en",
                "url": "/api/v2/language/9/"
            },
            "name": "Multiscale"
        },
        {
            "language": {
                "name": "ja",
                "url": "/api/v2/language/11/"
            },
            "name": "\u30de\u30eb\u30c1\u30b9\u30b1\u30a4\u30eb"
        },
        {
            "language": {
                "name": "zh-Hans",
                "url": "/api/v2/language/12/"
            },
            "name": "\u591a\u91cd\u9cde\u7247"
        }
    ],
    "pokemon": [
        {
            "is_hidden": true,
            "pokemon": {
                "name": "dragonite",
                "url": "/api/v2/pokemon/149/"
            },
            "slot": 3
        },
        {
            "is_hidden": true,
            "pokemon": {
                "name": "lugia",
                "url": "/api/v2/pokemon/249/"
            },
            "slot": 3
        }
    ]
}