{
    "effect_changes": [],
    "effect_entries": [
        {
            "effect": "Der attack von Pok\u00e9mon mit dieser F\u00e4higkeit erh\u00f6ht sich um 1 Stufe, wenn es einen Gegner oder einen Teampartner besiegt.\n\nDie F\u00e4higkeit l\u00f6st nicht aus, wenn der Gegner indirekt besiegt wird, z.B. durch poison oder spikes.\n\nWenn der besiegte Gegner die F\u00e4higkeit mummy hat, \u00e4ndert sich die F\u00e4higkeit ohne den alten Effekt auszul\u00f6sen.",
            "language": {
                "name": "de",
                "url": "/api/v2/language/6/"
            },
            "short_effect": "Erh\u00f6ht den attack um 1 Stufe, wenn es einen Gegner besiegt."
        },
        {
            "effect": "This Pok\u00e9mon's Attack rises one stage upon knocking out another Pok\u00e9mon, even a friendly Pok\u00e9mon.\n\nThis ability does not take effect when the Pok\u00e9mon indirectly causes another Pok\u00e9mon to faint, e.g. through poison or spikes.\n\nIf this Pok\u00e9mon knocks out a Pok\u00e9mon with mummy, the former's ability will change without taking effect.",
            "language": {
                "name": "en",
                "url": "/api/v2/language/9/"
            },
            "short_effect": "Raises Attack one stage upon KOing a Pok\u00e9mon."
        }
    ],
    "flavor_text_entries": [
        {
            "flavor_text": "Monte l\u2019Attaque quand\nil met un ennemi K.O.",
            "language": {
                "name": "fr",
                "url": "/api/v2/language/5/"
            },
            "version_group": {
                "name": "black-white",
                "url": "/api/v2/version-group/11/"
            }
        },
        {
            "flavor_text": "Boosts Attack after\nknocking out any Pok\u00e9mon.",
            "language": {
                "name": "en",
                "url": "/api/v2/language/9/"
            },
            "version_group": {
                "name": "black-white",
                "url": "/api/v2/version-group/11/"
            }
        },
        {
            "flavor_text": "Boosts Attack after\nknocking out any Pok\u00e9mon.",
            "language": {
                "name": "en",
                "url": "/api/v2/language/9/"
            },
            "version_group": {
                "name": "black-2-white-2",
                "url": "/api/v2/version-group/14/"
            }
        },
        {
            "flavor_text": "\u3042\u3044\u3066\u3092\u3000\u305f\u304a\u3059\u3068\n\u3053\u3046\u3052\u304d\u304c\u3000\u3042\u304c\u308b\u3002",
            "language": {
                "name": "ja-Hrkt",
                "url": "/api/v2/language/1/"
            },
            "version_group": {
                "name": "x-y",
                "url": "/api/v2/version-group/15/"
            }
        },
        {
            "flavor_text": "\uc0c1\ub300\ub97c \uc4f0\ub7ec\ub728\ub9ac\uba74\n\uacf5\uaca9\uc774 \uc62c\ub77c\uac04\ub2e4.",
            "language": {
                "name": "ko",
                "url": "/api/v2/language/3/"
            },
            "version_group": {
                "name": "x-y",
                "url": "/api/v2/version-group/15/"
            }
        },
        {
            "flavor_text": "Monte l\u2019Attaque quand il met un\nennemi K.O.",
            "language": {
                "name": "fr",
                "url": "/api/v2/language/5/"
            },
            "version_group": {
                "name": "x-y",
                "url": "/api/v2/version-group/15/"
            }
        },
        {
            "flavor_text": "Besiegt es ein Pok\u00e9mon,\nsteigt sein Angriffs-Wert.",
            "language": {
                "name": "de",
                "url": "/api/v2/language/6/"
            },
            "version_group": {
                "name": "x-y",
                "url": "/api/v2/version-group/15/"
            }
        },
        {
            "flavor_text": "Potencia el Ataque al debilitar a\nun objetivo.",
            "language": {
                "name": "es",
                "url": "/api/v2/language/7/"
            },
            "version_group": {
                "name": "x-y",
                "url": "/api/v2/version-group/15/"
            }
        },
        {
            "flavor_text": "Aumenta l\u2019Attacco quando\nmanda un nemico KO.",
            "language": {
                "name": "it",
                "url": "/api/v2/language/8/"
            },
            "version_group": {
                "name": "x-y",
                "url": "/api/v2/version-group/15/"
            }
        },
        {
            "flavor_text": "Boosts the Attack stat after\nknocking out any Pok\u00e9mon.",
            "language": {
                "name": "en",
                "url": "/api/v2/language/9/"
            },
            "version_group": {
                "name": "x-y",
                "url": "/api/v2/version-group/15/"
            }
        },
        {
            "flavor_text": "\u76f8\u624b\u3092\u3000\u5012\u3059\u3068\n\u653b\u6483\u304c\u3000\u3042\u304c\u308b\u3002",
            "language": {
                "name": "ja",
                "url": "/api/v2/language/11/"
            },
            "version_group": {
                "name": "x-y",
                "url": "/api/v2/version-group/15/"
            }
        },
        {
            "flavor_text": "\u3042\u3044\u3066\u3092\u3000\u305f\u304a\u3059\u3068\n\u3053\u3046\u3052\u304d\u304c\u3000\u3042\u304c\u308b\u3002",
            "language": {
                "name": "ja-Hrkt",
                "url": "/api/v2/language/1/"
            },
            "version_group": {
                "name": "omega-ruby-alpha-sapphire",
                "url": "/api/v2/version-group/16/"
            }
        },
        {
            "flavor_text": "\uc0c1\ub300\ub97c \uc4f0\ub7ec\ub728\ub9ac\uba74\n\uacf5\uaca9\uc774 \uc62c\ub77c\uac04\ub2e4.",
            "language": {
                "name": "ko",
                "url": "/api/v2/language/3/"
            },
            "version_group": {
                "name": "omega-ruby-alpha-sapphire",
                "url": "/api/v2/version-group/16/"
            }
        },
        {
            "flavor_text": "Monte l\u2019Attaque quand il met un\nennemi K.O.",
            "language": {
                "name": "fr",
                "url": "/api/v2/language/5/"
            },
            "version_group": {
                "name": "omega-ruby-alpha-sapphire",
                "url": "/api/v2/version-group/16/"
            }
        },
        {
            "flavor_text": "Besiegt es ein Pok\u00e9mon,\nsteigt sein Angriffs-Wert.",
            "language": {
                "name": "de",
                "url": "/api/v2/language/6/"
            },
            "version_group": {
                "name": "omega-ruby-alpha-sapphire",
                "url": "/api/v2/version-group/16/"
            }
        },
        {
            "flavor_text": "Potencia el Ataque al debilitar a\nun objetivo.",
            "language": {
                "name": "es",
                "url": "/api/v2/language/7/"
            },
            "version_group": {
                "name": "omega-ruby-alpha-sapphire",
                "url": "/api/v2/version-group/16/"
            }
        },
        {
            "flavor_text": "Aumenta l\u2019Attacco quando\nmanda un nemico KO.",
            "language": {
                "name": "it",
                "url": "/api/v2/language/8/"
            },
            "version_group": {
                "name": "omega-ruby-alpha-sapphire",
                "url": "/api/v2/version-group/16/"
            }
        },
        {
            "flavor_text": "Boosts the Attack stat after\nknocking out any Pok\u00e9mon.",
            "language": {
                "name": "en",
                "url": "/api/v2/language/9/"
            },
            "version_group": {
                "name": "omega-ruby-alpha-sapphire",
                "url": "/api/v2/version-group/16/"
            }
        },
        {
            "flavor_text": "\u76f8\u624b\u3092\u3000\u5012\u3059\u3068\n\u653b\u6483\u304c\u3000\u3042\u304c\u308b\u3002",
            "language": {
                "name": "ja",
                "url": "/api/v2/language/11/"
            },
            "version_group": {
                "name": "omega-ruby-alpha-sapphire",
                "url": "/api/v2/version-group/16/"
            }
        },
        {
            "flavor_text": "\u3042\u3044\u3066\u3092\u3000\u305f\u304a\u3059\u3068\n\u3058\u3057\u3093\u304c\u3000\u3064\u3044\u3066\n\u3053\u3046\u3052\u304d\u304c\u3000\u3042\u304c\u308b\u3002",
            "language": {
                "name": "ja-Hrkt",
                "url": "/api/v2/language/1/"
            },
            "version_group": {
                "name": "sun-moon",
                "url": "/api/v2/version-group/17/"
            }
        },
        {
            "flavor_text": "\uc0c1\ub300\ub97c \uc4f0\ub7ec\ub728\ub9ac\uba74\n\uc790\uc2e0\uac10\uc774 \ubd99\uc5b4\uc11c\n\uacf5\uaca9\uc774 \uc62c\ub77c\uac04\ub2e4.",
            "language": {
                "name": "ko",
                "url": "/api/v2/language/3/"
            },
            "version_group": {
                "name": "sun-moon",
                "url": "/api/v2/version-group/17/"
            }
        },
        {
            "flavor_text": "\u5982\u679c\u6253\u5012\u5c0d\u624b\uff0c\n\u6703\u5145\u6eff\u81ea\u4fe1\u4e26\u63d0\u9ad8\u653b\u64ca\u3002",
            "language": {
                "name": "zh-Hant",
                "url": "/api/v2/language/4/"
            },
            "version_group": {
                "name": "sun-moon",
                "url": "/api/v2/version-group/17/"
            }
        },
        {
            "flavor_text": "Quand le Pok\u00e9mon met un ennemi K.O., sa confiance\nen lui ne conna\u00eet plus de limite et son Attaque\naugmente.",
            "language": {
                "name": "fr",
                "url": "/api/v2/language/5/"
            },
            "version_group": {
                "name": "sun-moon",
                "url": "/api/v2/version-group/17/"
            }
        },
        {
            "flavor_text": "Besiegt es ein Pok\u00e9mon, steigt sein Selbstvertrauen\nund somit auch sein Angriff.",
            "language": {
                "name": "de",
                "url": "/api/v2/language/6/"
            },
            "version_group": {
                "name": "sun-moon",
                "url": "/api/v2/version-group/17/"
            }
        },
        {
            "flavor_text": "Al debilitar a un objetivo, su confianza se refuerza\nde tal manera que aumenta el Ataque.",
            "language": {
                "name": "es",
                "url": "/api/v2/language/7/"
            },
            "version_group": {
                "name": "sun-moon",
                "url": "/api/v2/version-group/17/"
            }
        },
        {
            "flavor_text": "Quando manda un nemico KO, il Pok\u00e9mon si fa\nsicuro di s\u00e9 e aumenta il proprio Attacco.",
            "language": {
                "name": "it",
                "url": "/api/v2/language/8/"
            },
            "version_group": {
                "name": "sun-moon",
                "url": "/api/v2/version-group/17/"
            }
        },
        {
            "flavor_text": "The Pok\u00e9mon shows moxie, and that boosts the\nAttack stat after knocking out any Pok\u00e9mon.",
            "language": {
                "name": "en",
                "url": "/api/v2/language/9/"
            },
            "version_group": {
                "name": "sun-moon",
                "url": "/api/v2/version-group/17/"
            }
        },
        {
            "flavor_text": "\u76f8\u624b\u3092\u3000\u5012\u3059\u3068\n\u81ea\u4fe1\u304c\u3000\u3064\u3044\u3066\n\u653b\u6483\u304c\u3000\u4e0a\u304c\u308b\u3002",
            "language": {
                "name": "ja",
                "url": "/api/v2/language/11/"
            },
            "version_group": {
                "name": "sun-moon",
                "url": "/api/v2/version-group/17/"
            }
        },
        {
            "flavor_text": "\u5982\u679c\u6253\u5012\u5bf9\u624b\uff0c\n\u5c31\u4f1a\u5145\u6ee1\u81ea\u4fe1\uff0c\u653b\u51fb\u4f1a\u63d0\u9ad8\u3002",
            "language": {
                "name": "zh-Hans",
                "url": "/api/v2/language/12/"
            },
            "version_group": {
                "name": "sun-moon",
                "url": "/api/v2/version-group/17/"
            }
        },
        {
            "flavor_text": "\u3042\u3044\u3066\u3092\u3000\u305f\u304a\u3059\u3068\n\u3058\u3057\u3093\u304c\u3000\u3064\u3044\u3066\n\u3053\u3046\u3052\u304d\u304c\u3000\u3042\u304c\u308b\u3002",
            "language": {
                "name": "ja-Hrkt",
                "url": "/api/v2/language/1/"
            },
            "version_group": {
                "name": "ultra-sun-ultra-moon",
                "url": "/api/v2/version-group/18/"
            }
        },
        {
            "flavor_text": "\uc0c1\ub300\ub97c \uc4f0\ub7ec\ub728\ub9ac\uba74\n\uc790\uc2e0\uac10\uc774 \ubd99\uc5b4\uc11c\n\uacf5\uaca9\uc774 \uc62c\ub77c\uac04\ub2e4.",
            "language": {
                "name": "ko",
                "url": "/api/v2/language/3/"
            },
            "version_group": {
                "name": "ultra-sun-ultra-moon",
                "url": "/api/v2/version-group/18/"
            }
        },
        {
            "flavor_text": "\u5982\u679c\u6253\u5012\u5c0d\u624b\uff0c\n\u6703\u5145\u6eff\u81ea\u4fe1\u4e26\u63d0\u9ad8\u653b\u64ca\u3002",
            "language": {
                "name": "zh-Hant",
                "url": "/api/v2/language/4/"
            },
            "version_group": {
                "name": "ultra-sun-ultra-moon",
                "url": "/api/v2/version-group/18/"
            }
        },
        {
            "flavor_text": "Quand le Pok\u00e9mon met un ennemi K.O., sa confiance\nen lui ne conna\u00eet plus de limite et son Attaque\naugmente.",
            "language": {
                "name": "fr",
                "url": "/api/v2/language/5/"
            },
            "version_group": {
                "name": "ultra-sun-ultra-moon",
                "url": "/api/v2/version-group/18/"
            }
        },
        {
            "flavor_text": "Besiegt es ein Pok\u00e9mon, steigt sein Selbstvertrauen\nund somit auch sein Angriff.",
            "language": {
                "name": "de",
                "url": "/api/v2/language/6/"
            },
            "version_group": {
                "name": "ultra-sun-ultra-moon",
                "url": "/api/v2/version-group/18/"
            }
        },
        {
            "flavor_text": "Al debilitar a un objetivo, su confianza se refuerza\nde tal manera que aumenta el Ataque.",
            "language": {
                "name": "es",
                "url": "/api/v2/language/7/"
            },
            "version_group": {
                "name": "ultra-sun-ultra-moon",
                "url": "/api/v2/version-group/18/"
            }
        },
        {
            "flavor_text": "Quando manda un nemico KO, il Pok\u00e9mon si fa\nsicuro di s\u00e9 e aumenta il proprio Attacco.",
            "language": {
                "name": "it",
                "url": "/api/v2/language/8/"
            },
            "version_group": {
                "name": "ultra-sun-ultra-moon",
                "url": "/api/v2/version-group/18/"
            }
        },
        {
            "flavor_text": "The Pok\u00e9mon shows moxie, and that boosts the\nAttack stat after knocking out any Pok\u00e9mon.",
            "language": {
                "name": "en",
                "url": "/api/v2/language/9/"
            },
            "version_group": {
                "name": "ultra-sun-ultra-moon",
                "url": "/api/v2/version-group/18/"
            }
        },
        {
            "flavor_text": "\u76f8\u624b\u3092\u3000\u5012\u3059\u3068\n\u81ea\u4fe1\u304c\u3000\u3064\u3044\u3066\n\u653b\u6483\u304c\u3000\u4e0a\u304c\u308b\u3002",
            "language": {
                "name": "ja",
                "url": "/api/v2/language/11/"
            },
            "version_group": {
                "name": "ultra-sun-ultra-moon",
                "url": "/api/v2/version-group/18/"
            }
        },
        {
            "flavor_text": "\u5982\u679c\u6253\u5012\u5bf9\u624b\uff0c\n\u5c31\u4f1a\u5145\u6ee1\u81ea\u4fe1\uff0c\u653b\u51fb\u4f1a\u63d0\u9ad8\u3002",
            "language": {
                "name": "zh-Hans",
                "url": "/api/v2/language/12/"
            },
            "version_group": {
                "name": "ultra-sun-ultra-moon",
                "url": "/api/v2/version-group/18/"
            }
        },
        {
            "flavor_text": "\u3042\u3044\u3066\u3092\u3000\u305f\u304a\u3059\u3068\n\u3058\u3057\u3093\u304c\u3000\u3064\u3044\u3066\n\u3053\u3046\u3052\u304d\u304c\u3000\u3042\u304c\u308b\u3002",
            "language": {
                "name": "ja-Hrkt",
                "url": "/api/v2/language/1/"
            },
            "version_group": {
                "name": "lets-go-pikachu-lets-go-eevee",
                "url": "/api/v2/version-group/19/"
            }
        },
        {
            "flavor_text": "\uc0c1\ub300\ub97c \uc4f0\ub7ec\ub728\ub9ac\uba74\n\uc790\uc2e0\uac10\uc774 \ubd99\uc5b4\uc11c\n\uacf5\uaca9\uc774 \uc62c\ub77c\uac04\ub2e4.",
            "language": {
                "name": "ko",
                "url": "/api/v2/language/3/"
            },
            "version_group": {
                "name": "lets-go-pikachu-lets-go-eevee",
                "url": "/api/v2/version-group/19/"
            }
        },
        {
            "flavor_text": "\u5982\u679c\u6253\u5012\u5c0d\u624b\uff0c\n\u6703\u5145\u6eff\u81ea\u4fe1\u4e26\u63d0\u9ad8\u653b\u64ca\u3002",
            "language": {
                "name": "zh-Hant",
                "url": "/api/v2/language/4/"
            },
            "version_group": {
                "name": "lets-go-pikachu-lets-go-eevee",
                "url": "/api/v2/version-group/19/"
            }
        },
        {
            "flavor_text": "Quand le Pok\u00e9mon met un ennemi K.O., sa confiance\nen lui ne conna\u00eet plus de limite et son Attaque\naugmente.",
            "language": {
                "name": "fr",
                "url": "/api/v2/language/5/"
            },
            "version_group": {
                "name": "lets-go-pikachu-lets-go-eevee",
                "url": "/api/v2/version-group/19/"
            }
        },
        {
            "flavor_text": "Besiegt es ein Pok\u00e9mon, steigt sein Selbstvertrauen\nund somit auch sein Angriff.",
            "language": {
                "name": "de",
                "url": "/api/v2/language/6/"
            },
            "version_group": {
                "name": "lets-go-pikachu-lets-go-eevee",
                "url": "/api/v2/version-group/19/"
            }
        },
        {
            "flavor_text": "Al debilitar a un objetivo, su confianza se refuerza\nde tal manera que aumenta el Ataque.",
            "language": {
                "name": "es",
                "url": "/api/v2/language/7/"
            },
            "version_group": {
                "name": "lets-go-pikachu-lets-go-eevee",
                "url": "/api/v2/version-group/19/"
            }
        },
        {
            "flavor_text": "Quando manda un nemico KO, il Pok\u00e9mon si fa\nsicuro di s\u00e9 e aumenta il proprio Attacco.",
            "language": {
                "name": "it",
                "url": "/api/v2/language/8/"
            },
            "version_group": {
                "name": "lets-go-pikachu-lets-go-eevee",
                "url": "/api/v2/version-group/19/"
            }
        },
        {
            "flavor_text": "The Pok\u00e9mon shows moxie, and that boosts the\nAttack stat after knocking out any Pok\u00e9mon.",
            "language": {
                "name": "en",
                "url": "/api/v2/language/9/"
            },
            "version_group": {
                "name": "lets-go-pikachu-lets-go-eevee",
                "url": "/api/v2/version-group/19/"
            }
        },
        {
            "flavor_text": "\u76f8\u624b\u3092\u3000\u5012\u3059\u3068\n\u81ea\u4fe1\u304c\u3000\u3064\u3044\u3066\n\u653b\u6483\u304c\u3000\u4e0a\u304c\u308b\u3002",
            "language": {
                "name": "ja",
                "url": "/api/v2/language/11/"
            },
            "version_group": {
                "name": "lets-go-pikachu-lets-go-eevee",
                "url": "/api/v2/version-group/19/"
            }
        },
        {
            "flavor_text": "\u5982\u679c\u6253\u5012\u5bf9\u624b\uff0c\n\u5c31\u4f1a\u5145\u6ee1\u81ea\u4fe1\uff0c\u653b\u51fb\u4f1a\u63d0\u9ad8\u3002",
            "language": {
                "name": "zh-Hans",
                "url": "/api/v2/language/12/"
            },
            "version_group": {
                "name": "lets-go-pikachu-lets-go-eevee",
                "url": "/api/v2/version-group/19/"
            }
        },
        {
            "flavor_text": "\u3042\u3044\u3066\u3092\u3000\u305f\u304a\u3059\u3068\n\u3058\u3057\u3093\u304c\u3000\u3064\u3044\u3066\n\u3053\u3046\u3052\u304d\u304c\u3000\u3042\u304c\u308b\u3002",
            "language": {
                "name": "ja-Hrkt",
                "url": "/api/v2/language/1/"
            },
            "version_group": {
                "name": "sword-shield",
                "url": "/api/v2/version-group/20/"
            }
        },
        {
            "flavor_text": "\uc0c1\ub300\ub97c \uc4f0\ub7ec\ub728\ub9ac\uba74\n\uc790\uc2e0\uac10\uc774 \ubd99\uc5b4\uc11c\n\uacf5\uaca9\uc774 \uc62c\ub77c\uac04\ub2e4.",
            "language": {
                "name": "ko",
                "url": "/api/v2/language/3/"
            },
            "version_group": {
                "name": "sword-shield",
                "url": "/api/v2/version-group/20/"
            }
        },
        {
            "flavor_text": "\u5982\u679c\u6253\u5012\u5c0d\u624b\uff0c\n\u6703\u5145\u6eff\u81ea\u4fe1\u4e26\u63d0\u9ad8\u653b\u64ca\u3002",
            "language": {
                "name": "zh-Hant",
                "url": "/api/v2/language/4/"
            },
            "version_group": {
                "name": "sword-shield",
                "url": "/api/v2/version-group/20/"
            }
        },
        {
            "flavor_text": "Quand le Pok\u00e9mon met un ennemi K.O.,\nsa confiance en lui ne conna\u00eet plus de limite\net son Attaque augmente.",
            "language": {
                "name": "fr",
                "url": "/api/v2/language/5/"
            },
            "version_group": {
                "name": "sword-shield",
                "url": "/api/v2/version-group/20/"
            }
        },
        {
            "flavor_text": "Besiegt es ein Pok\u00e9mon, steigt sein Selbstvertrauen\nund somit auch sein Angriff.",
            "language": {
                "name": "de",
                "url": "/api/v2/language/6/"
            },
            "version_group": {
                "name": "sword-shield",
                "url": "/api/v2/version-group/20/"
            }
        },
        {
            "flavor_text": "Al debilitar a un objetivo, su confianza se refuerza\nde tal manera que aumenta su Ataque.",
            "language": {
                "name": "es",
                "url": "/api/v2/language/7/"
            },
            "version_group": {
                "name": "sword-shield",
                "url": "/api/v2/version-group/20/"
            }
        },
        {
            "flavor_text": "Quando manda un nemico KO, il Pok\u00e9mon si fa\nsicuro di s\u00e9 e aumenta il proprio Attacco.",
            "language": {
                "name": "it",
                "url": "/api/v2/language/8/"
            },
            "version_group": {
                "name": "sword-shield",
                "url": "/api/v2/version-group/20/"
            }
        },
        {
            "flavor_text": "The Pok\u00e9mon shows moxie, and that boosts the\nAttack stat after knocking out any Pok\u00e9mon.",
            "language": {
                "name": "en",
                "url": "/api/v2/language/9/"
            },
            "version_group": {
                "name": "sword-shield",
                "url": "/api/v2/version-group/20/"
            }
        },
        {
            "flavor_text": "\u76f8\u624b\u3092\u3000\u5012\u3059\u3068\n\u81ea\u4fe1\u304c\u3000\u3064\u3044\u3066\n\u653b\u6483\u304c\u3000\u4e0a\u304c\u308b\u3002",
            "language": {
                "name": "ja",
                "url": "/api/v2/language/11/"
            },
            "version_group": {
                "name": "sword-shield",
                "url": "/api/v2/version-group/20/"
            }
        },
        {
            "flavor_text": "\u5982\u679c\u6253\u5012\u5bf9\u624b\uff0c\n\u5c31\u4f1a\u5145\u6ee1\u81ea\u4fe1\uff0c\u653b\u51fb\u4f1a\u63d0\u9ad8\u3002",
            "language": {
                "name": "zh-Hans",
                "url": "/api/v2/language/12/"
            },
            "version_group": {
                "name": "sword-shield",
                "url": "/api/v2/version-group/20/"
            }
        }
    ],
    "generation": {
        "name": "generation-v",
        "url": "/api/v2/generation/5/"
    },
    "id": 153,
    "is_main_series": true,
    "name": "moxie",
    "names": [
        {
            "language": {
                "name": "ja-Hrkt",
                "url": "/api/v2/language/1/"
            },
            "name": "\u3058\u3057\u3093\u304b\u3058\u3087\u3046"
        },
        {
            "language": {
                "name": "ko",
                "url": "/api/v2/language/3/"
            },
            "name": "\uc790\uae30\uacfc\uc2e0"
        },
        {
            "language": {
                "name": "zh-Hant",
                "url": "/api/v2/language/4/"
            },
            "name": "\u81ea\u4fe1\u904e\u5ea6"
        },
        {
            "language": {
                "name": "fr",
                "url": "/api/v2/language/5/"
            },
            "name": "Impudence"
        },
        {
            "language": {
                "name": "de",
                "url": "/api/v2/language/6/"
            },
            "name": "Hochmut"
        },
        {
            "language": {
                "name": "es",
                "url": "/api/v2/language/7/"
            },
            "name": "Autoestima"
        },
        {
            "language": {
                "name": "it",
                "url": "/api/v2/language/8/"
            },
            "name": "Arroganza"
        },
        {
            "language": {
                "name": "en",
                "url": "/api/v2/language/9/"
            },
            "name": "Moxie"
        },
        {
            "language": {
                "name": "ja",
                "url": "/api/v2/language/11/"
            },
            "name": "\u3058\u3057\u3093\u304b\u3058\u3087\u3046"
        },
        {
            "language": {
                "name": "zh-Hans",
                "url": "/api/v2/language/12/"
            },
            "name": "\u81ea\u4fe1\u8fc7\u5ea6"
        }
    ],
    "pokemon": [
        {
            "is_hidden": true,
            "pokemon": {
                "name": "pinsir",
                "url": "/api/v2/pokemon/127/"
            },
            "slot": 3
        },
        {
            "is_hidden": true,
            "pokemon": {
                "name": "gyarados",
                "url": "/api/v2/pokemon/130/"
            },
            "slot": 3
        },
        {
            "is_hidden": true,
            "pokemon": {
                "name": "heracross",
                "url": "/api/v2/pokemon/214/"
            },
            "slot": 3
        },
        {
            "is_hidden": true,
            "pokemon": {
                "name": "mightyena",
                "url": "/api/v2/pokemon/262/"
            },
            "slot": 3
        },
        {
            "is_hidden": true,
            "pokemon": {
                "name": "salamence",
                "url": "/api/v2/pokemon/373/"
            },
            "slot": 3
        },
        {
            "is_hidden": true,
            "pokemon": {
                "name": "honchkrow",
                "url": "/api/v2/pokemon/430/"
            },
            "slot": 3
        },
        {
            "is_hidden": false,
            "pokemon": {
                "name": "sandile",
                "url": "/api/v2/pokemon/551/"
            },
            "slot": 2
        },
        {
            "is_hidden": false,
            "pokemon": {
                "name": "krokorok",
                "url": "/api/v2/pokemon/552/"
            },
            "slot": 2
        },
        {
            "is_hidden": false,
            "pokemon": {
                "name": "krookodile",
                "url": "/api/v2/pokemon/553/"
            },
            "slot": 2
        },
        {
            "is_hidden": false,
            "pokemon": {
                "name": "scraggy",
                "url": "/api/v2/pokemon/559/"
            },
            "slot": 2
        },
        {
            "is_hidden": false,
            "pokemon": {
                "name": "scrafty",
                "url": "/api/v2/pokemon/560/"
            },
            "slot": 2
        },
        {
            "is_hidden": true,
            "pokemon": {
                "name": "litleo",
                "url": "/api/v2/pokemon/667/"
            },
            "slot": 3
        },
        {
            "is_hidden": true,
            "pokemon": {
                "name": "pyroar",
                "url": "/api/v2/pokemon/668/"
            },
            "slot": 3
        },
        {
            "is_hidden": true,
            "pokemon": {
                "name": "quaxly",
                "url": "/api/v2/pokemon/912/"
            },
            "slot": 3
        },
        {
            "is_hidden": true,
            "pokemon": {
                "name": "quaxwell",
                "url": "/api/v2/pokemon/913/"
            },
            "slot": 3
        },
        {
            "is_hidden": true,
            "pokemon": {
                "name": "quaquaval",
                "url": "/api/v2/pokemon/914/"
            },
            "slot": 3
        }
    ]
}