{
    "effect_changes": [],
    "effect_entries": [
        {
            "effect": "Pok\u00e9mon mit dieser F\u00e4higkeit k\u00f6nnen keine negativen Statuswerte \u00c4nderungen von anderen Pok\u00e9mon zugef\u00fcgt werden.\n\nDiese F\u00e4higkeit verhindert keine stat modifier die nicht direkt verursacht wurden, wie die verminderte speed durch paralysis oder selbstverursachte negative Statuswerte\u00e4nderungen wie durch overheat. Dem Pok\u00e9mon k\u00f6nnen trotzdem negative Statuswerte mit guard swap, heart swap oder power swap \u00fcbertragen werden.\n\nDiese F\u00e4higkeit ist identisch mit white smoke im Kampf.",
            "language": {
                "name": "de",
                "url": "/api/v2/language/6/"
            },
            "short_effect": "Verhindert negative stat modifier von anderen Pok\u00e9mon."
        },
        {
            "effect": "This Pok\u00e9mon cannot have its stats lowered by other Pok\u00e9mon.\n\nThis ability does not prevent any stat losses other than stat modifiers, such as the Speed cut from paralysis.  This Pok\u00e9mon can still be passed negative stat modifiers through guard swap, heart swap, or power swap.\n\nThis ability functions identically to white smoke in battle.",
            "language": {
                "name": "en",
                "url": "/api/v2/language/9/"
            },
            "short_effect": "Prevents stats from being lowered by other Pok\u00e9mon."
        }
    ],
    "flavor_text_entries": [
        {
            "flavor_text": "Prevents ability reduction.",
            "language": {
                "name": "en",
                "url": "/api/v2/language/9/"
            },
            "version_group": {
                "name": "ruby-sapphire",
                "url": "/api/v2/version-group/5/"
            }
        },
        {
            "flavor_text": "Prevents ability reduction.",
            "language": {
                "name": "en",
                "url": "/api/v2/language/9/"
            },
            "version_group": {
                "name": "emerald",
                "url": "/api/v2/version-group/6/"
            }
        },
        {
            "flavor_text": "Prevents ability reduction.",
            "language": {
                "name": "en",
                "url": "/api/v2/language/9/"
            },
            "version_group": {
                "name": "firered-leafgreen",
                "url": "/api/v2/version-group/7/"
            }
        },
        {
            "flavor_text": "Prevents the Pok\u00e9mon\u2019s\nstats from being lowered.",
            "language": {
                "name": "en",
                "url": "/api/v2/language/9/"
            },
            "version_group": {
                "name": "diamond-pearl",
                "url": "/api/v2/version-group/8/"
            }
        },
        {
            "flavor_text": "Prevents the Pok\u00e9mon\u2019s\nstats from being lowered.",
            "language": {
                "name": "en",
                "url": "/api/v2/language/9/"
            },
            "version_group": {
                "name": "platinum",
                "url": "/api/v2/version-group/9/"
            }
        },
        {
            "flavor_text": "Prevents its stats from\nbeing lowered.",
            "language": {
                "name": "en",
                "url": "/api/v2/language/9/"
            },
            "version_group": {
                "name": "heartgold-soulsilver",
                "url": "/api/v2/version-group/10/"
            }
        },
        {
            "flavor_text": "Emp\u00eache les stats\ndu Pok\u00e9mon de baisser.",
            "language": {
                "name": "fr",
                "url": "/api/v2/language/5/"
            },
            "version_group": {
                "name": "black-white",
                "url": "/api/v2/version-group/11/"
            }
        },
        {
            "flavor_text": "Prevents other Pok\u00e9mon\nfrom lowering its stats.",
            "language": {
                "name": "en",
                "url": "/api/v2/language/9/"
            },
            "version_group": {
                "name": "black-white",
                "url": "/api/v2/version-group/11/"
            }
        },
        {
            "flavor_text": "Prevents other Pok\u00e9mon\nfrom lowering its stats.",
            "language": {
                "name": "en",
                "url": "/api/v2/language/9/"
            },
            "version_group": {
                "name": "black-2-white-2",
                "url": "/api/v2/version-group/14/"
            }
        },
        {
            "flavor_text": "\u3042\u3044\u3066\u306b\u3000\u306e\u3046\u308a\u3087\u304f\u3092\n\u3055\u3052\u3089\u308c\u306a\u3044\u3002",
            "language": {
                "name": "ja-Hrkt",
                "url": "/api/v2/language/1/"
            },
            "version_group": {
                "name": "x-y",
                "url": "/api/v2/version-group/15/"
            }
        },
        {
            "flavor_text": "\uc0c1\ub300\uac00 \ub2a5\ub825\uc744\n\ub5a8\uc5b4\ub728\ub9b4 \uc218 \uc5c6\ub2e4.",
            "language": {
                "name": "ko",
                "url": "/api/v2/language/3/"
            },
            "version_group": {
                "name": "x-y",
                "url": "/api/v2/version-group/15/"
            }
        },
        {
            "flavor_text": "Emp\u00eache les stats du Pok\u00e9mon\nde baisser.",
            "language": {
                "name": "fr",
                "url": "/api/v2/language/5/"
            },
            "version_group": {
                "name": "x-y",
                "url": "/api/v2/version-group/15/"
            }
        },
        {
            "flavor_text": "Hindert Angreifer daran,\nStatuswerte zu senken.",
            "language": {
                "name": "de",
                "url": "/api/v2/language/6/"
            },
            "version_group": {
                "name": "x-y",
                "url": "/api/v2/version-group/15/"
            }
        },
        {
            "flavor_text": "Evita que bajen las\ncaracter\u00edsticas.",
            "language": {
                "name": "es",
                "url": "/api/v2/language/7/"
            },
            "version_group": {
                "name": "x-y",
                "url": "/api/v2/version-group/15/"
            }
        },
        {
            "flavor_text": "Le statistiche del Pok\u00e9mon\nnon possono essere ridotte.",
            "language": {
                "name": "it",
                "url": "/api/v2/language/8/"
            },
            "version_group": {
                "name": "x-y",
                "url": "/api/v2/version-group/15/"
            }
        },
        {
            "flavor_text": "Prevents other Pok\u00e9mon\nfrom lowering its stats.",
            "language": {
                "name": "en",
                "url": "/api/v2/language/9/"
            },
            "version_group": {
                "name": "x-y",
                "url": "/api/v2/version-group/15/"
            }
        },
        {
            "flavor_text": "\u76f8\u624b\u306b\u3000\u80fd\u529b\u3092\n\u3055\u3052\u3089\u308c\u306a\u3044\u3002",
            "language": {
                "name": "ja",
                "url": "/api/v2/language/11/"
            },
            "version_group": {
                "name": "x-y",
                "url": "/api/v2/version-group/15/"
            }
        },
        {
            "flavor_text": "\u3042\u3044\u3066\u306b\u3000\u306e\u3046\u308a\u3087\u304f\u3092\n\u3055\u3052\u3089\u308c\u306a\u3044\u3002",
            "language": {
                "name": "ja-Hrkt",
                "url": "/api/v2/language/1/"
            },
            "version_group": {
                "name": "omega-ruby-alpha-sapphire",
                "url": "/api/v2/version-group/16/"
            }
        },
        {
            "flavor_text": "\uc0c1\ub300\uac00 \ub2a5\ub825\uc744\n\ub5a8\uc5b4\ub728\ub9b4 \uc218 \uc5c6\ub2e4.",
            "language": {
                "name": "ko",
                "url": "/api/v2/language/3/"
            },
            "version_group": {
                "name": "omega-ruby-alpha-sapphire",
                "url": "/api/v2/version-group/16/"
            }
        },
        {
            "flavor_text": "Emp\u00eache les stats du Pok\u00e9mon\nde baisser.",
            "language": {
                "name": "fr",
                "url": "/api/v2/language/5/"
            },
            "version_group": {
                "name": "omega-ruby-alpha-sapphire",
                "url": "/api/v2/version-group/16/"
            }
        },
        {
            "flavor_text": "Hindert Angreifer daran,\nStatuswerte zu senken.",
            "language": {
                "name": "de",
                "url": "/api/v2/language/6/"
            },
            "version_group": {
                "name": "omega-ruby-alpha-sapphire",
                "url": "/api/v2/version-group/16/"
            }
        },
        {
            "flavor_text": "Evita que bajen las\ncaracter\u00edsticas.",
            "language": {
                "name": "es",
                "url": "/api/v2/language/7/"
            },
            "version_group": {
                "name": "omega-ruby-alpha-sapphire",
                "url": "/api/v2/version-group/16/"
            }
        },
        {
            "flavor_text": "Le statistiche del Pok\u00e9mon\nnon possono essere ridotte.",
            "language": {
                "name": "it",
                "url": "/api/v2/language/8/"
            },
            "version_group": {
                "name": "omega-ruby-alpha-sapphire",
                "url": "/api/v2/version-group/16/"
            }
        },
        {
            "flavor_text": "Prevents other Pok\u00e9mon\nfrom lowering its stats.",
            "language": {
                "name": "en",
                "url": "/api/v2/language/9/"
            },
            "version_group": {
                "name": "omega-ruby-alpha-sapphire",
                "url": "/api/v2/version-group/16/"
            }
        },
        {
            "flavor_text": "\u76f8\u624b\u306b\u3000\u80fd\u529b\u3092\n\u3055\u3052\u3089\u308c\u306a\u3044\u3002",
            "language": {
                "name": "ja",
                "url": "/api/v2/language/11/"
            },
            "version_group": {
                "name": "omega-ruby-alpha-sapphire",
                "url": "/api/v2/version-group/16/"
            }
        },
        {
            "flavor_text": "\u3042\u3044\u3066\u306e\u3000\u308f\u3056\u3084\u3000\u3068\u304f\u305b\u3044\u3067\n\u306e\u3046\u308a\u3087\u304f\u3092\u3000\u3055\u3052\u3089\u308c\u306a\u3044\u3002",
            "language": {
                "name": "ja-Hrkt",
                "url": "/api/v2/language/1/"
            },
            "version_group": {
                "name": "sun-moon",
                "url": "/api/v2/version-group/17/"
            }
        },
        {
            "flavor_text": "\uc0c1\ub300 \uae30\uc220\uc774\ub098 \ud2b9\uc131\uc73c\ub85c\n\ub2a5\ub825\uc744 \ub5a8\uc5b4\ub728\ub9b4 \uc218 \uc5c6\ub2e4.",
            "language": {
                "name": "ko",
                "url": "/api/v2/language/3/"
            },
            "version_group": {
                "name": "sun-moon",
                "url": "/api/v2/version-group/17/"
            }
        },
        {
            "flavor_text": "\u4e0d\u6703\u56e0\u5c0d\u624b\u7684\u62db\u5f0f\u6216\u7279\u6027\n\u800c\u88ab\u964d\u4f4e\u80fd\u529b\u3002",
            "language": {
                "name": "zh-Hant",
                "url": "/api/v2/language/4/"
            },
            "version_group": {
                "name": "sun-moon",
                "url": "/api/v2/version-group/17/"
            }
        },
        {
            "flavor_text": "Emp\u00eache les stats du Pok\u00e9mon de baisser \u00e0 cause\nd\u2019une capacit\u00e9 ou d\u2019un talent.",
            "language": {
                "name": "fr",
                "url": "/api/v2/language/5/"
            },
            "version_group": {
                "name": "sun-moon",
                "url": "/api/v2/version-group/17/"
            }
        },
        {
            "flavor_text": "Verhindert das Senken der Statuswerte durch\nAttacken und F\u00e4higkeiten von Angreifern.",
            "language": {
                "name": "de",
                "url": "/api/v2/language/6/"
            },
            "version_group": {
                "name": "sun-moon",
                "url": "/api/v2/version-group/17/"
            }
        },
        {
            "flavor_text": "Evita que bajen sus caracter\u00edsticas a causa de\nmovimientos o habilidades de otros Pok\u00e9mon.",
            "language": {
                "name": "es",
                "url": "/api/v2/language/7/"
            },
            "version_group": {
                "name": "sun-moon",
                "url": "/api/v2/version-group/17/"
            }
        },
        {
            "flavor_text": "Rende immuni alla diminuzione delle statistiche\ncausata da abilit\u00e0 o mosse di altri Pok\u00e9mon.",
            "language": {
                "name": "it",
                "url": "/api/v2/language/8/"
            },
            "version_group": {
                "name": "sun-moon",
                "url": "/api/v2/version-group/17/"
            }
        },
        {
            "flavor_text": "Prevents other Pok\u00e9mon\u2019s moves or Abilities from\nlowering the Pok\u00e9mon\u2019s stats.",
            "language": {
                "name": "en",
                "url": "/api/v2/language/9/"
            },
            "version_group": {
                "name": "sun-moon",
                "url": "/api/v2/version-group/17/"
            }
        },
        {
            "flavor_text": "\u76f8\u624b\u306e\u3000\u6280\u3084\u3000\u7279\u6027\u3067\n\u80fd\u529b\u3092\u3000\u4e0b\u3052\u3089\u308c\u306a\u3044\u3002",
            "language": {
                "name": "ja",
                "url": "/api/v2/language/11/"
            },
            "version_group": {
                "name": "sun-moon",
                "url": "/api/v2/version-group/17/"
            }
        },
        {
            "flavor_text": "\u4e0d\u4f1a\u56e0\u4e3a\u5bf9\u624b\u7684\u62db\u5f0f\u6216\u7279\u6027\n\u800c\u88ab\u964d\u4f4e\u80fd\u529b\u3002",
            "language": {
                "name": "zh-Hans",
                "url": "/api/v2/language/12/"
            },
            "version_group": {
                "name": "sun-moon",
                "url": "/api/v2/version-group/17/"
            }
        },
        {
            "flavor_text": "\u3042\u3044\u3066\u306e\u3000\u308f\u3056\u3084\u3000\u3068\u304f\u305b\u3044\u3067\n\u306e\u3046\u308a\u3087\u304f\u3092\u3000\u3055\u3052\u3089\u308c\u306a\u3044\u3002",
            "language": {
                "name": "ja-Hrkt",
                "url": "/api/v2/language/1/"
            },
            "version_group": {
                "name": "ultra-sun-ultra-moon",
                "url": "/api/v2/version-group/18/"
            }
        },
        {
            "flavor_text": "\uc0c1\ub300 \uae30\uc220\uc774\ub098 \ud2b9\uc131\uc73c\ub85c\n\ub2a5\ub825\uc744 \ub5a8\uc5b4\ub728\ub9b4 \uc218 \uc5c6\ub2e4.",
            "language": {
                "name": "ko",
                "url": "/api/v2/language/3/"
            },
            "version_group": {
                "name": "ultra-sun-ultra-moon",
                "url": "/api/v2/version-group/18/"
            }
        },
        {
            "flavor_text": "\u4e0d\u6703\u56e0\u5c0d\u624b\u7684\u62db\u5f0f\u6216\u7279\u6027\n\u800c\u88ab\u964d\u4f4e\u80fd\u529b\u3002",
            "language": {
                "name": "zh-Hant",
                "url": "/api/v2/language/4/"
            },
            "version_group": {
                "name": "ultra-sun-ultra-moon",
                "url": "/api/v2/version-group/18/"
            }
        },
        {
            "flavor_text": "Emp\u00eache les stats du Pok\u00e9mon de baisser \u00e0 cause\nd\u2019une capacit\u00e9 ou d\u2019un talent.",
            "language": {
                "name": "fr",
                "url": "/api/v2/language/5/"
            },
            "version_group": {
                "name": "ultra-sun-ultra-moon",
                "url": "/api/v2/version-group/18/"
            }
        },
        {
            "flavor_text": "Verhindert das Senken der Statuswerte durch\nAttacken und F\u00e4higkeiten von Angreifern.",
            "language": {
                "name": "de",
                "url": "/api/v2/language/6/"
            },
            "version_group": {
                "name": "ultra-sun-ultra-moon",
                "url": "/api/v2/version-group/18/"
            }
        },
        {
            "flavor_text": "Evita que bajen sus caracter\u00edsticas a causa de\nmovimientos o habilidades de otros Pok\u00e9mon.",
            "language": {
                "name": "es",
                "url": "/api/v2/language/7/"
            },
            "version_group": {
                "name": "ultra-sun-ultra-moon",
                "url": "/api/v2/version-group/18/"
            }
        },
        {
            "flavor_text": "Rende immuni alla diminuzione delle statistiche\ncausata da abilit\u00e0 o mosse di altri Pok\u00e9mon.",
            "language": {
                "name": "it",
                "url": "/api/v2/language/8/"
            },
            "version_group": {
                "name": "ultra-sun-ultra-moon",
                "url": "/api/v2/version-group/18/"
            }
        },
        {
            "flavor_text": "Prevents other Pok\u00e9mon\u2019s moves or Abilities from\nlowering the Pok\u00e9mon\u2019s stats.",
            "language": {
                "name": "en",
                "url": "/api/v2/language/9/"
            },
            "version_group": {
                "name": "ultra-sun-ultra-moon",
                "url": "/api/v2/version-group/18/"
            }
        },
        {
            "flavor_text": "\u76f8\u624b\u306e\u3000\u6280\u3084\u3000\u7279\u6027\u3067\n\u80fd\u529b\u3092\u3000\u4e0b\u3052\u3089\u308c\u306a\u3044\u3002",
            "language": {
                "name": "ja",
                "url": "/api/v2/language/11/"
            },
            "version_group": {
                "name": "ultra-sun-ultra-moon",
                "url": "/api/v2/version-group/18/"
            }
        },
        {
            "flavor_text": "\u4e0d\u4f1a\u56e0\u4e3a\u5bf9\u624b\u7684\u62db\u5f0f\u6216\u7279\u6027\n\u800c\u88ab\u964d\u4f4e\u80fd\u529b\u3002",
            "language": {
                "name": "zh-Hans",
                "url": "/api/v2/language/12/"
            },
            "version_group": {
                "name": "ultra-sun-ultra-moon",
                "url": "/api/v2/version-group/18/"
            }
        },
        {
            "flavor_text": "\u3042\u3044\u3066\u306e\u3000\u308f\u3056\u3084\u3000\u3068\u304f\u305b\u3044\u3067\n\u306e\u3046\u308a\u3087\u304f\u3092\u3000\u3055\u3052\u3089\u308c\u306a\u3044\u3002",
            "language": {
                "name": "ja-Hrkt",
                "url": "/api/v2/language/1/"
            },
            "version_group": {
                "name": "lets-go-pikachu-lets-go-eevee",
                "url": "/api/v2/version-group/19/"
            }
        },
        {
            "flavor_text": "\uc0c1\ub300 \uae30\uc220\uc774\ub098 \ud2b9\uc131\uc73c\ub85c\n\ub2a5\ub825\uc744 \ub5a8\uc5b4\ub728\ub9b4 \uc218 \uc5c6\ub2e4.",
            "language": {
                "name": "ko",
                "url": "/api/v2/language/3/"
            },
            "version_group": {
                "name": "lets-go-pikachu-lets-go-eevee",
                "url": "/api/v2/version-group/19/"
            }
        },
        {
            "flavor_text": "\u4e0d\u6703\u56e0\u5c0d\u624b\u7684\u62db\u5f0f\u6216\u7279\u6027\n\u800c\u88ab\u964d\u4f4e\u80fd\u529b\u3002",
            "language": {
                "name": "zh-Hant",
                "url": "/api/v2/language/4/"
            },
            "version_group": {
                "name": "lets-go-pikachu-lets-go-eevee",
                "url": "/api/v2/version-group/19/"
            }
        },
        {
            "flavor_text": "Emp\u00eache les stats du Pok\u00e9mon de baisser \u00e0 cause\nd\u2019une capacit\u00e9 ou d\u2019un talent.",
            "language": {
                "name": "fr",
                "url": "/api/v2/language/5/"
            },
            "version_group": {
                "name": "lets-go-pikachu-lets-go-eevee",
                "url": "/api/v2/version-group/19/"
            }
        },
        {
            "flavor_text": "Verhindert das Senken der Statuswerte durch\nAttacken und F\u00e4higkeiten von Angreifern.",
            "language": {
                "name": "de",
                "url": "/api/v2/language/6/"
            },
            "version_group": {
                "name": "lets-go-pikachu-lets-go-eevee",
                "url": "/api/v2/version-group/19/"
            }
        },
        {
            "flavor_text": "Evita que bajen sus caracter\u00edsticas a causa de\nmovimientos o habilidades de otros Pok\u00e9mon.",
            "language": {
                "name": "es",
                "url": "/api/v2/language/7/"
            },
            "version_group": {
                "name": "lets-go-pikachu-lets-go-eevee",
                "url": "/api/v2/version-group/19/"
            }
        },
        {
            "flavor_text": "Rende immuni alla diminuzione delle statistiche\ncausata da abilit\u00e0 o mosse di altri Pok\u00e9mon.",
            "language": {
                "name": "it",
                "url": "/api/v2/language/8/"
            },
            "version_group": {
                "name": "lets-go-pikachu-lets-go-eevee",
                "url": "/api/v2/version-group/19/"
            }
        },
        {
            "flavor_text": "Prevents other Pok\u00e9mon\u2019s moves or Abilities from\nlowering the Pok\u00e9mon\u2019s stats.",
            "language": {
                "name": "en",
                "url": "/api/v2/language/9/"
            },
            "version_group": {
                "name": "lets-go-pikachu-lets-go-eevee",
                "url": "/api/v2/version-group/19/"
            }
        },
        {
            "flavor_text": "\u76f8\u624b\u306e\u3000\u6280\u3084\u3000\u7279\u6027\u3067\n\u80fd\u529b\u3092\u3000\u4e0b\u3052\u3089\u308c\u306a\u3044\u3002",
            "language": {
                "name": "ja",
                "url": "/api/v2/language/11/"
            },
            "version_group": {
                "name": "lets-go-pikachu-lets-go-eevee",
                "url": "/api/v2/version-group/19/"
            }
        },
        {
            "flavor_text": "\u4e0d\u4f1a\u56e0\u4e3a\u5bf9\u624b\u7684\u62db\u5f0f\u6216\u7279\u6027\n\u800c\u88ab\u964d\u4f4e\u80fd\u529b\u3002",
            "language": {
                "name": "zh-Hans",
                "url": "/api/v2/language/12/"
            },
            "version_group": {
                "name": "lets-go-pikachu-lets-go-eevee",
                "url": "/api/v2/version-group/19/"
            }
        },
        {
            "flavor_text": "\u3042\u3044\u3066\u306e\u3000\u308f\u3056\u3084\u3000\u3068\u304f\u305b\u3044\u3067\n\u306e\u3046\u308a\u3087\u304f\u3092\u3000\u3055\u3052\u3089\u308c\u306a\u3044\u3002",
            "language": {
                "name": "ja-Hrkt",
                "url": "/api/v2/language/1/"
            },
            "version_group": {
                "name": "sword-shield",
                "url": "/api/v2/version-group/20/"
            }
        },
        {
            "flavor_text": "\uc0c1\ub300 \uae30\uc220\uc774\ub098 \ud2b9\uc131\uc73c\ub85c\n\ub2a5\ub825\uc744 \ub5a8\uc5b4\ub728\ub9b4 \uc218 \uc5c6\ub2e4.",
            "language": {
                "name": "ko",
                "url": "/api/v2/language/3/"
            },
            "version_group": {
                "name": "sword-shield",
                "url": "/api/v2/version-group/20/"
            }
        },
        {
            "flavor_text": "\u4e0d\u6703\u56e0\u5c0d\u624b\u7684\u62db\u5f0f\u6216\u7279\u6027\n\u800c\u88ab\u964d\u4f4e\u80fd\u529b\u3002",
            "language": {
                "name": "zh-Hant",
                "url": "/api/v2/language/4/"
            },
            "version_group": {
                "name": "sword-shield",
                "url": "/api/v2/version-group/20/"
            }
        },
        {
            "flavor_text": "Emp\u00eache les stats du Pok\u00e9mon de baisser \u00e0 cause\nd\u2019une capacit\u00e9 ou d\u2019un talent.",
            "language": {
                "name": "fr",
                "url": "/api/v2/language/5/"
            },
            "version_group": {
                "name": "sword-shield",
                "url": "/api/v2/version-group/20/"
            }
        },
        {
            "flavor_text": "Verhindert das Senken der Statuswerte durch Attacken\nund F\u00e4higkeiten von Angreifern.",
            "language": {
                "name": "de",
                "url": "/api/v2/language/6/"
            },
            "version_group": {
                "name": "sword-shield",
                "url": "/api/v2/version-group/20/"
            }
        },
        {
            "flavor_text": "Evita que bajen sus caracter\u00edsticas a causa de\nmovimientos o habilidades de otros Pok\u00e9mon.",
            "language": {
                "name": "es",
                "url": "/api/v2/language/7/"
            },
            "version_group": {
                "name": "sword-shield",
                "url": "/api/v2/version-group/20/"
            }
        },
        {
            "flavor_text": "Impedisce la diminuzione delle statistiche causata\nda abilit\u00e0 o mosse di altri Pok\u00e9mon.",
            "language": {
                "name": "it",
                "url": "/api/v2/language/8/"
            },
            "version_group": {
                "name": "sword-shield",
                "url": "/api/v2/version-group/20/"
            }
        },
        {
            "flavor_text": "Prevents other Pok\u00e9mon\u2019s moves or Abilities from\nlowering the Pok\u00e9mon\u2019s stats.",
            "language": {
                "name": "en",
                "url": "/api/v2/language/9/"
            },
            "version_group": {
                "name": "sword-shield",
                "url": "/api/v2/version-group/20/"
            }
        },
        {
            "flavor_text": "\u76f8\u624b\u306e\u3000\u6280\u3084\u3000\u7279\u6027\u3067\n\u80fd\u529b\u3092\u3000\u4e0b\u3052\u3089\u308c\u306a\u3044\u3002",
            "language": {
                "name": "ja",
                "url": "/api/v2/language/11/"
            },
            "version_group": {
                "name": "sword-shield",
                "url": "/api/v2/version-group/20/"
            }
        },
        {
            "flavor_text": "\u4e0d\u4f1a\u56e0\u4e3a\u5bf9\u624b\u7684\u62db\u5f0f\u6216\u7279\u6027\n\u800c\u88ab\u964d\u4f4e\u80fd\u529b\u3002",
            "language": {
                "name": "zh-Hans",
                "url": "/api/v2/language/12/"
            },
            "version_group": {
                "name": "sword-shield",
                "url": "/api/v2/version-group/20/"
            }
        }
    ],
    "generation": {
        "name": "generation-iii",
        "url": "/api/v2/generation/3/"
    },
    "id": 29,
    "is_main_series": true,
    "name": "clear-body",
    "names": [
        {
            "language": {
                "name": "ja-Hrkt",
                "url": "/api/v2/language/1/"
            },
            "name": "\u30af\u30ea\u30a2\u30dc\u30c7\u30a3"
        },
        {
            "language": {
                "name": "ko",
                "url": "/api/v2/language/3/"
            },
            "name": "\ud074\ub9ac\uc5b4\ubc14\ub514"
        },
        {
            "language": {
                "name": "zh-Hant",
                "url": "/api/v2/language/4/"
            },
            "name": "\u6046\u6de8\u4e4b\u8ec0"
        },
        {
            "language": {
                "name": "fr",
                "url": "/api/v2/language/5/"
            },
            "name": "Corps Sain"
        },
        {
            "language": {
                "name": "de",
                "url": "/api/v2/language/6/"
            },
            "name": "Neutraltorso"
        },
        {
            "language": {
                "name": "es",
                "url": "/api/v2/language/7/"
            },
            "name": "Cuerpo Puro"
        },
        {
            "language": {
                "name": "it",
                "url": "/api/v2/language/8/"
            },
            "name": "Corpochiaro"
        },
        {
            "language": {
                "name": "en",
                "url": "/api/v2/language/9/"
            },
            "name": "Clear Body"
        },
        {
            "language": {
                "name": "ja",
                "url": "/api/v2/language/11/"
            },
            "name": "\u30af\u30ea\u30a2\u30dc\u30c7\u30a3"
        },
        {
            "language": {
                "name": "zh-Hans",
                "url": "/api/v2/language/12/"
            },
            "name": "\u6052\u51c0\u4e4b\u8eaf"
        }
    ],
    "pokemon": [
        {
            "is_hidden": false,
            "pokemon": {
                "name": "tentacool",
                "url": "/api/v2/pokemon/72/"
            },
            "slot": 1
        },
        {
            "is_hidden": false,
            "pokemon": {
                "name": "tentacruel",
                "url": "/api/v2/pokemon/73/"
            },
            "slot": 1
        },
        {
            "is_hidden": false,
            "pokemon": {
                "name": "beldum",
                "url": "/api/v2/pokemon/374/"
            },
            "slot": 1
        },
        {
            "is_hidden": false,
            "pokemon": {
                "name": "metang",
                "url": "/api/v2/pokemon/375/"
            },
            "slot": 1
        },
        {
            "is_hidden": false,
            "pokemon": {
                "name": "metagross",
                "url": "/api/v2/pokemon/376/"
            },
            "slot": 1
        },
        {
            "is_hidden": false,
            "pokemon": {
                "name": "regirock",
                "url": "/api/v2/pokemon/377/"
            },
            "slot": 1
        },
        {
            "is_hidden": false,
            "pokemon": {
                "name": "regice",
                "url": "/api/v2/pokemon/378/"
            },
            "slot": 1
        },
        {
            "is_hidden": false,
            "pokemon": {
                "name": "registeel",
                "url": "/api/v2/pokemon/379/"
            },
            "slot": 1
        },
        {
            "is_hidden": true,
            "pokemon": {
                "name": "klink",
                "url": "/api/v2/pokemon/599/"
            },
            "slot": 3
        },
        {
            "is_hidden": true,
            "pokemon": {
                "name": "klang",
                "url": "/api/v2/pokemon/600/"
            },
            "slot": 3
        },
        {
            "is_hidden": true,
            "pokemon": {
                "name": "klinklang",
                "url": "/api/v2/pokemon/601/"
            },
            "slot": 3
        },
        {
            "is_hidden": false,
            "pokemon": {
                "name": "carbink",
                "url": "/api/v2/pokemon/703/"
            },
            "slot": 1
        },
        {
            "is_hidden": false,
            "pokemon": {
                "name": "diancie",
                "url": "/api/v2/pokemon/719/"
            },
            "slot": 1
        },
        {
            "is_hidden": false,
            "pokemon": {
                "name": "dreepy",
                "url": "/api/v2/pokemon/885/"
            },
            "slot": 1
        },
        {
            "is_hidden": false,
            "pokemon": {
                "name": "drakloak",
                "url": "/api/v2/pokemon/886/"
            },
            "slot": 1
        },
        {
            "is_hidden": false,
            "pokemon": {
                "name": "dragapult",
                "url": "/api/v2/pokemon/887/"
            },
            "slot": 1
        },
        {
            "is_hidden": true,
            "pokemon": {
                "name": "nacli",
                "url": "/api/v2/pokemon/932/"
            },
            "slot": 3
        },
        {
            "is_hidden": true,
            "pokemon": {
                "name": "naclstack",
                "url": "/api/v2/pokemon/933/"
            },
            "slot": 3
        },
        {
            "is_hidden": true,
            "pokemon": {
                "name": "garganacl",
                "url": "/api/v2/pokemon/934/"
            },
            "slot": 3
        }
    ]
}