{
    "effect_changes": [],
    "effect_entries": [],
    "flavor_text_entries": [],
    "generation": {
        "name": "generation-ix",
        "url": "/api/v2/generation/9/"
    },
    "id": 281,
    "is_main_series": true,
    "name": "protosynthesis",
    "names": [
        {
            "language": {
                "name": "ja-Hrkt",
                "url": "/api/v2/language/1/"
            },
            "name": "\u3053\u3060\u3044\u304b\u3063\u305b\u3044"
        },
        {
            "language": {
                "name": "fr",
                "url": "/api/v2/language/5/"
            },
            "name": "Pal\u00e9osynth\u00e8se"
        },
        {
            "language": {
                "name": "de",
                "url": "/api/v2/language/6/"
            },
            "name": "Pal\u00e4osynthese"
        },
        {
            "language": {
                "name": "es",
                "url": "/api/v2/language/7/"
            },
            "name": "Paleos\u00edntesis"
        },
        {
            "language": {
                "name": "it",
                "url": "/api/v2/language/8/"
            },
            "name": "Paleoattivazione"
        },
        {
            "language": {
                "name": "en",
                "url": "/api/v2/language/9/"
            },
            "name": "Protosynthesis"
        },
        {
            "language": {
                "name": "ja",
                "url": "/api/v2/language/11/"
            },
            "name": "\u3053\u3060\u3044\u304b\u3063\u305b\u3044"
        }
    ],
    "pokemon": [
        {
            "is_hidden": false,
            "pokemon": {
                "name": "great-tusk",
                "url": "/api/v2/pokemon/984/"
            },
            "slot": 1
        },
        {
            "is_hidden": true,
            "pokemon": {
                "name": "great-tusk",
                "url": "/api/v2/pokemon/984/"
            },
            "slot": 3
        },
        {
            "is_hidden": false,
            "pokemon": {
                "name": "scream-tail",
                "url": "/api/v2/pokemon/985/"
            },
            "slot": 1
        },
        {
            "is_hidden": true,
            "pokemon": {
                "name": "scream-tail",
                "url": "/api/v2/pokemon/985/"
            },
            "slot": 3
        },
        {
            "is_hidden": false,
            "pokemon": {
                "name": "brute-bonnet",
                "url": "/api/v2/pokemon/986/"
            },
            "slot": 1
        },
        {
            "is_hidden": true,
            "pokemon": {
                "name": "brute-bonnet",
                "url": "/api/v2/pokemon/986/"
            },
            "slot": 3
        },
        {
            "is_hidden": false,
            "pokemon": {
                "name": "flutter-mane",
                "url": "/api/v2/pokemon/987/"
            },
            "slot": 1
        },
        {
            "is_hidden": true,
            "pokemon": {
                "name": "flutter-mane",
                "url": "/api/v2/pokemon/987/"
            },
            "slot": 3
        },
        {
            "is_hidden": false,
            "pokemon": {
                "name": "slither-wing",
                "url": "/api/v2/pokemon/988/"
            },
            "slot": 1
        },
        {
            "is_hidden": true,
            "pokemon": {
                "name": "slither-wing",
                "url": "/api/v2/pokemon/988/"
            },
            "slot": 3
        },
        {
            "is_hidden": false,
            "pokemon": {
                "name": "sandy-shocks",
                "url": "/api/v2/pokemon/989/"
            },
            "slot": 1
        },
        {
            "is_hidden": true,
            "pokemon": {
                "name": "sandy-shocks",
                "url": "/api/v2/pokemon/989/"
            },
            "slot": 3
        },
        {
            "is_hidden": false,
            "pokemon": {
                "name": "roaring-moon",
                "url": "/api/v2/pokemon/1005/"
            },
            "slot": 1
        },
        {
            "is_hidden": true,
            "pokemon": {
                "name": "roaring-moon",
                "url": "/api/v2/pokemon/1005/"
            },
            "slot": 3
        },
        {
            "is_hidden": false,
            "pokemon": {
                "name": "walking-wake",
                "url": "/api/v2/pokemon/1009/"
            },
            "slot": 1
        },
        {
            "is_hidden": true,
            "pokemon": {
                "name": "walking-wake",
                "url": "/api/v2/pokemon/1009/"
            },
            "slot": 3
        }
    ]
}