{
    "effect_changes": [],
    "effect_entries": [
        {
            "effect": "This Pok\u00e9mon's moves critical hit against poisoned targets.",
            "language": {
                "name": "en",
                "url": "/api/v2/language/9/"
            },
            "short_effect": "This Pok\u00e9mon's moves critical hit against poisoned targets."
        }
    ],
    "flavor_text_entries": [
        {
            "flavor_text": "\u3069\u304f\u3000\u3058\u3087\u3046\u305f\u3044\u306e\n\u3042\u3044\u3066\u3092\u3000\u3053\u3046\u3052\u304d\u3059\u308b\u3068\n\u304b\u306a\u3089\u305a\u3000\u304d\u3085\u3046\u3057\u3087\u306b\u3000\u3042\u305f\u308b\u3002",
            "language": {
                "name": "ja-Hrkt",
                "url": "/api/v2/language/1/"
            },
            "version_group": {
                "name": "sun-moon",
                "url": "/api/v2/version-group/17/"
            }
        },
        {
            "flavor_text": "\ub3c5 \uc0c1\ud0dc\uc758\n\uc0c1\ub300\ub97c \uacf5\uaca9\ud558\uba74\n\ubc18\ub4dc\uc2dc \uae09\uc18c\uc5d0 \ub9de\ub294\ub2e4.",
            "language": {
                "name": "ko",
                "url": "/api/v2/language/3/"
            },
            "version_group": {
                "name": "sun-moon",
                "url": "/api/v2/version-group/17/"
            }
        },
        {
            "flavor_text": "\u653b\u64ca\u4e2d\u6bd2\u72c0\u614b\u7684\u5c0d\u624b\u6642\uff0c\n\u5fc5\u5b9a\u6703\u64ca\u4e2d\u8981\u5bb3\u3002",
            "language": {
                "name": "zh-Hant",
                "url": "/api/v2/language/4/"
            },
            "version_group": {
                "name": "sun-moon",
                "url": "/api/v2/version-group/17/"
            }
        },
        {
            "flavor_text": "Lorsque le Pok\u00e9mon attaque un adversaire\nempoisonn\u00e9, le coup sera forc\u00e9ment critique.",
            "language": {
                "name": "fr",
                "url": "/api/v2/language/5/"
            },
            "version_group": {
                "name": "sun-moon",
                "url": "/api/v2/version-group/17/"
            }
        },
        {
            "flavor_text": "Sorgt bei Angriffen auf vergiftete Ziele f\u00fcr\nVolltreffergarantie.",
            "language": {
                "name": "de",
                "url": "/api/v2/language/6/"
            },
            "version_group": {
                "name": "sun-moon",
                "url": "/api/v2/version-group/17/"
            }
        },
        {
            "flavor_text": "Hace que los movimientos asesten siempre un golpe\ncr\u00edtico si el rival est\u00e1 envenenado.",
            "language": {
                "name": "es",
                "url": "/api/v2/language/7/"
            },
            "version_group": {
                "name": "sun-moon",
                "url": "/api/v2/version-group/17/"
            }
        },
        {
            "flavor_text": "Gli attacchi sferrati su un bersaglio avvelenato\nproducono sempre brutti colpi.",
            "language": {
                "name": "it",
                "url": "/api/v2/language/8/"
            },
            "version_group": {
                "name": "sun-moon",
                "url": "/api/v2/version-group/17/"
            }
        },
        {
            "flavor_text": "The Pok\u00e9mon\u2019s attacks become critical hits if the\ntarget is poisoned.",
            "language": {
                "name": "en",
                "url": "/api/v2/language/9/"
            },
            "version_group": {
                "name": "sun-moon",
                "url": "/api/v2/version-group/17/"
            }
        },
        {
            "flavor_text": "\u3069\u304f\u72b6\u614b\u306e\n\u76f8\u624b\u3092\u3000\u653b\u6483\u3059\u308b\u3068\n\u304b\u306a\u3089\u305a\u3000\u6025\u6240\u306b\u3000\u5f53\u305f\u308b\u3002",
            "language": {
                "name": "ja",
                "url": "/api/v2/language/11/"
            },
            "version_group": {
                "name": "sun-moon",
                "url": "/api/v2/version-group/17/"
            }
        },
        {
            "flavor_text": "\u653b\u51fb\u4e2d\u6bd2\u72b6\u6001\u7684\u5bf9\u624b\u65f6\uff0c\n\u5fc5\u5b9a\u4f1a\u51fb\u4e2d\u8981\u5bb3\u3002",
            "language": {
                "name": "zh-Hans",
                "url": "/api/v2/language/12/"
            },
            "version_group": {
                "name": "sun-moon",
                "url": "/api/v2/version-group/17/"
            }
        },
        {
            "flavor_text": "\u3069\u304f\u3000\u3058\u3087\u3046\u305f\u3044\u306e\n\u3042\u3044\u3066\u3092\u3000\u3053\u3046\u3052\u304d\u3059\u308b\u3068\n\u304b\u306a\u3089\u305a\u3000\u304d\u3085\u3046\u3057\u3087\u306b\u3000\u3042\u305f\u308b\u3002",
            "language": {
                "name": "ja-Hrkt",
                "url": "/api/v2/language/1/"
            },
            "version_group": {
                "name": "ultra-sun-ultra-moon",
                "url": "/api/v2/version-group/18/"
            }
        },
        {
            "flavor_text": "\ub3c5 \uc0c1\ud0dc\uc758\n\uc0c1\ub300\ub97c \uacf5\uaca9\ud558\uba74\n\ubc18\ub4dc\uc2dc \uae09\uc18c\uc5d0 \ub9de\ub294\ub2e4.",
            "language": {
                "name": "ko",
                "url": "/api/v2/language/3/"
            },
            "version_group": {
                "name": "ultra-sun-ultra-moon",
                "url": "/api/v2/version-group/18/"
            }
        },
        {
            "flavor_text": "\u653b\u64ca\u4e2d\u6bd2\u72c0\u614b\u7684\u5c0d\u624b\u6642\uff0c\n\u5fc5\u5b9a\u6703\u64ca\u4e2d\u8981\u5bb3\u3002",
            "language": {
                "name": "zh-Hant",
                "url": "/api/v2/language/4/"
            },
            "version_group": {
                "name": "ultra-sun-ultra-moon",
                "url": "/api/v2/version-group/18/"
            }
        },
        {
            "flavor_text": "Lorsque le Pok\u00e9mon attaque un adversaire\nempoisonn\u00e9, le coup sera forc\u00e9ment critique.",
            "language": {
                "name": "fr",
                "url": "/api/v2/language/5/"
            },
            "version_group": {
                "name": "ultra-sun-ultra-moon",
                "url": "/api/v2/version-group/18/"
            }
        },
        {
            "flavor_text": "Sorgt bei Angriffen auf vergiftete Ziele f\u00fcr\nVolltreffergarantie.",
            "language": {
                "name": "de",
                "url": "/api/v2/language/6/"
            },
            "version_group": {
                "name": "ultra-sun-ultra-moon",
                "url": "/api/v2/version-group/18/"
            }
        },
        {
            "flavor_text": "Hace que los movimientos asesten siempre un golpe\ncr\u00edtico si el rival est\u00e1 envenenado.",
            "language": {
                "name": "es",
                "url": "/api/v2/language/7/"
            },
            "version_group": {
                "name": "ultra-sun-ultra-moon",
                "url": "/api/v2/version-group/18/"
            }
        },
        {
            "flavor_text": "Gli attacchi sferrati su un bersaglio avvelenato\nproducono sempre brutti colpi.",
            "language": {
                "name": "it",
                "url": "/api/v2/language/8/"
            },
            "version_group": {
                "name": "ultra-sun-ultra-moon",
                "url": "/api/v2/version-group/18/"
            }
        },
        {
            "flavor_text": "The Pok\u00e9mon\u2019s attacks become critical hits if the\ntarget is poisoned.",
            "language": {
                "name": "en",
                "url": "/api/v2/language/9/"
            },
            "version_group": {
                "name": "ultra-sun-ultra-moon",
                "url": "/api/v2/version-group/18/"
            }
        },
        {
            "flavor_text": "\u3069\u304f\u72b6\u614b\u306e\n\u76f8\u624b\u3092\u3000\u653b\u6483\u3059\u308b\u3068\n\u304b\u306a\u3089\u305a\u3000\u6025\u6240\u306b\u3000\u5f53\u305f\u308b\u3002",
            "language": {
                "name": "ja",
                "url": "/api/v2/language/11/"
            },
            "version_group": {
                "name": "ultra-sun-ultra-moon",
                "url": "/api/v2/version-group/18/"
            }
        },
        {
            "flavor_text": "\u653b\u51fb\u4e2d\u6bd2\u72b6\u6001\u7684\u5bf9\u624b\u65f6\uff0c\n\u5fc5\u5b9a\u4f1a\u51fb\u4e2d\u8981\u5bb3\u3002",
            "language": {
                "name": "zh-Hans",
                "url": "/api/v2/language/12/"
            },
            "version_group": {
                "name": "ultra-sun-ultra-moon",
                "url": "/api/v2/version-group/18/"
            }
        },
        {
            "flavor_text": "\u3069\u304f\u3000\u3058\u3087\u3046\u305f\u3044\u306e\n\u3042\u3044\u3066\u3092\u3000\u3053\u3046\u3052\u304d\u3059\u308b\u3068\n\u304b\u306a\u3089\u305a\u3000\u304d\u3085\u3046\u3057\u3087\u306b\u3000\u3042\u305f\u308b\u3002",
            "language": {
                "name": "ja-Hrkt",
                "url": "/api/v2/language/1/"
            },
            "version_group": {
                "name": "lets-go-pikachu-lets-go-eevee",
                "url": "/api/v2/version-group/19/"
            }
        },
        {
            "flavor_text": "\ub3c5 \uc0c1\ud0dc\uc758\n\uc0c1\ub300\ub97c \uacf5\uaca9\ud558\uba74\n\ubc18\ub4dc\uc2dc \uae09\uc18c\uc5d0 \ub9de\ub294\ub2e4.",
            "language": {
                "name": "ko",
                "url": "/api/v2/language/3/"
            },
            "version_group": {
                "name": "lets-go-pikachu-lets-go-eevee",
                "url": "/api/v2/version-group/19/"
            }
        },
        {
            "flavor_text": "\u653b\u64ca\u4e2d\u6bd2\u72c0\u614b\u7684\u5c0d\u624b\u6642\uff0c\n\u5fc5\u5b9a\u6703\u64ca\u4e2d\u8981\u5bb3\u3002",
            "language": {
                "name": "zh-Hant",
                "url": "/api/v2/language/4/"
            },
            "version_group": {
                "name": "lets-go-pikachu-lets-go-eevee",
                "url": "/api/v2/version-group/19/"
            }
        },
        {
            "flavor_text": "Lorsque le Pok\u00e9mon attaque un adversaire\nempoisonn\u00e9, le coup sera forc\u00e9ment critique.",
            "language": {
                "name": "fr",
                "url": "/api/v2/language/5/"
            },
            "version_group": {
                "name": "lets-go-pikachu-lets-go-eevee",
                "url": "/api/v2/version-group/19/"
            }
        },
        {
            "flavor_text": "Sorgt bei Angriffen auf vergiftete Ziele f\u00fcr\nVolltreffergarantie.",
            "language": {
                "name": "de",
                "url": "/api/v2/language/6/"
            },
            "version_group": {
                "name": "lets-go-pikachu-lets-go-eevee",
                "url": "/api/v2/version-group/19/"
            }
        },
        {
            "flavor_text": "Hace que los movimientos asesten siempre un golpe\ncr\u00edtico si el rival est\u00e1 envenenado.",
            "language": {
                "name": "es",
                "url": "/api/v2/language/7/"
            },
            "version_group": {
                "name": "lets-go-pikachu-lets-go-eevee",
                "url": "/api/v2/version-group/19/"
            }
        },
        {
            "flavor_text": "Gli attacchi sferrati su un bersaglio avvelenato\nproducono sempre brutti colpi.",
            "language": {
                "name": "it",
                "url": "/api/v2/language/8/"
            },
            "version_group": {
                "name": "lets-go-pikachu-lets-go-eevee",
                "url": "/api/v2/version-group/19/"
            }
        },
        {
            "flavor_text": "The Pok\u00e9mon\u2019s attacks become critical hits if the\ntarget is poisoned.",
            "language": {
                "name": "en",
                "url": "/api/v2/language/9/"
            },
            "version_group": {
                "name": "lets-go-pikachu-lets-go-eevee",
                "url": "/api/v2/version-group/19/"
            }
        },
        {
            "flavor_text": "\u3069\u304f\u72b6\u614b\u306e\n\u76f8\u624b\u3092\u3000\u653b\u6483\u3059\u308b\u3068\n\u304b\u306a\u3089\u305a\u3000\u6025\u6240\u306b\u3000\u5f53\u305f\u308b\u3002",
            "language": {
                "name": "ja",
                "url": "/api/v2/language/11/"
            },
            "version_group": {
                "name": "lets-go-pikachu-lets-go-eevee",
                "url": "/api/v2/version-group/19/"
            }
        },
        {
            "flavor_text": "\u653b\u51fb\u4e2d\u6bd2\u72b6\u6001\u7684\u5bf9\u624b\u65f6\uff0c\n\u5fc5\u5b9a\u4f1a\u51fb\u4e2d\u8981\u5bb3\u3002",
            "language": {
                "name": "zh-Hans",
                "url": "/api/v2/language/12/"
            },
            "version_group": {
                "name": "lets-go-pikachu-lets-go-eevee",
                "url": "/api/v2/version-group/19/"
            }
        },
        {
            "flavor_text": "\u3069\u304f\u3000\u3058\u3087\u3046\u305f\u3044\u306e\n\u3042\u3044\u3066\u3092\u3000\u3053\u3046\u3052\u304d\u3059\u308b\u3068\n\u304b\u306a\u3089\u305a\u3000\u304d\u3085\u3046\u3057\u3087\u306b\u3000\u3042\u305f\u308b\u3002",
            "language": {
                "name": "ja-Hrkt",
                "url": "/api/v2/language/1/"
            },
            "version_group": {
                "name": "sword-shield",
                "url": "/api/v2/version-group/20/"
            }
        },
        {
            "flavor_text": "\ub3c5 \uc0c1\ud0dc\uc758\n\uc0c1\ub300\ub97c \uacf5\uaca9\ud558\uba74\n\ubc18\ub4dc\uc2dc \uae09\uc18c\uc5d0 \ub9de\ub294\ub2e4.",
            "language": {
                "name": "ko",
                "url": "/api/v2/language/3/"
            },
            "version_group": {
                "name": "sword-shield",
                "url": "/api/v2/version-group/20/"
            }
        },
        {
            "flavor_text": "\u653b\u64ca\u4e2d\u6bd2\u72c0\u614b\u7684\u5c0d\u624b\u6642\uff0c\n\u5fc5\u5b9a\u6703\u64ca\u4e2d\u8981\u5bb3\u3002",
            "language": {
                "name": "zh-Hant",
                "url": "/api/v2/language/4/"
            },
            "version_group": {
                "name": "sword-shield",
                "url": "/api/v2/version-group/20/"
            }
        },
        {
            "flavor_text": "Lorsque le Pok\u00e9mon attaque un adversaire empoisonn\u00e9,\nle coup sera forc\u00e9ment critique.",
            "language": {
                "name": "fr",
                "url": "/api/v2/language/5/"
            },
            "version_group": {
                "name": "sword-shield",
                "url": "/api/v2/version-group/20/"
            }
        },
        {
            "flavor_text": "Sorgt bei Angriffen auf vergiftete Ziele f\u00fcr\nVolltreffergarantie.",
            "language": {
                "name": "de",
                "url": "/api/v2/language/6/"
            },
            "version_group": {
                "name": "sword-shield",
                "url": "/api/v2/version-group/20/"
            }
        },
        {
            "flavor_text": "Hace que sus movimientos asesten siempre un golpe\ncr\u00edtico si el rival est\u00e1 envenenado.",
            "language": {
                "name": "es",
                "url": "/api/v2/language/7/"
            },
            "version_group": {
                "name": "sword-shield",
                "url": "/api/v2/version-group/20/"
            }
        },
        {
            "flavor_text": "Gli attacchi sferrati su un bersaglio avvelenato\nproducono sempre brutti colpi.",
            "language": {
                "name": "it",
                "url": "/api/v2/language/8/"
            },
            "version_group": {
                "name": "sword-shield",
                "url": "/api/v2/version-group/20/"
            }
        },
        {
            "flavor_text": "The Pok\u00e9mon\u2019s attacks become critical hits if the\ntarget is poisoned.",
            "language": {
                "name": "en",
                "url": "/api/v2/language/9/"
            },
            "version_group": {
                "name": "sword-shield",
                "url": "/api/v2/version-group/20/"
            }
        },
        {
            "flavor_text": "\u3069\u304f\u72b6\u614b\u306e\n\u76f8\u624b\u3092\u3000\u653b\u6483\u3059\u308b\u3068\n\u304b\u306a\u3089\u305a\u3000\u6025\u6240\u306b\u3000\u5f53\u305f\u308b\u3002",
            "language": {
                "name": "ja",
                "url": "/api/v2/language/11/"
            },
            "version_group": {
                "name": "sword-shield",
                "url": "/api/v2/version-group/20/"
            }
        },
        {
            "flavor_text": "\u653b\u51fb\u4e2d\u6bd2\u72b6\u6001\u7684\u5bf9\u624b\u65f6\uff0c\n\u5fc5\u5b9a\u4f1a\u51fb\u4e2d\u8981\u5bb3\u3002",
            "language": {
                "name": "zh-Hans",
                "url": "/api/v2/language/12/"
            },
            "version_group": {
                "name": "sword-shield",
                "url": "/api/v2/version-group/20/"
            }
        }
    ],
    "generation": {
        "name": "generation-vii",
        "url": "/api/v2/generation/7/"
    },
    "id": 196,
    "is_main_series": true,
    "name": "merciless",
    "names": [
        {
            "language": {
                "name": "ja-Hrkt",
                "url": "/api/v2/language/1/"
            },
            "name": "\u3072\u3068\u3067\u306a\u3057"
        },
        {
            "language": {
                "name": "ko",
                "url": "/api/v2/language/3/"
            },
            "name": "\ubb34\ub3c4\ud55c\ud589\ub3d9"
        },
        {
            "language": {
                "name": "zh-Hant",
                "url": "/api/v2/language/4/"
            },
            "name": "\u4e0d\u4ec1\u4e0d\u7fa9"
        },
        {
            "language": {
                "name": "fr",
                "url": "/api/v2/language/5/"
            },
            "name": "Cruaut\u00e9"
        },
        {
            "language": {
                "name": "de",
                "url": "/api/v2/language/6/"
            },
            "name": "Qu\u00e4lerei"
        },
        {
            "language": {
                "name": "es",
                "url": "/api/v2/language/7/"
            },
            "name": "Ensa\u00f1amiento"
        },
        {
            "language": {
                "name": "it",
                "url": "/api/v2/language/8/"
            },
            "name": "Spietatezza"
        },
        {
            "language": {
                "name": "en",
                "url": "/api/v2/language/9/"
            },
            "name": "Merciless"
        },
        {
            "language": {
                "name": "ja",
                "url": "/api/v2/language/11/"
            },
            "name": "\u3072\u3068\u3067\u306a\u3057"
        },
        {
            "language": {
                "name": "zh-Hans",
                "url": "/api/v2/language/12/"
            },
            "name": "\u4e0d\u4ec1\u4e0d\u4e49"
        }
    ],
    "pokemon": [
        {
            "is_hidden": false,
            "pokemon": {
                "name": "mareanie",
                "url": "/api/v2/pokemon/747/"
            },
            "slot": 1
        },
        {
            "is_hidden": false,
            "pokemon": {
                "name": "toxapex",
                "url": "/api/v2/pokemon/748/"
            },
            "slot": 1
        }
    ]
}