{
    "effect_changes": [],
    "effect_entries": [
        {
            "effect": "Pok\u00e9mon mit dieser F\u00e4higkeit erhalten nur den halben Schaden von physischen Attacken.",
            "language": {
                "name": "de",
                "url": "/api/v2/language/6/"
            },
            "short_effect": "Halbiert den Schaden von physischen Attacken."
        },
        {
            "effect": "Halves damage from physical attacks.",
            "language": {
                "name": "en",
                "url": "/api/v2/language/9/"
            },
            "short_effect": "Halves damage from physical attacks."
        }
    ],
    "flavor_text_entries": [
        {
            "flavor_text": "\u3076\u3064\u308a\u308f\u3056\u306e\u3000\u30c0\u30e1\u30fc\u30b8\u304c\n\u306f\u3093\u3076\u3093\u306b\u306a\u308b\u3002",
            "language": {
                "name": "ja-Hrkt",
                "url": "/api/v2/language/1/"
            },
            "version_group": {
                "name": "x-y",
                "url": "/api/v2/version-group/15/"
            }
        },
        {
            "flavor_text": "\ubb3c\ub9ac \uae30\uc220\uc758 \ub370\ubbf8\uc9c0\uac00\n\uc808\ubc18\uc774 \ub41c\ub2e4.",
            "language": {
                "name": "ko",
                "url": "/api/v2/language/3/"
            },
            "version_group": {
                "name": "x-y",
                "url": "/api/v2/version-group/15/"
            }
        },
        {
            "flavor_text": "Divise les d\u00e9g\u00e2ts des attaques\nphysiques par deux.",
            "language": {
                "name": "fr",
                "url": "/api/v2/language/5/"
            },
            "version_group": {
                "name": "x-y",
                "url": "/api/v2/version-group/15/"
            }
        },
        {
            "flavor_text": "Halbiert den Schaden durch\nphysische Attacken.",
            "language": {
                "name": "de",
                "url": "/api/v2/language/6/"
            },
            "version_group": {
                "name": "x-y",
                "url": "/api/v2/version-group/15/"
            }
        },
        {
            "flavor_text": "Reduce a la mitad el da\u00f1o\nrecibido por ataques f\u00edsicos.",
            "language": {
                "name": "es",
                "url": "/api/v2/language/7/"
            },
            "version_group": {
                "name": "x-y",
                "url": "/api/v2/version-group/15/"
            }
        },
        {
            "flavor_text": "Dimezza il danno degli attacchi\nfisici subiti.",
            "language": {
                "name": "it",
                "url": "/api/v2/language/8/"
            },
            "version_group": {
                "name": "x-y",
                "url": "/api/v2/version-group/15/"
            }
        },
        {
            "flavor_text": "Halves damage from\nphysical moves.",
            "language": {
                "name": "en",
                "url": "/api/v2/language/9/"
            },
            "version_group": {
                "name": "x-y",
                "url": "/api/v2/version-group/15/"
            }
        },
        {
            "flavor_text": "\u7269\u7406\u6280\u306e\u3000\u30c0\u30e1\u30fc\u30b8\u304c\n\u534a\u5206\u306b\u306a\u308b\u3002",
            "language": {
                "name": "ja",
                "url": "/api/v2/language/11/"
            },
            "version_group": {
                "name": "x-y",
                "url": "/api/v2/version-group/15/"
            }
        },
        {
            "flavor_text": "\u3076\u3064\u308a\u308f\u3056\u306e\u3000\u30c0\u30e1\u30fc\u30b8\u304c\n\u306f\u3093\u3076\u3093\u306b\u306a\u308b\u3002",
            "language": {
                "name": "ja-Hrkt",
                "url": "/api/v2/language/1/"
            },
            "version_group": {
                "name": "omega-ruby-alpha-sapphire",
                "url": "/api/v2/version-group/16/"
            }
        },
        {
            "flavor_text": "\ubb3c\ub9ac \uae30\uc220\uc758 \ub370\ubbf8\uc9c0\uac00\n\uc808\ubc18\uc774 \ub41c\ub2e4.",
            "language": {
                "name": "ko",
                "url": "/api/v2/language/3/"
            },
            "version_group": {
                "name": "omega-ruby-alpha-sapphire",
                "url": "/api/v2/version-group/16/"
            }
        },
        {
            "flavor_text": "Divise les d\u00e9g\u00e2ts des attaques\nphysiques par deux.",
            "language": {
                "name": "fr",
                "url": "/api/v2/language/5/"
            },
            "version_group": {
                "name": "omega-ruby-alpha-sapphire",
                "url": "/api/v2/version-group/16/"
            }
        },
        {
            "flavor_text": "Halbiert den Schaden durch\nphysische Attacken.",
            "language": {
                "name": "de",
                "url": "/api/v2/language/6/"
            },
            "version_group": {
                "name": "omega-ruby-alpha-sapphire",
                "url": "/api/v2/version-group/16/"
            }
        },
        {
            "flavor_text": "Reduce a la mitad el da\u00f1o\nrecibido por ataques f\u00edsicos.",
            "language": {
                "name": "es",
                "url": "/api/v2/language/7/"
            },
            "version_group": {
                "name": "omega-ruby-alpha-sapphire",
                "url": "/api/v2/version-group/16/"
            }
        },
        {
            "flavor_text": "Dimezza il danno degli attacchi\nfisici subiti.",
            "language": {
                "name": "it",
                "url": "/api/v2/language/8/"
            },
            "version_group": {
                "name": "omega-ruby-alpha-sapphire",
                "url": "/api/v2/version-group/16/"
            }
        },
        {
            "flavor_text": "Halves damage from\nphysical moves.",
            "language": {
                "name": "en",
                "url": "/api/v2/language/9/"
            },
            "version_group": {
                "name": "omega-ruby-alpha-sapphire",
                "url": "/api/v2/version-group/16/"
            }
        },
        {
            "flavor_text": "\u7269\u7406\u6280\u306e\u3000\u30c0\u30e1\u30fc\u30b8\u304c\n\u534a\u5206\u306b\u306a\u308b\u3002",
            "language": {
                "name": "ja",
                "url": "/api/v2/language/11/"
            },
            "version_group": {
                "name": "omega-ruby-alpha-sapphire",
                "url": "/api/v2/version-group/16/"
            }
        },
        {
            "flavor_text": "\u3042\u3044\u3066\u304b\u3089\u3000\u3046\u3051\u308b\u3000\u3076\u3064\u308a\u308f\u3056\u306e\n\u30c0\u30e1\u30fc\u30b8\u304c\u3000\u306f\u3093\u3076\u3093\u306b\u3000\u306a\u308b\u3002",
            "language": {
                "name": "ja-Hrkt",
                "url": "/api/v2/language/1/"
            },
            "version_group": {
                "name": "sun-moon",
                "url": "/api/v2/version-group/17/"
            }
        },
        {
            "flavor_text": "\uc0c1\ub300\ub85c\ubd80\ud130 \ubc1b\ub294 \ubb3c\ub9ac \uae30\uc220\uc758\n\ub370\ubbf8\uc9c0\uac00 \uc808\ubc18\uc774 \ub41c\ub2e4.",
            "language": {
                "name": "ko",
                "url": "/api/v2/language/3/"
            },
            "version_group": {
                "name": "sun-moon",
                "url": "/api/v2/version-group/17/"
            }
        },
        {
            "flavor_text": "\u5c0d\u624b\u7684\u7269\u7406\u62db\u5f0f\u9020\u6210\u7684\n\u50b7\u5bb3\u6703\u6e1b\u534a\u3002",
            "language": {
                "name": "zh-Hant",
                "url": "/api/v2/language/4/"
            },
            "version_group": {
                "name": "sun-moon",
                "url": "/api/v2/version-group/17/"
            }
        },
        {
            "flavor_text": "Divise par deux les d\u00e9g\u00e2ts des capacit\u00e9s physiques\nsubies par le Pok\u00e9mon.",
            "language": {
                "name": "fr",
                "url": "/api/v2/language/5/"
            },
            "version_group": {
                "name": "sun-moon",
                "url": "/api/v2/version-group/17/"
            }
        },
        {
            "flavor_text": "Halbiert den Schaden, den das Pok\u00e9mon durch\nphysische Attacken erleidet.",
            "language": {
                "name": "de",
                "url": "/api/v2/language/6/"
            },
            "version_group": {
                "name": "sun-moon",
                "url": "/api/v2/version-group/17/"
            }
        },
        {
            "flavor_text": "Reduce a la mitad el da\u00f1o recibido por ataques\nf\u00edsicos del rival.",
            "language": {
                "name": "es",
                "url": "/api/v2/language/7/"
            },
            "version_group": {
                "name": "sun-moon",
                "url": "/api/v2/version-group/17/"
            }
        },
        {
            "flavor_text": "Dimezza il danno subito dagli attacchi fisici.",
            "language": {
                "name": "it",
                "url": "/api/v2/language/8/"
            },
            "version_group": {
                "name": "sun-moon",
                "url": "/api/v2/version-group/17/"
            }
        },
        {
            "flavor_text": "Halves the damage from physical moves.",
            "language": {
                "name": "en",
                "url": "/api/v2/language/9/"
            },
            "version_group": {
                "name": "sun-moon",
                "url": "/api/v2/version-group/17/"
            }
        },
        {
            "flavor_text": "\u76f8\u624b\u304b\u3089\u3000\u53d7\u3051\u308b\u3000\u7269\u7406\u6280\u306e\n\u30c0\u30e1\u30fc\u30b8\u304c\u3000\u534a\u5206\u306b\u3000\u306a\u308b\u3002",
            "language": {
                "name": "ja",
                "url": "/api/v2/language/11/"
            },
            "version_group": {
                "name": "sun-moon",
                "url": "/api/v2/version-group/17/"
            }
        },
        {
            "flavor_text": "\u5bf9\u624b\u7ed9\u4e88\u7684\u7269\u7406\u62db\u5f0f\u7684\n\u4f24\u5bb3\u4f1a\u51cf\u534a\u3002",
            "language": {
                "name": "zh-Hans",
                "url": "/api/v2/language/12/"
            },
            "version_group": {
                "name": "sun-moon",
                "url": "/api/v2/version-group/17/"
            }
        },
        {
            "flavor_text": "\u3042\u3044\u3066\u304b\u3089\u3000\u3046\u3051\u308b\u3000\u3076\u3064\u308a\u308f\u3056\u306e\n\u30c0\u30e1\u30fc\u30b8\u304c\u3000\u306f\u3093\u3076\u3093\u306b\u3000\u306a\u308b\u3002",
            "language": {
                "name": "ja-Hrkt",
                "url": "/api/v2/language/1/"
            },
            "version_group": {
                "name": "ultra-sun-ultra-moon",
                "url": "/api/v2/version-group/18/"
            }
        },
        {
            "flavor_text": "\uc0c1\ub300\ub85c\ubd80\ud130 \ubc1b\ub294 \ubb3c\ub9ac \uae30\uc220\uc758\n\ub370\ubbf8\uc9c0\uac00 \uc808\ubc18\uc774 \ub41c\ub2e4.",
            "language": {
                "name": "ko",
                "url": "/api/v2/language/3/"
            },
            "version_group": {
                "name": "ultra-sun-ultra-moon",
                "url": "/api/v2/version-group/18/"
            }
        },
        {
            "flavor_text": "\u5c0d\u624b\u7684\u7269\u7406\u62db\u5f0f\u9020\u6210\u7684\n\u50b7\u5bb3\u6703\u6e1b\u534a\u3002",
            "language": {
                "name": "zh-Hant",
                "url": "/api/v2/language/4/"
            },
            "version_group": {
                "name": "ultra-sun-ultra-moon",
                "url": "/api/v2/version-group/18/"
            }
        },
        {
            "flavor_text": "Divise par deux les d\u00e9g\u00e2ts des capacit\u00e9s physiques\nsubies par le Pok\u00e9mon.",
            "language": {
                "name": "fr",
                "url": "/api/v2/language/5/"
            },
            "version_group": {
                "name": "ultra-sun-ultra-moon",
                "url": "/api/v2/version-group/18/"
            }
        },
        {
            "flavor_text": "Halbiert den Schaden, den das Pok\u00e9mon durch\nphysische Attacken erleidet.",
            "language": {
                "name": "de",
                "url": "/api/v2/language/6/"
            },
            "version_group": {
                "name": "ultra-sun-ultra-moon",
                "url": "/api/v2/version-group/18/"
            }
        },
        {
            "flavor_text": "Reduce a la mitad el da\u00f1o recibido por ataques\nf\u00edsicos del rival.",
            "language": {
                "name": "es",
                "url": "/api/v2/language/7/"
            },
            "version_group": {
                "name": "ultra-sun-ultra-moon",
                "url": "/api/v2/version-group/18/"
            }
        },
        {
            "flavor_text": "Dimezza il danno subito dagli attacchi fisici.",
            "language": {
                "name": "it",
                "url": "/api/v2/language/8/"
            },
            "version_group": {
                "name": "ultra-sun-ultra-moon",
                "url": "/api/v2/version-group/18/"
            }
        },
        {
            "flavor_text": "Halves the damage from physical moves.",
            "language": {
                "name": "en",
                "url": "/api/v2/language/9/"
            },
            "version_group": {
                "name": "ultra-sun-ultra-moon",
                "url": "/api/v2/version-group/18/"
            }
        },
        {
            "flavor_text": "\u76f8\u624b\u304b\u3089\u3000\u53d7\u3051\u308b\u3000\u7269\u7406\u6280\u306e\n\u30c0\u30e1\u30fc\u30b8\u304c\u3000\u534a\u5206\u306b\u3000\u306a\u308b\u3002",
            "language": {
                "name": "ja",
                "url": "/api/v2/language/11/"
            },
            "version_group": {
                "name": "ultra-sun-ultra-moon",
                "url": "/api/v2/version-group/18/"
            }
        },
        {
            "flavor_text": "\u5bf9\u624b\u7ed9\u4e88\u7684\u7269\u7406\u62db\u5f0f\u7684\n\u4f24\u5bb3\u4f1a\u51cf\u534a\u3002",
            "language": {
                "name": "zh-Hans",
                "url": "/api/v2/language/12/"
            },
            "version_group": {
                "name": "ultra-sun-ultra-moon",
                "url": "/api/v2/version-group/18/"
            }
        },
        {
            "flavor_text": "\u3042\u3044\u3066\u304b\u3089\u3000\u3046\u3051\u308b\u3000\u3076\u3064\u308a\u308f\u3056\u306e\n\u30c0\u30e1\u30fc\u30b8\u304c\u3000\u306f\u3093\u3076\u3093\u306b\u3000\u306a\u308b\u3002",
            "language": {
                "name": "ja-Hrkt",
                "url": "/api/v2/language/1/"
            },
            "version_group": {
                "name": "lets-go-pikachu-lets-go-eevee",
                "url": "/api/v2/version-group/19/"
            }
        },
        {
            "flavor_text": "\uc0c1\ub300\ub85c\ubd80\ud130 \ubc1b\ub294 \ubb3c\ub9ac \uae30\uc220\uc758\n\ub370\ubbf8\uc9c0\uac00 \uc808\ubc18\uc774 \ub41c\ub2e4.",
            "language": {
                "name": "ko",
                "url": "/api/v2/language/3/"
            },
            "version_group": {
                "name": "lets-go-pikachu-lets-go-eevee",
                "url": "/api/v2/version-group/19/"
            }
        },
        {
            "flavor_text": "\u5c0d\u624b\u7684\u7269\u7406\u62db\u5f0f\u9020\u6210\u7684\n\u50b7\u5bb3\u6703\u6e1b\u534a\u3002",
            "language": {
                "name": "zh-Hant",
                "url": "/api/v2/language/4/"
            },
            "version_group": {
                "name": "lets-go-pikachu-lets-go-eevee",
                "url": "/api/v2/version-group/19/"
            }
        },
        {
            "flavor_text": "Divise par deux les d\u00e9g\u00e2ts des capacit\u00e9s physiques\nsubies par le Pok\u00e9mon.",
            "language": {
                "name": "fr",
                "url": "/api/v2/language/5/"
            },
            "version_group": {
                "name": "lets-go-pikachu-lets-go-eevee",
                "url": "/api/v2/version-group/19/"
            }
        },
        {
            "flavor_text": "Halbiert den Schaden, den das Pok\u00e9mon durch\nphysische Attacken erleidet.",
            "language": {
                "name": "de",
                "url": "/api/v2/language/6/"
            },
            "version_group": {
                "name": "lets-go-pikachu-lets-go-eevee",
                "url": "/api/v2/version-group/19/"
            }
        },
        {
            "flavor_text": "Reduce a la mitad el da\u00f1o recibido por ataques\nf\u00edsicos del rival.",
            "language": {
                "name": "es",
                "url": "/api/v2/language/7/"
            },
            "version_group": {
                "name": "lets-go-pikachu-lets-go-eevee",
                "url": "/api/v2/version-group/19/"
            }
        },
        {
            "flavor_text": "Dimezza il danno subito dagli attacchi fisici.",
            "language": {
                "name": "it",
                "url": "/api/v2/language/8/"
            },
            "version_group": {
                "name": "lets-go-pikachu-lets-go-eevee",
                "url": "/api/v2/version-group/19/"
            }
        },
        {
            "flavor_text": "Halves the damage from physical moves.",
            "language": {
                "name": "en",
                "url": "/api/v2/language/9/"
            },
            "version_group": {
                "name": "lets-go-pikachu-lets-go-eevee",
                "url": "/api/v2/version-group/19/"
            }
        },
        {
            "flavor_text": "\u76f8\u624b\u304b\u3089\u3000\u53d7\u3051\u308b\u3000\u7269\u7406\u6280\u306e\n\u30c0\u30e1\u30fc\u30b8\u304c\u3000\u534a\u5206\u306b\u3000\u306a\u308b\u3002",
            "language": {
                "name": "ja",
                "url": "/api/v2/language/11/"
            },
            "version_group": {
                "name": "lets-go-pikachu-lets-go-eevee",
                "url": "/api/v2/version-group/19/"
            }
        },
        {
            "flavor_text": "\u5bf9\u624b\u7ed9\u4e88\u7684\u7269\u7406\u62db\u5f0f\u7684\n\u4f24\u5bb3\u4f1a\u51cf\u534a\u3002",
            "language": {
                "name": "zh-Hans",
                "url": "/api/v2/language/12/"
            },
            "version_group": {
                "name": "lets-go-pikachu-lets-go-eevee",
                "url": "/api/v2/version-group/19/"
            }
        },
        {
            "flavor_text": "\u3042\u3044\u3066\u304b\u3089\u3000\u3046\u3051\u308b\u3000\u3076\u3064\u308a\u308f\u3056\u306e\n\u30c0\u30e1\u30fc\u30b8\u304c\u3000\u306f\u3093\u3076\u3093\u306b\u3000\u306a\u308b\u3002",
            "language": {
                "name": "ja-Hrkt",
                "url": "/api/v2/language/1/"
            },
            "version_group": {
                "name": "sword-shield",
                "url": "/api/v2/version-group/20/"
            }
        },
        {
            "flavor_text": "\uc0c1\ub300\ub85c\ubd80\ud130 \ubc1b\ub294 \ubb3c\ub9ac \uae30\uc220\uc758\n\ub370\ubbf8\uc9c0\uac00 \uc808\ubc18\uc774 \ub41c\ub2e4.",
            "language": {
                "name": "ko",
                "url": "/api/v2/language/3/"
            },
            "version_group": {
                "name": "sword-shield",
                "url": "/api/v2/version-group/20/"
            }
        },
        {
            "flavor_text": "\u5c0d\u624b\u7684\u7269\u7406\u62db\u5f0f\u9020\u6210\u7684\n\u50b7\u5bb3\u6703\u6e1b\u534a\u3002",
            "language": {
                "name": "zh-Hant",
                "url": "/api/v2/language/4/"
            },
            "version_group": {
                "name": "sword-shield",
                "url": "/api/v2/version-group/20/"
            }
        },
        {
            "flavor_text": "Divise par deux les d\u00e9g\u00e2ts des capacit\u00e9s physiques\nsubies par le Pok\u00e9mon.",
            "language": {
                "name": "fr",
                "url": "/api/v2/language/5/"
            },
            "version_group": {
                "name": "sword-shield",
                "url": "/api/v2/version-group/20/"
            }
        },
        {
            "flavor_text": "Halbiert den Schaden, den das Pok\u00e9mon durch\nphysische Attacken erleidet.",
            "language": {
                "name": "de",
                "url": "/api/v2/language/6/"
            },
            "version_group": {
                "name": "sword-shield",
                "url": "/api/v2/version-group/20/"
            }
        },
        {
            "flavor_text": "Reduce a la mitad el da\u00f1o que recibe de ataques\nf\u00edsicos del rival.",
            "language": {
                "name": "es",
                "url": "/api/v2/language/7/"
            },
            "version_group": {
                "name": "sword-shield",
                "url": "/api/v2/version-group/20/"
            }
        },
        {
            "flavor_text": "Dimezza il danno subito dalle mosse fisiche.",
            "language": {
                "name": "it",
                "url": "/api/v2/language/8/"
            },
            "version_group": {
                "name": "sword-shield",
                "url": "/api/v2/version-group/20/"
            }
        },
        {
            "flavor_text": "Halves the damage from physical moves.",
            "language": {
                "name": "en",
                "url": "/api/v2/language/9/"
            },
            "version_group": {
                "name": "sword-shield",
                "url": "/api/v2/version-group/20/"
            }
        },
        {
            "flavor_text": "\u76f8\u624b\u304b\u3089\u3000\u53d7\u3051\u308b\u3000\u7269\u7406\u6280\u306e\n\u30c0\u30e1\u30fc\u30b8\u304c\u3000\u534a\u5206\u306b\u3000\u306a\u308b\u3002",
            "language": {
                "name": "ja",
                "url": "/api/v2/language/11/"
            },
            "version_group": {
                "name": "sword-shield",
                "url": "/api/v2/version-group/20/"
            }
        },
        {
            "flavor_text": "\u5bf9\u624b\u7ed9\u4e88\u7684\u7269\u7406\u62db\u5f0f\u7684\n\u4f24\u5bb3\u4f1a\u51cf\u534a\u3002",
            "language": {
                "name": "zh-Hans",
                "url": "/api/v2/language/12/"
            },
            "version_group": {
                "name": "sword-shield",
                "url": "/api/v2/version-group/20/"
            }
        }
    ],
    "generation": {
        "name": "generation-vi",
        "url": "/api/v2/generation/6/"
    },
    "id": 169,
    "is_main_series": true,
    "name": "fur-coat",
    "names": [
        {
            "language": {
                "name": "ja-Hrkt",
                "url": "/api/v2/language/1/"
            },
            "name": "\u30d5\u30a1\u30fc\u30b3\u30fc\u30c8"
        },
        {
            "language": {
                "name": "ko",
                "url": "/api/v2/language/3/"
            },
            "name": "\ud37c\ucf54\ud2b8"
        },
        {
            "language": {
                "name": "zh-Hant",
                "url": "/api/v2/language/4/"
            },
            "name": "\u6bdb\u76ae\u5927\u8863"
        },
        {
            "language": {
                "name": "fr",
                "url": "/api/v2/language/5/"
            },
            "name": "Toison \u00c9paisse"
        },
        {
            "language": {
                "name": "de",
                "url": "/api/v2/language/6/"
            },
            "name": "Fellkleid"
        },
        {
            "language": {
                "name": "es",
                "url": "/api/v2/language/7/"
            },
            "name": "Pelaje Recio"
        },
        {
            "language": {
                "name": "it",
                "url": "/api/v2/language/8/"
            },
            "name": "Foltopelo"
        },
        {
            "language": {
                "name": "en",
                "url": "/api/v2/language/9/"
            },
            "name": "Fur Coat"
        },
        {
            "language": {
                "name": "ja",
                "url": "/api/v2/language/11/"
            },
            "name": "\u30d5\u30a1\u30fc\u30b3\u30fc\u30c8"
        },
        {
            "language": {
                "name": "zh-Hans",
                "url": "/api/v2/language/12/"
            },
            "name": "\u6bdb\u76ae\u5927\u8863"
        }
    ],
    "pokemon": [
        {
            "is_hidden": false,
            "pokemon": {
                "name": "furfrou",
                "url": "/api/v2/pokemon/676/"
            },
            "slot": 1
        },
        {
            "is_hidden": false,
            "pokemon": {
                "name": "persian-alola",
                "url": "/api/v2/pokemon/10108/"
            },
            "slot": 1
        }
    ]
}