{
    "effect_changes": [],
    "effect_entries": [],
    "flavor_text_entries": [
        {
            "flavor_text": "\u305b\u3063\u3057\u3087\u304f\u3059\u308b\u3000\u308f\u3056\u3092\u3000\u3046\u3051\u308b\u3068\n\u304a\u305f\u304c\u3044\u3000\uff13\u30bf\u30fc\u30f3\u3000\u305f\u3064\u3068\u3000\u3072\u3093\u3057\u306b\u306a\u308b\u3002\n\u3053\u3046\u305f\u3044\u3059\u308b\u3068\u3000\u3053\u3046\u304b\u306f\u3000\u306a\u304f\u306a\u308b\u3002",
            "language": {
                "name": "ja-Hrkt",
                "url": "/api/v2/language/1/"
            },
            "version_group": {
                "name": "sword-shield",
                "url": "/api/v2/version-group/20/"
            }
        },
        {
            "flavor_text": "\uc811\ucd09\ud558\ub294 \uae30\uc220\uc744 \ubc1b\uc73c\uba74\n3\ud134 \ud6c4\uc5d0 \uc591\ucabd \ubaa8\ub450 \uae30\uc808\ud55c\ub2e4.\n\uad50\uccb4\ub418\uba74 \ud6a8\uacfc\uac00 \uc5c6\uc5b4\uc9c4\ub2e4.",
            "language": {
                "name": "ko",
                "url": "/api/v2/language/3/"
            },
            "version_group": {
                "name": "sword-shield",
                "url": "/api/v2/version-group/20/"
            }
        },
        {
            "flavor_text": "\u5728\u53d7\u5230\u63a5\u89f8\u985e\u62db\u5f0f\u653b\u64ca\u6642\uff0c\n\uff13\u500b\u56de\u5408\u5f8c\u96d9\u65b9\u90fd\u6703\u9677\u5165\u7015\u6b7b\u3002\n\u66ff\u63db\u5bf6\u53ef\u5922\u5f8c\u6548\u679c\u5c31\u6703\u6d88\u5931\u3002",
            "language": {
                "name": "zh-Hant",
                "url": "/api/v2/language/4/"
            },
            "version_group": {
                "name": "sword-shield",
                "url": "/api/v2/version-group/20/"
            }
        },
        {
            "flavor_text": "Lorsque le Pok\u00e9mon est directement touch\u00e9 par\nune attaque, l\u2019assaillant et lui tomberont K.O. dans trois\ntours, \u00e0 moins qu\u2019ils ne soient remplac\u00e9s entre temps.",
            "language": {
                "name": "fr",
                "url": "/api/v2/language/5/"
            },
            "version_group": {
                "name": "sword-shield",
                "url": "/api/v2/version-group/20/"
            }
        },
        {
            "flavor_text": "Erleidet es einen Treffer von einer direkten Attacke,\nwird es zusammen mit dem Angreifer nach drei Runden\nbesiegt. Rettung ist durch Austausch m\u00f6glich.",
            "language": {
                "name": "de",
                "url": "/api/v2/language/6/"
            },
            "version_group": {
                "name": "sword-shield",
                "url": "/api/v2/version-group/20/"
            }
        },
        {
            "flavor_text": "Si le alcanza un movimiento de contacto, se debilitar\u00e1\nal cabo de 3 turnos, as\u00ed como su agresor, a menos que\nabandonen el terreno de combate.",
            "language": {
                "name": "es",
                "url": "/api/v2/language/7/"
            },
            "version_group": {
                "name": "sword-shield",
                "url": "/api/v2/version-group/20/"
            }
        },
        {
            "flavor_text": "Se il Pok\u00e9mon viene colpito da un attacco diretto,\ndopo tre turni va KO assieme a chi lo ha attaccato.\nSe uno dei due viene sostituito, non va KO.",
            "language": {
                "name": "it",
                "url": "/api/v2/language/8/"
            },
            "version_group": {
                "name": "sword-shield",
                "url": "/api/v2/version-group/20/"
            }
        },
        {
            "flavor_text": "When hit by a move that makes direct contact,\nthe Pok\u00e9mon and the attacker will faint after three turns\nunless they switch out of battle.",
            "language": {
                "name": "en",
                "url": "/api/v2/language/9/"
            },
            "version_group": {
                "name": "sword-shield",
                "url": "/api/v2/version-group/20/"
            }
        },
        {
            "flavor_text": "\u63a5\u89e6\u3059\u308b\u3000\u6280\u3092\u3000\u53d7\u3051\u308b\u3068\n\u304a\u4e92\u3044\u3000\uff13\u30bf\u30fc\u30f3\u3000\u305f\u3064\u3068\u3000\u3072\u3093\u3057\u306b\u306a\u308b\u3002\n\u4ea4\u4ee3\u3059\u308b\u3068\u3000\u52b9\u679c\u306f\u3000\u306a\u304f\u306a\u308b\u3002",
            "language": {
                "name": "ja",
                "url": "/api/v2/language/11/"
            },
            "version_group": {
                "name": "sword-shield",
                "url": "/api/v2/version-group/20/"
            }
        },
        {
            "flavor_text": "\u53d7\u5230\u63a5\u89e6\u7c7b\u62db\u5f0f\u653b\u51fb\u65f6\uff0c\n\u53cc\u65b9\u90fd\u4f1a\u5728\uff13\u56de\u5408\u540e\u53d8\u4e3a\u6fd2\u6b7b\u72b6\u6001\u3002\n\u66ff\u6362\u540e\u6548\u679c\u6d88\u5931\u3002",
            "language": {
                "name": "zh-Hans",
                "url": "/api/v2/language/12/"
            },
            "version_group": {
                "name": "sword-shield",
                "url": "/api/v2/version-group/20/"
            }
        }
    ],
    "generation": {
        "name": "generation-viii",
        "url": "/api/v2/generation/8/"
    },
    "id": 253,
    "is_main_series": true,
    "name": "perish-body",
    "names": [
        {
            "language": {
                "name": "ja-Hrkt",
                "url": "/api/v2/language/1/"
            },
            "name": "\u307b\u308d\u3073\u306e\u30dc\u30c7\u30a3"
        },
        {
            "language": {
                "name": "ko",
                "url": "/api/v2/language/3/"
            },
            "name": "\uba78\ub9dd\uc758\ubc14\ub514"
        },
        {
            "language": {
                "name": "zh-Hant",
                "url": "/api/v2/language/4/"
            },
            "name": "\u6ec5\u4ea1\u4e4b\u8ec0"
        },
        {
            "language": {
                "name": "fr",
                "url": "/api/v2/language/5/"
            },
            "name": "Corps Condamn\u00e9"
        },
        {
            "language": {
                "name": "de",
                "url": "/api/v2/language/6/"
            },
            "name": "Unheilsk\u00f6rper"
        },
        {
            "language": {
                "name": "es",
                "url": "/api/v2/language/7/"
            },
            "name": "Cuerpo Mortal"
        },
        {
            "language": {
                "name": "it",
                "url": "/api/v2/language/8/"
            },
            "name": "Ultimotocco"
        },
        {
            "language": {
                "name": "en",
                "url": "/api/v2/language/9/"
            },
            "name": "Perish Body"
        },
        {
            "language": {
                "name": "ja",
                "url": "/api/v2/language/11/"
            },
            "name": "\u307b\u308d\u3073\u306e\u30dc\u30c7\u30a3"
        },
        {
            "language": {
                "name": "zh-Hans",
                "url": "/api/v2/language/12/"
            },
            "name": "\u706d\u4ea1\u4e4b\u8eaf"
        }
    ],
    "pokemon": [
        {
            "is_hidden": true,
            "pokemon": {
                "name": "cursola",
                "url": "/api/v2/pokemon/864/"
            },
            "slot": 3
        }
    ]
}