{
    "effect_changes": [],
    "effect_entries": [
        {
            "effect": "Pok\u00e9mon sind vor mentalen Attacken wie attract, disable, taunt oder encore gesch\u00fctzt, solange sich ein Pok\u00e9mon mit dieser F\u00e4higkeit im Team befindet. Das gilt auch, f\u00fcr das Pok\u00e9mon selbst.",
            "language": {
                "name": "de",
                "url": "/api/v2/language/6/"
            },
            "short_effect": "Sch\u00fctzt Verb\u00fcndete vor mentalen Attacken."
        },
        {
            "effect": "Protects allies against moves that affect their mental state.",
            "language": {
                "name": "en",
                "url": "/api/v2/language/9/"
            },
            "short_effect": "Protects allies against moves that affect their mental state."
        }
    ],
    "flavor_text_entries": [
        {
            "flavor_text": "\u307f\u304b\u305f\u3078\u306e\u3000\u30e1\u30f3\u30bf\u30eb\n\u3053\u3046\u3052\u304d\u3092\u3000\u3075\u305b\u3050\u3002",
            "language": {
                "name": "ja-Hrkt",
                "url": "/api/v2/language/1/"
            },
            "version_group": {
                "name": "x-y",
                "url": "/api/v2/version-group/15/"
            }
        },
        {
            "flavor_text": "\uac19\uc740 \ud3b8\uc73c\ub85c \ud5a5\ud558\ub294\n\uba58\ud0c8 \uacf5\uaca9\uc744 \ub9c9\ub294\ub2e4.",
            "language": {
                "name": "ko",
                "url": "/api/v2/language/3/"
            },
            "version_group": {
                "name": "x-y",
                "url": "/api/v2/version-group/15/"
            }
        },
        {
            "flavor_text": "Prot\u00e8ge l\u2019\u00e9quipe des attaques\nlimitant le choix des capacit\u00e9s.",
            "language": {
                "name": "fr",
                "url": "/api/v2/language/5/"
            },
            "version_group": {
                "name": "x-y",
                "url": "/api/v2/version-group/15/"
            }
        },
        {
            "flavor_text": "Sch\u00fctzt alle Pok\u00e9mon im Team\nvor manchen mentalen Angriffen.",
            "language": {
                "name": "de",
                "url": "/api/v2/language/6/"
            },
            "version_group": {
                "name": "x-y",
                "url": "/api/v2/version-group/15/"
            }
        },
        {
            "flavor_text": "Protege al equipo de ataques\nque impiden elegir movimientos.",
            "language": {
                "name": "es",
                "url": "/api/v2/language/7/"
            },
            "version_group": {
                "name": "x-y",
                "url": "/api/v2/version-group/15/"
            }
        },
        {
            "flavor_text": "Protegge s\u00e9 e gli alleati da mosse\nche limitano la scelta di attacchi.",
            "language": {
                "name": "it",
                "url": "/api/v2/language/8/"
            },
            "version_group": {
                "name": "x-y",
                "url": "/api/v2/version-group/15/"
            }
        },
        {
            "flavor_text": "Protects allies from attacks that\nlimit their move choices.",
            "language": {
                "name": "en",
                "url": "/api/v2/language/9/"
            },
            "version_group": {
                "name": "x-y",
                "url": "/api/v2/version-group/15/"
            }
        },
        {
            "flavor_text": "\u5473\u65b9\u3078\u306e\u3000\u30e1\u30f3\u30bf\u30eb\n\u653b\u6483\u3092\u3000\u9632\u3050\u3002",
            "language": {
                "name": "ja",
                "url": "/api/v2/language/11/"
            },
            "version_group": {
                "name": "x-y",
                "url": "/api/v2/version-group/15/"
            }
        },
        {
            "flavor_text": "\u202f\u304b\u305f\u3078\u306e\u3000\u30e1\u30f3\u30bf\u30eb\n\u3053\u3046\u3052\u304d\u3092\u3000\u3075\u305b\u3050\u3002",
            "language": {
                "name": "ja-Hrkt",
                "url": "/api/v2/language/1/"
            },
            "version_group": {
                "name": "omega-ruby-alpha-sapphire",
                "url": "/api/v2/version-group/16/"
            }
        },
        {
            "flavor_text": "\uac19\uc740 \ud3b8\uc73c\ub85c \ud5a5\ud558\ub294\n\uba58\ud0c8 \uacf5\uaca9\uc744 \ub9c9\ub294\ub2e4.",
            "language": {
                "name": "ko",
                "url": "/api/v2/language/3/"
            },
            "version_group": {
                "name": "omega-ruby-alpha-sapphire",
                "url": "/api/v2/version-group/16/"
            }
        },
        {
            "flavor_text": "Prot\u00e8ge l\u2019\u00e9quipe des attaques\nlimitant le choix des capacit\u00e9s.",
            "language": {
                "name": "fr",
                "url": "/api/v2/language/5/"
            },
            "version_group": {
                "name": "omega-ruby-alpha-sapphire",
                "url": "/api/v2/version-group/16/"
            }
        },
        {
            "flavor_text": "Sch\u00fctzt alle Pok\u00e9mon im Team\nvor manchen mentalen Angriffen.",
            "language": {
                "name": "de",
                "url": "/api/v2/language/6/"
            },
            "version_group": {
                "name": "omega-ruby-alpha-sapphire",
                "url": "/api/v2/version-group/16/"
            }
        },
        {
            "flavor_text": "Protege al equipo de ataques\nque impiden elegir movimientos.",
            "language": {
                "name": "es",
                "url": "/api/v2/language/7/"
            },
            "version_group": {
                "name": "omega-ruby-alpha-sapphire",
                "url": "/api/v2/version-group/16/"
            }
        },
        {
            "flavor_text": "Protegge s\u00e9 e gli alleati da mosse \nche limitano la scelta di attacchi.",
            "language": {
                "name": "it",
                "url": "/api/v2/language/8/"
            },
            "version_group": {
                "name": "omega-ruby-alpha-sapphire",
                "url": "/api/v2/version-group/16/"
            }
        },
        {
            "flavor_text": "Protects allies from attacks that\nlimit their move choices.",
            "language": {
                "name": "en",
                "url": "/api/v2/language/9/"
            },
            "version_group": {
                "name": "omega-ruby-alpha-sapphire",
                "url": "/api/v2/version-group/16/"
            }
        },
        {
            "flavor_text": "\u5473\u65b9\u3078\u306e\u3000\u30e1\u30f3\u30bf\u30eb\n\u653b\u6483\u3092\u3000\u9632\u3050\u3002",
            "language": {
                "name": "ja",
                "url": "/api/v2/language/11/"
            },
            "version_group": {
                "name": "omega-ruby-alpha-sapphire",
                "url": "/api/v2/version-group/16/"
            }
        },
        {
            "flavor_text": "\u3058\u3076\u3093\u3068\u3000\u307f\u304b\u305f\u3078\u306e\u3000\u30e1\u30f3\u30bf\u30eb\n\u3053\u3046\u3052\u304d\u3092\u3000\u3075\u305b\u3050\u3053\u3068\u304c\u3000\u3067\u304d\u308b\u3002",
            "language": {
                "name": "ja-Hrkt",
                "url": "/api/v2/language/1/"
            },
            "version_group": {
                "name": "sun-moon",
                "url": "/api/v2/version-group/17/"
            }
        },
        {
            "flavor_text": "\uc790\uc2e0\uacfc \uac19\uc740 \ud3b8\uc73c\ub85c \ud5a5\ud558\ub294\n\uba58\ud0c8 \uacf5\uaca9\uc744 \ub9c9\uc744 \uc218 \uc788\ub2e4.",
            "language": {
                "name": "ko",
                "url": "/api/v2/language/3/"
            },
            "version_group": {
                "name": "sun-moon",
                "url": "/api/v2/version-group/17/"
            }
        },
        {
            "flavor_text": "\u53ef\u9632\u4f4f\u5411\u81ea\u5df1\u548c\u540c\u4f34\n\u767c\u51fa\u7684\u5fc3\u9748\u653b\u64ca\u3002",
            "language": {
                "name": "zh-Hant",
                "url": "/api/v2/language/4/"
            },
            "version_group": {
                "name": "sun-moon",
                "url": "/api/v2/version-group/17/"
            }
        },
        {
            "flavor_text": "Prot\u00e8ge l\u2019\u00e9quipe des effets limitant le libre arbitre.",
            "language": {
                "name": "fr",
                "url": "/api/v2/language/5/"
            },
            "version_group": {
                "name": "sun-moon",
                "url": "/api/v2/version-group/17/"
            }
        },
        {
            "flavor_text": "Kann alle Team-Pok\u00e9mon vor mentalen Angriffen\nsch\u00fctzen.",
            "language": {
                "name": "de",
                "url": "/api/v2/language/6/"
            },
            "version_group": {
                "name": "sun-moon",
                "url": "/api/v2/version-group/17/"
            }
        },
        {
            "flavor_text": "Protege a todo el equipo de ataques que impiden\nelegir movimientos.",
            "language": {
                "name": "es",
                "url": "/api/v2/language/7/"
            },
            "version_group": {
                "name": "sun-moon",
                "url": "/api/v2/version-group/17/"
            }
        },
        {
            "flavor_text": "Protegge tutta la squadra da mosse che limitano\nla scelta di attacchi.",
            "language": {
                "name": "it",
                "url": "/api/v2/language/8/"
            },
            "version_group": {
                "name": "sun-moon",
                "url": "/api/v2/version-group/17/"
            }
        },
        {
            "flavor_text": "Protects itself and its allies from attacks that limit\ntheir move choices.",
            "language": {
                "name": "en",
                "url": "/api/v2/language/9/"
            },
            "version_group": {
                "name": "sun-moon",
                "url": "/api/v2/version-group/17/"
            }
        },
        {
            "flavor_text": "\u81ea\u5206\u3068\u3000\u5473\u65b9\u3078\u306e\u3000\u30e1\u30f3\u30bf\u30eb\n\u653b\u6483\u3092\u3000\u9632\u3050\u3053\u3068\u304c\u3000\u3067\u304d\u308b\u3002",
            "language": {
                "name": "ja",
                "url": "/api/v2/language/11/"
            },
            "version_group": {
                "name": "sun-moon",
                "url": "/api/v2/version-group/17/"
            }
        },
        {
            "flavor_text": "\u53ef\u4ee5\u9632\u4f4f\u5411\u81ea\u5df1\u548c\u540c\u4f34\n\u53d1\u51fa\u7684\u5fc3\u7075\u653b\u51fb\u3002",
            "language": {
                "name": "zh-Hans",
                "url": "/api/v2/language/12/"
            },
            "version_group": {
                "name": "sun-moon",
                "url": "/api/v2/version-group/17/"
            }
        },
        {
            "flavor_text": "\u3058\u3076\u3093\u3068\u3000\u307f\u304b\u305f\u3078\u306e\u3000\u30e1\u30f3\u30bf\u30eb\n\u3053\u3046\u3052\u304d\u3092\u3000\u3075\u305b\u3050\u3053\u3068\u304c\u3000\u3067\u304d\u308b\u3002",
            "language": {
                "name": "ja-Hrkt",
                "url": "/api/v2/language/1/"
            },
            "version_group": {
                "name": "ultra-sun-ultra-moon",
                "url": "/api/v2/version-group/18/"
            }
        },
        {
            "flavor_text": "\uc790\uc2e0\uacfc \uac19\uc740 \ud3b8\uc73c\ub85c \ud5a5\ud558\ub294\n\uba58\ud0c8 \uacf5\uaca9\uc744 \ub9c9\uc744 \uc218 \uc788\ub2e4.",
            "language": {
                "name": "ko",
                "url": "/api/v2/language/3/"
            },
            "version_group": {
                "name": "ultra-sun-ultra-moon",
                "url": "/api/v2/version-group/18/"
            }
        },
        {
            "flavor_text": "\u53ef\u9632\u4f4f\u5411\u81ea\u5df1\u548c\u540c\u4f34\n\u767c\u51fa\u7684\u5fc3\u9748\u653b\u64ca\u3002",
            "language": {
                "name": "zh-Hant",
                "url": "/api/v2/language/4/"
            },
            "version_group": {
                "name": "ultra-sun-ultra-moon",
                "url": "/api/v2/version-group/18/"
            }
        },
        {
            "flavor_text": "Prot\u00e8ge l\u2019\u00e9quipe des effets limitant le libre arbitre.",
            "language": {
                "name": "fr",
                "url": "/api/v2/language/5/"
            },
            "version_group": {
                "name": "ultra-sun-ultra-moon",
                "url": "/api/v2/version-group/18/"
            }
        },
        {
            "flavor_text": "Kann alle Team-Pok\u00e9mon vor mentalen Angriffen\nsch\u00fctzen.",
            "language": {
                "name": "de",
                "url": "/api/v2/language/6/"
            },
            "version_group": {
                "name": "ultra-sun-ultra-moon",
                "url": "/api/v2/version-group/18/"
            }
        },
        {
            "flavor_text": "Protege a todo el equipo de ataques que impiden\nelegir movimientos.",
            "language": {
                "name": "es",
                "url": "/api/v2/language/7/"
            },
            "version_group": {
                "name": "ultra-sun-ultra-moon",
                "url": "/api/v2/version-group/18/"
            }
        },
        {
            "flavor_text": "Protegge tutta la squadra da mosse che limitano\nla scelta di attacchi.",
            "language": {
                "name": "it",
                "url": "/api/v2/language/8/"
            },
            "version_group": {
                "name": "ultra-sun-ultra-moon",
                "url": "/api/v2/version-group/18/"
            }
        },
        {
            "flavor_text": "Protects itself and its allies from attacks that limit\ntheir move choices.",
            "language": {
                "name": "en",
                "url": "/api/v2/language/9/"
            },
            "version_group": {
                "name": "ultra-sun-ultra-moon",
                "url": "/api/v2/version-group/18/"
            }
        },
        {
            "flavor_text": "\u81ea\u5206\u3068\u3000\u5473\u65b9\u3078\u306e\u3000\u30e1\u30f3\u30bf\u30eb\n\u653b\u6483\u3092\u3000\u9632\u3050\u3053\u3068\u304c\u3000\u3067\u304d\u308b\u3002",
            "language": {
                "name": "ja",
                "url": "/api/v2/language/11/"
            },
            "version_group": {
                "name": "ultra-sun-ultra-moon",
                "url": "/api/v2/version-group/18/"
            }
        },
        {
            "flavor_text": "\u53ef\u4ee5\u9632\u4f4f\u5411\u81ea\u5df1\u548c\u540c\u4f34\n\u53d1\u51fa\u7684\u5fc3\u7075\u653b\u51fb\u3002",
            "language": {
                "name": "zh-Hans",
                "url": "/api/v2/language/12/"
            },
            "version_group": {
                "name": "ultra-sun-ultra-moon",
                "url": "/api/v2/version-group/18/"
            }
        },
        {
            "flavor_text": "\u3058\u3076\u3093\u3068\u3000\u307f\u304b\u305f\u3078\u306e\u3000\u30e1\u30f3\u30bf\u30eb\n\u3053\u3046\u3052\u304d\u3092\u3000\u3075\u305b\u3050\u3053\u3068\u304c\u3000\u3067\u304d\u308b\u3002",
            "language": {
                "name": "ja-Hrkt",
                "url": "/api/v2/language/1/"
            },
            "version_group": {
                "name": "lets-go-pikachu-lets-go-eevee",
                "url": "/api/v2/version-group/19/"
            }
        },
        {
            "flavor_text": "\uc790\uc2e0\uacfc \uac19\uc740 \ud3b8\uc73c\ub85c \ud5a5\ud558\ub294\n\uba58\ud0c8 \uacf5\uaca9\uc744 \ub9c9\uc744 \uc218 \uc788\ub2e4.",
            "language": {
                "name": "ko",
                "url": "/api/v2/language/3/"
            },
            "version_group": {
                "name": "lets-go-pikachu-lets-go-eevee",
                "url": "/api/v2/version-group/19/"
            }
        },
        {
            "flavor_text": "\u53ef\u9632\u4f4f\u5411\u81ea\u5df1\u548c\u540c\u4f34\n\u767c\u51fa\u7684\u5fc3\u9748\u653b\u64ca\u3002",
            "language": {
                "name": "zh-Hant",
                "url": "/api/v2/language/4/"
            },
            "version_group": {
                "name": "lets-go-pikachu-lets-go-eevee",
                "url": "/api/v2/version-group/19/"
            }
        },
        {
            "flavor_text": "Prot\u00e8ge l\u2019\u00e9quipe des effets limitant le libre arbitre.",
            "language": {
                "name": "fr",
                "url": "/api/v2/language/5/"
            },
            "version_group": {
                "name": "lets-go-pikachu-lets-go-eevee",
                "url": "/api/v2/version-group/19/"
            }
        },
        {
            "flavor_text": "Kann alle Team-Pok\u00e9mon vor mentalen Angriffen\nsch\u00fctzen.",
            "language": {
                "name": "de",
                "url": "/api/v2/language/6/"
            },
            "version_group": {
                "name": "lets-go-pikachu-lets-go-eevee",
                "url": "/api/v2/version-group/19/"
            }
        },
        {
            "flavor_text": "Protege a todo el equipo de ataques que impiden\nelegir movimientos.",
            "language": {
                "name": "es",
                "url": "/api/v2/language/7/"
            },
            "version_group": {
                "name": "lets-go-pikachu-lets-go-eevee",
                "url": "/api/v2/version-group/19/"
            }
        },
        {
            "flavor_text": "Protegge tutta la squadra da mosse che limitano\nla scelta di attacchi.",
            "language": {
                "name": "it",
                "url": "/api/v2/language/8/"
            },
            "version_group": {
                "name": "lets-go-pikachu-lets-go-eevee",
                "url": "/api/v2/version-group/19/"
            }
        },
        {
            "flavor_text": "Protects itself and its allies from attacks that limit\ntheir move choices.",
            "language": {
                "name": "en",
                "url": "/api/v2/language/9/"
            },
            "version_group": {
                "name": "lets-go-pikachu-lets-go-eevee",
                "url": "/api/v2/version-group/19/"
            }
        },
        {
            "flavor_text": "\u81ea\u5206\u3068\u3000\u5473\u65b9\u3078\u306e\u3000\u30e1\u30f3\u30bf\u30eb\n\u653b\u6483\u3092\u3000\u9632\u3050\u3053\u3068\u304c\u3000\u3067\u304d\u308b\u3002",
            "language": {
                "name": "ja",
                "url": "/api/v2/language/11/"
            },
            "version_group": {
                "name": "lets-go-pikachu-lets-go-eevee",
                "url": "/api/v2/version-group/19/"
            }
        },
        {
            "flavor_text": "\u53ef\u4ee5\u9632\u4f4f\u5411\u81ea\u5df1\u548c\u540c\u4f34\n\u53d1\u51fa\u7684\u5fc3\u7075\u653b\u51fb\u3002",
            "language": {
                "name": "zh-Hans",
                "url": "/api/v2/language/12/"
            },
            "version_group": {
                "name": "lets-go-pikachu-lets-go-eevee",
                "url": "/api/v2/version-group/19/"
            }
        },
        {
            "flavor_text": "\u3058\u3076\u3093\u3068\u3000\u307f\u304b\u305f\u3078\u306e\u3000\u30e1\u30f3\u30bf\u30eb\n\u3053\u3046\u3052\u304d\u3092\u3000\u3075\u305b\u3050\u3053\u3068\u304c\u3000\u3067\u304d\u308b\u3002",
            "language": {
                "name": "ja-Hrkt",
                "url": "/api/v2/language/1/"
            },
            "version_group": {
                "name": "sword-shield",
                "url": "/api/v2/version-group/20/"
            }
        },
        {
            "flavor_text": "\uc790\uc2e0\uacfc \uac19\uc740 \ud3b8\uc73c\ub85c \ud5a5\ud558\ub294\n\uba58\ud0c8 \uacf5\uaca9\uc744 \ub9c9\uc744 \uc218 \uc788\ub2e4.",
            "language": {
                "name": "ko",
                "url": "/api/v2/language/3/"
            },
            "version_group": {
                "name": "sword-shield",
                "url": "/api/v2/version-group/20/"
            }
        },
        {
            "flavor_text": "\u53ef\u9632\u4f4f\u5411\u81ea\u5df1\u548c\u540c\u4f34\n\u767c\u51fa\u7684\u5fc3\u9748\u653b\u64ca\u3002",
            "language": {
                "name": "zh-Hant",
                "url": "/api/v2/language/4/"
            },
            "version_group": {
                "name": "sword-shield",
                "url": "/api/v2/version-group/20/"
            }
        },
        {
            "flavor_text": "Prot\u00e8ge l\u2019\u00e9quipe des effets limitant le libre arbitre.",
            "language": {
                "name": "fr",
                "url": "/api/v2/language/5/"
            },
            "version_group": {
                "name": "sword-shield",
                "url": "/api/v2/version-group/20/"
            }
        },
        {
            "flavor_text": "Kann alle Team-Pok\u00e9mon vor mentalen Angriffen\nsch\u00fctzen.",
            "language": {
                "name": "de",
                "url": "/api/v2/language/6/"
            },
            "version_group": {
                "name": "sword-shield",
                "url": "/api/v2/version-group/20/"
            }
        },
        {
            "flavor_text": "Se protege a s\u00ed mismo y a sus aliados de ataques que\nimpiden elegir movimientos.",
            "language": {
                "name": "es",
                "url": "/api/v2/language/7/"
            },
            "version_group": {
                "name": "sword-shield",
                "url": "/api/v2/version-group/20/"
            }
        },
        {
            "flavor_text": "Protegge tutta la squadra da effetti che ne limitano\nla libert\u00e0 di scelta delle mosse.",
            "language": {
                "name": "it",
                "url": "/api/v2/language/8/"
            },
            "version_group": {
                "name": "sword-shield",
                "url": "/api/v2/version-group/20/"
            }
        },
        {
            "flavor_text": "Protects itself and its allies from attacks that limit\ntheir move choices.",
            "language": {
                "name": "en",
                "url": "/api/v2/language/9/"
            },
            "version_group": {
                "name": "sword-shield",
                "url": "/api/v2/version-group/20/"
            }
        },
        {
            "flavor_text": "\u81ea\u5206\u3068\u3000\u5473\u65b9\u3078\u306e\u3000\u30e1\u30f3\u30bf\u30eb\n\u653b\u6483\u3092\u3000\u9632\u3050\u3053\u3068\u304c\u3000\u3067\u304d\u308b\u3002",
            "language": {
                "name": "ja",
                "url": "/api/v2/language/11/"
            },
            "version_group": {
                "name": "sword-shield",
                "url": "/api/v2/version-group/20/"
            }
        },
        {
            "flavor_text": "\u53ef\u4ee5\u9632\u4f4f\u5411\u81ea\u5df1\u548c\u540c\u4f34\n\u53d1\u51fa\u7684\u5fc3\u7075\u653b\u51fb\u3002",
            "language": {
                "name": "zh-Hans",
                "url": "/api/v2/language/12/"
            },
            "version_group": {
                "name": "sword-shield",
                "url": "/api/v2/version-group/20/"
            }
        }
    ],
    "generation": {
        "name": "generation-vi",
        "url": "/api/v2/generation/6/"
    },
    "id": 165,
    "is_main_series": true,
    "name": "aroma-veil",
    "names": [
        {
            "language": {
                "name": "ja-Hrkt",
                "url": "/api/v2/language/1/"
            },
            "name": "\u30a2\u30ed\u30de\u30d9\u30fc\u30eb"
        },
        {
            "language": {
                "name": "ko",
                "url": "/api/v2/language/3/"
            },
            "name": "\uc544\ub85c\ub9c8\ubca0\uc77c"
        },
        {
            "language": {
                "name": "zh-Hant",
                "url": "/api/v2/language/4/"
            },
            "name": "\u82b3\u9999\u5e55"
        },
        {
            "language": {
                "name": "fr",
                "url": "/api/v2/language/5/"
            },
            "name": "Aroma-Voile"
        },
        {
            "language": {
                "name": "de",
                "url": "/api/v2/language/6/"
            },
            "name": "Dufth\u00fclle"
        },
        {
            "language": {
                "name": "es",
                "url": "/api/v2/language/7/"
            },
            "name": "Velo Aroma"
        },
        {
            "language": {
                "name": "it",
                "url": "/api/v2/language/8/"
            },
            "name": "Aromavelo"
        },
        {
            "language": {
                "name": "en",
                "url": "/api/v2/language/9/"
            },
            "name": "Aroma Veil"
        },
        {
            "language": {
                "name": "ja",
                "url": "/api/v2/language/11/"
            },
            "name": "\u30a2\u30ed\u30de\u30d9\u30fc\u30eb"
        },
        {
            "language": {
                "name": "zh-Hans",
                "url": "/api/v2/language/12/"
            },
            "name": "\u82b3\u9999\u5e55"
        }
    ],
    "pokemon": [
        {
            "is_hidden": true,
            "pokemon": {
                "name": "spritzee",
                "url": "/api/v2/pokemon/682/"
            },
            "slot": 3
        },
        {
            "is_hidden": true,
            "pokemon": {
                "name": "aromatisse",
                "url": "/api/v2/pokemon/683/"
            },
            "slot": 3
        },
        {
            "is_hidden": true,
            "pokemon": {
                "name": "milcery",
                "url": "/api/v2/pokemon/868/"
            },
            "slot": 3
        },
        {
            "is_hidden": true,
            "pokemon": {
                "name": "alcremie",
                "url": "/api/v2/pokemon/869/"
            },
            "slot": 3
        },
        {
            "is_hidden": false,
            "pokemon": {
                "name": "lechonk",
                "url": "/api/v2/pokemon/915/"
            },
            "slot": 1
        },
        {
            "is_hidden": true,
            "pokemon": {
                "name": "dachsbun",
                "url": "/api/v2/pokemon/927/"
            },
            "slot": 3
        },
        {
            "is_hidden": true,
            "pokemon": {
                "name": "alcremie-gmax",
                "url": "/api/v2/pokemon/10223/"
            },
            "slot": 3
        },
        {
            "is_hidden": false,
            "pokemon": {
                "name": "oinkologne-female",
                "url": "/api/v2/pokemon/10254/"
            },
            "slot": 1
        }
    ]
}