{
    "effect_changes": [],
    "effect_entries": [
        {
            "effect": "Pok\u00e9mon mit dieser F\u00e4higkeit haben nach jeder Runde eine Chance von 50% eine verbrauchte Beere wiederherzustellen, wenn das letzte verbrauchte Item eine Beere war und es gerade kein Item tr\u00e4gt. Bei starkem Sonnenlicht ist die Chance 100%.",
            "language": {
                "name": "de",
                "url": "/api/v2/language/6/"
            },
            "short_effect": "50% Chance nach jeder Runde eine verbrauchte Beere wiederherzustellen, wenn in der Zwischenzeit kein anderes Item erlangt wurde."
        },
        {
            "effect": "After each turn, if the last item this Pok\u00e9mon consumed was a Berry and it is not currently holding an item, it has a 50% chance of regaining that Berry, or a 100% chance during strong sunlight.",
            "language": {
                "name": "en",
                "url": "/api/v2/language/9/"
            },
            "short_effect": "Has a 50% chance of restoring a used Berry after each turn if the Pok\u00e9mon has held no items in the meantime."
        }
    ],
    "flavor_text_entries": [
        {
            "flavor_text": "Les Baies utilis\u00e9es\npeuvent repousser.",
            "language": {
                "name": "fr",
                "url": "/api/v2/language/5/"
            },
            "version_group": {
                "name": "black-white",
                "url": "/api/v2/version-group/11/"
            }
        },
        {
            "flavor_text": "May create another\nBerry after one is used.",
            "language": {
                "name": "en",
                "url": "/api/v2/language/9/"
            },
            "version_group": {
                "name": "black-white",
                "url": "/api/v2/version-group/11/"
            }
        },
        {
            "flavor_text": "May create another\nBerry after one is used.",
            "language": {
                "name": "en",
                "url": "/api/v2/language/9/"
            },
            "version_group": {
                "name": "black-2-white-2",
                "url": "/api/v2/version-group/14/"
            }
        },
        {
            "flavor_text": "\u3064\u304b\u3063\u305f\u3000\u304d\u306e\u307f\u3092\n\u306a\u3093\u304b\u3044\u3082\u3000\u3064\u304f\u308a\u3060\u3059\u3002",
            "language": {
                "name": "ja-Hrkt",
                "url": "/api/v2/language/1/"
            },
            "version_group": {
                "name": "x-y",
                "url": "/api/v2/version-group/15/"
            }
        },
        {
            "flavor_text": "\uc0ac\uc6a9\ud55c \ub098\ubb34\uc5f4\ub9e4\ub97c\n\uba87 \ubc88\uc774\uace0 \ub9cc\ub4e4\uc5b4 \ub0b8\ub2e4.",
            "language": {
                "name": "ko",
                "url": "/api/v2/language/3/"
            },
            "version_group": {
                "name": "x-y",
                "url": "/api/v2/version-group/15/"
            }
        },
        {
            "flavor_text": "Les Baies utilis\u00e9es peuvent\nrepousser.",
            "language": {
                "name": "fr",
                "url": "/api/v2/language/5/"
            },
            "version_group": {
                "name": "x-y",
                "url": "/api/v2/version-group/15/"
            }
        },
        {
            "flavor_text": "Aufgebrauchte Beeren k\u00f6nnen\nmehrmals nachwachsen.",
            "language": {
                "name": "de",
                "url": "/api/v2/language/6/"
            },
            "version_group": {
                "name": "x-y",
                "url": "/api/v2/version-group/15/"
            }
        },
        {
            "flavor_text": "Permite reutilizar varias veces una\nmisma baya.",
            "language": {
                "name": "es",
                "url": "/api/v2/language/7/"
            },
            "version_group": {
                "name": "x-y",
                "url": "/api/v2/version-group/15/"
            }
        },
        {
            "flavor_text": "Pu\u00f2 ricreare una bacca utilizzata.",
            "language": {
                "name": "it",
                "url": "/api/v2/language/8/"
            },
            "version_group": {
                "name": "x-y",
                "url": "/api/v2/version-group/15/"
            }
        },
        {
            "flavor_text": "May create another\nBerry after one is used.",
            "language": {
                "name": "en",
                "url": "/api/v2/language/9/"
            },
            "version_group": {
                "name": "x-y",
                "url": "/api/v2/version-group/15/"
            }
        },
        {
            "flavor_text": "\u4f7f\u3063\u305f\u3000\u304d\u306e\u307f\u3092\n\u4f55\u56de\u3082\u3000\u3064\u304f\u308a\u3060\u3059\u3002",
            "language": {
                "name": "ja",
                "url": "/api/v2/language/11/"
            },
            "version_group": {
                "name": "x-y",
                "url": "/api/v2/version-group/15/"
            }
        },
        {
            "flavor_text": "\u3064\u304b\u3063\u305f\u3000\u304d\u306e\u202f\u3092\n\u306a\u3093\u304b\u3044\u3082\u3000\u3064\u304f\u308a\u3060\u3059\u3002",
            "language": {
                "name": "ja-Hrkt",
                "url": "/api/v2/language/1/"
            },
            "version_group": {
                "name": "omega-ruby-alpha-sapphire",
                "url": "/api/v2/version-group/16/"
            }
        },
        {
            "flavor_text": "\uc0ac\uc6a9\ud55c \ub098\ubb34\uc5f4\ub9e4\ub97c\n\uba87 \ubc88\uc774\uace0 \ub9cc\ub4e4\uc5b4 \ub0b8\ub2e4.",
            "language": {
                "name": "ko",
                "url": "/api/v2/language/3/"
            },
            "version_group": {
                "name": "omega-ruby-alpha-sapphire",
                "url": "/api/v2/version-group/16/"
            }
        },
        {
            "flavor_text": "Permet de r\u00e9utiliser une m\u00eame\nBaie plusieurs fois.",
            "language": {
                "name": "fr",
                "url": "/api/v2/language/5/"
            },
            "version_group": {
                "name": "omega-ruby-alpha-sapphire",
                "url": "/api/v2/version-group/16/"
            }
        },
        {
            "flavor_text": "Dieselbe Beere kann mehrmals\nverwendet werden.",
            "language": {
                "name": "de",
                "url": "/api/v2/language/6/"
            },
            "version_group": {
                "name": "omega-ruby-alpha-sapphire",
                "url": "/api/v2/version-group/16/"
            }
        },
        {
            "flavor_text": "Permite reutilizar varias veces una\nmisma baya.",
            "language": {
                "name": "es",
                "url": "/api/v2/language/7/"
            },
            "version_group": {
                "name": "omega-ruby-alpha-sapphire",
                "url": "/api/v2/version-group/16/"
            }
        },
        {
            "flavor_text": "Pu\u00f2 ricreare una bacca utilizzata.",
            "language": {
                "name": "it",
                "url": "/api/v2/language/8/"
            },
            "version_group": {
                "name": "omega-ruby-alpha-sapphire",
                "url": "/api/v2/version-group/16/"
            }
        },
        {
            "flavor_text": "May create another\nBerry after one is used.",
            "language": {
                "name": "en",
                "url": "/api/v2/language/9/"
            },
            "version_group": {
                "name": "omega-ruby-alpha-sapphire",
                "url": "/api/v2/version-group/16/"
            }
        },
        {
            "flavor_text": "\u4f7f\u3063\u305f\u3000\u304d\u306e\u202f\u3092\n\u4f55\u56de\u3082\u3000\u3064\u304f\u308a\u3060\u3059\u3002",
            "language": {
                "name": "ja",
                "url": "/api/v2/language/11/"
            },
            "version_group": {
                "name": "omega-ruby-alpha-sapphire",
                "url": "/api/v2/version-group/16/"
            }
        },
        {
            "flavor_text": "\u3064\u304b\u3063\u305f\u3000\u304d\u306e\u307f\u3092\n\u306a\u3093\u304b\u3044\u3082\u3000\u3064\u304f\u308a\u3060\u3059\u3002",
            "language": {
                "name": "ja-Hrkt",
                "url": "/api/v2/language/1/"
            },
            "version_group": {
                "name": "sun-moon",
                "url": "/api/v2/version-group/17/"
            }
        },
        {
            "flavor_text": "\uc0ac\uc6a9\ud55c \ub098\ubb34\uc5f4\ub9e4\ub97c\n\uba87 \ubc88\uc774\uace0 \ub9cc\ub4e4\uc5b4 \ub0b8\ub2e4.",
            "language": {
                "name": "ko",
                "url": "/api/v2/language/3/"
            },
            "version_group": {
                "name": "sun-moon",
                "url": "/api/v2/version-group/17/"
            }
        },
        {
            "flavor_text": "\u53ef\u591a\u6b21\u63a1\u6536\n\u5df2\u88ab\u4f7f\u7528\u904e\u7684\u6a39\u679c\u3002",
            "language": {
                "name": "zh-Hant",
                "url": "/api/v2/language/4/"
            },
            "version_group": {
                "name": "sun-moon",
                "url": "/api/v2/version-group/17/"
            }
        },
        {
            "flavor_text": "Permet de r\u00e9utiliser une m\u00eame Baie plusieurs fois.",
            "language": {
                "name": "fr",
                "url": "/api/v2/language/5/"
            },
            "version_group": {
                "name": "sun-moon",
                "url": "/api/v2/version-group/17/"
            }
        },
        {
            "flavor_text": "Dieselbe Beere kann mehrmals verwendet werden.",
            "language": {
                "name": "de",
                "url": "/api/v2/language/6/"
            },
            "version_group": {
                "name": "sun-moon",
                "url": "/api/v2/version-group/17/"
            }
        },
        {
            "flavor_text": "Permite reutilizar varias veces una misma baya.",
            "language": {
                "name": "es",
                "url": "/api/v2/language/7/"
            },
            "version_group": {
                "name": "sun-moon",
                "url": "/api/v2/version-group/17/"
            }
        },
        {
            "flavor_text": "Pu\u00f2 ricreare una bacca utilizzata.",
            "language": {
                "name": "it",
                "url": "/api/v2/language/8/"
            },
            "version_group": {
                "name": "sun-moon",
                "url": "/api/v2/version-group/17/"
            }
        },
        {
            "flavor_text": "May create another Berry after one is used.",
            "language": {
                "name": "en",
                "url": "/api/v2/language/9/"
            },
            "version_group": {
                "name": "sun-moon",
                "url": "/api/v2/version-group/17/"
            }
        },
        {
            "flavor_text": "\u4f7f\u3063\u305f\u3000\u304d\u306e\u307f\u3092\n\u4f55\u56de\u3082\u3000\u4f5c\u308a\u3060\u3059\u3002",
            "language": {
                "name": "ja",
                "url": "/api/v2/language/11/"
            },
            "version_group": {
                "name": "sun-moon",
                "url": "/api/v2/version-group/17/"
            }
        },
        {
            "flavor_text": "\u53ef\u4ee5\u591a\u6b21\u5236\u4f5c\u51fa\n\u5df2\u88ab\u4f7f\u7528\u6389\u7684\u6811\u679c\u3002",
            "language": {
                "name": "zh-Hans",
                "url": "/api/v2/language/12/"
            },
            "version_group": {
                "name": "sun-moon",
                "url": "/api/v2/version-group/17/"
            }
        },
        {
            "flavor_text": "\u3064\u304b\u3063\u305f\u3000\u304d\u306e\u307f\u3092\n\u306a\u3093\u304b\u3044\u3082\u3000\u3064\u304f\u308a\u3060\u3059\u3002",
            "language": {
                "name": "ja-Hrkt",
                "url": "/api/v2/language/1/"
            },
            "version_group": {
                "name": "ultra-sun-ultra-moon",
                "url": "/api/v2/version-group/18/"
            }
        },
        {
            "flavor_text": "\uc0ac\uc6a9\ud55c \ub098\ubb34\uc5f4\ub9e4\ub97c\n\uba87 \ubc88\uc774\uace0 \ub9cc\ub4e4\uc5b4 \ub0b8\ub2e4.",
            "language": {
                "name": "ko",
                "url": "/api/v2/language/3/"
            },
            "version_group": {
                "name": "ultra-sun-ultra-moon",
                "url": "/api/v2/version-group/18/"
            }
        },
        {
            "flavor_text": "\u53ef\u591a\u6b21\u63a1\u6536\n\u5df2\u88ab\u4f7f\u7528\u904e\u7684\u6a39\u679c\u3002",
            "language": {
                "name": "zh-Hant",
                "url": "/api/v2/language/4/"
            },
            "version_group": {
                "name": "ultra-sun-ultra-moon",
                "url": "/api/v2/version-group/18/"
            }
        },
        {
            "flavor_text": "Permet de r\u00e9utiliser une m\u00eame Baie plusieurs fois.",
            "language": {
                "name": "fr",
                "url": "/api/v2/language/5/"
            },
            "version_group": {
                "name": "ultra-sun-ultra-moon",
                "url": "/api/v2/version-group/18/"
            }
        },
        {
            "flavor_text": "Dieselbe Beere kann mehrmals verwendet werden.",
            "language": {
                "name": "de",
                "url": "/api/v2/language/6/"
            },
            "version_group": {
                "name": "ultra-sun-ultra-moon",
                "url": "/api/v2/version-group/18/"
            }
        },
        {
            "flavor_text": "Permite reutilizar varias veces una misma baya.",
            "language": {
                "name": "es",
                "url": "/api/v2/language/7/"
            },
            "version_group": {
                "name": "ultra-sun-ultra-moon",
                "url": "/api/v2/version-group/18/"
            }
        },
        {
            "flavor_text": "Pu\u00f2 ricreare una bacca utilizzata.",
            "language": {
                "name": "it",
                "url": "/api/v2/language/8/"
            },
            "version_group": {
                "name": "ultra-sun-ultra-moon",
                "url": "/api/v2/version-group/18/"
            }
        },
        {
            "flavor_text": "May create another Berry after one is used.",
            "language": {
                "name": "en",
                "url": "/api/v2/language/9/"
            },
            "version_group": {
                "name": "ultra-sun-ultra-moon",
                "url": "/api/v2/version-group/18/"
            }
        },
        {
            "flavor_text": "\u4f7f\u3063\u305f\u3000\u304d\u306e\u307f\u3092\n\u4f55\u56de\u3082\u3000\u4f5c\u308a\u3060\u3059\u3002",
            "language": {
                "name": "ja",
                "url": "/api/v2/language/11/"
            },
            "version_group": {
                "name": "ultra-sun-ultra-moon",
                "url": "/api/v2/version-group/18/"
            }
        },
        {
            "flavor_text": "\u53ef\u4ee5\u591a\u6b21\u5236\u4f5c\u51fa\n\u5df2\u88ab\u4f7f\u7528\u6389\u7684\u6811\u679c\u3002",
            "language": {
                "name": "zh-Hans",
                "url": "/api/v2/language/12/"
            },
            "version_group": {
                "name": "ultra-sun-ultra-moon",
                "url": "/api/v2/version-group/18/"
            }
        },
        {
            "flavor_text": "\u3064\u304b\u3063\u305f\u3000\u304d\u306e\u307f\u3092\n\u306a\u3093\u304b\u3044\u3082\u3000\u3064\u304f\u308a\u3060\u3059\u3002",
            "language": {
                "name": "ja-Hrkt",
                "url": "/api/v2/language/1/"
            },
            "version_group": {
                "name": "lets-go-pikachu-lets-go-eevee",
                "url": "/api/v2/version-group/19/"
            }
        },
        {
            "flavor_text": "\uc0ac\uc6a9\ud55c \ub098\ubb34\uc5f4\ub9e4\ub97c\n\uba87 \ubc88\uc774\uace0 \ub9cc\ub4e4\uc5b4 \ub0b8\ub2e4.",
            "language": {
                "name": "ko",
                "url": "/api/v2/language/3/"
            },
            "version_group": {
                "name": "lets-go-pikachu-lets-go-eevee",
                "url": "/api/v2/version-group/19/"
            }
        },
        {
            "flavor_text": "\u53ef\u591a\u6b21\u63a1\u6536\n\u5df2\u88ab\u4f7f\u7528\u904e\u7684\u6a39\u679c\u3002",
            "language": {
                "name": "zh-Hant",
                "url": "/api/v2/language/4/"
            },
            "version_group": {
                "name": "lets-go-pikachu-lets-go-eevee",
                "url": "/api/v2/version-group/19/"
            }
        },
        {
            "flavor_text": "Permet de r\u00e9utiliser une m\u00eame Baie plusieurs fois.",
            "language": {
                "name": "fr",
                "url": "/api/v2/language/5/"
            },
            "version_group": {
                "name": "lets-go-pikachu-lets-go-eevee",
                "url": "/api/v2/version-group/19/"
            }
        },
        {
            "flavor_text": "Dieselbe Beere kann mehrmals verwendet werden.",
            "language": {
                "name": "de",
                "url": "/api/v2/language/6/"
            },
            "version_group": {
                "name": "lets-go-pikachu-lets-go-eevee",
                "url": "/api/v2/version-group/19/"
            }
        },
        {
            "flavor_text": "Permite reutilizar varias veces una misma baya.",
            "language": {
                "name": "es",
                "url": "/api/v2/language/7/"
            },
            "version_group": {
                "name": "lets-go-pikachu-lets-go-eevee",
                "url": "/api/v2/version-group/19/"
            }
        },
        {
            "flavor_text": "Pu\u00f2 ricreare una bacca utilizzata.",
            "language": {
                "name": "it",
                "url": "/api/v2/language/8/"
            },
            "version_group": {
                "name": "lets-go-pikachu-lets-go-eevee",
                "url": "/api/v2/version-group/19/"
            }
        },
        {
            "flavor_text": "May create another Berry after one is used.",
            "language": {
                "name": "en",
                "url": "/api/v2/language/9/"
            },
            "version_group": {
                "name": "lets-go-pikachu-lets-go-eevee",
                "url": "/api/v2/version-group/19/"
            }
        },
        {
            "flavor_text": "\u4f7f\u3063\u305f\u3000\u304d\u306e\u307f\u3092\n\u4f55\u56de\u3082\u3000\u4f5c\u308a\u3060\u3059\u3002",
            "language": {
                "name": "ja",
                "url": "/api/v2/language/11/"
            },
            "version_group": {
                "name": "lets-go-pikachu-lets-go-eevee",
                "url": "/api/v2/version-group/19/"
            }
        },
        {
            "flavor_text": "\u53ef\u4ee5\u591a\u6b21\u5236\u4f5c\u51fa\n\u5df2\u88ab\u4f7f\u7528\u6389\u7684\u6811\u679c\u3002",
            "language": {
                "name": "zh-Hans",
                "url": "/api/v2/language/12/"
            },
            "version_group": {
                "name": "lets-go-pikachu-lets-go-eevee",
                "url": "/api/v2/version-group/19/"
            }
        },
        {
            "flavor_text": "\u3064\u304b\u3063\u305f\u3000\u304d\u306e\u307f\u3092\n\u306a\u3093\u304b\u3044\u3082\u3000\u3064\u304f\u308a\u3060\u3059\u3002",
            "language": {
                "name": "ja-Hrkt",
                "url": "/api/v2/language/1/"
            },
            "version_group": {
                "name": "sword-shield",
                "url": "/api/v2/version-group/20/"
            }
        },
        {
            "flavor_text": "\uc0ac\uc6a9\ud55c \ub098\ubb34\uc5f4\ub9e4\ub97c\n\uba87 \ubc88\uc774\uace0 \ub9cc\ub4e4\uc5b4 \ub0b8\ub2e4.",
            "language": {
                "name": "ko",
                "url": "/api/v2/language/3/"
            },
            "version_group": {
                "name": "sword-shield",
                "url": "/api/v2/version-group/20/"
            }
        },
        {
            "flavor_text": "\u53ef\u591a\u6b21\u63a1\u6536\n\u5df2\u88ab\u4f7f\u7528\u904e\u7684\u6a39\u679c\u3002",
            "language": {
                "name": "zh-Hant",
                "url": "/api/v2/language/4/"
            },
            "version_group": {
                "name": "sword-shield",
                "url": "/api/v2/version-group/20/"
            }
        },
        {
            "flavor_text": "Permet de r\u00e9utiliser une m\u00eame Baie plusieurs fois.",
            "language": {
                "name": "fr",
                "url": "/api/v2/language/5/"
            },
            "version_group": {
                "name": "sword-shield",
                "url": "/api/v2/version-group/20/"
            }
        },
        {
            "flavor_text": "Dieselbe Beere kann mehrmals verwendet werden.",
            "language": {
                "name": "de",
                "url": "/api/v2/language/6/"
            },
            "version_group": {
                "name": "sword-shield",
                "url": "/api/v2/version-group/20/"
            }
        },
        {
            "flavor_text": "Puede reutilizar varias veces una misma baya.",
            "language": {
                "name": "es",
                "url": "/api/v2/language/7/"
            },
            "version_group": {
                "name": "sword-shield",
                "url": "/api/v2/version-group/20/"
            }
        },
        {
            "flavor_text": "Pu\u00f2 ricreare una bacca utilizzata.",
            "language": {
                "name": "it",
                "url": "/api/v2/language/8/"
            },
            "version_group": {
                "name": "sword-shield",
                "url": "/api/v2/version-group/20/"
            }
        },
        {
            "flavor_text": "May create another Berry after one is used.",
            "language": {
                "name": "en",
                "url": "/api/v2/language/9/"
            },
            "version_group": {
                "name": "sword-shield",
                "url": "/api/v2/version-group/20/"
            }
        },
        {
            "flavor_text": "\u4f7f\u3063\u305f\u3000\u304d\u306e\u307f\u3092\n\u4f55\u56de\u3082\u3000\u4f5c\u308a\u3060\u3059\u3002",
            "language": {
                "name": "ja",
                "url": "/api/v2/language/11/"
            },
            "version_group": {
                "name": "sword-shield",
                "url": "/api/v2/version-group/20/"
            }
        },
        {
            "flavor_text": "\u53ef\u4ee5\u591a\u6b21\u5236\u4f5c\u51fa\n\u5df2\u88ab\u4f7f\u7528\u6389\u7684\u6811\u679c\u3002",
            "language": {
                "name": "zh-Hans",
                "url": "/api/v2/language/12/"
            },
            "version_group": {
                "name": "sword-shield",
                "url": "/api/v2/version-group/20/"
            }
        }
    ],
    "generation": {
        "name": "generation-v",
        "url": "/api/v2/generation/5/"
    },
    "id": 139,
    "is_main_series": true,
    "name": "harvest",
    "names": [
        {
            "language": {
                "name": "ja-Hrkt",
                "url": "/api/v2/language/1/"
            },
            "name": "\u3057\u3085\u3046\u304b\u304f"
        },
        {
            "language": {
                "name": "ko",
                "url": "/api/v2/language/3/"
            },
            "name": "\uc218\ud655"
        },
        {
            "language": {
                "name": "zh-Hant",
                "url": "/api/v2/language/4/"
            },
            "name": "\u6536\u7a6b"
        },
        {
            "language": {
                "name": "fr",
                "url": "/api/v2/language/5/"
            },
            "name": "R\u00e9colte"
        },
        {
            "language": {
                "name": "de",
                "url": "/api/v2/language/6/"
            },
            "name": "Reiche Ernte"
        },
        {
            "language": {
                "name": "es",
                "url": "/api/v2/language/7/"
            },
            "name": "Cosecha"
        },
        {
            "language": {
                "name": "it",
                "url": "/api/v2/language/8/"
            },
            "name": "Coglibacche"
        },
        {
            "language": {
                "name": "en",
                "url": "/api/v2/language/9/"
            },
            "name": "Harvest"
        },
        {
            "language": {
                "name": "ja",
                "url": "/api/v2/language/11/"
            },
            "name": "\u3057\u3085\u3046\u304b\u304f"
        },
        {
            "language": {
                "name": "zh-Hans",
                "url": "/api/v2/language/12/"
            },
            "name": "\u6536\u83b7"
        }
    ],
    "pokemon": [
        {
            "is_hidden": true,
            "pokemon": {
                "name": "exeggcute",
                "url": "/api/v2/pokemon/102/"
            },
            "slot": 3
        },
        {
            "is_hidden": true,
            "pokemon": {
                "name": "exeggutor",
                "url": "/api/v2/pokemon/103/"
            },
            "slot": 3
        },
        {
            "is_hidden": true,
            "pokemon": {
                "name": "tropius",
                "url": "/api/v2/pokemon/357/"
            },
            "slot": 3
        },
        {
            "is_hidden": true,
            "pokemon": {
                "name": "phantump",
                "url": "/api/v2/pokemon/708/"
            },
            "slot": 3
        },
        {
            "is_hidden": true,
            "pokemon": {
                "name": "trevenant",
                "url": "/api/v2/pokemon/709/"
            },
            "slot": 3
        },
        {
            "is_hidden": true,
            "pokemon": {
                "name": "smoliv",
                "url": "/api/v2/pokemon/928/"
            },
            "slot": 3
        },
        {
            "is_hidden": true,
            "pokemon": {
                "name": "dolliv",
                "url": "/api/v2/pokemon/929/"
            },
            "slot": 3
        },
        {
            "is_hidden": true,
            "pokemon": {
                "name": "arboliva",
                "url": "/api/v2/pokemon/930/"
            },
            "slot": 3
        },
        {
            "is_hidden": true,
            "pokemon": {
                "name": "exeggutor-alola",
                "url": "/api/v2/pokemon/10114/"
            },
            "slot": 3
        }
    ]
}