{
    "effect_changes": [],
    "effect_entries": [
        {
            "effect": "Damage from contact moves is halved.  Damage from Fire moves is doubled.",
            "language": {
                "name": "en",
                "url": "/api/v2/language/9/"
            },
            "short_effect": "Damage from contact moves is halved.  Damage from Fire moves is doubled."
        }
    ],
    "flavor_text_entries": [
        {
            "flavor_text": "\u3042\u3044\u3066\u304b\u3089\u3000\u3046\u3051\u305f\u3000\u305b\u3063\u3057\u3087\u304f\u3059\u308b\u3000\u308f\u3056\u306e\n\u30c0\u30e1\u30fc\u30b8\u3092\u3000\u306f\u3093\u3052\u3093\u3059\u308b\u304c\u3000\u307b\u306e\u304a\u30bf\u30a4\u30d7\u306e\n\u308f\u3056\u306e\u3000\u30c0\u30e1\u30fc\u30b8\u306f\u3000\uff12\u3070\u3044\u306b\u306a\u308b\u3002",
            "language": {
                "name": "ja-Hrkt",
                "url": "/api/v2/language/1/"
            },
            "version_group": {
                "name": "sun-moon",
                "url": "/api/v2/version-group/17/"
            }
        },
        {
            "flavor_text": "\uc0c1\ub300\ub85c\ubd80\ud130 \ubc1b\uc740 \uc811\ucd09\ud558\ub294 \uae30\uc220\uc758\n\ub370\ubbf8\uc9c0\ub97c \ubc18\uac10\uc2dc\ud0a4\uc9c0\ub9cc \ubd88\uaf43\ud0c0\uc785\n\uae30\uc220\uc758 \ub370\ubbf8\uc9c0\ub294 2\ubc30\uac00 \ub41c\ub2e4.",
            "language": {
                "name": "ko",
                "url": "/api/v2/language/3/"
            },
            "version_group": {
                "name": "sun-moon",
                "url": "/api/v2/version-group/17/"
            }
        },
        {
            "flavor_text": "\u6703\u5c07\u5c0d\u624b\u6240\u7d66\u4e88\u7684\u63a5\u89f8\u985e\u62db\u5f0f\u7684\u50b7\u5bb3\u6e1b\u534a\uff0c\n\u4f46\u706b\u5c6c\u6027\u62db\u5f0f\u7684\u50b7\u5bb3\u6703\u8b8a\u70ba\uff12\u500d\u3002",
            "language": {
                "name": "zh-Hant",
                "url": "/api/v2/language/4/"
            },
            "version_group": {
                "name": "sun-moon",
                "url": "/api/v2/version-group/17/"
            }
        },
        {
            "flavor_text": "Divise par deux les d\u00e9g\u00e2ts des attaques directes\nsubies par le Pok\u00e9mon, mais double les d\u00e9g\u00e2ts\ndes capacit\u00e9s de type Feu.",
            "language": {
                "name": "fr",
                "url": "/api/v2/language/5/"
            },
            "version_group": {
                "name": "sun-moon",
                "url": "/api/v2/version-group/17/"
            }
        },
        {
            "flavor_text": "Halbiert den Schaden, den es durch direkte Attacken\nnimmt, aber verdoppelt daf\u00fcr den durch\nFeuer-Attacken erlittenen Schaden.",
            "language": {
                "name": "de",
                "url": "/api/v2/language/6/"
            },
            "version_group": {
                "name": "sun-moon",
                "url": "/api/v2/version-group/17/"
            }
        },
        {
            "flavor_text": "Reduce a la mitad el da\u00f1o provocado por los\nmovimientos de contacto, pero duplica el infligido\npor los de tipo Fuego.",
            "language": {
                "name": "es",
                "url": "/api/v2/language/7/"
            },
            "version_group": {
                "name": "sun-moon",
                "url": "/api/v2/version-group/17/"
            }
        },
        {
            "flavor_text": "Dimezza il danno causato dagli attacchi diretti\ndi un nemico, ma raddoppia quello subito dalle\nmosse di tipo Fuoco.",
            "language": {
                "name": "it",
                "url": "/api/v2/language/8/"
            },
            "version_group": {
                "name": "sun-moon",
                "url": "/api/v2/version-group/17/"
            }
        },
        {
            "flavor_text": "Halves the damage taken from moves that make\ndirect contact, but doubles that of Fire-type moves.",
            "language": {
                "name": "en",
                "url": "/api/v2/language/9/"
            },
            "version_group": {
                "name": "sun-moon",
                "url": "/api/v2/version-group/17/"
            }
        },
        {
            "flavor_text": "\u76f8\u624b\u304b\u3089\u3000\u53d7\u3051\u305f\u3000\u63a5\u89e6\u3059\u308b\u3000\u6280\u306e\n\u30c0\u30e1\u30fc\u30b8\u3092\u3000\u534a\u6e1b\u3059\u308b\u304c\u3000\u307b\u306e\u304a\u30bf\u30a4\u30d7\u306e\n\u6280\u306e\u3000\u30c0\u30e1\u30fc\u30b8\u306f\u3000\uff12\u500d\u306b\u306a\u308b\u3002",
            "language": {
                "name": "ja",
                "url": "/api/v2/language/11/"
            },
            "version_group": {
                "name": "sun-moon",
                "url": "/api/v2/version-group/17/"
            }
        },
        {
            "flavor_text": "\u4f1a\u5c06\u5bf9\u624b\u6240\u7ed9\u4e88\u7684\u63a5\u89e6\u7c7b\u62db\u5f0f\u7684\u4f24\u5bb3\u51cf\u534a\uff0c\n\u4f46\u706b\u5c5e\u6027\u62db\u5f0f\u7684\u4f24\u5bb3\u4f1a\u53d8\u4e3a\uff12\u500d\u3002",
            "language": {
                "name": "zh-Hans",
                "url": "/api/v2/language/12/"
            },
            "version_group": {
                "name": "sun-moon",
                "url": "/api/v2/version-group/17/"
            }
        },
        {
            "flavor_text": "\u3042\u3044\u3066\u304b\u3089\u3000\u3046\u3051\u305f\u3000\u305b\u3063\u3057\u3087\u304f\u3059\u308b\u3000\u308f\u3056\u306e\n\u30c0\u30e1\u30fc\u30b8\u3092\u3000\u306f\u3093\u3052\u3093\u3059\u308b\u304c\u3000\u307b\u306e\u304a\u30bf\u30a4\u30d7\u306e\n\u308f\u3056\u306e\u3000\u30c0\u30e1\u30fc\u30b8\u306f\u3000\uff12\u3070\u3044\u306b\u306a\u308b\u3002",
            "language": {
                "name": "ja-Hrkt",
                "url": "/api/v2/language/1/"
            },
            "version_group": {
                "name": "ultra-sun-ultra-moon",
                "url": "/api/v2/version-group/18/"
            }
        },
        {
            "flavor_text": "\uc0c1\ub300\ub85c\ubd80\ud130 \ubc1b\uc740 \uc811\ucd09\ud558\ub294 \uae30\uc220\uc758\n\ub370\ubbf8\uc9c0\ub97c \ubc18\uac10\uc2dc\ud0a4\uc9c0\ub9cc \ubd88\uaf43\ud0c0\uc785\n\uae30\uc220\uc758 \ub370\ubbf8\uc9c0\ub294 2\ubc30\uac00 \ub41c\ub2e4.",
            "language": {
                "name": "ko",
                "url": "/api/v2/language/3/"
            },
            "version_group": {
                "name": "ultra-sun-ultra-moon",
                "url": "/api/v2/version-group/18/"
            }
        },
        {
            "flavor_text": "\u6703\u5c07\u5c0d\u624b\u6240\u7d66\u4e88\u7684\u63a5\u89f8\u985e\u62db\u5f0f\u7684\u50b7\u5bb3\u6e1b\u534a\uff0c\n\u4f46\u706b\u5c6c\u6027\u62db\u5f0f\u7684\u50b7\u5bb3\u6703\u8b8a\u70ba\uff12\u500d\u3002",
            "language": {
                "name": "zh-Hant",
                "url": "/api/v2/language/4/"
            },
            "version_group": {
                "name": "ultra-sun-ultra-moon",
                "url": "/api/v2/version-group/18/"
            }
        },
        {
            "flavor_text": "Divise par deux les d\u00e9g\u00e2ts des attaques directes\nsubies par le Pok\u00e9mon, mais double les d\u00e9g\u00e2ts\ndes capacit\u00e9s de type Feu.",
            "language": {
                "name": "fr",
                "url": "/api/v2/language/5/"
            },
            "version_group": {
                "name": "ultra-sun-ultra-moon",
                "url": "/api/v2/version-group/18/"
            }
        },
        {
            "flavor_text": "Halbiert den Schaden, den es durch direkte Attacken\nnimmt, aber verdoppelt daf\u00fcr den durch\nFeuer-Attacken erlittenen Schaden.",
            "language": {
                "name": "de",
                "url": "/api/v2/language/6/"
            },
            "version_group": {
                "name": "ultra-sun-ultra-moon",
                "url": "/api/v2/version-group/18/"
            }
        },
        {
            "flavor_text": "Reduce a la mitad el da\u00f1o provocado por los\nmovimientos de contacto, pero duplica el infligido\npor los de tipo Fuego.",
            "language": {
                "name": "es",
                "url": "/api/v2/language/7/"
            },
            "version_group": {
                "name": "ultra-sun-ultra-moon",
                "url": "/api/v2/version-group/18/"
            }
        },
        {
            "flavor_text": "Dimezza il danno causato dagli attacchi diretti\ndi un nemico, ma raddoppia quello subito dalle\nmosse di tipo Fuoco.",
            "language": {
                "name": "it",
                "url": "/api/v2/language/8/"
            },
            "version_group": {
                "name": "ultra-sun-ultra-moon",
                "url": "/api/v2/version-group/18/"
            }
        },
        {
            "flavor_text": "Halves the damage taken from moves that make\ndirect contact, but doubles that of Fire-type moves.",
            "language": {
                "name": "en",
                "url": "/api/v2/language/9/"
            },
            "version_group": {
                "name": "ultra-sun-ultra-moon",
                "url": "/api/v2/version-group/18/"
            }
        },
        {
            "flavor_text": "\u76f8\u624b\u304b\u3089\u3000\u53d7\u3051\u305f\u3000\u63a5\u89e6\u3059\u308b\u3000\u6280\u306e\n\u30c0\u30e1\u30fc\u30b8\u3092\u3000\u534a\u6e1b\u3059\u308b\u304c\u3000\u307b\u306e\u304a\u30bf\u30a4\u30d7\u306e\n\u6280\u306e\u3000\u30c0\u30e1\u30fc\u30b8\u306f\u3000\uff12\u500d\u306b\u306a\u308b\u3002",
            "language": {
                "name": "ja",
                "url": "/api/v2/language/11/"
            },
            "version_group": {
                "name": "ultra-sun-ultra-moon",
                "url": "/api/v2/version-group/18/"
            }
        },
        {
            "flavor_text": "\u4f1a\u5c06\u5bf9\u624b\u6240\u7ed9\u4e88\u7684\u63a5\u89e6\u7c7b\u62db\u5f0f\u7684\u4f24\u5bb3\u51cf\u534a\uff0c\n\u4f46\u706b\u5c5e\u6027\u62db\u5f0f\u7684\u4f24\u5bb3\u4f1a\u53d8\u4e3a\uff12\u500d\u3002",
            "language": {
                "name": "zh-Hans",
                "url": "/api/v2/language/12/"
            },
            "version_group": {
                "name": "ultra-sun-ultra-moon",
                "url": "/api/v2/version-group/18/"
            }
        },
        {
            "flavor_text": "\u3042\u3044\u3066\u304b\u3089\u3000\u3046\u3051\u305f\u3000\u305b\u3063\u3057\u3087\u304f\u3059\u308b\u3000\u308f\u3056\u306e\n\u30c0\u30e1\u30fc\u30b8\u3092\u3000\u306f\u3093\u3052\u3093\u3059\u308b\u304c\u3000\u307b\u306e\u304a\u30bf\u30a4\u30d7\u306e\n\u308f\u3056\u306e\u3000\u30c0\u30e1\u30fc\u30b8\u306f\u3000\uff12\u3070\u3044\u306b\u306a\u308b\u3002",
            "language": {
                "name": "ja-Hrkt",
                "url": "/api/v2/language/1/"
            },
            "version_group": {
                "name": "lets-go-pikachu-lets-go-eevee",
                "url": "/api/v2/version-group/19/"
            }
        },
        {
            "flavor_text": "\uc0c1\ub300\ub85c\ubd80\ud130 \ubc1b\uc740 \uc811\ucd09\ud558\ub294 \uae30\uc220\uc758\n\ub370\ubbf8\uc9c0\ub97c \ubc18\uac10\uc2dc\ud0a4\uc9c0\ub9cc \ubd88\uaf43\ud0c0\uc785\n\uae30\uc220\uc758 \ub370\ubbf8\uc9c0\ub294 2\ubc30\uac00 \ub41c\ub2e4.",
            "language": {
                "name": "ko",
                "url": "/api/v2/language/3/"
            },
            "version_group": {
                "name": "lets-go-pikachu-lets-go-eevee",
                "url": "/api/v2/version-group/19/"
            }
        },
        {
            "flavor_text": "\u6703\u5c07\u5c0d\u624b\u6240\u7d66\u4e88\u7684\u63a5\u89f8\u985e\u62db\u5f0f\u7684\u50b7\u5bb3\u6e1b\u534a\uff0c\n\u4f46\u706b\u5c6c\u6027\u62db\u5f0f\u7684\u50b7\u5bb3\u6703\u8b8a\u70ba\uff12\u500d\u3002",
            "language": {
                "name": "zh-Hant",
                "url": "/api/v2/language/4/"
            },
            "version_group": {
                "name": "lets-go-pikachu-lets-go-eevee",
                "url": "/api/v2/version-group/19/"
            }
        },
        {
            "flavor_text": "Divise par deux les d\u00e9g\u00e2ts des attaques directes\nsubies par le Pok\u00e9mon, mais double les d\u00e9g\u00e2ts\ndes capacit\u00e9s de type Feu.",
            "language": {
                "name": "fr",
                "url": "/api/v2/language/5/"
            },
            "version_group": {
                "name": "lets-go-pikachu-lets-go-eevee",
                "url": "/api/v2/version-group/19/"
            }
        },
        {
            "flavor_text": "Halbiert den Schaden, den es durch direkte Attacken\nnimmt, aber verdoppelt daf\u00fcr den durch\nFeuer-Attacken erlittenen Schaden.",
            "language": {
                "name": "de",
                "url": "/api/v2/language/6/"
            },
            "version_group": {
                "name": "lets-go-pikachu-lets-go-eevee",
                "url": "/api/v2/version-group/19/"
            }
        },
        {
            "flavor_text": "Reduce a la mitad el da\u00f1o provocado por los\nmovimientos de contacto, pero duplica el infligido\npor los de tipo Fuego.",
            "language": {
                "name": "es",
                "url": "/api/v2/language/7/"
            },
            "version_group": {
                "name": "lets-go-pikachu-lets-go-eevee",
                "url": "/api/v2/version-group/19/"
            }
        },
        {
            "flavor_text": "Dimezza il danno causato dagli attacchi diretti\ndi un nemico, ma raddoppia quello subito dalle\nmosse di tipo Fuoco.",
            "language": {
                "name": "it",
                "url": "/api/v2/language/8/"
            },
            "version_group": {
                "name": "lets-go-pikachu-lets-go-eevee",
                "url": "/api/v2/version-group/19/"
            }
        },
        {
            "flavor_text": "Halves the damage taken from moves that make\ndirect contact, but doubles that of Fire-type moves.",
            "language": {
                "name": "en",
                "url": "/api/v2/language/9/"
            },
            "version_group": {
                "name": "lets-go-pikachu-lets-go-eevee",
                "url": "/api/v2/version-group/19/"
            }
        },
        {
            "flavor_text": "\u76f8\u624b\u304b\u3089\u3000\u53d7\u3051\u305f\u3000\u63a5\u89e6\u3059\u308b\u3000\u6280\u306e\n\u30c0\u30e1\u30fc\u30b8\u3092\u3000\u534a\u6e1b\u3059\u308b\u304c\u3000\u307b\u306e\u304a\u30bf\u30a4\u30d7\u306e\n\u6280\u306e\u3000\u30c0\u30e1\u30fc\u30b8\u306f\u3000\uff12\u500d\u306b\u306a\u308b\u3002",
            "language": {
                "name": "ja",
                "url": "/api/v2/language/11/"
            },
            "version_group": {
                "name": "lets-go-pikachu-lets-go-eevee",
                "url": "/api/v2/version-group/19/"
            }
        },
        {
            "flavor_text": "\u4f1a\u5c06\u5bf9\u624b\u6240\u7ed9\u4e88\u7684\u63a5\u89e6\u7c7b\u62db\u5f0f\u7684\u4f24\u5bb3\u51cf\u534a\uff0c\n\u4f46\u706b\u5c5e\u6027\u62db\u5f0f\u7684\u4f24\u5bb3\u4f1a\u53d8\u4e3a\uff12\u500d\u3002",
            "language": {
                "name": "zh-Hans",
                "url": "/api/v2/language/12/"
            },
            "version_group": {
                "name": "lets-go-pikachu-lets-go-eevee",
                "url": "/api/v2/version-group/19/"
            }
        },
        {
            "flavor_text": "\u3042\u3044\u3066\u304b\u3089\u3000\u3046\u3051\u305f\u3000\u305b\u3063\u3057\u3087\u304f\u3059\u308b\u3000\u308f\u3056\u306e\n\u30c0\u30e1\u30fc\u30b8\u3092\u3000\u306f\u3093\u3052\u3093\u3059\u308b\u304c\u3000\u307b\u306e\u304a\u30bf\u30a4\u30d7\u306e\n\u308f\u3056\u306e\u3000\u30c0\u30e1\u30fc\u30b8\u306f\u3000\uff12\u3070\u3044\u306b\u306a\u308b\u3002",
            "language": {
                "name": "ja-Hrkt",
                "url": "/api/v2/language/1/"
            },
            "version_group": {
                "name": "sword-shield",
                "url": "/api/v2/version-group/20/"
            }
        },
        {
            "flavor_text": "\uc0c1\ub300\ub85c\ubd80\ud130 \ubc1b\uc740 \uc811\ucd09\ud558\ub294 \uae30\uc220\uc758\n\ub370\ubbf8\uc9c0\ub97c \ubc18\uac10\uc2dc\ud0a4\uc9c0\ub9cc \ubd88\uaf43\ud0c0\uc785\n\uae30\uc220\uc758 \ub370\ubbf8\uc9c0\ub294 2\ubc30\uac00 \ub41c\ub2e4.",
            "language": {
                "name": "ko",
                "url": "/api/v2/language/3/"
            },
            "version_group": {
                "name": "sword-shield",
                "url": "/api/v2/version-group/20/"
            }
        },
        {
            "flavor_text": "\u6703\u5c07\u5c0d\u624b\u6240\u7d66\u4e88\u7684\u63a5\u89f8\u985e\u62db\u5f0f\u7684\u50b7\u5bb3\u6e1b\u534a\uff0c\n\u4f46\u706b\u5c6c\u6027\u62db\u5f0f\u7684\u50b7\u5bb3\u6703\u8b8a\u70ba\uff12\u500d\u3002",
            "language": {
                "name": "zh-Hant",
                "url": "/api/v2/language/4/"
            },
            "version_group": {
                "name": "sword-shield",
                "url": "/api/v2/version-group/20/"
            }
        },
        {
            "flavor_text": "Divise par deux les d\u00e9g\u00e2ts des attaques directes\nsubies par le Pok\u00e9mon, mais double les d\u00e9g\u00e2ts\ndes capacit\u00e9s de type Feu.",
            "language": {
                "name": "fr",
                "url": "/api/v2/language/5/"
            },
            "version_group": {
                "name": "sword-shield",
                "url": "/api/v2/version-group/20/"
            }
        },
        {
            "flavor_text": "Halbiert den Schaden, den es durch direkte Attacken\nnimmt, aber verdoppelt daf\u00fcr den durch Feuer-Attacken\nerlittenen Schaden.",
            "language": {
                "name": "de",
                "url": "/api/v2/language/6/"
            },
            "version_group": {
                "name": "sword-shield",
                "url": "/api/v2/version-group/20/"
            }
        },
        {
            "flavor_text": "Reduce a la mitad el da\u00f1o provocado por los\nmovimientos de contacto, pero duplica el infligido\npor los de tipo Fuego.",
            "language": {
                "name": "es",
                "url": "/api/v2/language/7/"
            },
            "version_group": {
                "name": "sword-shield",
                "url": "/api/v2/version-group/20/"
            }
        },
        {
            "flavor_text": "Dimezza il danno causato dagli attacchi diretti\ndi un nemico, ma raddoppia quello subito dalle\nmosse di tipo Fuoco.",
            "language": {
                "name": "it",
                "url": "/api/v2/language/8/"
            },
            "version_group": {
                "name": "sword-shield",
                "url": "/api/v2/version-group/20/"
            }
        },
        {
            "flavor_text": "Halves the damage taken from moves that make\ndirect contact, but doubles that of Fire-type moves.",
            "language": {
                "name": "en",
                "url": "/api/v2/language/9/"
            },
            "version_group": {
                "name": "sword-shield",
                "url": "/api/v2/version-group/20/"
            }
        },
        {
            "flavor_text": "\u76f8\u624b\u304b\u3089\u3000\u53d7\u3051\u305f\u3000\u63a5\u89e6\u3059\u308b\u3000\u6280\u306e\n\u30c0\u30e1\u30fc\u30b8\u3092\u3000\u534a\u6e1b\u3059\u308b\u304c\u3000\u307b\u306e\u304a\u30bf\u30a4\u30d7\u306e\n\u6280\u306e\u3000\u30c0\u30e1\u30fc\u30b8\u306f\u3000\uff12\u500d\u306b\u306a\u308b\u3002",
            "language": {
                "name": "ja",
                "url": "/api/v2/language/11/"
            },
            "version_group": {
                "name": "sword-shield",
                "url": "/api/v2/version-group/20/"
            }
        },
        {
            "flavor_text": "\u4f1a\u5c06\u5bf9\u624b\u6240\u7ed9\u4e88\u7684\u63a5\u89e6\u7c7b\u62db\u5f0f\u7684\u4f24\u5bb3\u51cf\u534a\uff0c\n\u4f46\u706b\u5c5e\u6027\u62db\u5f0f\u7684\u4f24\u5bb3\u4f1a\u53d8\u4e3a\uff12\u500d\u3002",
            "language": {
                "name": "zh-Hans",
                "url": "/api/v2/language/12/"
            },
            "version_group": {
                "name": "sword-shield",
                "url": "/api/v2/version-group/20/"
            }
        }
    ],
    "generation": {
        "name": "generation-vii",
        "url": "/api/v2/generation/7/"
    },
    "id": 218,
    "is_main_series": true,
    "name": "fluffy",
    "names": [
        {
            "language": {
                "name": "ja-Hrkt",
                "url": "/api/v2/language/1/"
            },
            "name": "\u3082\u3075\u3082\u3075"
        },
        {
            "language": {
                "name": "ko",
                "url": "/api/v2/language/3/"
            },
            "name": "\ubcf5\uc2ac\ubcf5\uc2ac"
        },
        {
            "language": {
                "name": "zh-Hant",
                "url": "/api/v2/language/4/"
            },
            "name": "\u6bdb\u8338\u8338"
        },
        {
            "language": {
                "name": "fr",
                "url": "/api/v2/language/5/"
            },
            "name": "Boule de Poils"
        },
        {
            "language": {
                "name": "de",
                "url": "/api/v2/language/6/"
            },
            "name": "Flauschigkeit"
        },
        {
            "language": {
                "name": "es",
                "url": "/api/v2/language/7/"
            },
            "name": "Peluche"
        },
        {
            "language": {
                "name": "it",
                "url": "/api/v2/language/8/"
            },
            "name": "Morbidone"
        },
        {
            "language": {
                "name": "en",
                "url": "/api/v2/language/9/"
            },
            "name": "Fluffy"
        },
        {
            "language": {
                "name": "ja",
                "url": "/api/v2/language/11/"
            },
            "name": "\u3082\u3075\u3082\u3075"
        },
        {
            "language": {
                "name": "zh-Hans",
                "url": "/api/v2/language/12/"
            },
            "name": "\u6bdb\u8338\u8338"
        }
    ],
    "pokemon": [
        {
            "is_hidden": false,
            "pokemon": {
                "name": "stufful",
                "url": "/api/v2/pokemon/759/"
            },
            "slot": 1
        },
        {
            "is_hidden": false,
            "pokemon": {
                "name": "bewear",
                "url": "/api/v2/pokemon/760/"
            },
            "slot": 1
        },
        {
            "is_hidden": false,
            "pokemon": {
                "name": "wooloo",
                "url": "/api/v2/pokemon/831/"
            },
            "slot": 1
        },
        {
            "is_hidden": false,
            "pokemon": {
                "name": "dubwool",
                "url": "/api/v2/pokemon/832/"
            },
            "slot": 1
        },
        {
            "is_hidden": true,
            "pokemon": {
                "name": "greavard",
                "url": "/api/v2/pokemon/971/"
            },
            "slot": 3
        },
        {
            "is_hidden": true,
            "pokemon": {
                "name": "houndstone",
                "url": "/api/v2/pokemon/972/"
            },
            "slot": 3
        }
    ]
}