{
    "effect_changes": [],
    "effect_entries": [
        {
            "effect": "Pok\u00e9mon mit dieser F\u00e4higkeit ignorieren die Immunit\u00e4t von ghost Pok\u00e9mon gegen normal und fighting Attacken.\n\nDer zweite Typ des ghost Pok\u00e9mons beeinflusst den Schaden wie sonst auch.",
            "language": {
                "name": "de",
                "url": "/api/v2/language/6/"
            },
            "short_effect": "L\u00e4sst die normal und fighting Attacken des Pok\u00e9mons ghost Pok\u00e9mon treffen."
        },
        {
            "effect": "This Pok\u00e9mon ignores ghost-type Pok\u00e9mon's immunity to normal- and fighting-type moves.\n\nGhost Pok\u00e9mon's other types affect damage as usual.",
            "language": {
                "name": "en",
                "url": "/api/v2/language/9/"
            },
            "short_effect": "Lets the Pok\u00e9mon's normal and fighting moves hit ghost Pok\u00e9mon."
        }
    ],
    "flavor_text_entries": [
        {
            "flavor_text": "Enables moves to hit\nGhost-type foes.",
            "language": {
                "name": "en",
                "url": "/api/v2/language/9/"
            },
            "version_group": {
                "name": "diamond-pearl",
                "url": "/api/v2/version-group/8/"
            }
        },
        {
            "flavor_text": "Enables moves to hit\nGhost-type foes.",
            "language": {
                "name": "en",
                "url": "/api/v2/language/9/"
            },
            "version_group": {
                "name": "platinum",
                "url": "/api/v2/version-group/9/"
            }
        },
        {
            "flavor_text": "Enables moves to hit\nGhost-type foes.",
            "language": {
                "name": "en",
                "url": "/api/v2/language/9/"
            },
            "version_group": {
                "name": "heartgold-soulsilver",
                "url": "/api/v2/version-group/10/"
            }
        },
        {
            "flavor_text": "Les cap. Normal touchent\nles Pok\u00e9mon Spectre.",
            "language": {
                "name": "fr",
                "url": "/api/v2/language/5/"
            },
            "version_group": {
                "name": "black-white",
                "url": "/api/v2/version-group/11/"
            }
        },
        {
            "flavor_text": "Enables moves to hit\nGhost-type Pok\u00e9mon.",
            "language": {
                "name": "en",
                "url": "/api/v2/language/9/"
            },
            "version_group": {
                "name": "black-white",
                "url": "/api/v2/version-group/11/"
            }
        },
        {
            "flavor_text": "Enables moves to hit\nGhost-type Pok\u00e9mon.",
            "language": {
                "name": "en",
                "url": "/api/v2/language/9/"
            },
            "version_group": {
                "name": "black-2-white-2",
                "url": "/api/v2/version-group/14/"
            }
        },
        {
            "flavor_text": "\u30b4\u30fc\u30b9\u30c8\u30bf\u30a4\u30d7\u306b\n\u30ce\u30fc\u30de\u30eb\u308f\u3056\u304c\u3000\u3042\u305f\u308b\u3002",
            "language": {
                "name": "ja-Hrkt",
                "url": "/api/v2/language/1/"
            },
            "version_group": {
                "name": "x-y",
                "url": "/api/v2/version-group/15/"
            }
        },
        {
            "flavor_text": "\uace0\uc2a4\ud2b8\ud0c0\uc785\uc5d0\n\ub178\ub9d0 \uae30\uc220\uc774 \ub9de\ub294\ub2e4.",
            "language": {
                "name": "ko",
                "url": "/api/v2/language/3/"
            },
            "version_group": {
                "name": "x-y",
                "url": "/api/v2/version-group/15/"
            }
        },
        {
            "flavor_text": "Les capacit\u00e9s Normal et Combat\ntouchent les Pok\u00e9mon Spectre.",
            "language": {
                "name": "fr",
                "url": "/api/v2/language/5/"
            },
            "version_group": {
                "name": "x-y",
                "url": "/api/v2/version-group/15/"
            }
        },
        {
            "flavor_text": "Normal- und Kampf-Attacken\ntreffen Pok\u00e9mon vom Typ Geist.",
            "language": {
                "name": "de",
                "url": "/api/v2/language/6/"
            },
            "version_group": {
                "name": "x-y",
                "url": "/api/v2/version-group/15/"
            }
        },
        {
            "flavor_text": "Movimientos tipo Normal y Lucha\ngolpean a Pok\u00e9mon Fantasma.",
            "language": {
                "name": "es",
                "url": "/api/v2/language/7/"
            },
            "version_group": {
                "name": "x-y",
                "url": "/api/v2/version-group/15/"
            }
        },
        {
            "flavor_text": "I Pok\u00e9mon di tipo Spettro sono\ncolpiti da mosse Normale e Lotta.",
            "language": {
                "name": "it",
                "url": "/api/v2/language/8/"
            },
            "version_group": {
                "name": "x-y",
                "url": "/api/v2/version-group/15/"
            }
        },
        {
            "flavor_text": "Makes Normal- and Fighting-type\nmoves hit Ghost-type Pok\u00e9mon.",
            "language": {
                "name": "en",
                "url": "/api/v2/language/9/"
            },
            "version_group": {
                "name": "x-y",
                "url": "/api/v2/version-group/15/"
            }
        },
        {
            "flavor_text": "\u30b4\u30fc\u30b9\u30c8\u30bf\u30a4\u30d7\u306b\n\u30ce\u30fc\u30de\u30eb\u6280\u304c\u3000\u5f53\u305f\u308b\u3002",
            "language": {
                "name": "ja",
                "url": "/api/v2/language/11/"
            },
            "version_group": {
                "name": "x-y",
                "url": "/api/v2/version-group/15/"
            }
        },
        {
            "flavor_text": "\u30b4\u30fc\u30b9\u30c8\u30bf\u30a4\u30d7\u306b\n\u30ce\u30fc\u30de\u30eb\u308f\u3056\u304c\u3000\u3042\u305f\u308b\u3002",
            "language": {
                "name": "ja-Hrkt",
                "url": "/api/v2/language/1/"
            },
            "version_group": {
                "name": "omega-ruby-alpha-sapphire",
                "url": "/api/v2/version-group/16/"
            }
        },
        {
            "flavor_text": "\uace0\uc2a4\ud2b8\ud0c0\uc785\uc5d0\n\ub178\ub9d0 \uae30\uc220\uc774 \ub9de\ub294\ub2e4.",
            "language": {
                "name": "ko",
                "url": "/api/v2/language/3/"
            },
            "version_group": {
                "name": "omega-ruby-alpha-sapphire",
                "url": "/api/v2/version-group/16/"
            }
        },
        {
            "flavor_text": "Les capacit\u00e9s Normal et Combat\ntouchent les Pok\u00e9mon Spectre.",
            "language": {
                "name": "fr",
                "url": "/api/v2/language/5/"
            },
            "version_group": {
                "name": "omega-ruby-alpha-sapphire",
                "url": "/api/v2/version-group/16/"
            }
        },
        {
            "flavor_text": "Normal- und Kampf-Attacken\ntreffen Pok\u00e9mon vom Typ Geist.",
            "language": {
                "name": "de",
                "url": "/api/v2/language/6/"
            },
            "version_group": {
                "name": "omega-ruby-alpha-sapphire",
                "url": "/api/v2/version-group/16/"
            }
        },
        {
            "flavor_text": "Movimientos tipo Normal y Lucha\ngolpean a Pok\u00e9mon Fantasma.",
            "language": {
                "name": "es",
                "url": "/api/v2/language/7/"
            },
            "version_group": {
                "name": "omega-ruby-alpha-sapphire",
                "url": "/api/v2/version-group/16/"
            }
        },
        {
            "flavor_text": "I Pok\u00e9mon di tipo Spettro sono\ncolpiti da mosse Normale e Lotta. ",
            "language": {
                "name": "it",
                "url": "/api/v2/language/8/"
            },
            "version_group": {
                "name": "omega-ruby-alpha-sapphire",
                "url": "/api/v2/version-group/16/"
            }
        },
        {
            "flavor_text": "Makes Normal- and Fighting-type\nmoves hit Ghost-type Pok\u00e9mon.",
            "language": {
                "name": "en",
                "url": "/api/v2/language/9/"
            },
            "version_group": {
                "name": "omega-ruby-alpha-sapphire",
                "url": "/api/v2/version-group/16/"
            }
        },
        {
            "flavor_text": "\u30b4\u30fc\u30b9\u30c8\u30bf\u30a4\u30d7\u306b\n\u30ce\u30fc\u30de\u30eb\u6280\u304c\u3000\u5f53\u305f\u308b\u3002",
            "language": {
                "name": "ja",
                "url": "/api/v2/language/11/"
            },
            "version_group": {
                "name": "omega-ruby-alpha-sapphire",
                "url": "/api/v2/version-group/16/"
            }
        },
        {
            "flavor_text": "\u30b4\u30fc\u30b9\u30c8\u30bf\u30a4\u30d7\u306e\u3000\u30dd\u30b1\u30e2\u30f3\u306b\n\u30ce\u30fc\u30de\u30eb\u30bf\u30a4\u30d7\u3068\u3000\u304b\u304f\u3068\u3046\u30bf\u30a4\u30d7\u306e\n\u308f\u3056\u3092\u3000\u3042\u3066\u308b\u3053\u3068\u304c\u3000\u3067\u304d\u308b\u3002",
            "language": {
                "name": "ja-Hrkt",
                "url": "/api/v2/language/1/"
            },
            "version_group": {
                "name": "sun-moon",
                "url": "/api/v2/version-group/17/"
            }
        },
        {
            "flavor_text": "\uace0\uc2a4\ud2b8\ud0c0\uc785 \ud3ec\ucf13\ubaac\uc5d0\uac8c\n\ub178\ub9d0\ud0c0\uc785\uacfc \uaca9\ud22c\ud0c0\uc785\uc758\n\uae30\uc220\uc744 \ub9de\uac8c \ud55c\ub2e4.",
            "language": {
                "name": "ko",
                "url": "/api/v2/language/3/"
            },
            "version_group": {
                "name": "sun-moon",
                "url": "/api/v2/version-group/17/"
            }
        },
        {
            "flavor_text": "\u4e00\u822c\u5c6c\u6027\u548c\u683c\u9b25\u5c6c\u6027\u7684\u62db\u5f0f\n\u53ef\u64ca\u4e2d\u5e7d\u9748\u5c6c\u6027\u7684\u5bf6\u53ef\u5922\u3002",
            "language": {
                "name": "zh-Hant",
                "url": "/api/v2/language/4/"
            },
            "version_group": {
                "name": "sun-moon",
                "url": "/api/v2/version-group/17/"
            }
        },
        {
            "flavor_text": "Permet aux capacit\u00e9s de type Normal ou Combat\ndu Pok\u00e9mon de toucher les Pok\u00e9mon de type\nSpectre.",
            "language": {
                "name": "fr",
                "url": "/api/v2/language/5/"
            },
            "version_group": {
                "name": "sun-moon",
                "url": "/api/v2/version-group/17/"
            }
        },
        {
            "flavor_text": "Bewirkt, dass Normal- und Kampf-Attacken auch\nPok\u00e9mon vom Typ Geist treffen k\u00f6nnen.",
            "language": {
                "name": "de",
                "url": "/api/v2/language/6/"
            },
            "version_group": {
                "name": "sun-moon",
                "url": "/api/v2/version-group/17/"
            }
        },
        {
            "flavor_text": "Los movimientos de tipo Normal o Lucha alcanzan a\nlos Pok\u00e9mon de tipo Fantasma.",
            "language": {
                "name": "es",
                "url": "/api/v2/language/7/"
            },
            "version_group": {
                "name": "sun-moon",
                "url": "/api/v2/version-group/17/"
            }
        },
        {
            "flavor_text": "Permette di colpire Pok\u00e9mon di tipo Spettro\ncon mosse di tipo Normale e Lotta.",
            "language": {
                "name": "it",
                "url": "/api/v2/language/8/"
            },
            "version_group": {
                "name": "sun-moon",
                "url": "/api/v2/version-group/17/"
            }
        },
        {
            "flavor_text": "The Pok\u00e9mon can hit Ghost-type Pok\u00e9mon with\nNormal- and Fighting-type moves.",
            "language": {
                "name": "en",
                "url": "/api/v2/language/9/"
            },
            "version_group": {
                "name": "sun-moon",
                "url": "/api/v2/version-group/17/"
            }
        },
        {
            "flavor_text": "\u30b4\u30fc\u30b9\u30c8\u30bf\u30a4\u30d7\u306e\u3000\u30dd\u30b1\u30e2\u30f3\u306b\n\u30ce\u30fc\u30de\u30eb\u30bf\u30a4\u30d7\u3068\u3000\u304b\u304f\u3068\u3046\u30bf\u30a4\u30d7\u306e\n\u6280\u3092\u3000\u5f53\u3066\u308b\u3053\u3068\u304c\u3000\u3067\u304d\u308b\u3002",
            "language": {
                "name": "ja",
                "url": "/api/v2/language/11/"
            },
            "version_group": {
                "name": "sun-moon",
                "url": "/api/v2/version-group/17/"
            }
        },
        {
            "flavor_text": "\u4e00\u822c\u5c5e\u6027\u548c\u683c\u6597\u5c5e\u6027\u7684\u62db\u5f0f\n\u53ef\u4ee5\u51fb\u4e2d\u5e7d\u7075\u5c5e\u6027\u7684\u5b9d\u53ef\u68a6\u3002",
            "language": {
                "name": "zh-Hans",
                "url": "/api/v2/language/12/"
            },
            "version_group": {
                "name": "sun-moon",
                "url": "/api/v2/version-group/17/"
            }
        },
        {
            "flavor_text": "\u30b4\u30fc\u30b9\u30c8\u30bf\u30a4\u30d7\u306e\u3000\u30dd\u30b1\u30e2\u30f3\u306b\n\u30ce\u30fc\u30de\u30eb\u30bf\u30a4\u30d7\u3068\u3000\u304b\u304f\u3068\u3046\u30bf\u30a4\u30d7\u306e\n\u308f\u3056\u3092\u3000\u3042\u3066\u308b\u3053\u3068\u304c\u3000\u3067\u304d\u308b\u3002",
            "language": {
                "name": "ja-Hrkt",
                "url": "/api/v2/language/1/"
            },
            "version_group": {
                "name": "ultra-sun-ultra-moon",
                "url": "/api/v2/version-group/18/"
            }
        },
        {
            "flavor_text": "\uace0\uc2a4\ud2b8\ud0c0\uc785 \ud3ec\ucf13\ubaac\uc5d0\uac8c\n\ub178\ub9d0\ud0c0\uc785\uacfc \uaca9\ud22c\ud0c0\uc785\uc758\n\uae30\uc220\uc744 \ub9de\uac8c \ud55c\ub2e4.",
            "language": {
                "name": "ko",
                "url": "/api/v2/language/3/"
            },
            "version_group": {
                "name": "ultra-sun-ultra-moon",
                "url": "/api/v2/version-group/18/"
            }
        },
        {
            "flavor_text": "\u4e00\u822c\u5c6c\u6027\u548c\u683c\u9b25\u5c6c\u6027\u7684\u62db\u5f0f\n\u53ef\u64ca\u4e2d\u5e7d\u9748\u5c6c\u6027\u7684\u5bf6\u53ef\u5922\u3002",
            "language": {
                "name": "zh-Hant",
                "url": "/api/v2/language/4/"
            },
            "version_group": {
                "name": "ultra-sun-ultra-moon",
                "url": "/api/v2/version-group/18/"
            }
        },
        {
            "flavor_text": "Permet aux capacit\u00e9s de type Normal ou Combat\ndu Pok\u00e9mon de toucher les Pok\u00e9mon de type\nSpectre.",
            "language": {
                "name": "fr",
                "url": "/api/v2/language/5/"
            },
            "version_group": {
                "name": "ultra-sun-ultra-moon",
                "url": "/api/v2/version-group/18/"
            }
        },
        {
            "flavor_text": "Bewirkt, dass Normal- und Kampf-Attacken auch\nPok\u00e9mon vom Typ Geist treffen k\u00f6nnen.",
            "language": {
                "name": "de",
                "url": "/api/v2/language/6/"
            },
            "version_group": {
                "name": "ultra-sun-ultra-moon",
                "url": "/api/v2/version-group/18/"
            }
        },
        {
            "flavor_text": "Los movimientos de tipo Normal o Lucha alcanzan a\nlos Pok\u00e9mon de tipo Fantasma.",
            "language": {
                "name": "es",
                "url": "/api/v2/language/7/"
            },
            "version_group": {
                "name": "ultra-sun-ultra-moon",
                "url": "/api/v2/version-group/18/"
            }
        },
        {
            "flavor_text": "Permette di colpire Pok\u00e9mon di tipo Spettro\ncon mosse di tipo Normale e Lotta.",
            "language": {
                "name": "it",
                "url": "/api/v2/language/8/"
            },
            "version_group": {
                "name": "ultra-sun-ultra-moon",
                "url": "/api/v2/version-group/18/"
            }
        },
        {
            "flavor_text": "The Pok\u00e9mon can hit Ghost-type Pok\u00e9mon with\nNormal- and Fighting-type moves.",
            "language": {
                "name": "en",
                "url": "/api/v2/language/9/"
            },
            "version_group": {
                "name": "ultra-sun-ultra-moon",
                "url": "/api/v2/version-group/18/"
            }
        },
        {
            "flavor_text": "\u30b4\u30fc\u30b9\u30c8\u30bf\u30a4\u30d7\u306e\u3000\u30dd\u30b1\u30e2\u30f3\u306b\n\u30ce\u30fc\u30de\u30eb\u30bf\u30a4\u30d7\u3068\u3000\u304b\u304f\u3068\u3046\u30bf\u30a4\u30d7\u306e\n\u6280\u3092\u3000\u5f53\u3066\u308b\u3053\u3068\u304c\u3000\u3067\u304d\u308b\u3002",
            "language": {
                "name": "ja",
                "url": "/api/v2/language/11/"
            },
            "version_group": {
                "name": "ultra-sun-ultra-moon",
                "url": "/api/v2/version-group/18/"
            }
        },
        {
            "flavor_text": "\u4e00\u822c\u5c5e\u6027\u548c\u683c\u6597\u5c5e\u6027\u7684\u62db\u5f0f\n\u53ef\u4ee5\u51fb\u4e2d\u5e7d\u7075\u5c5e\u6027\u7684\u5b9d\u53ef\u68a6\u3002",
            "language": {
                "name": "zh-Hans",
                "url": "/api/v2/language/12/"
            },
            "version_group": {
                "name": "ultra-sun-ultra-moon",
                "url": "/api/v2/version-group/18/"
            }
        },
        {
            "flavor_text": "\u30b4\u30fc\u30b9\u30c8\u30bf\u30a4\u30d7\u306e\u3000\u30dd\u30b1\u30e2\u30f3\u306b\n\u30ce\u30fc\u30de\u30eb\u30bf\u30a4\u30d7\u3068\u3000\u304b\u304f\u3068\u3046\u30bf\u30a4\u30d7\u306e\n\u308f\u3056\u3092\u3000\u3042\u3066\u308b\u3053\u3068\u304c\u3000\u3067\u304d\u308b\u3002",
            "language": {
                "name": "ja-Hrkt",
                "url": "/api/v2/language/1/"
            },
            "version_group": {
                "name": "lets-go-pikachu-lets-go-eevee",
                "url": "/api/v2/version-group/19/"
            }
        },
        {
            "flavor_text": "\uace0\uc2a4\ud2b8\ud0c0\uc785 \ud3ec\ucf13\ubaac\uc5d0\uac8c\n\ub178\ub9d0\ud0c0\uc785\uacfc \uaca9\ud22c\ud0c0\uc785\uc758\n\uae30\uc220\uc744 \ub9de\uac8c \ud55c\ub2e4.",
            "language": {
                "name": "ko",
                "url": "/api/v2/language/3/"
            },
            "version_group": {
                "name": "lets-go-pikachu-lets-go-eevee",
                "url": "/api/v2/version-group/19/"
            }
        },
        {
            "flavor_text": "\u4e00\u822c\u5c6c\u6027\u548c\u683c\u9b25\u5c6c\u6027\u7684\u62db\u5f0f\n\u53ef\u64ca\u4e2d\u5e7d\u9748\u5c6c\u6027\u7684\u5bf6\u53ef\u5922\u3002",
            "language": {
                "name": "zh-Hant",
                "url": "/api/v2/language/4/"
            },
            "version_group": {
                "name": "lets-go-pikachu-lets-go-eevee",
                "url": "/api/v2/version-group/19/"
            }
        },
        {
            "flavor_text": "Permet aux capacit\u00e9s de type Normal ou Combat\ndu Pok\u00e9mon de toucher les Pok\u00e9mon de type\nSpectre.",
            "language": {
                "name": "fr",
                "url": "/api/v2/language/5/"
            },
            "version_group": {
                "name": "lets-go-pikachu-lets-go-eevee",
                "url": "/api/v2/version-group/19/"
            }
        },
        {
            "flavor_text": "Bewirkt, dass Normal- und Kampf-Attacken auch\nPok\u00e9mon vom Typ Geist treffen k\u00f6nnen.",
            "language": {
                "name": "de",
                "url": "/api/v2/language/6/"
            },
            "version_group": {
                "name": "lets-go-pikachu-lets-go-eevee",
                "url": "/api/v2/version-group/19/"
            }
        },
        {
            "flavor_text": "Los movimientos de tipo Normal o Lucha alcanzan a\nlos Pok\u00e9mon de tipo Fantasma.",
            "language": {
                "name": "es",
                "url": "/api/v2/language/7/"
            },
            "version_group": {
                "name": "lets-go-pikachu-lets-go-eevee",
                "url": "/api/v2/version-group/19/"
            }
        },
        {
            "flavor_text": "Permette di colpire Pok\u00e9mon di tipo Spettro\ncon mosse di tipo Normale e Lotta.",
            "language": {
                "name": "it",
                "url": "/api/v2/language/8/"
            },
            "version_group": {
                "name": "lets-go-pikachu-lets-go-eevee",
                "url": "/api/v2/version-group/19/"
            }
        },
        {
            "flavor_text": "The Pok\u00e9mon can hit Ghost-type Pok\u00e9mon with\nNormal- and Fighting-type moves.",
            "language": {
                "name": "en",
                "url": "/api/v2/language/9/"
            },
            "version_group": {
                "name": "lets-go-pikachu-lets-go-eevee",
                "url": "/api/v2/version-group/19/"
            }
        },
        {
            "flavor_text": "\u30b4\u30fc\u30b9\u30c8\u30bf\u30a4\u30d7\u306e\u3000\u30dd\u30b1\u30e2\u30f3\u306b\n\u30ce\u30fc\u30de\u30eb\u30bf\u30a4\u30d7\u3068\u3000\u304b\u304f\u3068\u3046\u30bf\u30a4\u30d7\u306e\n\u6280\u3092\u3000\u5f53\u3066\u308b\u3053\u3068\u304c\u3000\u3067\u304d\u308b\u3002",
            "language": {
                "name": "ja",
                "url": "/api/v2/language/11/"
            },
            "version_group": {
                "name": "lets-go-pikachu-lets-go-eevee",
                "url": "/api/v2/version-group/19/"
            }
        },
        {
            "flavor_text": "\u4e00\u822c\u5c5e\u6027\u548c\u683c\u6597\u5c5e\u6027\u7684\u62db\u5f0f\n\u53ef\u4ee5\u51fb\u4e2d\u5e7d\u7075\u5c5e\u6027\u7684\u5b9d\u53ef\u68a6\u3002",
            "language": {
                "name": "zh-Hans",
                "url": "/api/v2/language/12/"
            },
            "version_group": {
                "name": "lets-go-pikachu-lets-go-eevee",
                "url": "/api/v2/version-group/19/"
            }
        },
        {
            "flavor_text": "\u30b4\u30fc\u30b9\u30c8\u30bf\u30a4\u30d7\u306e\u3000\u30dd\u30b1\u30e2\u30f3\u306b\n\u30ce\u30fc\u30de\u30eb\u30bf\u30a4\u30d7\u3068\u3000\u304b\u304f\u3068\u3046\u30bf\u30a4\u30d7\u306e\n\u308f\u3056\u3092\u3000\u3042\u3066\u308b\u3053\u3068\u304c\u3000\u3067\u304d\u308b\u3002",
            "language": {
                "name": "ja-Hrkt",
                "url": "/api/v2/language/1/"
            },
            "version_group": {
                "name": "sword-shield",
                "url": "/api/v2/version-group/20/"
            }
        },
        {
            "flavor_text": "\uace0\uc2a4\ud2b8\ud0c0\uc785 \ud3ec\ucf13\ubaac\uc5d0\uac8c\n\ub178\ub9d0\ud0c0\uc785\uacfc \uaca9\ud22c\ud0c0\uc785\uc758\n\uae30\uc220\uc744 \ub9de\uac8c \ud55c\ub2e4.",
            "language": {
                "name": "ko",
                "url": "/api/v2/language/3/"
            },
            "version_group": {
                "name": "sword-shield",
                "url": "/api/v2/version-group/20/"
            }
        },
        {
            "flavor_text": "\u4e00\u822c\u5c6c\u6027\u548c\u683c\u9b25\u5c6c\u6027\u7684\u62db\u5f0f\n\u53ef\u64ca\u4e2d\u5e7d\u9748\u5c6c\u6027\u7684\u5bf6\u53ef\u5922\u3002",
            "language": {
                "name": "zh-Hant",
                "url": "/api/v2/language/4/"
            },
            "version_group": {
                "name": "sword-shield",
                "url": "/api/v2/version-group/20/"
            }
        },
        {
            "flavor_text": "Permet aux capacit\u00e9s de type Normal ou Combat\ndu Pok\u00e9mon de toucher les Pok\u00e9mon de type Spectre.",
            "language": {
                "name": "fr",
                "url": "/api/v2/language/5/"
            },
            "version_group": {
                "name": "sword-shield",
                "url": "/api/v2/version-group/20/"
            }
        },
        {
            "flavor_text": "Bewirkt, dass Normal- und Kampf-Attacken auch\nPok\u00e9mon vom Typ Geist treffen k\u00f6nnen.",
            "language": {
                "name": "de",
                "url": "/api/v2/language/6/"
            },
            "version_group": {
                "name": "sword-shield",
                "url": "/api/v2/version-group/20/"
            }
        },
        {
            "flavor_text": "Puede alcanzar a Pok\u00e9mon de tipo Fantasma con\nmovimientos de tipo Normal o Lucha.",
            "language": {
                "name": "es",
                "url": "/api/v2/language/7/"
            },
            "version_group": {
                "name": "sword-shield",
                "url": "/api/v2/version-group/20/"
            }
        },
        {
            "flavor_text": "Permette di colpire Pok\u00e9mon di tipo Spettro\ncon mosse di tipo Normale e Lotta.",
            "language": {
                "name": "it",
                "url": "/api/v2/language/8/"
            },
            "version_group": {
                "name": "sword-shield",
                "url": "/api/v2/version-group/20/"
            }
        },
        {
            "flavor_text": "The Pok\u00e9mon can hit Ghost-type Pok\u00e9mon with\nNormal- and Fighting-type moves.",
            "language": {
                "name": "en",
                "url": "/api/v2/language/9/"
            },
            "version_group": {
                "name": "sword-shield",
                "url": "/api/v2/version-group/20/"
            }
        },
        {
            "flavor_text": "\u30b4\u30fc\u30b9\u30c8\u30bf\u30a4\u30d7\u306e\u3000\u30dd\u30b1\u30e2\u30f3\u306b\n\u30ce\u30fc\u30de\u30eb\u30bf\u30a4\u30d7\u3068\u3000\u304b\u304f\u3068\u3046\u30bf\u30a4\u30d7\u306e\n\u6280\u3092\u3000\u5f53\u3066\u308b\u3053\u3068\u304c\u3000\u3067\u304d\u308b\u3002",
            "language": {
                "name": "ja",
                "url": "/api/v2/language/11/"
            },
            "version_group": {
                "name": "sword-shield",
                "url": "/api/v2/version-group/20/"
            }
        },
        {
            "flavor_text": "\u4e00\u822c\u5c5e\u6027\u548c\u683c\u6597\u5c5e\u6027\u7684\u62db\u5f0f\n\u53ef\u4ee5\u51fb\u4e2d\u5e7d\u7075\u5c5e\u6027\u7684\u5b9d\u53ef\u68a6\u3002",
            "language": {
                "name": "zh-Hans",
                "url": "/api/v2/language/12/"
            },
            "version_group": {
                "name": "sword-shield",
                "url": "/api/v2/version-group/20/"
            }
        }
    ],
    "generation": {
        "name": "generation-iv",
        "url": "/api/v2/generation/4/"
    },
    "id": 113,
    "is_main_series": true,
    "name": "scrappy",
    "names": [
        {
            "language": {
                "name": "ja-Hrkt",
                "url": "/api/v2/language/1/"
            },
            "name": "\u304d\u3082\u3063\u305f\u307e"
        },
        {
            "language": {
                "name": "ko",
                "url": "/api/v2/language/3/"
            },
            "name": "\ubc30\uc9f1"
        },
        {
            "language": {
                "name": "zh-Hant",
                "url": "/api/v2/language/4/"
            },
            "name": "\u81bd\u91cf"
        },
        {
            "language": {
                "name": "fr",
                "url": "/api/v2/language/5/"
            },
            "name": "Querelleur"
        },
        {
            "language": {
                "name": "de",
                "url": "/api/v2/language/6/"
            },
            "name": "Rauflust"
        },
        {
            "language": {
                "name": "es",
                "url": "/api/v2/language/7/"
            },
            "name": "Intr\u00e9pido"
        },
        {
            "language": {
                "name": "it",
                "url": "/api/v2/language/8/"
            },
            "name": "Nervisaldi"
        },
        {
            "language": {
                "name": "en",
                "url": "/api/v2/language/9/"
            },
            "name": "Scrappy"
        },
        {
            "language": {
                "name": "ja",
                "url": "/api/v2/language/11/"
            },
            "name": "\u304d\u3082\u3063\u305f\u307e"
        },
        {
            "language": {
                "name": "zh-Hans",
                "url": "/api/v2/language/12/"
            },
            "name": "\u80c6\u91cf"
        }
    ],
    "pokemon": [
        {
            "is_hidden": false,
            "pokemon": {
                "name": "kangaskhan",
                "url": "/api/v2/pokemon/115/"
            },
            "slot": 2
        },
        {
            "is_hidden": false,
            "pokemon": {
                "name": "miltank",
                "url": "/api/v2/pokemon/241/"
            },
            "slot": 2
        },
        {
            "is_hidden": true,
            "pokemon": {
                "name": "taillow",
                "url": "/api/v2/pokemon/276/"
            },
            "slot": 3
        },
        {
            "is_hidden": true,
            "pokemon": {
                "name": "swellow",
                "url": "/api/v2/pokemon/277/"
            },
            "slot": 3
        },
        {
            "is_hidden": true,
            "pokemon": {
                "name": "loudred",
                "url": "/api/v2/pokemon/294/"
            },
            "slot": 3
        },
        {
            "is_hidden": true,
            "pokemon": {
                "name": "exploud",
                "url": "/api/v2/pokemon/295/"
            },
            "slot": 3
        },
        {
            "is_hidden": true,
            "pokemon": {
                "name": "herdier",
                "url": "/api/v2/pokemon/507/"
            },
            "slot": 3
        },
        {
            "is_hidden": true,
            "pokemon": {
                "name": "stoutland",
                "url": "/api/v2/pokemon/508/"
            },
            "slot": 3
        },
        {
            "is_hidden": true,
            "pokemon": {
                "name": "pancham",
                "url": "/api/v2/pokemon/674/"
            },
            "slot": 3
        },
        {
            "is_hidden": true,
            "pokemon": {
                "name": "pangoro",
                "url": "/api/v2/pokemon/675/"
            },
            "slot": 3
        },
        {
            "is_hidden": true,
            "pokemon": {
                "name": "sirfetchd",
                "url": "/api/v2/pokemon/865/"
            },
            "slot": 3
        },
        {
            "is_hidden": false,
            "pokemon": {
                "name": "flamigo",
                "url": "/api/v2/pokemon/973/"
            },
            "slot": 1
        },
        {
            "is_hidden": false,
            "pokemon": {
                "name": "lopunny-mega",
                "url": "/api/v2/pokemon/10088/"
            },
            "slot": 1
        },
        {
            "is_hidden": true,
            "pokemon": {
                "name": "farfetchd-galar",
                "url": "/api/v2/pokemon/10166/"
            },
            "slot": 3
        },
        {
            "is_hidden": true,
            "pokemon": {
                "name": "decidueye-hisui",
                "url": "/api/v2/pokemon/10244/"
            },
            "slot": 3
        }
    ]
}