{
    "effect_changes": [],
    "effect_entries": [
        {
            "effect": "Wenn ein Pok\u00e9mon mit dieser F\u00e4higkeit von einer Attacke getroffen wird die Schaden verursacht, wird das vom Angreifer getragene Item auf das getroffene Pok\u00e9mon \u00fcbertragen, wenn dieses noch keins h\u00e4lt.\n\nDas Pok\u00e9mon stiehlt nicht, wenn es besiegt wird. Es kann auch stehlen, wenn der Angreifer einen substitute hat, aber nicht wenn der eigene getroffen wird. Wenn eine Attacke mehrmals trifft, l\u00f6st nur der letzte Treffer die F\u00e4higkeit aus. Wenn das Pok\u00e9mon ein wildes ist, kann es kein Item stehlen.",
            "language": {
                "name": "de",
                "url": "/api/v2/language/6/"
            },
            "short_effect": "Stiehlt angreifenden Pok\u00e9mon das Item wenn es von einer Attacke die Schaden verursacht getroffen wird."
        },
        {
            "effect": "Steals the target's held item when the bearer uses a damaging move.",
            "language": {
                "name": "en",
                "url": "/api/v2/language/9/"
            },
            "short_effect": "Steals the target's held item when the bearer uses a damaging move."
        }
    ],
    "flavor_text_entries": [
        {
            "flavor_text": "\u308f\u3056\u3092\u3000\u3042\u3066\u305f\u3000\u3042\u3044\u3066\u306e\n\u3069\u3046\u3050\u3092\u3000\u3046\u3070\u3063\u3066\u3057\u307e\u3046\u3002",
            "language": {
                "name": "ja-Hrkt",
                "url": "/api/v2/language/1/"
            },
            "version_group": {
                "name": "x-y",
                "url": "/api/v2/version-group/15/"
            }
        },
        {
            "flavor_text": "\uae30\uc220\uc744 \ub9de\uc740 \uc0c1\ub300\uc758\n\ub3c4\uad6c\ub97c \ube7c\uc557\uc544 \ubc84\ub9b0\ub2e4.",
            "language": {
                "name": "ko",
                "url": "/api/v2/language/3/"
            },
            "version_group": {
                "name": "x-y",
                "url": "/api/v2/version-group/15/"
            }
        },
        {
            "flavor_text": "Les capacit\u00e9s volent aussi l\u2019objet\ntenu par la cible.",
            "language": {
                "name": "fr",
                "url": "/api/v2/language/5/"
            },
            "version_group": {
                "name": "x-y",
                "url": "/api/v2/version-group/15/"
            }
        },
        {
            "flavor_text": "Stiehlt Items von Pok\u00e9mon, die\ndurch Attacken getroffen wurden.",
            "language": {
                "name": "de",
                "url": "/api/v2/language/6/"
            },
            "version_group": {
                "name": "x-y",
                "url": "/api/v2/version-group/15/"
            }
        },
        {
            "flavor_text": "Roba el objeto del Pok\u00e9mon al\nque alcance con un movimiento.",
            "language": {
                "name": "es",
                "url": "/api/v2/language/7/"
            },
            "version_group": {
                "name": "x-y",
                "url": "/api/v2/version-group/15/"
            }
        },
        {
            "flavor_text": "Ruba lo strumento del Pok\u00e9mon\nsu cui \u00e8 stata usata una mossa.",
            "language": {
                "name": "it",
                "url": "/api/v2/language/8/"
            },
            "version_group": {
                "name": "x-y",
                "url": "/api/v2/version-group/15/"
            }
        },
        {
            "flavor_text": "The Pok\u00e9mon steals the held item\nof a Pok\u00e9mon it hits with a move.",
            "language": {
                "name": "en",
                "url": "/api/v2/language/9/"
            },
            "version_group": {
                "name": "x-y",
                "url": "/api/v2/version-group/15/"
            }
        },
        {
            "flavor_text": "\u6280\u3092\u3000\u5f53\u3066\u305f\u3000\u76f8\u624b\u306e\n\u9053\u5177\u3092\u3000\u596a\u3063\u3066\u3057\u307e\u3046\u3002",
            "language": {
                "name": "ja",
                "url": "/api/v2/language/11/"
            },
            "version_group": {
                "name": "x-y",
                "url": "/api/v2/version-group/15/"
            }
        },
        {
            "flavor_text": "\u308f\u3056\u3092\u3000\u3042\u3066\u305f\u3000\u3042\u3044\u3066\u306e\n\u3069\u3046\u3050\u3092\u3000\u3046\u3070\u3063\u3066\u3057\u307e\u3046\u3002",
            "language": {
                "name": "ja-Hrkt",
                "url": "/api/v2/language/1/"
            },
            "version_group": {
                "name": "omega-ruby-alpha-sapphire",
                "url": "/api/v2/version-group/16/"
            }
        },
        {
            "flavor_text": "\uae30\uc220\uc744 \ub9de\uc740 \uc0c1\ub300\uc758\n\ub3c4\uad6c\ub97c \ube7c\uc557\uc544 \ubc84\ub9b0\ub2e4.",
            "language": {
                "name": "ko",
                "url": "/api/v2/language/3/"
            },
            "version_group": {
                "name": "omega-ruby-alpha-sapphire",
                "url": "/api/v2/version-group/16/"
            }
        },
        {
            "flavor_text": "Les capacit\u00e9s volent aussi l\u2019objet\ntenu par la cible.",
            "language": {
                "name": "fr",
                "url": "/api/v2/language/5/"
            },
            "version_group": {
                "name": "omega-ruby-alpha-sapphire",
                "url": "/api/v2/version-group/16/"
            }
        },
        {
            "flavor_text": "Stiehlt Items von Pok\u00e9mon, die\ndurch Attacken getroffen wurden.",
            "language": {
                "name": "de",
                "url": "/api/v2/language/6/"
            },
            "version_group": {
                "name": "omega-ruby-alpha-sapphire",
                "url": "/api/v2/version-group/16/"
            }
        },
        {
            "flavor_text": "Roba el objeto del Pok\u00e9mon al\nque alcance con un movimiento.",
            "language": {
                "name": "es",
                "url": "/api/v2/language/7/"
            },
            "version_group": {
                "name": "omega-ruby-alpha-sapphire",
                "url": "/api/v2/version-group/16/"
            }
        },
        {
            "flavor_text": "Ruba lo strumento del Pok\u00e9mon\nsu cui \u00e8 stata usata una mossa.",
            "language": {
                "name": "it",
                "url": "/api/v2/language/8/"
            },
            "version_group": {
                "name": "omega-ruby-alpha-sapphire",
                "url": "/api/v2/version-group/16/"
            }
        },
        {
            "flavor_text": "The Pok\u00e9mon steals the held item\nof a Pok\u00e9mon it hits with a move.",
            "language": {
                "name": "en",
                "url": "/api/v2/language/9/"
            },
            "version_group": {
                "name": "omega-ruby-alpha-sapphire",
                "url": "/api/v2/version-group/16/"
            }
        },
        {
            "flavor_text": "\u6280\u3092\u3000\u5f53\u3066\u305f\u3000\u76f8\u624b\u306e\n\u9053\u5177\u3092\u3000\u596a\u3063\u3066\u3057\u307e\u3046\u3002",
            "language": {
                "name": "ja",
                "url": "/api/v2/language/11/"
            },
            "version_group": {
                "name": "omega-ruby-alpha-sapphire",
                "url": "/api/v2/version-group/16/"
            }
        },
        {
            "flavor_text": "\u308f\u3056\u3092\u3000\u3042\u3066\u305f\u3000\u3042\u3044\u3066\u306e\n\u3069\u3046\u3050\u3092\u3000\u3046\u3070\u3063\u3066\u3057\u307e\u3046\u3002",
            "language": {
                "name": "ja-Hrkt",
                "url": "/api/v2/language/1/"
            },
            "version_group": {
                "name": "sun-moon",
                "url": "/api/v2/version-group/17/"
            }
        },
        {
            "flavor_text": "\uae30\uc220\uc744 \ub9de\uc740 \uc0c1\ub300\uc758\n\ub3c4\uad6c\ub97c \ube7c\uc557\uc544 \ubc84\ub9b0\ub2e4.",
            "language": {
                "name": "ko",
                "url": "/api/v2/language/3/"
            },
            "version_group": {
                "name": "sun-moon",
                "url": "/api/v2/version-group/17/"
            }
        },
        {
            "flavor_text": "\u596a\u8d70\u88ab\u81ea\u5df1\u62db\u5f0f\n\u64ca\u4e2d\u7684\u5c0d\u624b\u7684\u9053\u5177\u3002",
            "language": {
                "name": "zh-Hant",
                "url": "/api/v2/language/4/"
            },
            "version_group": {
                "name": "sun-moon",
                "url": "/api/v2/version-group/17/"
            }
        },
        {
            "flavor_text": "Les capacit\u00e9s volent aussi l\u2019objet tenu par la cible.",
            "language": {
                "name": "fr",
                "url": "/api/v2/language/5/"
            },
            "version_group": {
                "name": "sun-moon",
                "url": "/api/v2/version-group/17/"
            }
        },
        {
            "flavor_text": "Trifft das Pok\u00e9mon ein Ziel mit einer Attacke, kann es\nihm dabei sein Item stehlen.",
            "language": {
                "name": "de",
                "url": "/api/v2/language/6/"
            },
            "version_group": {
                "name": "sun-moon",
                "url": "/api/v2/version-group/17/"
            }
        },
        {
            "flavor_text": "Roba el objeto del Pok\u00e9mon al que alcance con un\nmovimiento.",
            "language": {
                "name": "es",
                "url": "/api/v2/language/7/"
            },
            "version_group": {
                "name": "sun-moon",
                "url": "/api/v2/version-group/17/"
            }
        },
        {
            "flavor_text": "Ruba lo strumento del Pok\u00e9mon su cui \u00e8 stata\nusata una mossa.",
            "language": {
                "name": "it",
                "url": "/api/v2/language/8/"
            },
            "version_group": {
                "name": "sun-moon",
                "url": "/api/v2/version-group/17/"
            }
        },
        {
            "flavor_text": "The Pok\u00e9mon steals the held item of a Pok\u00e9mon it\nhits with a move.",
            "language": {
                "name": "en",
                "url": "/api/v2/language/9/"
            },
            "version_group": {
                "name": "sun-moon",
                "url": "/api/v2/version-group/17/"
            }
        },
        {
            "flavor_text": "\u6280\u3092\u3000\u5f53\u3066\u305f\u3000\u76f8\u624b\u306e\n\u9053\u5177\u3092\u3000\u596a\u3063\u3066\u3057\u307e\u3046\u3002",
            "language": {
                "name": "ja",
                "url": "/api/v2/language/11/"
            },
            "version_group": {
                "name": "sun-moon",
                "url": "/api/v2/version-group/17/"
            }
        },
        {
            "flavor_text": "\u593a\u8d70\u88ab\u81ea\u5df1\u7684\u62db\u5f0f\n\u51fb\u4e2d\u7684\u5bf9\u624b\u7684\u9053\u5177\u3002",
            "language": {
                "name": "zh-Hans",
                "url": "/api/v2/language/12/"
            },
            "version_group": {
                "name": "sun-moon",
                "url": "/api/v2/version-group/17/"
            }
        },
        {
            "flavor_text": "\u308f\u3056\u3092\u3000\u3042\u3066\u305f\u3000\u3042\u3044\u3066\u306e\n\u3069\u3046\u3050\u3092\u3000\u3046\u3070\u3063\u3066\u3057\u307e\u3046\u3002",
            "language": {
                "name": "ja-Hrkt",
                "url": "/api/v2/language/1/"
            },
            "version_group": {
                "name": "ultra-sun-ultra-moon",
                "url": "/api/v2/version-group/18/"
            }
        },
        {
            "flavor_text": "\uae30\uc220\uc744 \ub9de\uc740 \uc0c1\ub300\uc758\n\ub3c4\uad6c\ub97c \ube7c\uc557\uc544 \ubc84\ub9b0\ub2e4.",
            "language": {
                "name": "ko",
                "url": "/api/v2/language/3/"
            },
            "version_group": {
                "name": "ultra-sun-ultra-moon",
                "url": "/api/v2/version-group/18/"
            }
        },
        {
            "flavor_text": "\u596a\u8d70\u88ab\u81ea\u5df1\u62db\u5f0f\n\u64ca\u4e2d\u7684\u5c0d\u624b\u7684\u9053\u5177\u3002",
            "language": {
                "name": "zh-Hant",
                "url": "/api/v2/language/4/"
            },
            "version_group": {
                "name": "ultra-sun-ultra-moon",
                "url": "/api/v2/version-group/18/"
            }
        },
        {
            "flavor_text": "Les capacit\u00e9s volent aussi l\u2019objet tenu par la cible.",
            "language": {
                "name": "fr",
                "url": "/api/v2/language/5/"
            },
            "version_group": {
                "name": "ultra-sun-ultra-moon",
                "url": "/api/v2/version-group/18/"
            }
        },
        {
            "flavor_text": "Trifft das Pok\u00e9mon ein Ziel mit einer Attacke, kann es\nihm dabei sein Item stehlen.",
            "language": {
                "name": "de",
                "url": "/api/v2/language/6/"
            },
            "version_group": {
                "name": "ultra-sun-ultra-moon",
                "url": "/api/v2/version-group/18/"
            }
        },
        {
            "flavor_text": "Roba el objeto del Pok\u00e9mon al que alcance con un\nmovimiento.",
            "language": {
                "name": "es",
                "url": "/api/v2/language/7/"
            },
            "version_group": {
                "name": "ultra-sun-ultra-moon",
                "url": "/api/v2/version-group/18/"
            }
        },
        {
            "flavor_text": "Ruba lo strumento del Pok\u00e9mon su cui \u00e8 stata\nusata una mossa.",
            "language": {
                "name": "it",
                "url": "/api/v2/language/8/"
            },
            "version_group": {
                "name": "ultra-sun-ultra-moon",
                "url": "/api/v2/version-group/18/"
            }
        },
        {
            "flavor_text": "The Pok\u00e9mon steals the held item of a Pok\u00e9mon it\nhits with a move.",
            "language": {
                "name": "en",
                "url": "/api/v2/language/9/"
            },
            "version_group": {
                "name": "ultra-sun-ultra-moon",
                "url": "/api/v2/version-group/18/"
            }
        },
        {
            "flavor_text": "\u6280\u3092\u3000\u5f53\u3066\u305f\u3000\u76f8\u624b\u306e\n\u9053\u5177\u3092\u3000\u596a\u3063\u3066\u3057\u307e\u3046\u3002",
            "language": {
                "name": "ja",
                "url": "/api/v2/language/11/"
            },
            "version_group": {
                "name": "ultra-sun-ultra-moon",
                "url": "/api/v2/version-group/18/"
            }
        },
        {
            "flavor_text": "\u593a\u8d70\u88ab\u81ea\u5df1\u7684\u62db\u5f0f\n\u51fb\u4e2d\u7684\u5bf9\u624b\u7684\u9053\u5177\u3002",
            "language": {
                "name": "zh-Hans",
                "url": "/api/v2/language/12/"
            },
            "version_group": {
                "name": "ultra-sun-ultra-moon",
                "url": "/api/v2/version-group/18/"
            }
        },
        {
            "flavor_text": "\u308f\u3056\u3092\u3000\u3042\u3066\u305f\u3000\u3042\u3044\u3066\u306e\n\u3069\u3046\u3050\u3092\u3000\u3046\u3070\u3063\u3066\u3057\u307e\u3046\u3002",
            "language": {
                "name": "ja-Hrkt",
                "url": "/api/v2/language/1/"
            },
            "version_group": {
                "name": "lets-go-pikachu-lets-go-eevee",
                "url": "/api/v2/version-group/19/"
            }
        },
        {
            "flavor_text": "\uae30\uc220\uc744 \ub9de\uc740 \uc0c1\ub300\uc758\n\ub3c4\uad6c\ub97c \ube7c\uc557\uc544 \ubc84\ub9b0\ub2e4.",
            "language": {
                "name": "ko",
                "url": "/api/v2/language/3/"
            },
            "version_group": {
                "name": "lets-go-pikachu-lets-go-eevee",
                "url": "/api/v2/version-group/19/"
            }
        },
        {
            "flavor_text": "\u596a\u8d70\u88ab\u81ea\u5df1\u62db\u5f0f\n\u64ca\u4e2d\u7684\u5c0d\u624b\u7684\u9053\u5177\u3002",
            "language": {
                "name": "zh-Hant",
                "url": "/api/v2/language/4/"
            },
            "version_group": {
                "name": "lets-go-pikachu-lets-go-eevee",
                "url": "/api/v2/version-group/19/"
            }
        },
        {
            "flavor_text": "Les capacit\u00e9s volent aussi l\u2019objet tenu par la cible.",
            "language": {
                "name": "fr",
                "url": "/api/v2/language/5/"
            },
            "version_group": {
                "name": "lets-go-pikachu-lets-go-eevee",
                "url": "/api/v2/version-group/19/"
            }
        },
        {
            "flavor_text": "Trifft das Pok\u00e9mon ein Ziel mit einer Attacke, kann es\nihm dabei sein Item stehlen.",
            "language": {
                "name": "de",
                "url": "/api/v2/language/6/"
            },
            "version_group": {
                "name": "lets-go-pikachu-lets-go-eevee",
                "url": "/api/v2/version-group/19/"
            }
        },
        {
            "flavor_text": "Roba el objeto del Pok\u00e9mon al que alcance con un\nmovimiento.",
            "language": {
                "name": "es",
                "url": "/api/v2/language/7/"
            },
            "version_group": {
                "name": "lets-go-pikachu-lets-go-eevee",
                "url": "/api/v2/version-group/19/"
            }
        },
        {
            "flavor_text": "Ruba lo strumento del Pok\u00e9mon su cui \u00e8 stata\nusata una mossa.",
            "language": {
                "name": "it",
                "url": "/api/v2/language/8/"
            },
            "version_group": {
                "name": "lets-go-pikachu-lets-go-eevee",
                "url": "/api/v2/version-group/19/"
            }
        },
        {
            "flavor_text": "The Pok\u00e9mon steals the held item of a Pok\u00e9mon it\nhits with a move.",
            "language": {
                "name": "en",
                "url": "/api/v2/language/9/"
            },
            "version_group": {
                "name": "lets-go-pikachu-lets-go-eevee",
                "url": "/api/v2/version-group/19/"
            }
        },
        {
            "flavor_text": "\u6280\u3092\u3000\u5f53\u3066\u305f\u3000\u76f8\u624b\u306e\n\u9053\u5177\u3092\u3000\u596a\u3063\u3066\u3057\u307e\u3046\u3002",
            "language": {
                "name": "ja",
                "url": "/api/v2/language/11/"
            },
            "version_group": {
                "name": "lets-go-pikachu-lets-go-eevee",
                "url": "/api/v2/version-group/19/"
            }
        },
        {
            "flavor_text": "\u593a\u8d70\u88ab\u81ea\u5df1\u7684\u62db\u5f0f\n\u51fb\u4e2d\u7684\u5bf9\u624b\u7684\u9053\u5177\u3002",
            "language": {
                "name": "zh-Hans",
                "url": "/api/v2/language/12/"
            },
            "version_group": {
                "name": "lets-go-pikachu-lets-go-eevee",
                "url": "/api/v2/version-group/19/"
            }
        },
        {
            "flavor_text": "\u308f\u3056\u3092\u3000\u3042\u3066\u305f\u3000\u3042\u3044\u3066\u306e\n\u3069\u3046\u3050\u3092\u3000\u3046\u3070\u3063\u3066\u3057\u307e\u3046\u3002",
            "language": {
                "name": "ja-Hrkt",
                "url": "/api/v2/language/1/"
            },
            "version_group": {
                "name": "sword-shield",
                "url": "/api/v2/version-group/20/"
            }
        },
        {
            "flavor_text": "\uae30\uc220\uc744 \ub9de\uc740 \uc0c1\ub300\uc758\n\ub3c4\uad6c\ub97c \ube7c\uc557\uc544 \ubc84\ub9b0\ub2e4.",
            "language": {
                "name": "ko",
                "url": "/api/v2/language/3/"
            },
            "version_group": {
                "name": "sword-shield",
                "url": "/api/v2/version-group/20/"
            }
        },
        {
            "flavor_text": "\u596a\u8d70\u88ab\u81ea\u5df1\u62db\u5f0f\n\u64ca\u4e2d\u7684\u5c0d\u624b\u7684\u9053\u5177\u3002",
            "language": {
                "name": "zh-Hant",
                "url": "/api/v2/language/4/"
            },
            "version_group": {
                "name": "sword-shield",
                "url": "/api/v2/version-group/20/"
            }
        },
        {
            "flavor_text": "Les capacit\u00e9s volent aussi l\u2019objet tenu par la cible.",
            "language": {
                "name": "fr",
                "url": "/api/v2/language/5/"
            },
            "version_group": {
                "name": "sword-shield",
                "url": "/api/v2/version-group/20/"
            }
        },
        {
            "flavor_text": "Trifft das Pok\u00e9mon ein Ziel mit einer Attacke, kann es\nihm dabei sein Item stehlen.",
            "language": {
                "name": "de",
                "url": "/api/v2/language/6/"
            },
            "version_group": {
                "name": "sword-shield",
                "url": "/api/v2/version-group/20/"
            }
        },
        {
            "flavor_text": "Roba el objeto del Pok\u00e9mon al que alcance con un\nmovimiento.",
            "language": {
                "name": "es",
                "url": "/api/v2/language/7/"
            },
            "version_group": {
                "name": "sword-shield",
                "url": "/api/v2/version-group/20/"
            }
        },
        {
            "flavor_text": "Quando chi la usa colpisce un Pok\u00e9mon con una mossa,\ngli ruba lo strumento.",
            "language": {
                "name": "it",
                "url": "/api/v2/language/8/"
            },
            "version_group": {
                "name": "sword-shield",
                "url": "/api/v2/version-group/20/"
            }
        },
        {
            "flavor_text": "The Pok\u00e9mon steals the held item of a Pok\u00e9mon it\nhits with a move.",
            "language": {
                "name": "en",
                "url": "/api/v2/language/9/"
            },
            "version_group": {
                "name": "sword-shield",
                "url": "/api/v2/version-group/20/"
            }
        },
        {
            "flavor_text": "\u6280\u3092\u3000\u5f53\u3066\u305f\u3000\u76f8\u624b\u306e\n\u9053\u5177\u3092\u3000\u596a\u3063\u3066\u3057\u307e\u3046\u3002",
            "language": {
                "name": "ja",
                "url": "/api/v2/language/11/"
            },
            "version_group": {
                "name": "sword-shield",
                "url": "/api/v2/version-group/20/"
            }
        },
        {
            "flavor_text": "\u593a\u8d70\u88ab\u81ea\u5df1\u7684\u62db\u5f0f\n\u51fb\u4e2d\u7684\u5bf9\u624b\u7684\u9053\u5177\u3002",
            "language": {
                "name": "zh-Hans",
                "url": "/api/v2/language/12/"
            },
            "version_group": {
                "name": "sword-shield",
                "url": "/api/v2/version-group/20/"
            }
        }
    ],
    "generation": {
        "name": "generation-vi",
        "url": "/api/v2/generation/6/"
    },
    "id": 170,
    "is_main_series": true,
    "name": "magician",
    "names": [
        {
            "language": {
                "name": "ja-Hrkt",
                "url": "/api/v2/language/1/"
            },
            "name": "\u30de\u30b8\u30b7\u30e3\u30f3"
        },
        {
            "language": {
                "name": "ko",
                "url": "/api/v2/language/3/"
            },
            "name": "\ub9e4\uc9c0\uc158"
        },
        {
            "language": {
                "name": "zh-Hant",
                "url": "/api/v2/language/4/"
            },
            "name": "\u9b54\u8853\u5e2b"
        },
        {
            "language": {
                "name": "fr",
                "url": "/api/v2/language/5/"
            },
            "name": "Magicien"
        },
        {
            "language": {
                "name": "de",
                "url": "/api/v2/language/6/"
            },
            "name": "Zauberer"
        },
        {
            "language": {
                "name": "es",
                "url": "/api/v2/language/7/"
            },
            "name": "Prestidigitador"
        },
        {
            "language": {
                "name": "it",
                "url": "/api/v2/language/8/"
            },
            "name": "Prestigiatore"
        },
        {
            "language": {
                "name": "en",
                "url": "/api/v2/language/9/"
            },
            "name": "Magician"
        },
        {
            "language": {
                "name": "ja",
                "url": "/api/v2/language/11/"
            },
            "name": "\u30de\u30b8\u30b7\u30e3\u30f3"
        },
        {
            "language": {
                "name": "zh-Hans",
                "url": "/api/v2/language/12/"
            },
            "name": "\u9b54\u672f\u5e08"
        }
    ],
    "pokemon": [
        {
            "is_hidden": true,
            "pokemon": {
                "name": "fennekin",
                "url": "/api/v2/pokemon/653/"
            },
            "slot": 3
        },
        {
            "is_hidden": true,
            "pokemon": {
                "name": "braixen",
                "url": "/api/v2/pokemon/654/"
            },
            "slot": 3
        },
        {
            "is_hidden": true,
            "pokemon": {
                "name": "delphox",
                "url": "/api/v2/pokemon/655/"
            },
            "slot": 3
        },
        {
            "is_hidden": true,
            "pokemon": {
                "name": "klefki",
                "url": "/api/v2/pokemon/707/"
            },
            "slot": 3
        },
        {
            "is_hidden": false,
            "pokemon": {
                "name": "hoopa",
                "url": "/api/v2/pokemon/720/"
            },
            "slot": 1
        },
        {
            "is_hidden": false,
            "pokemon": {
                "name": "hoopa-unbound",
                "url": "/api/v2/pokemon/10086/"
            },
            "slot": 1
        }
    ]
}